{"type":"FeatureCollection","features":[{"type":"Feature","properties":{"dybde_m":9.0,"innsjonavn":"Øyeren"},"geometry":{"type":"LineString","coordinates":[[11.161785,59.922631],[11.161695,59.922633],[11.161664,59.922696],[11.161721,59.922767],[11.161852,59.922855],[11.161934,59.923015],[11.162291,59.923287],[11.162495,59.923392],[11.162677,59.923443],[11.162748,59.923433],[11.162799,59.923396],[11.162775,59.923297],[11.162343,59.922981],[11.16215,59.922733],[11.161911,59.922647],[11.161785,59.922631]]}},{"type":"Feature","properties":{"dybde_m":5.0,"innsjonavn":"Øyeren"},"geometry":{"type":"LineString","coordinates":[[11.164344,59.922073],[11.164255,59.922083],[11.164241,59.922142],[11.164389,59.92222],[11.16482,59.922518],[11.164911,59.922535],[11.164964,59.922525],[11.164979,59.922462],[11.164919,59.922373],[11.164617,59.922144],[11.164344,59.922073]]}},{"type":"Feature","properties":{"dybde_m":1.0,"innsjonavn":"Øyeren"},"geometry":{"type":"LineString","coordinates":[[11.157294,59.918972],[11.157258,59.918973],[11.157243,59.919009],[11.157317,59.919053],[11.157741,59.919244],[11.157813,59.919251],[11.157828,59.919206],[11.157458,59.919024],[11.157294,59.918972]]}},{"type":"Feature","properties":{"dybde_m":3.0,"innsjonavn":"Øyeren"},"geometry":{"type":"LineString","coordinates":[[11.157012,59.918743],[11.156922,59.918754],[11.156871,59.918791],[11.156859,59.918881],[11.156903,59.919015],[11.156997,59.919076],[11.157386,59.919281],[11.157789,59.919445],[11.158006,59.919477],[11.158183,59.919474],[11.158288,59.919437],[11.158387,59.919291],[11.158273,59.919181],[11.158161,59.919111],[11.157778,59.918987],[11.157629,59.918895],[11.157465,59.918853],[11.157337,59.918792],[11.157192,59.918758],[11.157012,59.918743]]}},{"type":"Feature","properties":{"dybde_m":9.0,"innsjonavn":"Øyeren"},"geometry":{"type":"LineString","coordinates":[[11.153044,59.918045],[11.152864,59.918061],[11.152815,59.918107],[11.153027,59.918297],[11.153176,59.918366],[11.153785,59.91859],[11.154004,59.918644],[11.15447,59.918906],[11.154784,59.919022],[11.155039,59.919095],[11.15513,59.919102],[11.155287,59.919059],[11.155168,59.918881],[11.15498,59.918741],[11.154756,59.918619],[11.15437,59.918481],[11.153933,59.918385],[11.153284,59.918131],[11.153135,59.918052],[11.153044,59.918045]]}},{"type":"Feature","properties":{"dybde_m":8.0,"innsjonavn":"Øyeren"},"geometry":{"type":"LineString","coordinates":[[11.157188,59.919859],[11.157218,59.919769],[11.157396,59.91973],[11.157485,59.919746],[11.158014,59.919922],[11.158215,59.919972],[11.15843,59.919996],[11.158661,59.919983],[11.15882,59.919953],[11.158977,59.919897],[11.159174,59.919912],[11.159417,59.920087],[11.15946,59.920199],[11.159411,59.920263],[11.159181,59.920302],[11.15866,59.920253],[11.158191,59.920188],[11.157903,59.92013],[11.157792,59.920087],[11.157596,59.92009],[11.157349,59.920148],[11.157029,59.920171],[11.156794,59.920144],[11.15619,59.919983],[11.155855,59.919782],[11.155345,59.919386],[11.154902,59.919187],[11.153595,59.918701],[11.153073,59.918462],[11.15234,59.918258],[11.152047,59.918151],[11.151728,59.918003],[11.151445,59.917851],[11.151213,59.917661],[11.150839,59.917268],[11.150628,59.91711],[11.150406,59.91705],[11.149949,59.917013],[11.149729,59.916981],[11.14932,59.916853],[11.149075,59.916735],[11.148847,59.9166],[11.148025,59.916303],[11.147816,59.916185],[11.147699,59.916066],[11.147714,59.916021],[11.147765,59.915984],[11.14791,59.915982],[11.148152,59.916036],[11.148638,59.916217],[11.148897,59.916289],[11.149577,59.91639],[11.149961,59.916429],[11.150703,59.91665],[11.1513,59.916879],[11.15179,59.917113],[11.152091,59.917283],[11.152189,59.917381],[11.152434,59.917502],[11.152909,59.917665],[11.153043,59.917771],[11.153685,59.918174],[11.153925,59.918268],[11.154512,59.918461],[11.154863,59.918599],[11.155306,59.918807],[11.155687,59.91912],[11.155863,59.91936],[11.156164,59.919566],[11.156721,59.919822],[11.156921,59.919872],[11.157065,59.919888],[11.157188,59.919859]]}},{"type":"Feature","properties":{"dybde_m":7.0,"innsjonavn":"Øyeren"},"geometry":{"type":"LineString","coordinates":[[11.163325,59.923599],[11.163161,59.923453],[11.163137,59.923354],[11.162608,59.922923],[11.16247,59.922701],[11.162501,59.922628],[11.162476,59.922521],[11.162319,59.922326],[11.16195,59.922152],[11.161524,59.921912],[11.161396,59.921869],[11.161127,59.921856],[11.160804,59.921861],[11.160696,59.921845],[11.16053,59.921776],[11.160057,59.921379],[11.159998,59.921291],[11.160009,59.921192],[11.160141,59.921014],[11.160342,59.920831],[11.160391,59.92075],[11.1604,59.920615],[11.160352,59.920436],[11.160196,59.920232],[11.159687,59.919831],[11.159213,59.919677],[11.159124,59.91967],[11.159001,59.919699],[11.158688,59.919848],[11.158296,59.919854],[11.157554,59.919682],[11.156859,59.919465],[11.156843,59.919501],[11.156919,59.919553],[11.156997,59.919655],[11.157,59.9197],[11.156967,59.919737],[11.156659,59.919719],[11.156306,59.91951],[11.155997,59.919196],[11.155951,59.919044],[11.155817,59.918925],[11.15563,59.918811],[11.155097,59.918613],[11.15469,59.91844],[11.154141,59.918274],[11.153751,59.918101],[11.15313,59.917716],[11.152388,59.917377],[11.151889,59.916995],[11.151345,59.916743],[11.151136,59.916612],[11.150979,59.916444],[11.150688,59.916188],[11.150387,59.916049],[11.149563,59.915699],[11.149155,59.915566],[11.148768,59.915496],[11.148548,59.915477],[11.148273,59.915432],[11.147439,59.915226],[11.146678,59.915009],[11.146359,59.91488],[11.146174,59.914842],[11.146064,59.914835],[11.14592,59.914873],[11.145853,59.914964],[11.145899,59.915121],[11.146058,59.915302],[11.146329,59.915522],[11.146767,59.915776],[11.147399,59.916224],[11.148137,59.916584],[11.14882,59.916973],[11.149687,59.917403],[11.150219,59.917723],[11.150508,59.917933],[11.150862,59.918071],[11.151729,59.918273],[11.152401,59.918397],[11.152862,59.918537],[11.153343,59.918705],[11.154854,59.919282],[11.155152,59.919456],[11.15536,59.919633],[11.155543,59.919958],[11.155785,59.920106],[11.155988,59.920193],[11.156748,59.920266],[11.157125,59.920278],[11.157756,59.920366],[11.158048,59.920451],[11.158543,59.920645],[11.159269,59.9211],[11.159608,59.921351],[11.159842,59.921643],[11.160142,59.921863],[11.160385,59.922012],[11.160643,59.922138],[11.160888,59.922322],[11.161914,59.923267],[11.162083,59.923381],[11.162664,59.923688]]}},{"type":"Feature","properties":{"dybde_m":5.0,"innsjonavn":"Øyeren"},"geometry":{"type":"LineString","coordinates":[[11.163662,59.923553],[11.163176,59.923129],[11.16301,59.923051],[11.162744,59.922822],[11.162705,59.922742],[11.162716,59.922625],[11.162691,59.922517],[11.162326,59.922155],[11.162013,59.921994],[11.161585,59.921741],[11.161285,59.92153],[11.161057,59.921327],[11.161215,59.92128],[11.161244,59.921176],[11.1612,59.92106],[11.16104,59.92082],[11.160733,59.92051],[11.160518,59.920236],[11.160081,59.919834],[11.159323,59.919451],[11.158762,59.919312],[11.158655,59.919314],[11.158642,59.919377],[11.158703,59.919502],[11.158671,59.919565],[11.15848,59.919649],[11.158285,59.91967],[11.158088,59.919664],[11.157871,59.919632],[11.157399,59.919501],[11.156421,59.919045],[11.156397,59.918965],[11.156278,59.918782],[11.156131,59.918722],[11.155819,59.918682],[11.155364,59.918573],[11.154554,59.918276],[11.154402,59.918135],[11.154326,59.918105],[11.153999,59.918038],[11.153776,59.917934],[11.1534,59.917698],[11.152874,59.917428],[11.152394,59.917207],[11.152063,59.916902],[11.151571,59.916609],[11.150843,59.916082],[11.150541,59.915907],[11.149391,59.915329],[11.14889,59.915175],[11.147565,59.914932],[11.146448,59.914559],[11.146038,59.914449],[11.145676,59.914469],[11.145443,59.914562],[11.145377,59.91468],[11.145349,59.91482],[11.145515,59.915131],[11.146139,59.915678],[11.147135,59.916336],[11.148175,59.916853],[11.148635,59.917169],[11.149102,59.917346],[11.149722,59.917623],[11.149855,59.91772],[11.150159,59.91789],[11.150257,59.917987],[11.150574,59.918099],[11.151,59.918217],[11.151813,59.91842],[11.152671,59.918657],[11.152965,59.918706],[11.153241,59.918792],[11.153481,59.918886],[11.153669,59.919],[11.153907,59.919082],[11.154038,59.919165],[11.154155,59.919275],[11.154266,59.919336],[11.154449,59.919396],[11.154575,59.919412],[11.154758,59.919476],[11.155043,59.919701],[11.155144,59.919865],[11.155297,59.920016],[11.155577,59.920204],[11.155707,59.920269],[11.156255,59.920427],[11.156457,59.920459],[11.15678,59.920481],[11.157371,59.92048],[11.157876,59.920566],[11.158076,59.920626],[11.158279,59.920721],[11.158466,59.920826],[11.158993,59.921244],[11.159262,59.921536],[11.159716,59.921906],[11.160698,59.922433],[11.160903,59.922583],[11.161046,59.922859],[11.161197,59.922991],[11.162117,59.923632],[11.162327,59.923734]]}},{"type":"Feature","properties":{"dybde_m":7.0,"innsjonavn":"Øyeren"},"geometry":{"type":"LineString","coordinates":[[11.129467,59.902619],[11.129347,59.902625],[11.129136,59.902943],[11.129,59.903066],[11.128702,59.903417],[11.128742,59.903569],[11.128332,59.904079],[11.128098,59.904424],[11.127849,59.905133],[11.127784,59.90543],[11.127786,59.905579],[11.12781,59.905659],[11.127847,59.905681],[11.12801,59.905535],[11.128245,59.905207],[11.128284,59.904996],[11.128388,59.904913],[11.128456,59.904827],[11.128698,59.904719],[11.1288,59.904615],[11.128987,59.904333],[11.128986,59.904275],[11.129173,59.903921],[11.129563,59.903381],[11.129594,59.903236],[11.129513,59.903063],[11.129518,59.902955],[11.129617,59.902724],[11.129598,59.902648],[11.129467,59.902619]]}},{"type":"Feature","properties":{"dybde_m":5.0,"innsjonavn":"Øyeren"},"geometry":{"type":"LineString","coordinates":[[11.131667,59.910986],[11.131647,59.910865],[11.131411,59.910658],[11.131128,59.910456],[11.130821,59.910115],[11.130673,59.909987],[11.130351,59.909813],[11.130087,59.909705],[11.129352,59.909187],[11.12908,59.908913],[11.128924,59.908601],[11.128858,59.908355],[11.128878,59.908103],[11.128952,59.907913],[11.129046,59.907768],[11.129104,59.907592],[11.128971,59.907315],[11.12835,59.906769],[11.12826,59.906631],[11.128182,59.906452],[11.1281,59.906032],[11.128148,59.905914],[11.128462,59.905437],[11.128631,59.905062],[11.128736,59.904921],[11.128805,59.90487],[11.128944,59.904823],[11.129117,59.904695],[11.129289,59.90444],[11.129302,59.904274],[11.129371,59.904111],[11.129442,59.904038],[11.129583,59.90396],[11.12985,59.903865],[11.129957,59.90381],[11.12995,59.903576],[11.129832,59.903282],[11.12982,59.903147],[11.129893,59.90302],[11.130904,59.901832],[11.131013,59.90161],[11.131009,59.901453],[11.130922,59.901306],[11.130824,59.900935],[11.130855,59.900804],[11.13103,59.900262],[11.131121,59.900126],[11.131447,59.899474],[11.131597,59.899297],[11.131583,59.899207],[11.131608,59.899099],[11.131523,59.899028],[11.1314,59.898976],[11.131264,59.898961],[11.131193,59.898975],[11.131067,59.899063],[11.130913,59.899326],[11.130878,59.899443],[11.130885,59.899542],[11.130697,59.900241],[11.130627,59.90066],[11.130438,59.90126],[11.130302,59.901437],[11.12971,59.90195],[11.129482,59.902111],[11.129118,59.902507],[11.127905,59.904351],[11.127549,59.905295],[11.127474,59.905597],[11.12768,59.906205],[11.127937,59.90665],[11.127899,59.906911],[11.127922,59.907067],[11.127631,59.907351],[11.127651,59.907418],[11.127799,59.90768],[11.127979,59.907848],[11.128053,59.907964],[11.128389,59.90878],[11.128692,59.909269],[11.129034,59.90952],[11.129264,59.909646],[11.129562,59.909749],[11.129793,59.909876],[11.13021,59.910188],[11.130572,59.910411],[11.130999,59.910548],[11.131284,59.910754],[11.131437,59.910914],[11.13157,59.910997],[11.131667,59.910986]]}},{"type":"Feature","properties":{"dybde_m":5.0,"innsjonavn":"Øyeren"},"geometry":{"type":"LineString","coordinates":[[11.142216,59.89259],[11.142035,59.892602],[11.141908,59.892657],[11.141856,59.892766],[11.141442,59.893033],[11.141352,59.893156],[11.141227,59.893616],[11.141084,59.893749],[11.14072,59.893894],[11.140594,59.894053],[11.140648,59.894097],[11.140831,59.894144],[11.141049,59.894095],[11.14123,59.894007],[11.141356,59.893884],[11.141428,59.893743],[11.141555,59.893602],[11.14168,59.893528],[11.14188,59.893453],[11.14206,59.893293],[11.142132,59.893184],[11.142471,59.892824],[11.142561,59.892678],[11.142487,59.892603],[11.142216,59.89259]]}},{"type":"Feature","properties":{"dybde_m":7.0,"innsjonavn":"Øyeren"},"geometry":{"type":"LineString","coordinates":[[11.134774,59.891489],[11.134539,59.891605],[11.13427,59.891798],[11.134033,59.891896],[11.133849,59.892016],[11.133369,59.892405],[11.133426,59.892431],[11.133553,59.89242],[11.134219,59.892073],[11.134384,59.891962],[11.134797,59.891565],[11.134811,59.891511],[11.134774,59.891489]]}},{"type":"Feature","properties":{"dybde_m":5.0,"innsjonavn":"Øyeren"},"geometry":{"type":"LineString","coordinates":[[11.136329,59.889838],[11.13606,59.890251],[11.135778,59.890547],[11.135022,59.891143],[11.134887,59.891285],[11.134675,59.89141],[11.13408,59.891671],[11.133792,59.8919],[11.133499,59.892062],[11.133297,59.892258],[11.132757,59.892671],[11.132143,59.893054],[11.131843,59.89318],[11.131553,59.89327],[11.130163,59.893549],[11.129085,59.893809],[11.128948,59.893883],[11.128995,59.893945],[11.129143,59.893929],[11.129243,59.893936],[11.129866,59.893809],[11.130277,59.893704],[11.130548,59.893682],[11.131077,59.893718],[11.131508,59.893644],[11.131789,59.893563],[11.13212,59.893355],[11.132513,59.893066],[11.133071,59.892751],[11.133257,59.892659],[11.133683,59.892486],[11.134071,59.892349],[11.13433,59.892224],[11.13466,59.89198],[11.134932,59.891679],[11.135069,59.891466],[11.135376,59.891147],[11.136127,59.890528],[11.13632,59.890247],[11.136392,59.889868]]}},{"type":"Feature","properties":{"dybde_m":5.0,"innsjonavn":"Øyeren"},"geometry":{"type":"LineString","coordinates":[[11.136353,59.889806],[11.136329,59.889838]]}},{"type":"Feature","properties":{"dybde_m":5.0,"innsjonavn":"Øyeren"},"geometry":{"type":"LineString","coordinates":[[11.136519,59.889511],[11.136434,59.889602],[11.136353,59.889806]]}},{"type":"Feature","properties":{"dybde_m":5.0,"innsjonavn":"Øyeren"},"geometry":{"type":"LineString","coordinates":[[11.136392,59.889868],[11.136603,59.889492]]}},{"type":"Feature","properties":{"dybde_m":5.0,"innsjonavn":"Øyeren"},"geometry":{"type":"LineString","coordinates":[[11.136536,59.889475],[11.136519,59.889511]]}},{"type":"Feature","properties":{"dybde_m":5.0,"innsjonavn":"Øyeren"},"geometry":{"type":"LineString","coordinates":[[11.136603,59.889492],[11.136793,59.889251]]}},{"type":"Feature","properties":{"dybde_m":5.0,"innsjonavn":"Øyeren"},"geometry":{"type":"LineString","coordinates":[[11.136793,59.889251],[11.137227,59.889055],[11.137668,59.888967],[11.137928,59.888896],[11.138046,59.88884],[11.138255,59.888598],[11.138409,59.887909],[11.138376,59.887748],[11.138149,59.887441],[11.137813,59.88737],[11.137675,59.887413],[11.137456,59.887574],[11.13737,59.887737],[11.137344,59.887921],[11.137241,59.88822],[11.137193,59.888638],[11.137098,59.88886],[11.136986,59.888942],[11.136851,59.889102],[11.136709,59.889221],[11.136536,59.889475]]}},{"type":"Feature","properties":{"dybde_m":4.0,"innsjonavn":"Øyeren"},"geometry":{"type":"LineString","coordinates":[[11.180404,59.884804],[11.180331,59.884855],[11.180276,59.884936],[11.180203,59.885117],[11.180239,59.885179],[11.180294,59.885188],[11.180366,59.885186],[11.180458,59.885117],[11.180495,59.884892],[11.180477,59.884821],[11.180404,59.884804]]}},{"type":"Feature","properties":{"dybde_m":5.0,"innsjonavn":"Øyeren"},"geometry":{"type":"LineString","coordinates":[[11.157249,59.881148],[11.157139,59.881158],[11.156595,59.881369],[11.156507,59.881434],[11.156454,59.881529],[11.156493,59.881573],[11.156585,59.881581],[11.156749,59.881506],[11.156964,59.881345],[11.15711,59.881298],[11.157236,59.881224],[11.157271,59.881179],[11.157249,59.881148]]}},{"type":"Feature","properties":{"dybde_m":1.0,"innsjonavn":"Øyeren"},"geometry":{"type":"LineString","coordinates":[[11.142681,59.880685],[11.142527,59.880822],[11.142425,59.881093],[11.142442,59.881165],[11.142218,59.881478],[11.142116,59.882059],[11.142117,59.882136],[11.142185,59.882188],[11.142339,59.882186],[11.142494,59.882093],[11.142717,59.881775],[11.142767,59.881653],[11.14282,59.881311],[11.142802,59.88119],[11.142957,59.880873],[11.142905,59.880757],[11.142854,59.880713],[11.142802,59.880687],[11.142681,59.880685]]}},{"type":"Feature","properties":{"dybde_m":5.0,"innsjonavn":"Øyeren"},"geometry":{"type":"LineString","coordinates":[[11.140768,59.876498],[11.140592,59.87651],[11.140454,59.876607],[11.140405,59.87668],[11.140361,59.876878],[11.14021,59.877226],[11.139933,59.877599],[11.139763,59.878042],[11.139148,59.879076],[11.138978,59.879317],[11.138139,59.880857],[11.138072,59.881051],[11.138108,59.881145],[11.138216,59.881206],[11.138287,59.881304],[11.13834,59.88133],[11.138462,59.881355],[11.138688,59.881306],[11.138808,59.881183],[11.138925,59.880782],[11.139025,59.880591],[11.139128,59.880455],[11.139335,59.880308],[11.139637,59.879706],[11.139651,59.879535],[11.139796,59.879065],[11.139945,59.878798],[11.140099,59.878652],[11.140356,59.878477],[11.14059,59.878204],[11.140604,59.877929],[11.141073,59.877118],[11.141139,59.876942],[11.141135,59.876802],[11.141094,59.876713],[11.140911,59.876532],[11.140768,59.876498]]}},{"type":"Feature","properties":{"dybde_m":5.0,"innsjonavn":"Øyeren"},"geometry":{"type":"LineString","coordinates":[[11.161462,59.873106],[11.16135,59.873234],[11.161317,59.873441],[11.161212,59.87364],[11.160877,59.873897],[11.16073,59.874053],[11.160085,59.874355],[11.159625,59.874515],[11.159436,59.874649],[11.159002,59.874894],[11.158761,59.875077],[11.158095,59.875726],[11.157936,59.87585],[11.157356,59.876066],[11.156954,59.876194],[11.156716,59.876261],[11.156233,59.876309],[11.155905,59.876427],[11.155834,59.876477],[11.155823,59.876576],[11.15596,59.87665],[11.156228,59.876682],[11.156358,59.876675],[11.156506,59.876646],[11.157592,59.876242],[11.15828,59.876011],[11.158549,59.875876],[11.159762,59.875357],[11.160575,59.874877],[11.160984,59.874601],[11.161383,59.874253],[11.161688,59.873875],[11.161809,59.873487],[11.161794,59.873335],[11.161662,59.873112],[11.161462,59.873106]]}},{"type":"Feature","properties":{"dybde_m":5.0,"innsjonavn":"Øyeren"},"geometry":{"type":"LineString","coordinates":[[11.152982,59.868875],[11.152812,59.868883],[11.152701,59.868911],[11.152649,59.868957],[11.152675,59.869015],[11.152784,59.869126],[11.152909,59.869213],[11.153168,59.869308],[11.1535,59.86937],[11.153617,59.869233],[11.153567,59.86914],[11.153478,59.869047],[11.153234,59.868912],[11.153098,59.868882],[11.152982,59.868875]]}},{"type":"Feature","properties":{"dybde_m":5.0,"innsjonavn":"Øyeren"},"geometry":{"type":"LineString","coordinates":[[11.19783,59.863284],[11.197777,59.863285],[11.197474,59.863546],[11.197303,59.863647],[11.19659,59.864162],[11.196316,59.864311],[11.196007,59.86445],[11.195335,59.864713],[11.193796,59.865233],[11.192832,59.865599],[11.19201,59.865954],[11.191732,59.866022],[11.191454,59.866062],[11.191142,59.866148],[11.191092,59.866176],[11.191115,59.866257],[11.191432,59.866278],[11.192024,59.866179],[11.192403,59.866056],[11.192712,59.865907],[11.192965,59.865741],[11.193204,59.86562],[11.193976,59.865293],[11.194481,59.865168],[11.194912,59.865026],[11.195946,59.864622],[11.196276,59.864527],[11.19676,59.864348],[11.197066,59.864127],[11.197837,59.8634],[11.19792,59.863309],[11.19783,59.863284]]}},{"type":"Feature","properties":{"dybde_m":10.0,"innsjonavn":"Øyeren"},"geometry":{"type":"LineString","coordinates":[[11.159223,59.84289],[11.159212,59.842903]]}},{"type":"Feature","properties":{"dybde_m":9.0,"innsjonavn":"Øyeren"},"geometry":{"type":"LineString","coordinates":[[11.159212,59.842903],[11.158866,59.843201],[11.15875,59.843338],[11.158293,59.843722],[11.157408,59.844379],[11.156628,59.845043],[11.155969,59.845858],[11.155864,59.846143],[11.155923,59.846196],[11.156047,59.846176],[11.15642,59.845644],[11.157088,59.844946],[11.157745,59.844347],[11.158206,59.844016],[11.1592,59.843115],[11.159467,59.842814],[11.159636,59.84269],[11.159701,59.842581],[11.159664,59.842564],[11.159592,59.842565],[11.159541,59.842593],[11.15944,59.842711],[11.159223,59.84289]]}},{"type":"Feature","properties":{"dybde_m":7.0,"innsjonavn":"Øyeren"},"geometry":{"type":"LineString","coordinates":[[11.160194,59.84194],[11.160105,59.841941],[11.159983,59.841997],[11.159817,59.842161],[11.159627,59.84229],[11.158886,59.842972],[11.158612,59.843147],[11.15833,59.843479],[11.158142,59.843608],[11.157888,59.843828],[11.157504,59.844216],[11.157129,59.844509],[11.156907,59.844657],[11.156336,59.844981],[11.15587,59.845487],[11.155519,59.84609],[11.155436,59.846428],[11.155359,59.8466],[11.15544,59.846967],[11.155597,59.847122],[11.155669,59.847138],[11.155812,59.847118],[11.155966,59.847026],[11.156067,59.846916],[11.156163,59.846762],[11.156377,59.846264],[11.156812,59.845597],[11.157423,59.844859],[11.15796,59.844348],[11.15947,59.843128],[11.160095,59.842579],[11.160325,59.842292],[11.160368,59.84213],[11.160323,59.842009],[11.160194,59.84194]]}},{"type":"Feature","properties":{"dybde_m":5.0,"innsjonavn":"Øyeren"},"geometry":{"type":"LineString","coordinates":[[11.148882,59.865596],[11.148825,59.86557],[11.148768,59.865508],[11.148745,59.86541],[11.148759,59.865068],[11.149024,59.864103],[11.149096,59.863612],[11.149208,59.863206],[11.149345,59.862885],[11.149654,59.862422],[11.150136,59.861817],[11.151381,59.860642],[11.152562,59.859666],[11.153224,59.859193],[11.154243,59.858287],[11.156303,59.856605],[11.157254,59.855785],[11.158746,59.854377],[11.159279,59.853937],[11.159438,59.85371],[11.159558,59.85343],[11.159673,59.853019],[11.159676,59.85275],[11.159624,59.852432],[11.15949,59.85225],[11.159374,59.852027],[11.159172,59.8519],[11.158902,59.851779],[11.158545,59.85165],[11.158225,59.851606],[11.157945,59.85161],[11.157749,59.851573],[11.157428,59.85148],[11.157242,59.851334],[11.157028,59.851037],[11.15577,59.850011],[11.15557,59.849534],[11.155574,59.849363],[11.15554,59.849166],[11.15545,59.848929],[11.155185,59.848543],[11.155003,59.848056],[11.154853,59.847502],[11.154815,59.847018],[11.154872,59.846581],[11.155123,59.845849],[11.155565,59.845254],[11.155883,59.844925],[11.156949,59.844247],[11.157174,59.844136],[11.157532,59.843879],[11.157949,59.843418],[11.158543,59.842923],[11.158997,59.842507],[11.1594,59.842101],[11.159944,59.841661],[11.160512,59.841337],[11.160773,59.841234],[11.161214,59.841164],[11.16141,59.841156],[11.161613,59.841251],[11.161671,59.841327],[11.161624,59.841418],[11.161598,59.841571],[11.160609,59.842553],[11.157955,59.844783],[11.157653,59.845067],[11.15737,59.845372],[11.157124,59.8457],[11.156804,59.846221],[11.156534,59.84694],[11.156486,59.847242],[11.156435,59.848231],[11.156717,59.849331],[11.156886,59.849898],[11.156973,59.850099],[11.157115,59.850317],[11.157735,59.850796],[11.158046,59.850962],[11.158553,59.851183],[11.159411,59.851416],[11.159648,59.85156],[11.160064,59.851751],[11.160213,59.851879],[11.160383,59.852064],[11.160483,59.852283],[11.160545,59.852435],[11.160579,59.852712],[11.160573,59.852906],[11.160341,59.853399],[11.160212,59.853581],[11.160081,59.853709],[11.159176,59.854402],[11.158748,59.854826],[11.158177,59.85528],[11.157661,59.855756],[11.156556,59.856654],[11.155939,59.857185],[11.154708,59.858315],[11.154347,59.858725],[11.153825,59.859394],[11.152882,59.860424],[11.152324,59.861121],[11.152054,59.861377],[11.151514,59.861848],[11.151358,59.861922],[11.150727,59.862121],[11.15036,59.862262],[11.150221,59.862363],[11.150121,59.862472],[11.150076,59.862599],[11.149976,59.862717],[11.149839,59.862796],[11.149486,59.863107],[11.149333,59.863456],[11.149262,59.86369],[11.149235,59.864288],[11.149107,59.86482],[11.149171,59.86499],[11.149206,59.865259],[11.149059,59.865521],[11.148882,59.865596]]}},{"type":"Feature","properties":{"dybde_m":5.0,"innsjonavn":"Øyeren"},"geometry":{"type":"LineString","coordinates":[[11.181371,59.839771],[11.181284,59.839782],[11.181197,59.839819],[11.181132,59.839959],[11.180911,59.840206],[11.180671,59.840371],[11.18048,59.840446],[11.18024,59.840621],[11.179791,59.840871],[11.179166,59.841142],[11.178578,59.841448],[11.178098,59.841725],[11.177809,59.841919],[11.177708,59.842037],[11.177644,59.842173],[11.177715,59.842212],[11.177838,59.842228],[11.17801,59.84218],[11.178181,59.842106],[11.178507,59.841903],[11.178917,59.841564],[11.179813,59.840983],[11.180868,59.840453],[11.181109,59.840359],[11.18135,59.840167],[11.18145,59.83999],[11.181481,59.8399],[11.181425,59.839797],[11.181371,59.839771]]}},{"type":"Feature","properties":{"dybde_m":7.0,"innsjonavn":"Øyeren"},"geometry":{"type":"LineString","coordinates":[[11.177338,59.835185],[11.17715,59.835323],[11.176964,59.835515],[11.176726,59.835698],[11.176487,59.835846],[11.176401,59.835874],[11.176365,59.835848],[11.176429,59.835743],[11.176597,59.835561],[11.176988,59.835267],[11.177483,59.834949],[11.177802,59.834778],[11.17852,59.834546],[11.178556,59.834554],[11.178453,59.83461],[11.177942,59.834807],[11.177389,59.83513],[11.177338,59.835185]]}},{"type":"Feature","properties":{"dybde_m":7.0,"innsjonavn":"Øyeren"},"geometry":{"type":"LineString","coordinates":[[11.182476,59.833586],[11.182203,59.833658],[11.18205,59.833719],[11.181794,59.833773],[11.181762,59.833814],[11.182207,59.833748],[11.182548,59.833648],[11.182565,59.833621],[11.182476,59.833586]]}},{"type":"Feature","properties":{"dybde_m":5.0,"innsjonavn":"Øyeren"},"geometry":{"type":"LineString","coordinates":[[11.177844,59.835208],[11.177454,59.835435],[11.177235,59.83564],[11.176961,59.835852],[11.176524,59.83629],[11.17636,59.836526],[11.17623,59.836766],[11.17617,59.836996],[11.176022,59.837205],[11.175919,59.837261],[11.175816,59.837281],[11.175711,59.837264],[11.175604,59.837212],[11.175527,59.837056],[11.175501,59.836891],[11.175518,59.836455],[11.175612,59.836224],[11.175958,59.835769],[11.176176,59.835532],[11.176581,59.835202],[11.177491,59.834787],[11.178308,59.8345],[11.178499,59.834452],[11.179357,59.834294],[11.181196,59.833855],[11.181722,59.833693],[11.182217,59.833564],[11.182894,59.833341],[11.183183,59.833287],[11.183302,59.833281],[11.18344,59.833283],[11.183615,59.833334],[11.183625,59.833486],[11.183497,59.833623],[11.183397,59.833674],[11.183227,59.833722],[11.182439,59.833861],[11.181943,59.833968],[11.181533,59.834029],[11.180499,59.834221],[11.179808,59.834376],[11.179607,59.834447],[11.179353,59.8345],[11.179082,59.834595],[11.178568,59.834814],[11.177844,59.835208]]}},{"type":"Feature","properties":{"dybde_m":5.0,"innsjonavn":"Øyeren"},"geometry":{"type":"LineString","coordinates":[[11.220229,59.818838],[11.220123,59.818858],[11.219733,59.819161],[11.219297,59.819303],[11.219191,59.819323],[11.218949,59.819435],[11.218815,59.819581],[11.218719,59.819753],[11.218707,59.819843],[11.218748,59.819923],[11.218863,59.820038],[11.219094,59.820034],[11.219181,59.819997],[11.219556,59.819721],[11.220285,59.819421],[11.220455,59.819284],[11.220548,59.819084],[11.220541,59.818968],[11.220428,59.81888],[11.220229,59.818838]]}},{"type":"Feature","properties":{"dybde_m":5.0,"innsjonavn":"Øyeren"},"geometry":{"type":"LineString","coordinates":[[11.219987,59.815977],[11.21988,59.815979],[11.219619,59.816073],[11.219421,59.81631],[11.219376,59.816445],[11.219395,59.816732],[11.219572,59.817259],[11.219853,59.817731],[11.220063,59.817934],[11.220193,59.818012],[11.220412,59.81809],[11.220698,59.818094],[11.220803,59.818065],[11.221009,59.817945],[11.221222,59.817672],[11.221301,59.817518],[11.221328,59.817364],[11.22135,59.817166],[11.221323,59.817023],[11.221259,59.816863],[11.220791,59.816269],[11.220439,59.816068],[11.220095,59.815984],[11.219987,59.815977]]}},{"type":"Feature","properties":{"dybde_m":7.0,"innsjonavn":"Øyeren"},"geometry":{"type":"LineString","coordinates":[[11.235746,59.807832],[11.23564,59.807852],[11.235364,59.807991],[11.235198,59.808174],[11.235169,59.808273],[11.235176,59.808381],[11.235114,59.808516],[11.235174,59.808875],[11.235374,59.809204],[11.23547,59.809301],[11.235881,59.80959],[11.236209,59.809692],[11.236353,59.809708],[11.236494,59.809679],[11.23665,59.809613],[11.236917,59.809348],[11.236976,59.809167],[11.236962,59.808952],[11.236448,59.808197],[11.236312,59.808038],[11.236144,59.807915],[11.235998,59.807873],[11.235746,59.807832]]}},{"type":"Feature","properties":{"dybde_m":1.0,"innsjonavn":"Øyeren"},"geometry":{"type":"LineString","coordinates":[[11.16671,59.923138],[11.166474,59.922949],[11.16629,59.922871],[11.165948,59.922796],[11.165786,59.922799],[11.165612,59.922901],[11.1656,59.922991],[11.165648,59.92317],[11.165628,59.923285]]}},{"type":"Feature","properties":{"dybde_m":1.0,"innsjonavn":"Øyeren"},"geometry":{"type":"LineString","coordinates":[[11.130808,59.910955],[11.130944,59.91098],[11.131133,59.911121],[11.131271,59.91128],[11.131445,59.911547],[11.131464,59.911614],[11.131351,59.911652],[11.13118,59.911488],[11.130969,59.911159],[11.130794,59.911],[11.130808,59.910955]]}},{"type":"Feature","properties":{"dybde_m":3.0,"innsjonavn":"Øyeren"},"geometry":{"type":"LineString","coordinates":[[11.130969,59.910818],[11.131227,59.91102],[11.131537,59.911388],[11.13174,59.911582],[11.131805,59.911765],[11.131975,59.911906],[11.132143,59.912007],[11.133236,59.912461],[11.133632,59.912652],[11.134388,59.912842],[11.135221,59.912923],[11.135682,59.913001],[11.136165,59.913114],[11.137201,59.913443],[11.137791,59.913519],[11.138587,59.913659],[11.139257,59.913814],[11.139552,59.913868],[11.139796,59.913953],[11.140053,59.913999],[11.140329,59.91403],[11.140604,59.914039],[11.141716,59.913985],[11.142143,59.914054],[11.142797,59.914255],[11.143007,59.914386],[11.143231,59.914454],[11.143339,59.914435],[11.143376,59.914407],[11.143355,59.914363],[11.143182,59.914253],[11.143161,59.914204],[11.143304,59.91413],[11.143414,59.914137],[11.143546,59.914171],[11.144034,59.914352],[11.144244,59.914478],[11.144595,59.914792],[11.144628,59.915038],[11.144693,59.915208],[11.14489,59.915398],[11.145158,59.915568],[11.14755,59.916783],[11.148349,59.917241],[11.149324,59.917643],[11.149646,59.917822],[11.149819,59.917949],[11.150567,59.91826],[11.151083,59.918355],[11.151489,59.91847],[11.152249,59.918817],[11.15277,59.919024],[11.153562,59.919541],[11.153738,59.919767],[11.154042,59.920023],[11.154132,59.920026],[11.154202,59.919998],[11.154278,59.919799],[11.154401,59.919761],[11.154509,59.919777],[11.154603,59.91982],[11.154772,59.919948],[11.154852,59.920081],[11.155721,59.920498],[11.15582,59.92064],[11.155985,59.9207],[11.156204,59.920751],[11.157265,59.920792],[11.157571,59.920823],[11.157844,59.920917],[11.158121,59.921047],[11.158664,59.92142],[11.15886,59.921686],[11.159088,59.921889],[11.159332,59.922056],[11.160216,59.922459],[11.160532,59.922652],[11.160703,59.922801],[11.160766,59.922953],[11.160995,59.923183],[11.161856,59.923798]]}},{"type":"Feature","properties":{"dybde_m":1.0,"innsjonavn":"Øyeren"},"geometry":{"type":"LineString","coordinates":[[11.144848,59.908738],[11.14504,59.908842],[11.145102,59.908972],[11.145093,59.909152],[11.145207,59.909464],[11.145236,59.909621],[11.145425,59.909856],[11.145485,59.9099],[11.145561,59.910289],[11.145609,59.910392],[11.145575,59.910433],[11.145519,59.910425],[11.145397,59.910341],[11.145282,59.910118],[11.144753,59.909664],[11.14467,59.909567],[11.144639,59.909406],[11.144383,59.909221],[11.144337,59.909083],[11.144349,59.908953],[11.144419,59.908844],[11.144529,59.908774],[11.144604,59.908751],[11.144848,59.908738]]}},{"type":"Feature","properties":{"dybde_m":1.0,"innsjonavn":"Øyeren"},"geometry":{"type":"LineString","coordinates":[[11.13842,59.911375],[11.138208,59.911415],[11.138005,59.911409],[11.137787,59.911368],[11.137276,59.91121],[11.136521,59.91089],[11.136222,59.910701],[11.135822,59.910322],[11.135548,59.90998],[11.135317,59.909737],[11.13494,59.909442],[11.134438,59.909163],[11.134209,59.908942],[11.133875,59.908503],[11.133731,59.90824],[11.133615,59.908116],[11.132732,59.907511],[11.132644,59.907422],[11.13266,59.907323],[11.132764,59.907295],[11.132886,59.907333],[11.133131,59.907581],[11.133448,59.907769],[11.133814,59.907853],[11.133917,59.907824],[11.133985,59.907733],[11.134001,59.907625],[11.133913,59.90751],[11.133773,59.907404],[11.133388,59.907213],[11.133284,59.907053],[11.133373,59.906984],[11.133513,59.906946],[11.13367,59.906983],[11.134419,59.907501],[11.134812,59.907782],[11.135005,59.908008],[11.135094,59.908276],[11.135155,59.908365],[11.135288,59.908489],[11.136101,59.90888],[11.136514,59.90917],[11.136795,59.909628],[11.136867,59.91017],[11.136931,59.910331],[11.137244,59.91073],[11.137451,59.910884],[11.138164,59.911105],[11.138311,59.911175],[11.13848,59.911276],[11.13842,59.911375]]}},{"type":"Feature","properties":{"dybde_m":1.0,"innsjonavn":"Øyeren"},"geometry":{"type":"LineString","coordinates":[[11.134887,59.910736],[11.13473,59.910779],[11.134479,59.91077],[11.134282,59.910746],[11.133918,59.910644],[11.133252,59.910296],[11.132983,59.910017],[11.132903,59.909897],[11.132793,59.909841],[11.132714,59.909855],[11.132651,59.909901],[11.132669,59.910004],[11.132824,59.91028],[11.132851,59.91041],[11.132766,59.910456],[11.132695,59.910462],[11.132567,59.910401],[11.132203,59.909989],[11.131881,59.909519],[11.131544,59.909196],[11.131421,59.90914],[11.131201,59.908946],[11.130999,59.908715],[11.130551,59.908336],[11.130311,59.907999],[11.130222,59.907569],[11.130002,59.907227],[11.129808,59.907055],[11.12954,59.906754],[11.129535,59.906651],[11.129756,59.90662],[11.131362,59.907569],[11.131625,59.907762],[11.132178,59.90827],[11.132512,59.908673],[11.132633,59.908698],[11.132699,59.90867],[11.132764,59.908602],[11.132819,59.90839],[11.132756,59.90818],[11.132664,59.908042],[11.132468,59.907861],[11.132205,59.907685],[11.132219,59.9076],[11.132356,59.907598],[11.132478,59.907636],[11.132987,59.907983],[11.133284,59.908391],[11.133783,59.908967],[11.134164,59.909342],[11.134523,59.90962],[11.134789,59.909858],[11.13502,59.910097],[11.135139,59.910261],[11.135157,59.910525],[11.135058,59.910644],[11.134887,59.910736]]}},{"type":"Feature","properties":{"dybde_m":3.0,"innsjonavn":"Øyeren"},"geometry":{"type":"LineString","coordinates":[[11.14623,59.905181],[11.14614,59.905187],[11.145869,59.905348],[11.145392,59.905949],[11.145074,59.906295],[11.144723,59.907145],[11.1447,59.907303],[11.144755,59.907374],[11.144829,59.907413],[11.144905,59.907421],[11.145093,59.907386],[11.145225,59.907223],[11.145283,59.907082],[11.145304,59.906884],[11.145419,59.906676],[11.145791,59.906342],[11.145995,59.906128],[11.146124,59.905896],[11.14616,59.905721],[11.146124,59.905649],[11.146214,59.905504],[11.146394,59.905308],[11.146356,59.905228],[11.146302,59.905193],[11.14623,59.905181]]}},{"type":"Feature","properties":{"dybde_m":1.0,"innsjonavn":"Øyeren"},"geometry":{"type":"LineString","coordinates":[[11.120291,59.90384],[11.120417,59.903842],[11.121043,59.903913],[11.121393,59.903997],[11.12355,59.904632],[11.123711,59.90471],[11.123888,59.904833],[11.12431,59.905163],[11.124489,59.905385],[11.124715,59.905556],[11.124875,59.90572],[11.125033,59.905785],[11.125053,59.905829],[11.12502,59.905848],[11.12484,59.905828],[11.124609,59.905769],[11.124354,59.905625],[11.124031,59.905392],[11.123658,59.905106],[11.123693,59.905025],[11.123694,59.904926],[11.123658,59.904846],[11.123659,59.904769],[11.12341,59.904693],[11.123162,59.904674],[11.122965,59.904619],[11.122413,59.904381],[11.12033,59.903911],[11.120195,59.903864],[11.120291,59.90384]]}},{"type":"Feature","properties":{"dybde_m":3.0,"innsjonavn":"Øyeren"},"geometry":{"type":"LineString","coordinates":[[11.151532,59.903078],[11.151659,59.903093],[11.151823,59.903073]]}},{"type":"Feature","properties":{"dybde_m":4.0,"innsjonavn":"Øyeren"},"geometry":{"type":"LineString","coordinates":[[11.151405,59.903071],[11.151532,59.903078]]}},{"type":"Feature","properties":{"dybde_m":2.0,"innsjonavn":"Øyeren"},"geometry":{"type":"LineString","coordinates":[[11.118029,59.903584],[11.118794,59.903657],[11.119561,59.903771],[11.119635,59.903788],[11.119669,59.903819],[11.119608,59.903847],[11.119402,59.90385],[11.118393,59.903808],[11.117875,59.903717],[11.117802,59.903682],[11.117785,59.903638],[11.118029,59.903584]]}},{"type":"Feature","properties":{"dybde_m":4.0,"innsjonavn":"Øyeren"},"geometry":{"type":"LineString","coordinates":[[11.151823,59.903073],[11.152525,59.903016]]}},{"type":"Feature","properties":{"dybde_m":3.0,"innsjonavn":"Øyeren"},"geometry":{"type":"LineString","coordinates":[[11.152525,59.903016],[11.152778,59.902994],[11.15402,59.902745],[11.154472,59.902688],[11.155246,59.902451],[11.155318,59.902414],[11.15535,59.902342],[11.155293,59.902298],[11.155184,59.902299],[11.154951,59.902348],[11.154667,59.90247],[11.154386,59.902541],[11.154108,59.902658],[11.152719,59.902924],[11.152322,59.902966],[11.152105,59.902974],[11.151925,59.903004],[11.151181,59.902985],[11.150907,59.902944],[11.150546,59.902932],[11.150186,59.90296],[11.150063,59.902985],[11.149957,59.903014],[11.149523,59.903214],[11.149062,59.903513],[11.149011,59.903559],[11.148997,59.903613],[11.149035,59.903653],[11.14916,59.903633],[11.149485,59.903421],[11.149916,59.903185],[11.150267,59.903071],[11.150428,59.903046],[11.150716,59.903033],[11.151187,59.903074],[11.151405,59.903071]]}},{"type":"Feature","properties":{"dybde_m":2.0,"innsjonavn":"Øyeren"},"geometry":{"type":"LineString","coordinates":[[11.115575,59.902771],[11.115684,59.902787],[11.116308,59.902956],[11.116531,59.903034],[11.116937,59.903252],[11.117104,59.903312],[11.11716,59.903356],[11.117121,59.903415],[11.116991,59.903439],[11.116495,59.90334],[11.116071,59.90318],[11.115906,59.903093],[11.115467,59.902911],[11.115449,59.902853],[11.115575,59.902771]]}},{"type":"Feature","properties":{"dybde_m":1.0,"innsjonavn":"Øyeren"},"geometry":{"type":"LineString","coordinates":[[11.164282,59.923468],[11.164006,59.923232],[11.163783,59.923119],[11.163398,59.922964],[11.16332,59.922866],[11.16328,59.922768],[11.163331,59.922731],[11.16349,59.922693],[11.163538,59.922611],[11.16348,59.922549],[11.163351,59.922489],[11.16318,59.922357],[11.163025,59.922153],[11.162648,59.921867],[11.162646,59.921822],[11.162662,59.921795],[11.16275,59.921775],[11.16293,59.921799],[11.163042,59.92186],[11.16337,59.921963],[11.163704,59.922141],[11.164089,59.922279],[11.164391,59.922516],[11.164519,59.922559],[11.164632,59.922647],[11.164963,59.922785],[11.165142,59.922801],[11.165303,59.922789],[11.165514,59.922732],[11.1656,59.922685],[11.165594,59.922587],[11.165193,59.922198],[11.165172,59.922149],[11.165204,59.922094],[11.165109,59.922015],[11.164455,59.921855],[11.164166,59.921815],[11.163928,59.92172],[11.163775,59.92157],[11.162761,59.921106],[11.161381,59.920302],[11.160857,59.919965],[11.160397,59.919739],[11.160281,59.919624],[11.160312,59.919552],[11.160237,59.919499],[11.159704,59.919274],[11.159575,59.919191],[11.159394,59.91914],[11.159124,59.9191],[11.158396,59.918882],[11.157904,59.918711],[11.157213,59.918538],[11.156701,59.91838],[11.155533,59.917878],[11.155018,59.917694],[11.154813,59.91758],[11.154503,59.917509],[11.153984,59.91727],[11.153775,59.917121],[11.153307,59.916904],[11.152907,59.916789],[11.152703,59.916712],[11.152532,59.916607],[11.152139,59.916187],[11.151909,59.91602],[11.151721,59.915924],[11.151543,59.915729],[11.151138,59.915395],[11.150649,59.914882],[11.15023,59.914588],[11.150005,59.914501],[11.149779,59.914379],[11.149513,59.914191],[11.149261,59.913948],[11.149,59.913831],[11.148721,59.913732],[11.148462,59.913664],[11.148135,59.913638],[11.147804,59.913585],[11.14745,59.913438],[11.147238,59.91328],[11.147253,59.913226],[11.14736,59.913193],[11.147563,59.913239],[11.147716,59.91334],[11.147901,59.913404],[11.147993,59.913402],[11.148063,59.913374],[11.148096,59.91332],[11.148055,59.913258],[11.147519,59.91293],[11.147191,59.912594],[11.147162,59.9125],[11.147176,59.91232],[11.147263,59.912121],[11.147228,59.911991],[11.147101,59.911706],[11.146926,59.911493],[11.146782,59.911374],[11.146656,59.911084],[11.146641,59.91095],[11.146664,59.910833],[11.146843,59.910601],[11.14687,59.910506],[11.146826,59.910237],[11.146779,59.910135],[11.146655,59.909993],[11.146593,59.909311],[11.146627,59.909212],[11.146488,59.909048],[11.146466,59.908954],[11.146493,59.90859],[11.146759,59.907741],[11.147105,59.906869],[11.147556,59.906143],[11.147799,59.90555],[11.147812,59.905375],[11.147774,59.905304],[11.147698,59.905242],[11.147695,59.905116],[11.147834,59.90497],[11.147992,59.904869],[11.148188,59.90479],[11.14849,59.904699],[11.148684,59.904615],[11.148841,59.904523],[11.148868,59.904365],[11.149148,59.904042],[11.149227,59.903838],[11.14949,59.903672],[11.149997,59.903291],[11.150205,59.903203],[11.150417,59.903141],[11.15056,59.903129],[11.151013,59.903149],[11.151378,59.903201],[11.15291,59.903087],[11.153864,59.902891],[11.154659,59.902757],[11.155182,59.90265],[11.155522,59.902514],[11.155898,59.902418],[11.156342,59.902245],[11.156621,59.902042],[11.15703,59.901568],[11.157092,59.90137]]}},{"type":"Feature","properties":{"dybde_m":1.0,"innsjonavn":"Øyeren"},"geometry":{"type":"LineString","coordinates":[[11.143067,59.89947],[11.143416,59.900088],[11.143821,59.900684],[11.144329,59.901322],[11.145174,59.902305],[11.145467,59.902673],[11.14566,59.902962],[11.145848,59.903453],[11.145825,59.904222],[11.145862,59.90454],[11.145747,59.904852],[11.145543,59.905115],[11.145213,59.905669],[11.145046,59.905847],[11.144896,59.90606],[11.144728,59.906189],[11.144556,59.906416],[11.144359,59.906779],[11.144146,59.907105],[11.143947,59.907531],[11.143814,59.907641],[11.143658,59.907827],[11.143467,59.908495],[11.143358,59.909014],[11.14321,59.909303],[11.14312,59.909583],[11.143178,59.910157],[11.143302,59.910726],[11.143297,59.911471],[11.143179,59.911792],[11.143074,59.911955],[11.142955,59.912025],[11.14241,59.912101],[11.142164,59.912069],[11.141892,59.911997],[11.141683,59.911843],[11.14156,59.911643],[11.141178,59.911218],[11.140917,59.911092],[11.140762,59.911036],[11.140511,59.910969],[11.140302,59.910936],[11.139511,59.910855],[11.13908,59.910853],[11.138754,59.910817],[11.138247,59.910736],[11.138066,59.910698],[11.137918,59.910647],[11.137713,59.910515],[11.137577,59.910342],[11.13755,59.910204],[11.137592,59.910028],[11.137776,59.909544],[11.137733,59.909433],[11.137635,59.909295],[11.137462,59.909136],[11.135936,59.908254],[11.135763,59.908072],[11.135563,59.907766],[11.135258,59.907465],[11.135125,59.907369],[11.134443,59.907038],[11.133662,59.906633],[11.132672,59.906007],[11.13206,59.905653],[11.131366,59.905341],[11.130949,59.905056],[11.13052,59.904672],[11.130376,59.904504],[11.130338,59.904203],[11.130392,59.90414],[11.130483,59.904107],[11.13061,59.904091],[11.130754,59.904031],[11.130863,59.903925],[11.130913,59.903812],[11.130777,59.9035],[11.130614,59.903206],[11.130583,59.903117],[11.130605,59.903049],[11.13071,59.902976],[11.13111,59.902826],[11.131552,59.902612],[11.131668,59.902507],[11.131819,59.902221],[11.131799,59.902087],[11.13166,59.90186],[11.131716,59.901747],[11.131729,59.901598],[11.1318,59.90153],[11.131771,59.901328],[11.131705,59.90119],[11.131726,59.900997],[11.131886,59.900864],[11.132521,59.900607],[11.133064,59.900189],[11.133834,59.899642],[11.134165,59.899269],[11.134654,59.899005]]}},{"type":"Feature","properties":{"dybde_m":3.0,"innsjonavn":"Øyeren"},"geometry":{"type":"LineString","coordinates":[[11.1436,59.898684],[11.143475,59.898713],[11.143424,59.89875],[11.143392,59.898849],[11.143401,59.899006],[11.143552,59.899125],[11.143868,59.899277],[11.143934,59.899334],[11.143869,59.899439],[11.14384,59.899754],[11.144154,59.900332],[11.144249,59.90043],[11.14451,59.900596],[11.14487,59.900887],[11.14511,59.9013],[11.145728,59.901834],[11.145839,59.902093],[11.146038,59.902287],[11.146189,59.902352],[11.146485,59.902428],[11.146602,59.902516],[11.146774,59.902607],[11.146998,59.902684],[11.147139,59.902669],[11.147238,59.902586],[11.147231,59.902501],[11.147097,59.902234],[11.147017,59.90215],[11.146676,59.90194],[11.146452,59.901836],[11.146278,59.901686],[11.145997,59.901255],[11.145846,59.901158],[11.144824,59.900277],[11.144695,59.900234],[11.144454,59.900103],[11.144304,59.89998],[11.144207,59.899838],[11.14413,59.89956],[11.144319,59.899297],[11.144276,59.899136],[11.144197,59.899034],[11.143951,59.8988],[11.143729,59.898696],[11.1436,59.898684]]}},{"type":"Feature","properties":{"dybde_m":1.0,"innsjonavn":"Øyeren"},"geometry":{"type":"LineString","coordinates":[[11.114652,59.902309],[11.115224,59.902592],[11.115628,59.902716],[11.116015,59.902768],[11.116235,59.902827],[11.116956,59.903184],[11.117253,59.903292],[11.118221,59.903496],[11.119866,59.903757],[11.120181,59.90377],[11.121352,59.903769],[11.121783,59.903834],[11.122097,59.903914],[11.122265,59.903992],[11.123102,59.904284],[11.123354,59.904437],[11.12369,59.904531],[11.124099,59.904785],[11.124328,59.904902],[11.124849,59.905226],[11.125055,59.905479],[11.125535,59.905889],[11.126071,59.906271],[11.126596,59.906572],[11.126741,59.906624],[11.126934,59.906661],[11.127239,59.906616],[11.127333,59.906507],[11.126906,59.905705],[11.126953,59.905525],[11.127194,59.905188],[11.12729,59.904581],[11.127385,59.904319],[11.127981,59.903303],[11.128333,59.902942],[11.128359,59.902628],[11.128696,59.902357],[11.128842,59.902211],[11.128913,59.902035],[11.129086,59.901803],[11.129419,59.901501],[11.129823,59.901198],[11.129955,59.901066],[11.130046,59.900507],[11.130231,59.90015],[11.130394,59.8995],[11.130537,59.89921],[11.130555,59.898815],[11.130655,59.898324],[11.130767,59.898183],[11.130944,59.898099],[11.13127,59.898044],[11.131445,59.897907],[11.131471,59.897816],[11.131454,59.897574],[11.13137,59.897046],[11.131448,59.896766]]}},{"type":"Feature","properties":{"dybde_m":3.0,"innsjonavn":"Øyeren"},"geometry":{"type":"LineString","coordinates":[[11.114289,59.897029],[11.114211,59.897021],[11.114109,59.897068],[11.113489,59.897621],[11.113419,59.897743],[11.113413,59.897865],[11.113426,59.897914],[11.113579,59.897961],[11.1137,59.897932],[11.113992,59.897618],[11.114284,59.89742],[11.11445,59.897166],[11.11436,59.897068],[11.114289,59.897029]]}},{"type":"Feature","properties":{"dybde_m":3.0,"innsjonavn":"Øyeren"},"geometry":{"type":"LineString","coordinates":[[11.157567,59.894652],[11.157498,59.894716],[11.157319,59.895065],[11.157249,59.89547],[11.157217,59.895942],[11.156897,59.896752],[11.156988,59.896777],[11.157109,59.896649],[11.157375,59.896223],[11.157718,59.895153],[11.15775,59.894734],[11.157711,59.894668],[11.157567,59.894652]]}},{"type":"Feature","properties":{"dybde_m":1.0,"innsjonavn":"Øyeren"},"geometry":{"type":"LineString","coordinates":[[11.131448,59.896766],[11.13162,59.896143],[11.131299,59.895664],[11.13105,59.895389],[11.130778,59.895003],[11.130765,59.894819],[11.13067,59.89474],[11.130521,59.894719],[11.130017,59.89479],[11.129702,59.894791],[11.129357,59.894747],[11.128424,59.894565],[11.127812,59.89448],[11.12743,59.894455],[11.123792,59.894604],[11.123437,59.894582],[11.122699,59.894671],[11.121594,59.894953],[11.120773,59.895205],[11.119843,59.89539],[11.119373,59.895506],[11.118828,59.895667],[11.118136,59.895835],[11.117616,59.896005],[11.11658,59.896444],[11.115116,59.897209],[11.114586,59.897532],[11.113981,59.898121],[11.113806,59.898514],[11.113718,59.89865],[11.11329,59.898972],[11.113053,59.89911],[11.1128,59.899384],[11.112735,59.899416],[11.112673,59.899507],[11.112713,59.899686],[11.112544,59.899967],[11.112308,59.900258],[11.112217,59.900422],[11.112229,59.900565],[11.112326,59.900685],[11.11248,59.900992],[11.112872,59.901341],[11.1132,59.901547],[11.113535,59.901662],[11.113812,59.901896],[11.114652,59.902309]]}},{"type":"Feature","properties":{"dybde_m":1.0,"innsjonavn":"Øyeren"},"geometry":{"type":"LineString","coordinates":[[11.176657,59.890916],[11.176517,59.890958],[11.176365,59.891051],[11.176081,59.891307],[11.175703,59.892526],[11.175731,59.892728],[11.175807,59.892816],[11.175902,59.892904],[11.1762,59.893084],[11.176373,59.893229],[11.176351,59.893418],[11.176157,59.893731],[11.176057,59.893849],[11.176027,59.893953],[11.176035,59.894106],[11.176125,59.89414],[11.176195,59.89413],[11.176263,59.894093],[11.176399,59.893965],[11.176552,59.893509],[11.17665,59.893391],[11.176679,59.893273],[11.176656,59.893197],[11.176598,59.893131],[11.176446,59.893017],[11.176335,59.892969],[11.176129,59.892811],[11.176082,59.892641],[11.17625,59.891502],[11.176534,59.891219],[11.176791,59.891093],[11.176858,59.891029],[11.176888,59.890957],[11.176834,59.890931],[11.176657,59.890916]]}},{"type":"Feature","properties":{"dybde_m":3.0,"innsjonavn":"Øyeren"},"geometry":{"type":"LineString","coordinates":[[11.164312,59.890091],[11.164187,59.890102],[11.163922,59.890164],[11.162827,59.890627],[11.161461,59.890959],[11.161142,59.891023],[11.160752,59.891047],[11.160466,59.891057],[11.16002,59.891032],[11.159416,59.891056],[11.159168,59.891105],[11.158924,59.891185],[11.158493,59.891444],[11.158151,59.891705],[11.158004,59.891964],[11.158035,59.892219],[11.158125,59.892245],[11.158177,59.892226],[11.158228,59.892171],[11.158356,59.891886],[11.158554,59.891573],[11.158794,59.891416],[11.158951,59.891337],[11.159367,59.891164],[11.159738,59.891091],[11.161271,59.891079],[11.161854,59.890966],[11.162315,59.890896],[11.162847,59.890761],[11.163107,59.890676],[11.16359,59.890475],[11.163775,59.890378],[11.164321,59.890234],[11.164372,59.890126],[11.164312,59.890091]]}},{"type":"Feature","properties":{"dybde_m":1.0,"innsjonavn":"Øyeren"},"geometry":{"type":"LineString","coordinates":[[11.160495,59.923973],[11.160476,59.923721],[11.160393,59.923552],[11.16022,59.923375],[11.159562,59.922874],[11.15932,59.922725],[11.158421,59.922372],[11.156597,59.92184],[11.155059,59.921331],[11.154635,59.921145],[11.154223,59.920869],[11.15311,59.919512],[11.152353,59.919017],[11.151913,59.918809],[11.151243,59.918568],[11.150318,59.918314],[11.148964,59.917676],[11.148363,59.917443],[11.147646,59.917095],[11.14729,59.91698],[11.146834,59.916731],[11.14638,59.916528],[11.145964,59.916364],[11.144834,59.915973],[11.144329,59.915833],[11.142339,59.915165],[11.142018,59.915022],[11.141719,59.914933],[11.140199,59.91458],[11.139333,59.914419],[11.1385,59.914168],[11.137849,59.913936],[11.13787,59.913962],[11.137316,59.913841],[11.136852,59.913718],[11.136308,59.913529],[11.134627,59.913036],[11.134248,59.912992],[11.133505,59.912762],[11.132832,59.912476],[11.132371,59.9123],[11.131898,59.912141],[11.131754,59.912103],[11.131515,59.912116],[11.131326,59.912083],[11.131154,59.911974],[11.130994,59.911761],[11.130773,59.911261],[11.130616,59.911142],[11.130441,59.911064],[11.129814,59.910616],[11.129418,59.910142],[11.129327,59.910067],[11.129045,59.909955],[11.128312,59.909491],[11.127492,59.908718],[11.126946,59.908139],[11.126586,59.907817],[11.126353,59.907564],[11.125451,59.90686],[11.124844,59.906291],[11.124502,59.906126],[11.124041,59.905828],[11.12393,59.905632],[11.123626,59.905376],[11.123246,59.905234],[11.123106,59.905129],[11.123089,59.905039],[11.123126,59.90494],[11.123037,59.904856],[11.12284,59.904742],[11.122572,59.904621],[11.121559,59.9043],[11.121025,59.904165],[11.119998,59.903948],[11.119542,59.903937],[11.119187,59.903984],[11.119039,59.903977],[11.117929,59.903802],[11.117579,59.90378],[11.116937,59.903813],[11.116592,59.903868],[11.11579,59.904101],[11.11553,59.904222],[11.115047,59.904616],[11.114838,59.904646],[11.11473,59.904634],[11.114739,59.904536],[11.114817,59.90444],[11.115213,59.904088],[11.115473,59.903917],[11.115756,59.903783],[11.115917,59.903731],[11.116116,59.903727],[11.11639,59.903763],[11.116499,59.903739],[11.11657,59.903675],[11.116605,59.903603],[11.116532,59.903523],[11.116367,59.9034],[11.115433,59.903024],[11.114043,59.902301],[11.113805,59.902215],[11.113105,59.901773],[11.112809,59.901535],[11.111518,59.900976],[11.111192,59.900878],[11.110965,59.900891],[11.110897,59.900928],[11.110887,59.901036],[11.110805,59.901118],[11.110583,59.901229],[11.110452,59.901384],[11.110344,59.90161],[11.110503,59.901774],[11.11061,59.901974],[11.110712,59.902103],[11.110556,59.902411],[11.110543,59.902681],[11.110615,59.903097],[11.110595,59.903475],[11.110494,59.903934],[11.110393,59.904223],[11.110056,59.904804],[11.109734,59.905105],[11.109641,59.905318],[11.109415,59.905685],[11.109114,59.906054],[11.108554,59.906458],[11.108151,59.906572],[11.107866,59.906694],[11.107469,59.906799],[11.106887,59.906916],[11.106458,59.907057],[11.106045,59.907311],[11.105543,59.90766],[11.104696,59.908415],[11.104438,59.908693],[11.10434,59.908856],[11.10417,59.908953],[11.103889,59.909039],[11.103714,59.909113],[11.103459,59.909261],[11.10297,59.90966],[11.102531,59.910048],[11.101579,59.910953],[11.10123,59.911354],[11.101167,59.911588],[11.100026,59.91365],[11.099242,59.914489],[11.098206,59.915507],[11.097627,59.915988],[11.097392,59.916247],[11.096693,59.916797],[11.09653,59.917043],[11.096456,59.917255],[11.09646,59.917578],[11.096697,59.91832],[11.096792,59.919109],[11.096805,59.919558],[11.096878,59.919857],[11.097241,59.920269],[11.097404,59.920509],[11.097867,59.92158],[11.097727,59.921883],[11.097521,59.922021],[11.097204,59.922116],[11.097034,59.922235],[11.096917,59.922372],[11.09688,59.922579],[11.096908,59.922942],[11.096877,59.923208],[11.096257,59.924269],[11.096017,59.924636],[11.095623,59.925024],[11.095244,59.925372],[11.094527,59.92585],[11.093911,59.926125],[11.092998,59.926422],[11.091509,59.927169],[11.090332,59.927682],[11.089704,59.92784],[11.08911,59.928038],[11.088662,59.928243],[11.0884,59.928426],[11.088165,59.928727],[11.087788,59.929141],[11.087314,59.929445],[11.087084,59.929548],[11.086717,59.929769],[11.086599,59.92991],[11.086039,59.930197],[11.085664,59.930482],[11.08547,59.930539],[11.085105,59.930441],[11.084872,59.930445],[11.084642,59.930476],[11.084462,59.93046],[11.084207,59.930393],[11.083813,59.930367],[11.083498,59.930435],[11.08329,59.930519],[11.083224,59.930601],[11.083088,59.930693],[11.082795,59.930819],[11.082273,59.930989],[11.08212,59.931081],[11.081759,59.931244],[11.080812,59.931587],[11.080517,59.931663],[11.080271,59.931694],[11.080044,59.931743],[11.079857,59.931827],[11.079464,59.932161],[11.079341,59.932333],[11.079224,59.93256],[11.07916,59.932785],[11.079048,59.932904],[11.07853,59.933033],[11.078396,59.933098],[11.078021,59.933387],[11.07772,59.933553],[11.077326,59.933649],[11.07708,59.933667],[11.077479,59.932201],[11.077915,59.932091],[11.078102,59.931998],[11.078465,59.931705],[11.078685,59.931611],[11.078948,59.931576],[11.079259,59.931499],[11.079497,59.931379],[11.079747,59.931286],[11.080224,59.930932],[11.080911,59.930867],[11.081303,59.930649],[11.081567,59.930331],[11.081705,59.930257],[11.081897,59.930209],[11.082604,59.930121],[11.082866,59.930027],[11.083001,59.929891],[11.083158,59.929825],[11.083354,59.929813],[11.083457,59.929744],[11.083504,59.929645],[11.083853,59.929442],[11.084787,59.929395],[11.085555,59.929316],[11.085965,59.929229],[11.086285,59.929134],[11.086746,59.928956],[11.087147,59.928662],[11.087514,59.928324],[11.08758,59.928165],[11.08759,59.928026],[11.087666,59.92785],[11.087813,59.927722],[11.088349,59.927614],[11.088439,59.927617],[11.088282,59.927777],[11.088303,59.927871],[11.088468,59.927891],[11.088649,59.92787],[11.088809,59.927791],[11.089133,59.927674],[11.089419,59.927539],[11.089633,59.927464],[11.089965,59.927207],[11.09051,59.926942],[11.091357,59.926686],[11.091741,59.926478],[11.092016,59.926245],[11.09261,59.925925],[11.09298,59.925789],[11.09366,59.925608],[11.093869,59.925488],[11.094303,59.925113],[11.094596,59.924762],[11.095856,59.923076],[11.096059,59.922686],[11.096343,59.921959],[11.096471,59.921517],[11.096532,59.921138],[11.096616,59.920823],[11.096627,59.920508],[11.096537,59.920289],[11.096357,59.920077],[11.096244,59.919764],[11.09597,59.918498],[11.095873,59.9184],[11.095762,59.918371],[11.095639,59.9184],[11.095281,59.918917],[11.095063,59.919141],[11.094999,59.919241],[11.094969,59.919331],[11.095076,59.919554],[11.095049,59.919684],[11.095077,59.919801],[11.094973,59.919856],[11.094881,59.919835],[11.094826,59.919589],[11.094728,59.919483],[11.094631,59.919637],[11.094545,59.919692],[11.094453,59.919658],[11.094392,59.919569],[11.094899,59.918869],[11.094942,59.918716],[11.095192,59.918443],[11.095384,59.918134],[11.095492,59.917876],[11.095503,59.917292],[11.095581,59.916856],[11.095672,59.916598],[11.095836,59.916389],[11.096298,59.916063],[11.097211,59.915442],[11.097648,59.915237],[11.097821,59.915118],[11.099015,59.913666],[11.099162,59.913376],[11.099404,59.912762],[11.099479,59.912428],[11.099816,59.911848],[11.100162,59.911425],[11.10072,59.910841],[11.10099,59.910527],[11.101373,59.910179],[11.10201,59.909468],[11.102405,59.909229],[11.103072,59.908881],[11.103564,59.908554],[11.105305,59.907179],[11.105985,59.906719],[11.106502,59.90645],[11.107312,59.906087],[11.107609,59.905889],[11.107695,59.905695],[11.107716,59.905497],[11.10788,59.905351],[11.107946,59.905201],[11.107935,59.905067],[11.107854,59.904987],[11.107882,59.90487],[11.107933,59.904793],[11.108081,59.904777],[11.108254,59.904891],[11.108464,59.904946],[11.108768,59.904793],[11.108957,59.904511],[11.10895,59.904134],[11.109035,59.904043],[11.109119,59.90397],[11.109495,59.903897],[11.109751,59.903794],[11.109793,59.903672],[11.109775,59.903492],[11.109674,59.903386],[11.109498,59.903259],[11.108929,59.903093],[11.108722,59.902997],[11.108587,59.902892],[11.108559,59.902762],[11.108672,59.902616],[11.108891,59.901908],[11.109032,59.901591],[11.10916,59.901373],[11.1102,59.900431],[11.110354,59.900191],[11.11037,59.900047],[11.110579,59.89959],[11.110803,59.899559],[11.110973,59.899512],[11.111144,59.899383],[11.111517,59.899153],[11.111734,59.899163],[11.111817,59.89909],[11.112117,59.89869],[11.1122,59.898509],[11.112217,59.89832],[11.112185,59.898168],[11.112268,59.898067],[11.112351,59.898026],[11.112399,59.898029],[11.112593,59.898098],[11.112691,59.898092],[11.11287,59.898008],[11.112951,59.89794],[11.113017,59.897858],[11.113004,59.897773],[11.113054,59.897646],[11.113469,59.897334],[11.113602,59.897197],[11.113652,59.897125],[11.113683,59.896926],[11.113749,59.896791],[11.114138,59.896474],[11.114433,59.896317],[11.114845,59.896207],[11.11532,59.895948],[11.115657,59.895839],[11.116087,59.895716],[11.11698,59.895584],[11.117206,59.895518],[11.117308,59.895458],[11.117419,59.89529],[11.117489,59.895168],[11.117524,59.894965],[11.117668,59.894742],[11.117825,59.894646],[11.118095,59.894556],[11.118651,59.894502],[11.119334,59.89463],[11.119614,59.894639],[11.12017,59.894523],[11.120508,59.894387],[11.121133,59.894211],[11.122803,59.893923],[11.1235,59.89384],[11.125177,59.893863],[11.126924,59.893758],[11.12744,59.893673],[11.128048,59.893623],[11.129053,59.893414],[11.129484,59.893348],[11.130274,59.893161],[11.130574,59.893111],[11.131814,59.892767],[11.132111,59.892659],[11.132576,59.892351],[11.132926,59.892058],[11.133397,59.891718],[11.13379,59.891487],[11.134043,59.891397],[11.134469,59.891175],[11.134642,59.890903],[11.134809,59.890779],[11.134968,59.890718],[11.135204,59.890557],[11.135695,59.889983],[11.136018,59.889546],[11.136363,59.889137],[11.136601,59.888657],[11.13669,59.888399],[11.136775,59.887675],[11.136729,59.886678],[11.136762,59.886341],[11.136624,59.886015],[11.136519,59.885599],[11.136678,59.884676],[11.136595,59.884125],[11.136635,59.883603],[11.136875,59.882562],[11.137028,59.882313],[11.137159,59.881861],[11.137262,59.881729],[11.137261,59.88164],[11.13746,59.88112],[11.137598,59.88101],[11.13773,59.88063],[11.137849,59.880462],[11.137965,59.880213],[11.138186,59.879873],[11.138487,59.879329],[11.138605,59.879179],[11.138776,59.879024],[11.138775,59.878952],[11.138824,59.878834],[11.139023,59.87853],[11.139284,59.87791],[11.139595,59.877416],[11.139767,59.877215],[11.139818,59.87708],[11.13976,59.876919],[11.139997,59.876628],[11.139955,59.876507],[11.140024,59.876448],[11.140055,59.876357],[11.140264,59.876246],[11.140365,59.876123],[11.140503,59.876022],[11.140625,59.875962],[11.14073,59.87587],[11.140798,59.875775],[11.14083,59.875541],[11.141038,59.875335],[11.141086,59.875191],[11.141081,59.875097],[11.141179,59.874942],[11.141558,59.874483],[11.14192,59.874194],[11.142156,59.873669],[11.14215,59.873399],[11.142067,59.872961],[11.141995,59.872733],[11.141689,59.872131],[11.14165,59.871705],[11.141606,59.87158],[11.141638,59.871463],[11.141709,59.871435],[11.141802,59.871442],[11.141914,59.871495],[11.142088,59.871662],[11.142247,59.871898],[11.142634,59.872192],[11.142824,59.87227],[11.143104,59.872306],[11.143252,59.872299],[11.143362,59.872261],[11.143431,59.872197],[11.143267,59.871949],[11.143189,59.871887],[11.142885,59.871766],[11.142714,59.871679],[11.14271,59.871616],[11.142747,59.871607],[11.142953,59.871648],[11.143105,59.871727],[11.1435,59.871824],[11.143614,59.871867],[11.143712,59.871941],[11.143816,59.872101],[11.14386,59.872199],[11.14383,59.872537],[11.143696,59.872943],[11.143573,59.873057],[11.143219,59.87327],[11.143133,59.873375],[11.142931,59.873809],[11.142995,59.874131],[11.14305,59.874265],[11.143379,59.874646],[11.143558,59.874706],[11.143774,59.874738],[11.144166,59.874728],[11.144635,59.874621],[11.145022,59.874485],[11.14605,59.874266],[11.146578,59.874221],[11.148068,59.874233],[11.14862,59.874332],[11.150083,59.874734],[11.150871,59.875009],[11.151581,59.875307],[11.151798,59.875358],[11.152253,59.875543],[11.152595,59.875717],[11.15288,59.875825],[11.153194,59.875892],[11.153471,59.875932],[11.15427,59.875915],[11.154569,59.875856],[11.154903,59.875765],[11.155329,59.875632],[11.15742,59.874722],[11.158016,59.874385],[11.159314,59.873411],[11.159885,59.872908],[11.159976,59.872727],[11.159915,59.872525],[11.159866,59.872423],[11.15978,59.872326],[11.159556,59.872154],[11.1594,59.872094],[11.15922,59.871993],[11.158432,59.871827],[11.158144,59.871782],[11.157499,59.871626],[11.157103,59.871489],[11.15678,59.871346],[11.156515,59.871216],[11.156078,59.870945],[11.155906,59.870795],[11.155768,59.870622],[11.155732,59.870501],[11.155644,59.870404],[11.155412,59.870246],[11.15505,59.870117],[11.154606,59.870088],[11.154397,59.870105],[11.154154,59.870141],[11.153807,59.870268],[11.153512,59.870344],[11.153261,59.870335],[11.153007,59.87029],[11.152808,59.870235],[11.152567,59.870144],[11.152339,59.869995],[11.152309,59.869906],[11.1522,59.869795],[11.152171,59.86971],[11.152103,59.869622],[11.15188,59.869504],[11.151723,59.869462],[11.151626,59.869445],[11.151494,59.869452],[11.15127,59.869492],[11.151091,59.869566],[11.150722,59.869667],[11.150572,59.869683],[11.150273,59.869697],[11.150157,59.869676],[11.150055,59.869606],[11.150084,59.869524],[11.150276,59.869382],[11.150443,59.869352],[11.150949,59.869322],[11.15106,59.869302],[11.151113,59.869274],[11.151126,59.869216],[11.151083,59.869171],[11.150854,59.869153],[11.150601,59.869071],[11.150326,59.868959],[11.149834,59.868743],[11.149397,59.868462],[11.148558,59.867748],[11.147819,59.866584],[11.14781,59.866148],[11.147838,59.865685],[11.147908,59.865334],[11.147894,59.865078],[11.148208,59.864525],[11.148398,59.864104],[11.148557,59.863576],[11.148643,59.863049],[11.148621,59.862987],[11.148565,59.862952],[11.148493,59.862944],[11.148404,59.862954],[11.148157,59.863232],[11.148071,59.863288],[11.147641,59.863515],[11.147517,59.863508],[11.147453,59.863383],[11.147517,59.863265],[11.147873,59.863012],[11.147973,59.862912],[11.148,59.862795],[11.147938,59.862661],[11.147551,59.862218],[11.147447,59.861977],[11.147226,59.86159],[11.147187,59.861276],[11.147168,59.860769],[11.147354,59.859841],[11.147371,59.859589],[11.147271,59.85898],[11.147279,59.85862],[11.147347,59.858341],[11.147499,59.857988],[11.147922,59.857429],[11.148346,59.857094],[11.148601,59.856901],[11.149523,59.856477],[11.150427,59.856278],[11.151049,59.856192],[11.151762,59.856122],[11.152491,59.856097],[11.153491,59.855927],[11.154465,59.855669],[11.155187,59.855383],[11.155494,59.855217],[11.156352,59.854619],[11.156664,59.85429],[11.157018,59.853844],[11.157223,59.853446],[11.157318,59.853233],[11.15733,59.853134],[11.157275,59.853059],[11.157203,59.853015],[11.157095,59.852985],[11.156957,59.853041],[11.156824,59.853192],[11.156678,59.853428],[11.156375,59.853702],[11.156208,59.85384],[11.155703,59.854189],[11.15538,59.854356],[11.15478,59.854604],[11.154378,59.854682],[11.15406,59.854674],[11.15364,59.854528],[11.153507,59.854441],[11.153401,59.854231],[11.153407,59.854078],[11.153586,59.853797],[11.1544,59.853065],[11.154464,59.852929],[11.154365,59.852729],[11.154253,59.852645],[11.154125,59.852589],[11.153873,59.852557],[11.153587,59.852558],[11.153375,59.852606],[11.1527,59.852698],[11.152348,59.852789],[11.151952,59.853069],[11.151343,59.853421],[11.15054,59.853851],[11.149771,59.854223],[11.14788,59.855013],[11.147545,59.855117],[11.147382,59.855129],[11.147255,59.855122],[11.147106,59.855089],[11.146992,59.855023],[11.146962,59.854898],[11.1472,59.854454],[11.147474,59.854202],[11.147853,59.853909],[11.148515,59.853489],[11.14937,59.853026],[11.150089,59.852696],[11.150745,59.852308],[11.151376,59.851857],[11.15194,59.851502],[11.152225,59.851246],[11.152448,59.850928],[11.152652,59.85057],[11.152803,59.850226],[11.152846,59.849875],[11.152837,59.849565],[11.152692,59.849141],[11.152139,59.847883],[11.152149,59.847537],[11.152184,59.847299],[11.152327,59.847045],[11.15285,59.846327],[11.152973,59.846028],[11.153034,59.845156],[11.153084,59.844836],[11.153245,59.844577],[11.153353,59.844324],[11.153607,59.844091],[11.154002,59.843806],[11.154851,59.843343],[11.156006,59.842857],[11.156398,59.842554],[11.156585,59.842389],[11.156734,59.842221],[11.156717,59.841961],[11.156451,59.841772],[11.156302,59.841693],[11.156099,59.841616],[11.155884,59.841602],[11.154965,59.841603],[11.154448,59.841656],[11.153986,59.84174],[11.153599,59.841863],[11.152212,59.842398],[11.151653,59.842659],[11.151026,59.842983],[11.150248,59.84349],[11.149573,59.84391],[11.149347,59.84403],[11.148804,59.844273],[11.148451,59.844386],[11.14813,59.844446],[11.147054,59.84453],[11.146656,59.844501],[11.146057,59.844416],[11.145561,59.844254],[11.145189,59.84404],[11.144981,59.843837],[11.144749,59.84354],[11.144632,59.843362],[11.144624,59.843209],[11.144684,59.842993],[11.144849,59.842711],[11.145136,59.842365],[11.145599,59.841985],[11.145981,59.841727],[11.146609,59.841403],[11.147562,59.841145],[11.14898,59.840529],[11.14979,59.840228],[11.150192,59.84006],[11.150733,59.839808],[11.151311,59.839565],[11.152277,59.839244],[11.153317,59.838949],[11.153811,59.838842],[11.155289,59.838741],[11.156053,59.838639],[11.157192,59.838535],[11.157563,59.838457],[11.157986,59.838333],[11.15837,59.838188],[11.159277,59.837805],[11.160659,59.837324],[11.161569,59.837026],[11.162162,59.836801],[11.162727,59.836688],[11.163292,59.836598],[11.164232,59.836515],[11.164638,59.836437],[11.165092,59.836308],[11.165764,59.835946],[11.166913,59.835537],[11.167738,59.835092],[11.167891,59.834964],[11.16799,59.834845],[11.168044,59.834584],[11.16803,59.834369],[11.168122,59.834129],[11.168375,59.8339],[11.168456,59.833773],[11.168916,59.83346],[11.169551,59.833126],[11.171623,59.832203],[11.17331,59.83138],[11.173848,59.830954],[11.174316,59.830533],[11.174793,59.83026],[11.175564,59.829744],[11.175924,59.829635],[11.176714,59.829491],[11.177292,59.829343],[11.177768,59.829115],[11.177986,59.82899],[11.17813,59.828902],[11.178236,59.828797],[11.178625,59.828665],[11.178748,59.828609],[11.178852,59.828535],[11.179019,59.828362],[11.178945,59.828089],[11.178828,59.827983],[11.178578,59.827915],[11.178404,59.827842],[11.178324,59.827798],[11.178318,59.827767],[11.178346,59.827731],[11.178424,59.827707],[11.178502,59.827706],[11.178662,59.827725],[11.178756,59.827751],[11.17886,59.827803],[11.178993,59.827837],[11.179269,59.827805],[11.179383,59.82774],[11.179717,59.827456],[11.179889,59.827018],[11.179912,59.826838],[11.179869,59.826695],[11.179591,59.826443],[11.179605,59.826389],[11.179753,59.826293],[11.179874,59.826264],[11.180047,59.826265],[11.180203,59.826294],[11.180426,59.82638],[11.180615,59.82648],[11.180832,59.82671],[11.180977,59.827103],[11.181109,59.827267],[11.181339,59.827403],[11.181545,59.827476],[11.181877,59.827492],[11.18199,59.827473],[11.182261,59.827324],[11.182462,59.826966],[11.182468,59.82667],[11.182424,59.826432],[11.182394,59.826325],[11.18231,59.826187],[11.18187,59.825606],[11.181848,59.825494],[11.181901,59.825273],[11.182352,59.824695],[11.182421,59.824483],[11.182482,59.824406],[11.182775,59.824217],[11.182964,59.824155],[11.183234,59.824106],[11.183391,59.824032],[11.183547,59.823926],[11.184078,59.823486],[11.184238,59.823407],[11.18461,59.823239],[11.185799,59.822833],[11.186132,59.822746],[11.18648,59.822615],[11.186699,59.822405],[11.18685,59.821971],[11.186905,59.821727],[11.186998,59.82151],[11.18699,59.821394],[11.187111,59.821194],[11.187102,59.821113],[11.186872,59.82087],[11.186845,59.820812],[11.186876,59.820749],[11.187038,59.820495],[11.187122,59.820412],[11.187325,59.820238],[11.18753,59.8201],[11.187695,59.8199],[11.187849,59.819821],[11.187978,59.819711],[11.188102,59.819525],[11.188102,59.819237],[11.188129,59.819151],[11.188244,59.819033],[11.188528,59.818848],[11.188693,59.818563],[11.189272,59.817857],[11.189643,59.817491],[11.189871,59.817164],[11.189905,59.816988],[11.189829,59.816527],[11.189877,59.816428],[11.190287,59.816124],[11.19055,59.815797],[11.190696,59.815561],[11.190831,59.81546],[11.191143,59.815293],[11.191335,59.815236],[11.1916,59.815186],[11.191809,59.81512],[11.191961,59.814992],[11.192094,59.814837],[11.192316,59.81468],[11.192502,59.814515],[11.192918,59.814068],[11.193087,59.813922],[11.193417,59.813773],[11.193621,59.813625],[11.193652,59.813553],[11.193754,59.81347],[11.193978,59.81335],[11.194118,59.813303],[11.194265,59.813112],[11.194438,59.813019],[11.194701,59.812934],[11.195093,59.812927],[11.195391,59.812859],[11.195703,59.812719],[11.195771,59.812664],[11.195852,59.812546],[11.196217,59.812378],[11.196336,59.812287],[11.196557,59.812198],[11.197018,59.812051],[11.197104,59.811991],[11.197304,59.811803],[11.197313,59.811713],[11.197227,59.811553],[11.197163,59.811491],[11.196799,59.811268],[11.196717,59.811171],[11.196701,59.811068],[11.196831,59.810868],[11.196897,59.810795],[11.197189,59.810602],[11.197515,59.810416],[11.197616,59.810325],[11.19779,59.810214],[11.198055,59.810098],[11.19841,59.809975],[11.198907,59.809693],[11.199104,59.809478],[11.199233,59.80913],[11.199563,59.808393],[11.199552,59.808101],[11.199489,59.807958],[11.199301,59.807171],[11.198885,59.806149],[11.198773,59.80572],[11.198757,59.805437],[11.198841,59.804816],[11.198914,59.804572],[11.199217,59.804028],[11.199402,59.803886],[11.199657,59.80372],[11.200676,59.803236],[11.201104,59.802941],[11.201261,59.80279],[11.20137,59.802613],[11.201468,59.802252],[11.201433,59.801961],[11.201131,59.801625],[11.201047,59.8015],[11.200935,59.801296],[11.200885,59.801103],[11.200969,59.8009],[11.201181,59.800667],[11.201375,59.800511],[11.201426,59.80043],[11.201456,59.800303],[11.201448,59.800065],[11.201393,59.799855],[11.200993,59.799422],[11.200938,59.799328],[11.200943,59.799211],[11.201064,59.799043],[11.201168,59.798745],[11.201136,59.798553],[11.200787,59.79779],[11.200404,59.79746],[11.200245,59.797368],[11.199987,59.797274],[11.19989,59.797221],[11.199827,59.797092],[11.199887,59.796912],[11.199987,59.79682],[11.200277,59.796609],[11.200449,59.796525],[11.200832,59.796379],[11.200964,59.796287],[11.201085,59.796168],[11.201156,59.796037],[11.201191,59.795834],[11.200926,59.79525],[11.200908,59.795138],[11.200988,59.794688],[11.201046,59.794521],[11.201188,59.794388],[11.201699,59.794124],[11.202112,59.793942],[11.202345,59.793807],[11.202462,59.793715],[11.202583,59.793601],[11.203022,59.792732],[11.203194,59.7925],[11.203582,59.792201],[11.203906,59.792012],[11.204056,59.79182],[11.204073,59.791708],[11.203979,59.790914],[11.203809,59.790504],[11.203677,59.790268],[11.203536,59.790091],[11.203361,59.789964],[11.202948,59.789544],[11.202315,59.789114],[11.201413,59.788402],[11.200926,59.788091],[11.20052,59.78777],[11.200184,59.78756],[11.199981,59.787402],[11.199849,59.787265],[11.199611,59.786905],[11.199189,59.786166],[11.199016,59.785936],[11.198749,59.785801],[11.197822,59.785646],[11.197255,59.785453],[11.196678,59.785085],[11.196338,59.784795],[11.196321,59.784544],[11.196261,59.784437],[11.196255,59.784356],[11.196285,59.784266],[11.196335,59.784211],[11.196506,59.7841],[11.196788,59.784051],[11.196948,59.784048],[11.197089,59.784028],[11.197411,59.78404],[11.198593,59.783859],[11.198889,59.783755],[11.19912,59.783742],[11.199335,59.783766],[11.199754,59.783902],[11.200194,59.784075],[11.200433,59.784102],[11.200619,59.784076],[11.200843,59.784028],[11.201084,59.783934],[11.201486,59.783671],[11.201639,59.783601],[11.20191,59.783426],[11.201957,59.783317],[11.201952,59.783246],[11.20189,59.783121],[11.201332,59.782542],[11.20123,59.782481],[11.201206,59.782414],[11.20108,59.782295],[11.200992,59.782166],[11.200923,59.782019],[11.200719,59.781923],[11.200059,59.781786],[11.199501,59.781715],[11.199096,59.781573],[11.198576,59.78147],[11.198102,59.78146],[11.19759,59.78136],[11.197426,59.781309],[11.19726,59.781222],[11.19694,59.780967],[11.196783,59.780745],[11.196739,59.78062],[11.196788,59.780547],[11.19694,59.780428],[11.197115,59.780371],[11.197391,59.780232],[11.197509,59.780131],[11.197537,59.780014],[11.197418,59.779836],[11.197323,59.779748],[11.197183,59.779508],[11.197158,59.779409],[11.197164,59.779221],[11.197297,59.779084],[11.197558,59.77898],[11.197682,59.778969],[11.197789,59.778977],[11.197898,59.779011],[11.198308,59.779282],[11.198598,59.779349],[11.198863,59.779318],[11.199021,59.779279],[11.199385,59.779129],[11.199718,59.779052],[11.199842,59.779041],[11.200218,59.779071],[11.200742,59.77917],[11.200851,59.779204],[11.201182,59.779252],[11.201413,59.779302],[11.201971,59.77951],[11.202311,59.779736],[11.202424,59.779802],[11.202525,59.779836],[11.202723,59.779846],[11.202929,59.779825],[11.203055,59.779782],[11.203196,59.779686],[11.203323,59.779504],[11.203314,59.779374],[11.203168,59.779098],[11.203084,59.778874],[11.203,59.778508],[11.202772,59.778237],[11.202749,59.778036],[11.202646,59.777822],[11.202627,59.777683],[11.202521,59.77742],[11.202514,59.777303],[11.202348,59.777041],[11.202318,59.776889],[11.202364,59.776843],[11.202502,59.776836],[11.202695,59.776905],[11.202809,59.777002],[11.202931,59.777045],[11.203069,59.777051],[11.203392,59.776996],[11.203514,59.776909],[11.203583,59.776755],[11.203498,59.776438],[11.203288,59.776086],[11.20301,59.775777],[11.202866,59.775685],[11.202754,59.775637],[11.202612,59.775586],[11.202463,59.775566],[11.20221,59.775462],[11.202028,59.775407],[11.201828,59.775365],[11.200701,59.775056],[11.200612,59.775049],[11.200508,59.775095],[11.200393,59.77525],[11.200307,59.775287],[11.200025,59.775337],[11.199934,59.775312],[11.199879,59.775286],[11.199816,59.775134],[11.199759,59.775081],[11.199801,59.77491],[11.199743,59.774839],[11.199669,59.774795],[11.199596,59.774778],[11.199489,59.77478],[11.199437,59.774799],[11.199269,59.774945],[11.199253,59.774986],[11.199316,59.775124],[11.199325,59.77525],[11.199226,59.775377],[11.199072,59.775479],[11.19895,59.775508],[11.198843,59.77551],[11.198631,59.775441],[11.198512,59.775349],[11.198318,59.775119],[11.198227,59.775062],[11.198021,59.77502],[11.197604,59.775059],[11.197358,59.775148],[11.19729,59.775194],[11.197244,59.775312],[11.197143,59.775394],[11.197104,59.77561],[11.197056,59.775692],[11.197028,59.775818],[11.19696,59.775864],[11.196891,59.775901],[11.196646,59.775959],[11.196342,59.775947],[11.196106,59.775888],[11.196006,59.775813],[11.195999,59.775741],[11.196059,59.775619],[11.196051,59.775583],[11.195902,59.775487],[11.195864,59.775429],[11.196067,59.775309],[11.196078,59.775241],[11.196038,59.775085],[11.195938,59.774925],[11.195717,59.774744],[11.195632,59.774647],[11.195607,59.774567],[11.19564,59.774485],[11.195707,59.774421],[11.195718,59.774165],[11.195739,59.774115],[11.195825,59.774042],[11.196214,59.773999],[11.196265,59.773963],[11.196279,59.773909],[11.196504,59.773806],[11.196776,59.773725],[11.196918,59.77366],[11.197017,59.7736],[11.19708,59.773527],[11.197059,59.773442],[11.196767,59.773052],[11.196582,59.772709],[11.19647,59.772598],[11.196197,59.772419],[11.19613,59.772339],[11.196108,59.772218],[11.195915,59.771885],[11.19582,59.771805],[11.195732,59.771654],[11.195622,59.771553],[11.19545,59.771416],[11.195068,59.771229],[11.19485,59.771148],[11.194671,59.771115],[11.194261,59.771122],[11.193917,59.771145],[11.193609,59.771119],[11.192729,59.770846],[11.191848,59.770645],[11.191499,59.770593],[11.191118,59.770496],[11.190875,59.77041],[11.190546,59.770213],[11.19022,59.770062],[11.19007,59.770037],[11.189893,59.770036],[11.189796,59.770069],[11.189591,59.770247],[11.189458,59.77033],[11.18924,59.770334],[11.189169,59.770299],[11.18903,59.770288],[11.188873,59.770304],[11.188505,59.770409],[11.188323,59.770493],[11.187849,59.770851],[11.187763,59.770889],[11.187568,59.770901],[11.187511,59.770848],[11.187489,59.770785],[11.187607,59.770415],[11.187876,59.770177],[11.188031,59.770094],[11.188345,59.76999],[11.188784,59.769623],[11.188792,59.76947],[11.188747,59.769336],[11.188741,59.769193],[11.188627,59.768956],[11.188481,59.768829],[11.188286,59.768711],[11.187533,59.768359],[11.187066,59.768165],[11.185731,59.767877],[11.1854,59.767721],[11.185024,59.767413],[11.184933,59.767118],[11.185015,59.767],[11.185307,59.766833],[11.185446,59.766786],[11.185817,59.766735],[11.186478,59.766769],[11.186968,59.766905],[11.187281,59.767061],[11.187532,59.767093],[11.187835,59.767097],[11.188046,59.767057],[11.188167,59.767001],[11.188146,59.766957],[11.188158,59.766858],[11.188061,59.766743],[11.187729,59.766568],[11.187603,59.766544],[11.187353,59.76653],[11.186979,59.766536],[11.186746,59.766513],[11.186529,59.766463],[11.186151,59.766406],[11.186005,59.766346],[11.185837,59.766232],[11.185691,59.76618],[11.185602,59.766173],[11.18555,59.7662],[11.185511,59.766417],[11.185318,59.766456],[11.185228,59.766448],[11.185119,59.766414],[11.185027,59.766371],[11.184951,59.7663],[11.184804,59.765952],[11.184602,59.765588],[11.184379,59.765367],[11.184459,59.765217],[11.184702,59.765159],[11.184918,59.765147],[11.185196,59.765178],[11.185362,59.765233],[11.185682,59.765498],[11.185745,59.76564],[11.18586,59.765755],[11.18639,59.765962],[11.186681,59.766056],[11.187402,59.766197],[11.1876,59.76622],[11.187811,59.76619],[11.188365,59.766216],[11.188885,59.766271],[11.189303,59.76639],[11.189486,59.766476],[11.189619,59.7666],[11.189622,59.766645],[11.189575,59.766735],[11.189337,59.766919],[11.189344,59.767018],[11.189254,59.76728],[11.189278,59.767378],[11.189354,59.767449],[11.189646,59.767552],[11.190168,59.767633],[11.190847,59.767675],[11.191596,59.767681],[11.192785,59.767886],[11.193074,59.767953],[11.193274,59.768021],[11.194673,59.768707],[11.195161,59.768816],[11.195376,59.768839],[11.196019,59.768865],[11.196461,59.768839],[11.197161,59.768908],[11.197413,59.768949],[11.197739,59.769033],[11.19798,59.769182],[11.198254,59.769276],[11.198886,59.769418],[11.199179,59.76953],[11.199402,59.76967],[11.19948,59.769777],[11.19953,59.770001],[11.199731,59.77033],[11.200383,59.771028],[11.200658,59.771158],[11.200839,59.7712],[11.201059,59.771286],[11.201235,59.771526],[11.201487,59.772106],[11.201566,59.772221],[11.201955,59.772448],[11.202373,59.772576],[11.202757,59.772731],[11.202874,59.772882],[11.202816,59.77308],[11.202687,59.773298],[11.20269,59.773343],[11.202766,59.773414],[11.202737,59.773513],[11.202804,59.773606],[11.202886,59.773883],[11.203187,59.774094],[11.203298,59.774128],[11.203431,59.77413],[11.203579,59.774114],[11.203713,59.774058],[11.203775,59.773958],[11.203734,59.773788],[11.203756,59.773667],[11.203778,59.773621],[11.203839,59.773575],[11.203951,59.773547],[11.204237,59.773569],[11.204693,59.773723],[11.205007,59.773897],[11.205268,59.774072],[11.205239,59.774172],[11.205354,59.774296],[11.20552,59.774383],[11.205645,59.774381],[11.205971,59.774474],[11.206079,59.774481],[11.206291,59.77446],[11.206452,59.774475],[11.206559,59.774464],[11.206803,59.774388],[11.207199,59.774444],[11.207502,59.774448],[11.208768,59.774202],[11.208998,59.7741]]}},{"type":"Feature","properties":{"dybde_m":3.0,"innsjonavn":"Øyeren"},"geometry":{"type":"LineString","coordinates":[[11.155324,59.888837],[11.155413,59.888867],[11.155471,59.888938],[11.155424,59.889064],[11.155327,59.889227],[11.155009,59.889542],[11.154314,59.890142],[11.153762,59.890443],[11.152973,59.891009],[11.152494,59.891394],[11.15217,59.891709],[11.152034,59.891895],[11.151829,59.89211],[11.151623,59.892293],[11.151414,59.892404],[11.150926,59.892722],[11.1495,59.893293],[11.149342,59.893376],[11.149185,59.8935],[11.149097,59.893609],[11.148922,59.893738],[11.148709,59.893813],[11.148285,59.894027],[11.14677,59.894541],[11.146057,59.894943],[11.145681,59.895129],[11.145359,59.895336],[11.144841,59.895736],[11.144716,59.895913],[11.144232,59.896365],[11.143836,59.896776],[11.143731,59.897213],[11.143678,59.897268],[11.143641,59.897359],[11.143552,59.897423],[11.143405,59.897461],[11.143313,59.897427],[11.143313,59.897373],[11.143329,59.897229],[11.143418,59.897003],[11.143832,59.896394],[11.144655,59.895523],[11.144996,59.895212],[11.145406,59.894887],[11.145905,59.894551],[11.147774,59.893622],[11.148838,59.893245],[11.149829,59.892951],[11.150388,59.892573],[11.150965,59.892276],[11.151157,59.892201],[11.151416,59.891982],[11.1517,59.891523],[11.152026,59.891226],[11.15228,59.890908],[11.152793,59.890522],[11.153758,59.889981],[11.153893,59.889844],[11.154022,59.88959],[11.154034,59.889496],[11.154218,59.889295],[11.154492,59.889147],[11.155147,59.88884],[11.155324,59.888837]]}},{"type":"Feature","properties":{"dybde_m":3.0,"innsjonavn":"Øyeren"},"geometry":{"type":"LineString","coordinates":[[11.1759,59.887232],[11.174785,59.88756],[11.174206,59.88766],[11.173747,59.887681],[11.173455,59.887721],[11.172235,59.887917],[11.171399,59.888106],[11.171052,59.88817],[11.170775,59.888197],[11.170107,59.888432],[11.16954,59.88854],[11.169206,59.888564],[11.169005,59.888594],[11.168573,59.888736],[11.16852,59.888791],[11.168508,59.888854],[11.168622,59.888888],[11.168972,59.888869],[11.170568,59.888362],[11.171132,59.888222],[11.171574,59.888184],[11.171646,59.888151],[11.172047,59.888068],[11.172338,59.888027],[11.172519,59.88797],[11.172883,59.887902],[11.173829,59.887756],[11.174466,59.887696],[11.175223,59.887571],[11.176045,59.88731],[11.176078,59.887269],[11.176041,59.887239],[11.1759,59.887232]]}},{"type":"Feature","properties":{"dybde_m":1.0,"innsjonavn":"Øyeren"},"geometry":{"type":"LineString","coordinates":[[11.136739,59.890617],[11.136586,59.890723],[11.135995,59.891226],[11.1355,59.891594],[11.135432,59.891775],[11.135469,59.891958],[11.13547,59.892151],[11.135378,59.892346],[11.135009,59.892612],[11.134751,59.892747],[11.134492,59.89285],[11.133954,59.893105],[11.133655,59.89333],[11.133561,59.893476],[11.133723,59.893729],[11.133909,59.893811],[11.134183,59.893861],[11.134535,59.893851],[11.135051,59.893927],[11.135161,59.894007],[11.13527,59.894135],[11.135322,59.894435],[11.135468,59.894648],[11.135467,59.894976],[11.13541,59.89513],[11.13554,59.895191],[11.135669,59.89522],[11.135817,59.895164],[11.136314,59.894877],[11.136645,59.894755],[11.137109,59.894685],[11.138159,59.894317],[11.138582,59.894117],[11.139916,59.89339],[11.140642,59.892894],[11.140966,59.892543],[11.141036,59.892389],[11.141053,59.892236],[11.141016,59.892106],[11.141068,59.89197],[11.141385,59.891404],[11.141472,59.891196],[11.14147,59.891102],[11.141357,59.890888],[11.141266,59.89084],[11.14112,59.890806],[11.140806,59.890605],[11.140481,59.890282],[11.140501,59.89017],[11.140662,59.89014],[11.140832,59.89016],[11.141087,59.890264],[11.141523,59.890405],[11.141613,59.890394],[11.141645,59.89034],[11.141334,59.890057],[11.140952,59.88943],[11.140872,59.889131],[11.140889,59.888448],[11.140974,59.888155],[11.140885,59.887842],[11.140758,59.887691],[11.140563,59.887568],[11.140305,59.88755],[11.139977,59.887555],[11.139728,59.887604],[11.139509,59.887716],[11.13935,59.887867],[11.139121,59.888194],[11.138713,59.888591],[11.138648,59.888727],[11.138651,59.88892],[11.138596,59.889002],[11.138319,59.889172],[11.137827,59.889198],[11.137469,59.889253],[11.13731,59.889283],[11.137123,59.889362],[11.136858,59.889596],[11.136802,59.889686],[11.136795,59.889835],[11.136853,59.890027],[11.136848,59.890386],[11.136739,59.890617]]}},{"type":"Feature","properties":{"dybde_m":3.0,"innsjonavn":"Øyeren"},"geometry":{"type":"LineString","coordinates":[[11.180559,59.884662],[11.180498,59.884591]]}},{"type":"Feature","properties":{"dybde_m":3.0,"innsjonavn":"Øyeren"},"geometry":{"type":"LineString","coordinates":[[11.180498,59.884591],[11.180438,59.884628],[11.180295,59.884797],[11.179911,59.885095],[11.179354,59.885432],[11.179199,59.885574],[11.179005,59.885689],[11.17869,59.885928],[11.178709,59.886013],[11.178799,59.886039],[11.178923,59.886019],[11.179257,59.885923],[11.179612,59.885778],[11.179825,59.885671],[11.180461,59.885252],[11.180568,59.885062],[11.180549,59.884968],[11.180568,59.884882],[11.180513,59.884793],[11.180559,59.884662]]}},{"type":"Feature","properties":{"dybde_m":1.0,"innsjonavn":"Øyeren"},"geometry":{"type":"LineString","coordinates":[[11.156198,59.90134],[11.156347,59.900906],[11.156388,59.900672],[11.156365,59.900564],[11.156147,59.900186],[11.156206,59.899943],[11.15618,59.899763],[11.156054,59.899433],[11.155855,59.899073],[11.155781,59.899002],[11.155746,59.898657],[11.155894,59.898376],[11.155922,59.898182],[11.156176,59.897864],[11.156572,59.897098],[11.156729,59.89662],[11.156898,59.896037],[11.157197,59.894766],[11.157276,59.894199],[11.157568,59.89321],[11.157709,59.892472],[11.157851,59.892083],[11.157904,59.891736],[11.158069,59.891487],[11.158378,59.89127],[11.15909,59.890967],[11.159372,59.890931],[11.159656,59.890917],[11.160941,59.890927],[11.161242,59.890887],[11.161367,59.890884],[11.161701,59.890785],[11.162177,59.890687],[11.162909,59.890491],[11.163742,59.890158],[11.163959,59.890047],[11.167073,59.889093],[11.168471,59.888616],[11.168815,59.88853],[11.169013,59.888464],[11.169178,59.888434],[11.169472,59.888416],[11.170273,59.888205],[11.171386,59.887967],[11.171728,59.887858],[11.173372,59.887624],[11.174565,59.887487],[11.175037,59.887381],[11.176087,59.887049],[11.176383,59.886923],[11.176725,59.886697],[11.177522,59.886343],[11.178163,59.886],[11.17846,59.885878],[11.179157,59.885453],[11.179527,59.885151],[11.179675,59.885113],[11.180281,59.884586]]}},{"type":"Feature","properties":{"dybde_m":1.0,"innsjonavn":"Øyeren"},"geometry":{"type":"LineString","coordinates":[[11.180281,59.884586],[11.180335,59.884531]]}},{"type":"Feature","properties":{"dybde_m":3.0,"innsjonavn":"Øyeren"},"geometry":{"type":"LineString","coordinates":[[11.147928,59.88487],[11.147743,59.884878],[11.14769,59.884919],[11.147711,59.884959],[11.147772,59.885021],[11.147852,59.885047],[11.148113,59.885182],[11.148221,59.885283],[11.148205,59.885329],[11.148007,59.885475],[11.147966,59.885602],[11.147882,59.885702],[11.147849,59.885851],[11.147898,59.885985],[11.148052,59.886077],[11.148125,59.886075],[11.148187,59.886029],[11.148347,59.886009],[11.148545,59.886113],[11.148832,59.886562],[11.148929,59.88666],[11.149022,59.886667],[11.149057,59.886639],[11.149054,59.886604],[11.148925,59.88639],[11.148764,59.886042],[11.148705,59.885814],[11.148692,59.885617],[11.148643,59.885492],[11.148295,59.885102],[11.148031,59.884918],[11.147928,59.88487]]}},{"type":"Feature","properties":{"dybde_m":3.0,"innsjonavn":"Øyeren"},"geometry":{"type":"LineString","coordinates":[[11.181076,59.883499],[11.180976,59.883519],[11.180895,59.883561],[11.180695,59.883914],[11.180653,59.884005],[11.180662,59.884104],[11.180619,59.884185],[11.180641,59.884234],[11.180616,59.884324],[11.180654,59.88436],[11.180736,59.884331],[11.180803,59.884142],[11.180774,59.884025],[11.180894,59.88388],[11.180919,59.883789],[11.181029,59.883698],[11.18111,59.88366],[11.181139,59.883615],[11.18113,59.883525],[11.181076,59.883499]]}},{"type":"Feature","properties":{"dybde_m":3.0,"innsjonavn":"Øyeren"},"geometry":{"type":"LineString","coordinates":[[11.182647,59.881547],[11.182598,59.881556],[11.182558,59.881809],[11.182491,59.881944],[11.182181,59.882219],[11.182162,59.882354],[11.182217,59.882389],[11.182336,59.882374],[11.182397,59.882328],[11.182417,59.882202],[11.182626,59.881965],[11.18262,59.881902],[11.182689,59.881779],[11.182721,59.881613],[11.182647,59.881547]]}},{"type":"Feature","properties":{"dybde_m":3.0,"innsjonavn":"Øyeren"},"geometry":{"type":"LineString","coordinates":[[11.152451,59.87744],[11.152503,59.877484],[11.152537,59.877573],[11.152488,59.877754],[11.15212,59.878272],[11.152016,59.878381],[11.151825,59.87847],[11.151043,59.879179],[11.150688,59.879427],[11.150468,59.879556],[11.150266,59.879816],[11.150081,59.87998],[11.149688,59.880247],[11.149448,59.880458],[11.14918,59.880884],[11.148739,59.88139],[11.148574,59.881694],[11.148439,59.881812],[11.148162,59.882702],[11.147914,59.882984],[11.147599,59.883488],[11.147482,59.883485],[11.147439,59.883432],[11.147628,59.882917],[11.147704,59.882521],[11.14775,59.882412],[11.147849,59.882276],[11.148189,59.881525],[11.148628,59.880943],[11.149463,59.880183],[11.149852,59.879795],[11.150578,59.879155],[11.150964,59.878874],[11.151184,59.878687],[11.151466,59.878354],[11.151821,59.877841],[11.152092,59.877554],[11.152348,59.877419],[11.152451,59.87744]]}},{"type":"Feature","properties":{"dybde_m":1.0,"innsjonavn":"Øyeren"},"geometry":{"type":"LineString","coordinates":[[11.147223,59.890038],[11.146428,59.890666],[11.146063,59.891009],[11.144864,59.891648],[11.14394,59.89209],[11.143582,59.892235],[11.143368,59.892301],[11.142989,59.892375],[11.142772,59.892352],[11.1427,59.892326],[11.142645,59.892282],[11.142642,59.892084],[11.142564,59.891762],[11.142617,59.891644],[11.142618,59.890854],[11.142665,59.890602],[11.142604,59.890347],[11.142526,59.88896],[11.142388,59.888217],[11.142414,59.887583],[11.142512,59.886912],[11.142389,59.886169],[11.142262,59.885915],[11.142124,59.885773],[11.142025,59.885537],[11.142128,59.88514],[11.14213,59.884893],[11.141826,59.884494],[11.141836,59.884372],[11.141797,59.884283],[11.141671,59.884177],[11.141299,59.883977],[11.141175,59.88384],[11.141168,59.883552],[11.14113,59.883351],[11.140882,59.882829],[11.140568,59.882282],[11.140585,59.88208],[11.140653,59.881836],[11.140807,59.881609],[11.140943,59.881342],[11.140995,59.881179],[11.140977,59.88109],[11.140889,59.880925],[11.140888,59.880822],[11.141094,59.880535],[11.141302,59.88046],[11.14144,59.880368],[11.141525,59.88025],[11.141748,59.880098],[11.14215,59.879256],[11.142695,59.878304],[11.143343,59.877719],[11.143451,59.877578],[11.14347,59.87742],[11.143523,59.877383],[11.143696,59.877367],[11.143782,59.877442],[11.143781,59.877545],[11.143689,59.877771],[11.143265,59.878147],[11.143145,59.878292],[11.142982,59.878668],[11.142935,59.878839],[11.142973,59.878991],[11.143026,59.879071],[11.143066,59.879286],[11.142933,59.879594],[11.143037,59.879745],[11.143225,59.879719],[11.143275,59.879471],[11.143527,59.87913],[11.144454,59.878213],[11.14484,59.877932],[11.145492,59.877531],[11.145733,59.877424],[11.146573,59.877118],[11.146795,59.877052],[11.147204,59.876978],[11.147359,59.87698],[11.147444,59.877005],[11.14753,59.87712],[11.147904,59.877191],[11.14821,59.877208],[11.148535,59.877261],[11.148823,59.877279],[11.149043,59.877284],[11.149486,59.877259],[11.149588,59.877267],[11.149639,59.877306],[11.149588,59.877329],[11.149333,59.877374],[11.148976,59.877402],[11.148789,59.877401],[11.148076,59.877372],[11.147769,59.877346],[11.14753,59.877287],[11.147258,59.877269],[11.147156,59.877279],[11.146967,59.877372],[11.146519,59.87764],[11.146342,59.8778],[11.146322,59.877872],[11.14637,59.877957],[11.146471,59.878005],[11.146589,59.878039],[11.14676,59.878049],[11.147046,59.878166],[11.147126,59.878322],[11.147362,59.878529],[11.147532,59.878549],[11.14772,59.878501],[11.147808,59.878436],[11.147844,59.878359],[11.147746,59.878222],[11.147684,59.878075],[11.147722,59.877998],[11.147935,59.877783],[11.148227,59.87767],[11.148331,59.87766],[11.148382,59.877677],[11.148566,59.8778],[11.148651,59.877825],[11.148925,59.877798],[11.149266,59.877721],[11.149521,59.877694],[11.149674,59.877705],[11.149981,59.877759],[11.150252,59.877714],[11.15049,59.877634],[11.150625,59.877604],[11.151305,59.877499],[11.151391,59.877507],[11.151477,59.877559],[11.151528,59.87763],[11.151512,59.877684],[11.151209,59.878053],[11.151105,59.878225],[11.150419,59.879023],[11.149459,59.879923],[11.14917,59.880148],[11.148506,59.880738],[11.148302,59.881047],[11.148081,59.881284],[11.14793,59.881511],[11.147633,59.8821],[11.147478,59.882533],[11.147352,59.883047],[11.147234,59.883328],[11.14684,59.884623],[11.146831,59.884987],[11.146932,59.885228],[11.147164,59.885422],[11.14746,59.885718],[11.147691,59.886235],[11.147744,59.886656],[11.148106,59.887926],[11.148025,59.888592],[11.147889,59.889093],[11.147695,59.889442],[11.147223,59.890038]]}},{"type":"Feature","properties":{"dybde_m":3.0,"innsjonavn":"Øyeren"},"geometry":{"type":"LineString","coordinates":[[11.163976,59.92351],[11.163837,59.923397],[11.163652,59.923301],[11.163409,59.923143],[11.163052,59.922871],[11.162975,59.922782],[11.162969,59.922674],[11.163038,59.922628],[11.163033,59.922548],[11.162649,59.92215],[11.162443,59.922014],[11.162062,59.921652],[11.16202,59.921563],[11.162035,59.921509],[11.162122,59.921471],[11.162247,59.921469],[11.162445,59.921484],[11.162628,59.921535],[11.163653,59.921913],[11.163875,59.922017],[11.164116,59.922139],[11.164377,59.922301],[11.164772,59.9226],[11.165047,59.922712],[11.165243,59.922691],[11.165309,59.9226],[11.165249,59.922511],[11.165137,59.922414],[11.164999,59.922237],[11.164661,59.922004],[11.16439,59.921955],[11.164084,59.921924],[11.163553,59.921744],[11.163406,59.921666],[11.163328,59.921568],[11.163068,59.92142],[11.162383,59.921341],[11.162201,59.92129],[11.161869,59.921165],[11.161628,59.921035],[11.161421,59.920894],[11.161131,59.920567],[11.160796,59.92011],[11.160552,59.91997],[11.160161,59.919698],[11.159934,59.919513],[11.159495,59.919332],[11.15933,59.919276],[11.15877,59.919159],[11.157477,59.918736],[11.157224,59.918695],[11.156822,59.918589],[11.156492,59.918478],[11.155862,59.918219],[11.155789,59.918211],[11.15572,59.918248],[11.155703,59.918284],[11.15578,59.918328],[11.155819,59.918381],[11.155804,59.918426],[11.155733,59.918454],[11.15559,59.918457],[11.155206,59.91836],[11.154854,59.91819],[11.154834,59.918164],[11.15492,59.918104],[11.154992,59.918112],[11.155102,59.918137],[11.155377,59.918245],[11.15545,59.918252],[11.155519,59.918206],[11.155497,59.918148],[11.155404,59.918087],[11.1552,59.917996],[11.154535,59.917729],[11.1543,59.917705],[11.153408,59.917289],[11.153216,59.917144],[11.15257,59.916885],[11.151938,59.916419],[11.151299,59.915855],[11.150592,59.915354],[11.150149,59.915002],[11.149697,59.914771],[11.148895,59.914448],[11.148094,59.91416],[11.147829,59.913993],[11.147311,59.913849],[11.146411,59.913698],[11.146112,59.913586],[11.145924,59.913477],[11.1458,59.913294],[11.145734,59.912977],[11.145617,59.912911],[11.145447,59.912864],[11.145265,59.912872],[11.144624,59.913044],[11.144441,59.913051],[11.143768,59.912964],[11.143503,59.91291],[11.143192,59.912933],[11.142886,59.912996],[11.142656,59.91309],[11.142384,59.913139],[11.141503,59.91318],[11.139617,59.912807],[11.139356,59.912784],[11.138741,59.91283],[11.138521,59.912833],[11.137966,59.912775],[11.137682,59.912708],[11.137375,59.912591],[11.136925,59.912504],[11.136259,59.912403],[11.135549,59.912338],[11.134829,59.912193],[11.134386,59.912078],[11.134083,59.911953],[11.133864,59.911773],[11.132249,59.911031],[11.131784,59.910567],[11.131443,59.91015],[11.130802,59.909693],[11.130519,59.909559],[11.130185,59.909438],[11.129886,59.909277],[11.129601,59.909088],[11.12929,59.908739],[11.129229,59.908596],[11.129238,59.908447],[11.129291,59.908218],[11.129381,59.908018],[11.129509,59.907877],[11.129564,59.907638],[11.129572,59.907463],[11.129421,59.907169],[11.128531,59.906312],[11.128403,59.905968],[11.12843,59.905829],[11.128533,59.905692],[11.128708,59.905532],[11.128816,59.905252],[11.128822,59.905095],[11.128894,59.904995],[11.129382,59.904731],[11.129556,59.904557],[11.129519,59.904459],[11.129551,59.904284],[11.129745,59.904056],[11.130049,59.903961],[11.130319,59.90393],[11.130481,59.903851],[11.130535,59.903769],[11.130582,59.903683],[11.130522,59.903572],[11.130355,59.903368],[11.130221,59.903118],[11.1302,59.902984],[11.13097,59.902603],[11.131137,59.902493],[11.131282,59.902324],[11.131308,59.902122],[11.131277,59.901534],[11.131085,59.901056],[11.131054,59.900904],[11.131091,59.900791],[11.131284,59.900573],[11.131402,59.900485],[11.131544,59.900425],[11.132104,59.900281],[11.132411,59.900114],[11.13255,59.900013],[11.132727,59.899736],[11.132736,59.899615],[11.132585,59.899204],[11.132561,59.899034],[11.132725,59.898681],[11.133019,59.898447],[11.133269,59.898295],[11.133487,59.898229],[11.133678,59.898189],[11.134402,59.898137],[11.13516,59.898008],[11.135754,59.89777],[11.135957,59.897712],[11.136176,59.897628],[11.136412,59.897516],[11.136754,59.8973],[11.136962,59.897207],[11.137108,59.897191],[11.137221,59.89727],[11.137176,59.897387],[11.13711,59.89746],[11.137102,59.897519],[11.137124,59.897572],[11.137198,59.897607],[11.137289,59.897614],[11.137629,59.89742],[11.13797,59.897091],[11.138544,59.896422],[11.138976,59.895984],[11.13918,59.895702],[11.139291,59.895417],[11.139403,59.895254],[11.139532,59.895126],[11.139679,59.895002],[11.140119,59.894739],[11.140248,59.894638],[11.140466,59.894549],[11.141103,59.894386],[11.141323,59.894257],[11.14145,59.894129],[11.14152,59.893971],[11.141736,59.893693],[11.141862,59.89361],[11.142117,59.893525],[11.142188,59.893466],[11.142279,59.893379],[11.142312,59.893244],[11.142582,59.892956],[11.142725,59.892846],[11.143209,59.892587],[11.143604,59.892423],[11.14498,59.892033],[11.145422,59.891751],[11.146093,59.891413],[11.146707,59.891043],[11.147173,59.890605],[11.147729,59.89025],[11.148009,59.890137],[11.148166,59.890045],[11.148318,59.88989],[11.148542,59.889338],[11.148627,59.889256],[11.14869,59.889129],[11.14872,59.889021],[11.14873,59.888747],[11.148786,59.888647],[11.148847,59.888583],[11.148932,59.888546],[11.148987,59.888464],[11.149018,59.888356],[11.148946,59.888141],[11.148824,59.888108],[11.14875,59.888104],[11.148685,59.888141],[11.148691,59.888231],[11.148614,59.888358],[11.148544,59.888377],[11.148435,59.888379],[11.148377,59.888443],[11.148253,59.88897],[11.147857,59.88987],[11.147602,59.890162],[11.147117,59.890534],[11.146633,59.890959],[11.145805,59.891319],[11.145239,59.891588],[11.144761,59.891843],[11.144441,59.892037],[11.143907,59.892275],[11.14346,59.892426],[11.143208,59.892484],[11.142811,59.892517],[11.142703,59.892496],[11.142502,59.892428],[11.142376,59.892358],[11.142319,59.892197],[11.142351,59.891914],[11.142337,59.891123],[11.142405,59.890076],[11.142321,59.889525],[11.142322,59.889098],[11.142156,59.888409],[11.142109,59.88775],[11.142216,59.887429],[11.142209,59.887146],[11.14212,59.887049],[11.142078,59.88696],[11.141816,59.886766],[11.141399,59.886661],[11.141117,59.886657],[11.14077,59.88668],[11.140428,59.886654],[11.140288,59.88663],[11.139983,59.886459],[11.139909,59.886398],[11.139872,59.886331],[11.139899,59.886003],[11.139991,59.8857],[11.140094,59.884971],[11.139792,59.884388],[11.139856,59.884216],[11.139955,59.884115],[11.140094,59.884068],[11.140298,59.883966],[11.140348,59.883893],[11.140411,59.883609],[11.140373,59.883439],[11.140109,59.883035],[11.139848,59.882846],[11.139779,59.882744],[11.139792,59.882295],[11.139687,59.882153],[11.13951,59.881594],[11.13949,59.881419],[11.139541,59.881216],[11.139693,59.880886],[11.139745,59.880858],[11.139865,59.880838],[11.139955,59.880971],[11.13999,59.880989],[11.140076,59.880983],[11.140145,59.880937],[11.140193,59.880599],[11.140295,59.880382],[11.140534,59.880091],[11.14075,59.879517],[11.140884,59.879263],[11.141174,59.879043],[11.141875,59.878645],[11.14298,59.877707],[11.14307,59.877543],[11.143087,59.877449],[11.143036,59.877319],[11.142949,59.877271],[11.142634,59.8772],[11.142494,59.87709],[11.142287,59.87664]]}},{"type":"Feature","properties":{"dybde_m":3.0,"innsjonavn":"Øyeren"},"geometry":{"type":"LineString","coordinates":[[11.167072,59.8802],[11.166024,59.880357],[11.165496,59.880392],[11.165263,59.880428],[11.16495,59.880536],[11.164379,59.880604],[11.164203,59.880665],[11.162871,59.880799],[11.16231,59.880898],[11.162093,59.880906],[11.16158,59.880973],[11.161332,59.880995],[11.160247,59.881036],[11.159502,59.881034],[11.159331,59.881064],[11.158812,59.881081],[11.158255,59.881068],[11.158105,59.88108],[11.157772,59.881139],[11.156718,59.881637],[11.155908,59.882337],[11.155773,59.882591],[11.155668,59.882714],[11.155603,59.883025],[11.155495,59.883319],[11.155494,59.88344],[11.155546,59.883655],[11.15552,59.88379],[11.155468,59.883831],[11.155577,59.884],[11.155824,59.884185],[11.155906,59.8843],[11.156054,59.884756],[11.156292,59.886086],[11.156282,59.886894],[11.156177,59.887138],[11.156092,59.887823],[11.15599,59.888161],[11.155815,59.888478],[11.155729,59.888534],[11.15557,59.888527],[11.155379,59.888301],[11.15539,59.88818],[11.155508,59.887828],[11.155705,59.887366],[11.155731,59.887168],[11.155703,59.886715],[11.155784,59.886062],[11.155789,59.885721],[11.155716,59.885381],[11.155707,59.885094],[11.155637,59.884583],[11.155481,59.884235],[11.155232,59.88379],[11.155122,59.883495],[11.155156,59.883064],[11.155144,59.88266],[11.155403,59.882072],[11.155673,59.881789],[11.155961,59.881541],[11.156319,59.881311],[11.15648,59.881227],[11.157131,59.881019],[11.157756,59.880951],[11.158037,59.880942],[11.158486,59.880898],[11.160317,59.880787],[11.161913,59.880743],[11.163419,59.880624],[11.164304,59.880511],[11.164813,59.880417],[11.165248,59.880316],[11.165644,59.880273],[11.165822,59.880268],[11.166366,59.88019],[11.167498,59.87998],[11.170348,59.879014],[11.17118,59.878696],[11.171205,59.878354],[11.171044,59.878165],[11.170718,59.87798],[11.170527,59.877803],[11.170518,59.877606],[11.170407,59.877379],[11.170175,59.877064],[11.169877,59.876808],[11.169749,59.876608],[11.169708,59.876443],[11.169712,59.876155],[11.169672,59.87603],[11.169816,59.875619],[11.169849,59.875591],[11.169983,59.87558],[11.170036,59.875647],[11.170078,59.87579],[11.170128,59.876099],[11.170102,59.87627],[11.170335,59.876953],[11.170426,59.877109],[11.170532,59.877224],[11.170799,59.877606],[11.171319,59.878163],[11.171476,59.878372],[11.171564,59.878509],[11.171539,59.878707],[11.171497,59.878769],[11.17065,59.879109],[11.169546,59.879448],[11.16751,59.880116],[11.167072,59.8802]]}},{"type":"Feature","properties":{"dybde_m":3.0,"innsjonavn":"Øyeren"},"geometry":{"type":"LineString","coordinates":[[11.148497,59.875223],[11.148163,59.875224],[11.147836,59.875243],[11.147563,59.875279],[11.147397,59.875317],[11.14685,59.875537],[11.146637,59.875675],[11.146409,59.875782],[11.146009,59.875901],[11.145508,59.875968],[11.145231,59.875968],[11.144658,59.876017],[11.144255,59.876127],[11.144044,59.876274],[11.143992,59.876343],[11.143977,59.876487],[11.143996,59.876621],[11.144087,59.876768],[11.144194,59.876905],[11.144337,59.877015],[11.144511,59.877107],[11.144667,59.877149],[11.144856,59.877178],[11.145219,59.877185],[11.145613,59.877089],[11.146074,59.876888],[11.146401,59.876775],[11.146931,59.876659],[11.147223,59.876636],[11.147684,59.876651],[11.148144,59.876747],[11.148365,59.876815],[11.148807,59.87688],[11.149163,59.876892],[11.150199,59.876902],[11.150404,59.876876],[11.150749,59.876767],[11.15094,59.876688],[11.151117,59.87655],[11.15132,59.876448],[11.15169,59.876222],[11.151694,59.876132],[11.151608,59.876066],[11.150955,59.875861],[11.150155,59.87556],[11.149605,59.875384],[11.14924,59.875296],[11.148858,59.875248],[11.148497,59.875223]]}},{"type":"Feature","properties":{"dybde_m":3.0,"innsjonavn":"Øyeren"},"geometry":{"type":"LineString","coordinates":[[11.142287,59.87664],[11.142246,59.876515],[11.142258,59.876308],[11.142326,59.876186],[11.142624,59.875857],[11.142693,59.875699],[11.142692,59.875582],[11.142672,59.875475],[11.142601,59.875409],[11.142456,59.875339],[11.142329,59.87522],[11.142217,59.875069],[11.142176,59.874935],[11.142165,59.874738],[11.142264,59.874529],[11.14226,59.874467],[11.142203,59.874423],[11.142113,59.874406],[11.141921,59.874508],[11.141749,59.874646],[11.141462,59.875257],[11.141415,59.875482],[11.141243,59.875866],[11.140897,59.876186],[11.140412,59.876396],[11.140108,59.876761],[11.140059,59.876892],[11.140064,59.87704],[11.140015,59.877193],[11.139566,59.877852],[11.138987,59.879016],[11.138716,59.879348],[11.138499,59.879733],[11.138417,59.879981],[11.13806,59.880508],[11.137755,59.88103],[11.137657,59.881283],[11.137575,59.881616],[11.137289,59.882209],[11.137224,59.882476],[11.137122,59.882675],[11.137039,59.882941],[11.137062,59.88312],[11.137098,59.883232],[11.137151,59.883303],[11.137222,59.883338],[11.137308,59.88335],[11.137396,59.88334],[11.137465,59.883311],[11.137567,59.883153],[11.137546,59.882933],[11.137613,59.88277],[11.137681,59.882706],[11.137855,59.882703],[11.137925,59.882747],[11.137961,59.882832],[11.137933,59.883196],[11.137987,59.883348],[11.138217,59.883609],[11.138253,59.883694],[11.138273,59.88381],[11.13824,59.883928],[11.138173,59.884019],[11.138107,59.884213],[11.138179,59.884337],[11.138337,59.884393],[11.138392,59.884509],[11.138263,59.88479],[11.138265,59.884843],[11.138353,59.884869],[11.138438,59.884841],[11.138482,59.884606],[11.138585,59.884569],[11.13869,59.884625],[11.13866,59.884743],[11.138611,59.884815],[11.13841,59.885025],[11.13828,59.885234],[11.138267,59.885342],[11.13839,59.885726],[11.13841,59.886013],[11.138358,59.88605],[11.138272,59.886052],[11.138171,59.886031],[11.138116,59.885803],[11.137933,59.885653],[11.137829,59.885645],[11.137746,59.88575],[11.137735,59.885876],[11.137776,59.88601],[11.137759,59.886195],[11.137705,59.886353],[11.13729,59.886804],[11.136972,59.887483],[11.13697,59.888237],[11.136826,59.888855],[11.136629,59.889096],[11.136474,59.889337],[11.136316,59.889658],[11.136192,59.889782],[11.136005,59.890059],[11.135794,59.890322],[11.135403,59.890648],[11.135261,59.890816],[11.135,59.890951],[11.134611,59.891312],[11.13445,59.891377],[11.134255,59.891493],[11.133984,59.891618],[11.133332,59.891993],[11.133094,59.892217],[11.132257,59.892783],[11.131715,59.893007],[11.130951,59.893248],[11.13048,59.893346],[11.129951,59.89348],[11.129198,59.893587],[11.12896,59.893653],[11.127871,59.893815],[11.126075,59.894055],[11.124857,59.894088],[11.124266,59.894066],[11.123268,59.89414],[11.123013,59.894136],[11.12268,59.894208],[11.122223,59.894368],[11.122019,59.894457],[11.121164,59.894673],[11.120757,59.894733],[11.120421,59.894815],[11.120041,59.894848],[11.119642,59.894958],[11.119122,59.894939],[11.11896,59.894865],[11.118651,59.894843],[11.118318,59.894889],[11.117991,59.895047],[11.117626,59.895444],[11.117471,59.895532],[11.117393,59.895605],[11.117318,59.895718],[11.117383,59.895794],[11.117483,59.895828],[11.117601,59.895822],[11.117769,59.895742],[11.118513,59.895492],[11.119079,59.895326],[11.121302,59.894832],[11.121992,59.894642],[11.122775,59.894481],[11.123281,59.894432],[11.125989,59.894371],[11.128348,59.894058],[11.128508,59.894051],[11.128839,59.894122],[11.129024,59.89411],[11.129254,59.89408],[11.129712,59.893965],[11.129809,59.89399],[11.129823,59.894026],[11.129562,59.894084],[11.129404,59.894158],[11.129374,59.894204],[11.129382,59.894262],[11.129418,59.894297],[11.129566,59.894281],[11.129915,59.894199],[11.129977,59.894203],[11.129992,59.894229],[11.129965,59.894261],[11.129632,59.89437],[11.129562,59.894412],[11.129549,59.894475],[11.129644,59.894527],[11.130028,59.894606],[11.130201,59.89459],[11.130846,59.894584],[11.131069,59.894535],[11.131526,59.894308],[11.131791,59.894151],[11.131963,59.893991],[11.132603,59.893226],[11.132752,59.893116],[11.132957,59.892991],[11.133515,59.892735],[11.133774,59.892637],[11.134107,59.892551],[11.134735,59.892271],[11.134974,59.892042],[11.135206,59.891621],[11.135429,59.891321],[11.135598,59.891152],[11.135769,59.89101],[11.136032,59.890884],[11.136305,59.890709],[11.136467,59.89055],[11.136552,59.8904],[11.136593,59.890031],[11.136587,59.889811],[11.136676,59.889608],[11.136821,59.889421],[11.137011,59.889261],[11.137144,59.889196],[11.137509,59.889091],[11.138152,59.889],[11.138325,59.888943],[11.138385,59.888879],[11.138599,59.888346],[11.138881,59.888018],[11.138917,59.887896],[11.138908,59.88773],[11.13898,59.887549],[11.139098,59.887421],[11.139264,59.887342],[11.139493,59.887285],[11.139872,59.887229],[11.140402,59.887261],[11.141059,59.887205],[11.141268,59.887247],[11.141484,59.88736],[11.141593,59.887534],[11.141613,59.887722],[11.141524,59.888154],[11.141402,59.88835],[11.14134,59.888557],[11.141349,59.888813],[11.1413,59.889191],[11.141555,59.889762],[11.141732,59.889898],[11.14203,59.890401],[11.141854,59.890561],[11.141693,59.890599],[11.141547,59.890575],[11.141384,59.890524],[11.141139,59.890393],[11.141063,59.890376],[11.140953,59.890369],[11.140901,59.890397],[11.140907,59.890469],[11.141115,59.890591],[11.141824,59.890795],[11.142063,59.891025],[11.142102,59.891127],[11.142087,59.891253],[11.141754,59.891847],[11.141527,59.892457],[11.141366,59.89272],[11.141097,59.892981],[11.14097,59.893149],[11.140936,59.893329],[11.140864,59.893474],[11.140755,59.893615],[11.140629,59.893702],[11.140319,59.893833],[11.140046,59.893995],[11.139901,59.894136],[11.13979,59.894448],[11.139662,59.894589],[11.139,59.894959],[11.138741,59.895179],[11.138575,59.895384],[11.138499,59.895758],[11.138518,59.895901],[11.138409,59.89606],[11.138119,59.896218],[11.137849,59.896442],[11.137648,59.896508],[11.136967,59.896627],[11.13651,59.896738],[11.135741,59.897002],[11.135343,59.897165],[11.134773,59.897462],[11.134642,59.897559],[11.134489,59.89775],[11.134255,59.897857],[11.134109,59.8979],[11.13398,59.897902],[11.133741,59.897874],[11.1332,59.897676],[11.133,59.897482],[11.132912,59.897452],[11.132704,59.897446],[11.132515,59.897463],[11.132264,59.897575],[11.132205,59.897647],[11.132214,59.897755],[11.132285,59.897893],[11.132249,59.898002],[11.132074,59.898157],[11.131874,59.898192],[11.131662,59.898173],[11.131306,59.898237],[11.130973,59.89844],[11.1308,59.898869],[11.130748,59.899081],[11.130773,59.899265],[11.13068,59.89968],[11.130357,59.900646],[11.130288,59.901029],[11.130138,59.901269],[11.129914,59.901498],[11.129527,59.901796],[11.129001,59.902312],[11.128577,59.902907],[11.12848,59.903142],[11.128349,59.903342],[11.128129,59.903592],[11.127518,59.904698],[11.127455,59.905058],[11.127266,59.905416],[11.127214,59.905628],[11.127253,59.905821],[11.127578,59.906592],[11.127587,59.906785],[11.127527,59.90697],[11.127478,59.90703],[11.127227,59.907142],[11.127146,59.907237],[11.127257,59.907415],[11.12747,59.907569],[11.127806,59.908138],[11.127921,59.908365],[11.12795,59.908567],[11.128161,59.908972],[11.128747,59.909578],[11.128996,59.909731],[11.129689,59.910102],[11.129835,59.910221],[11.129969,59.91038],[11.130134,59.910512],[11.130439,59.910656],[11.130778,59.910772],[11.130969,59.910818]]}},{"type":"Feature","properties":{"dybde_m":1.0,"innsjonavn":"Øyeren"},"geometry":{"type":"LineString","coordinates":[[11.180335,59.884531],[11.180473,59.884426],[11.180444,59.884125],[11.18046,59.883936],[11.180639,59.883691],[11.180689,59.883519],[11.180748,59.883428],[11.181088,59.883117],[11.181583,59.882844],[11.181725,59.882743],[11.181817,59.882643],[11.181842,59.882552],[11.181792,59.88241],[11.181826,59.882247],[11.181911,59.882084],[11.181969,59.882002],[11.182052,59.881965],[11.182234,59.881922],[11.182295,59.881858],[11.182352,59.881601],[11.182306,59.881489],[11.182166,59.881285],[11.182113,59.881263],[11.181995,59.881265],[11.181741,59.881449],[11.181672,59.881441],[11.181615,59.881388],[11.181686,59.881253],[11.18191,59.881114],[11.182666,59.880787],[11.182828,59.880699],[11.183449,59.880334],[11.183741,59.880136],[11.184053,59.879884],[11.184851,59.87948],[11.185859,59.878879],[11.186393,59.878605],[11.18669,59.878416],[11.187079,59.8781],[11.187225,59.87777],[11.187195,59.877635],[11.187076,59.877489],[11.186853,59.877358],[11.186369,59.877222],[11.185961,59.877166],[11.185382,59.876947],[11.185197,59.876847],[11.185063,59.876714],[11.184922,59.87651],[11.184875,59.876371],[11.184875,59.876174],[11.184882,59.876061],[11.184946,59.875998],[11.185171,59.875976],[11.185495,59.876069],[11.185582,59.876068],[11.185703,59.876057],[11.185889,59.875968],[11.185929,59.875829],[11.185591,59.875178],[11.184956,59.874726],[11.184448,59.87451],[11.183783,59.874301],[11.1832,59.874221],[11.182732,59.874229],[11.182457,59.874274],[11.182441,59.874301],[11.182589,59.874388],[11.182715,59.874431],[11.182962,59.874463],[11.183723,59.874612],[11.183746,59.874675],[11.183714,59.874711],[11.183388,59.87477],[11.183231,59.874764],[11.18241,59.874602],[11.182141,59.874486],[11.181617,59.874207],[11.181222,59.873921],[11.181061,59.87383],[11.180907,59.873787],[11.180712,59.873809],[11.180313,59.87404],[11.180003,59.874153],[11.179922,59.874172],[11.179757,59.874175],[11.179671,59.87414],[11.179631,59.874069],[11.179656,59.873979],[11.180094,59.873675],[11.180124,59.873639],[11.180103,59.873594],[11.180016,59.873569],[11.179866,59.87358],[11.178961,59.873833],[11.178393,59.874013],[11.177215,59.874298],[11.17599,59.874502],[11.175629,59.874521],[11.175097,59.874517],[11.174684,59.874501],[11.174112,59.874434],[11.173783,59.874377],[11.173529,59.874309],[11.173208,59.87418],[11.173076,59.874096],[11.172933,59.873883],[11.172848,59.873606],[11.172564,59.873243],[11.17246,59.873137],[11.172327,59.873062],[11.172066,59.87299],[11.171873,59.872976],[11.171427,59.873046],[11.171221,59.873094],[11.170729,59.873282],[11.170367,59.87349],[11.170045,59.873814],[11.169931,59.874041],[11.16991,59.87418],[11.169967,59.874269],[11.169975,59.874363],[11.170033,59.87447],[11.17009,59.874757],[11.170176,59.875016],[11.170476,59.875788],[11.170719,59.876709],[11.171236,59.877455],[11.171975,59.87826],[11.172051,59.878497],[11.172022,59.878733],[11.171934,59.878804],[11.170184,59.879331],[11.169277,59.87969],[11.168681,59.879808],[11.168177,59.879993],[11.167828,59.880068],[11.167149,59.880298],[11.166836,59.880443],[11.166464,59.880457],[11.165853,59.880566],[11.16564,59.880543],[11.16497,59.880671],[11.164067,59.880798],[11.163219,59.880874],[11.162836,59.880944],[11.161339,59.881125],[11.160716,59.881145],[11.160165,59.881145],[11.159701,59.881211],[11.158716,59.881263],[11.158386,59.881228],[11.158197,59.881249],[11.15788,59.881308],[11.157788,59.881354],[11.157494,59.881449],[11.15711,59.881635],[11.156587,59.882043],[11.156106,59.882505],[11.156003,59.882668],[11.155839,59.883088],[11.155806,59.883246],[11.155796,59.883453],[11.15596,59.883859],[11.156203,59.884214],[11.156342,59.884675],[11.156383,59.885069],[11.156508,59.885655],[11.156529,59.885916],[11.156493,59.886756],[11.156373,59.887548],[11.156131,59.888442],[11.155955,59.88875],[11.155725,59.889077],[11.155176,59.88971],[11.154669,59.890159],[11.154205,59.890427],[11.153724,59.890745],[11.153074,59.891245],[11.1522,59.89205],[11.151838,59.892329],[11.151298,59.89268],[11.150881,59.892978],[11.150391,59.893247],[11.149145,59.894022],[11.148808,59.894189],[11.148506,59.894293],[11.1479,59.894455],[11.147615,59.894577],[11.147403,59.894688],[11.147225,59.894817],[11.146565,59.895155],[11.146208,59.895314],[11.146082,59.895397],[11.14594,59.89552],[11.145658,59.895898],[11.145394,59.896351],[11.145057,59.896855],[11.145024,59.896981],[11.14508,59.897084],[11.145209,59.89718],[11.145304,59.897448],[11.145328,59.89769],[11.145446,59.898205],[11.145434,59.898493],[11.145497,59.898837],[11.145537,59.899394],[11.145624,59.899684],[11.145722,59.899813],[11.145723,59.899966],[11.145785,59.900274],[11.145981,59.900958],[11.146119,59.901163],[11.14637,59.901424],[11.146617,59.901622],[11.146882,59.901788],[11.147154,59.902035],[11.147402,59.902224],[11.147491,59.902407],[11.147651,59.902575],[11.147711,59.902817],[11.147721,59.902933],[11.147692,59.902997],[11.147809,59.9033],[11.147797,59.903628],[11.147909,59.903676],[11.148018,59.903696],[11.148123,59.903672],[11.148737,59.903478],[11.148945,59.903398],[11.149407,59.903108],[11.149842,59.90293],[11.150053,59.902877],[11.150682,59.902836],[11.150918,59.90285],[11.151558,59.902929],[11.152099,59.902893],[11.152803,59.902787],[11.153831,59.902604],[11.154804,59.902297],[11.155088,59.902184],[11.155778,59.901854],[11.156189,59.901389],[11.156198,59.90134]]}},{"type":"Feature","properties":{"dybde_m":3.0,"innsjonavn":"Øyeren"},"geometry":{"type":"LineString","coordinates":[[11.162988,59.870027],[11.162739,59.870373],[11.162513,59.870592],[11.162354,59.870783],[11.162141,59.871142],[11.162105,59.871313],[11.162002,59.871539],[11.161966,59.871706],[11.161988,59.871921],[11.16195,59.872245],[11.162012,59.872671],[11.16204,59.873447],[11.161946,59.873754],[11.161762,59.874081],[11.161523,59.87439],[11.161124,59.874747],[11.160851,59.874931],[11.160541,59.875102],[11.159454,59.875645],[11.158971,59.875842],[11.157588,59.876453],[11.157085,59.876654],[11.156439,59.876881],[11.155891,59.877002],[11.155676,59.877028],[11.155116,59.877024],[11.154751,59.876953],[11.154596,59.876884],[11.154478,59.876863],[11.153764,59.876812],[11.153415,59.876737],[11.153396,59.876706],[11.153438,59.876647],[11.153816,59.876569],[11.154064,59.876538],[11.15458,59.876377],[11.154986,59.876289],[11.155443,59.876106],[11.155982,59.87599],[11.156262,59.875949],[11.156481,59.875865],[11.156737,59.875793],[11.156936,59.875691],[11.158019,59.874905],[11.159176,59.874285],[11.160339,59.873489],[11.160502,59.873311],[11.160592,59.873134],[11.16065,59.872828],[11.160548,59.872412],[11.160406,59.872136],[11.160254,59.871932],[11.160151,59.871673],[11.160221,59.871487],[11.160285,59.871406],[11.160647,59.87118],[11.161117,59.870956],[11.161595,59.870647],[11.161945,59.870368],[11.162395,59.869871],[11.16248,59.869816],[11.162672,59.869759],[11.162798,59.869765],[11.162969,59.869857],[11.163015,59.869946],[11.162988,59.870027]]}},{"type":"Feature","properties":{"dybde_m":1.0,"innsjonavn":"Øyeren"},"geometry":{"type":"LineString","coordinates":[[11.157092,59.90137],[11.157087,59.901276],[11.156902,59.900834],[11.15702,59.900298],[11.156993,59.900114],[11.156873,59.899891],[11.156629,59.899002],[11.156636,59.898404],[11.15678,59.898047],[11.15713,59.897457],[11.157291,59.897091],[11.157457,59.896801],[11.157659,59.896151],[11.157896,59.895505],[11.158283,59.893926],[11.158268,59.893644],[11.158366,59.893467],[11.158427,59.893246],[11.158405,59.892824],[11.158541,59.892009],[11.158703,59.891701],[11.158872,59.891532],[11.159028,59.891457],[11.159134,59.891438],[11.159288,59.891341],[11.159394,59.891303],[11.159568,59.891246],[11.15985,59.891188],[11.160188,59.891169],[11.160602,59.891211],[11.161011,59.8912],[11.161544,59.891147],[11.162181,59.891037],[11.163216,59.890742],[11.163833,59.89048],[11.164128,59.890439],[11.166055,59.88986],[11.166253,59.889839],[11.166504,59.889781],[11.167381,59.889524],[11.167736,59.889356],[11.168367,59.889157],[11.169058,59.888966],[11.169241,59.888936],[11.170653,59.888473],[11.171966,59.888195],[11.17295,59.888017],[11.173366,59.887921],[11.173569,59.887917],[11.174369,59.887823],[11.174548,59.887766],[11.175404,59.887635],[11.175752,59.887513],[11.176503,59.887312],[11.176729,59.887236],[11.177056,59.887042],[11.177278,59.886877],[11.177992,59.886672],[11.178789,59.886299],[11.179442,59.886109],[11.180097,59.885775],[11.180704,59.885378],[11.18086,59.885205],[11.180932,59.885087],[11.180912,59.884984],[11.180784,59.884847],[11.180781,59.884681],[11.180879,59.884576],[11.18093,59.884396],[11.181111,59.884321],[11.181106,59.884285],[11.181032,59.884228],[11.181001,59.884093],[11.181023,59.883976],[11.181113,59.883867],[11.181433,59.883664],[11.181582,59.883473],[11.181593,59.88341],[11.181691,59.883372],[11.18181,59.88337],[11.182248,59.883157],[11.182371,59.883029],[11.182537,59.882999],[11.182551,59.882963],[11.182453,59.88283],[11.182463,59.882767],[11.182502,59.882667],[11.182757,59.882385],[11.18281,59.882249],[11.182862,59.881956],[11.182928,59.881789],[11.182913,59.881659],[11.182815,59.881378],[11.18282,59.881279],[11.182876,59.881157],[11.183002,59.881042],[11.183359,59.880892],[11.183735,59.880657],[11.184133,59.880525],[11.18455,59.880325],[11.185059,59.880002],[11.185874,59.879391],[11.186368,59.879082],[11.186454,59.879063],[11.186104,59.879607],[11.186174,59.879615],[11.186292,59.879573],[11.186437,59.879427],[11.186829,59.879155],[11.187101,59.878877],[11.187192,59.878736],[11.187334,59.878581],[11.187609,59.878338],[11.187825,59.878213],[11.187955,59.878112],[11.188196,59.878077],[11.188246,59.87804],[11.188276,59.877981],[11.188195,59.877866],[11.188343,59.87758],[11.188347,59.877428],[11.188294,59.877226],[11.18812,59.87705],[11.187972,59.876953],[11.187827,59.876911],[11.187617,59.87691],[11.18751,59.876894],[11.187256,59.876786],[11.186811,59.876321],[11.186646,59.876028],[11.186564,59.875701],[11.186298,59.875261],[11.185735,59.874624],[11.185534,59.874519],[11.185329,59.874383],[11.184713,59.874124],[11.184564,59.874037],[11.184579,59.87401],[11.184649,59.873999],[11.184997,59.873985],[11.185173,59.873991],[11.185617,59.874064],[11.185852,59.874168],[11.186057,59.874308],[11.186215,59.874499],[11.186405,59.87468],[11.186481,59.874948],[11.186543,59.875064],[11.186634,59.875107],[11.186703,59.87489],[11.186687,59.874698],[11.18662,59.874537],[11.186417,59.874217],[11.186303,59.874116],[11.185811,59.873886],[11.185525,59.87381],[11.185029,59.873737],[11.184783,59.873732],[11.184315,59.873789],[11.18411,59.873842],[11.183971,59.873844],[11.183541,59.873735],[11.182905,59.87362],[11.182661,59.873606],[11.182436,59.873618],[11.18226,59.873648],[11.18185,59.873624],[11.181491,59.873311],[11.181442,59.87315],[11.181558,59.872964],[11.181735,59.872826],[11.181934,59.872728],[11.182223,59.872544],[11.182435,59.872374],[11.18256,59.872211],[11.182685,59.871836],[11.182701,59.871602],[11.182599,59.870979],[11.182507,59.870684],[11.182451,59.870196],[11.18257,59.869502],[11.182659,59.869303],[11.182811,59.869121]]}},{"type":"Feature","properties":{"dybde_m":1.0,"innsjonavn":"Øyeren"},"geometry":{"type":"LineString","coordinates":[[11.143067,59.89947],[11.142802,59.899097],[11.142681,59.898722],[11.142601,59.898579],[11.142835,59.897264],[11.143052,59.896932],[11.143214,59.896589],[11.144596,59.895169],[11.145314,59.894722],[11.145741,59.894414],[11.146438,59.894084],[11.147733,59.893411],[11.149393,59.892661],[11.149759,59.892435],[11.151061,59.891484],[11.15142,59.891155],[11.151706,59.890751],[11.152181,59.890289],[11.152365,59.890057],[11.152518,59.889929],[11.153324,59.889426],[11.153476,59.88928],[11.15369,59.889016],[11.15386,59.888879],[11.154114,59.888695],[11.15471,59.888326],[11.154895,59.888179],[11.155398,59.887497],[11.155471,59.887235],[11.15547,59.886638],[11.155502,59.886184],[11.155463,59.885744],[11.15527,59.884499],[11.154871,59.883854],[11.154733,59.883681],[11.154659,59.883301],[11.154746,59.882855],[11.154986,59.882334],[11.15513,59.882184],[11.1554,59.881771],[11.155561,59.881584],[11.155866,59.88135],[11.156295,59.881109],[11.156759,59.88094],[11.15703,59.880873],[11.157394,59.880831],[11.158096,59.880779],[11.16054,59.88064],[11.161266,59.880606],[11.161682,59.880608],[11.162502,59.880527],[11.163092,59.880504],[11.163707,59.880449],[11.164282,59.880331],[11.164689,59.880132],[11.16525,59.880064],[11.165883,59.880102],[11.166723,59.880051],[11.167937,59.879743],[11.16964,59.879122],[11.170792,59.878735],[11.170971,59.878515],[11.170939,59.878488],[11.170786,59.878374],[11.170634,59.878291],[11.170465,59.878236],[11.170214,59.878186],[11.170027,59.878131],[11.169754,59.878005],[11.169577,59.877819],[11.169487,59.877708],[11.169446,59.877538],[11.169498,59.877268],[11.169478,59.877214],[11.169408,59.877171],[11.169255,59.877155],[11.168866,59.877471],[11.168771,59.877626],[11.168623,59.877718],[11.168504,59.87772],[11.168452,59.877703],[11.168343,59.877588],[11.168488,59.877123],[11.168361,59.877008],[11.168257,59.876987],[11.168156,59.877007],[11.167837,59.877152],[11.167621,59.877299],[11.167468,59.877346],[11.16733,59.877367],[11.167155,59.877343],[11.167065,59.877308],[11.166989,59.877184],[11.166949,59.876847],[11.166772,59.876509],[11.166716,59.875773],[11.166759,59.874955],[11.166908,59.874656],[11.16707,59.874501],[11.167235,59.87439],[11.167354,59.874353],[11.167578,59.874322],[11.167998,59.87436],[11.16847,59.874226],[11.16866,59.874241],[11.168752,59.874316],[11.168829,59.874423],[11.16892,59.874911],[11.169087,59.875303],[11.169279,59.875394],[11.169363,59.875375],[11.169423,59.875275],[11.16945,59.874951],[11.169201,59.874183],[11.169115,59.873789],[11.169154,59.873645],[11.169288,59.873445],[11.169446,59.873307],[11.169685,59.873164],[11.170022,59.872988],[11.170312,59.872871],[11.170745,59.872725],[11.171306,59.87259],[11.172011,59.872376],[11.172496,59.872278],[11.172993,59.872225],[11.173535,59.872212],[11.173753,59.87223],[11.174341,59.872311],[11.174834,59.872397],[11.176891,59.872789],[11.177399,59.872853],[11.178017,59.872874],[11.178933,59.87272],[11.179263,59.872597],[11.179451,59.8725],[11.179574,59.872399],[11.179718,59.872136],[11.179758,59.871817],[11.179707,59.871431],[11.179143,59.869932],[11.179126,59.86933],[11.179188,59.868866]]}},{"type":"Feature","properties":{"dybde_m":1.0,"innsjonavn":"Øyeren"},"geometry":{"type":"LineString","coordinates":[[11.134654,59.899005],[11.135028,59.898832],[11.136364,59.89842],[11.136769,59.898261],[11.137245,59.898033],[11.137924,59.897478],[11.13864,59.896672],[11.139474,59.895791],[11.139622,59.895596],[11.139641,59.895429],[11.139862,59.89521],[11.140667,59.894703],[11.140904,59.894645],[11.141141,59.894525],[11.141432,59.894444],[11.141614,59.894261],[11.141738,59.894012],[11.141883,59.893812],[11.141991,59.893743],[11.142244,59.893676],[11.142388,59.893557],[11.142494,59.893344],[11.142745,59.893044],[11.142996,59.892837],[11.143229,59.892699],[11.14364,59.892526],[11.144267,59.892372],[11.144822,59.89221],[11.14541,59.892017],[11.145709,59.891787],[11.146396,59.891403],[11.146922,59.891076],[11.147736,59.89042],[11.147912,59.890382],[11.148034,59.890326],[11.148345,59.8901],[11.148486,59.890067],[11.148693,59.889915],[11.148742,59.88982],[11.148677,59.88957],[11.148725,59.88947],[11.148938,59.88913],[11.149112,59.889055],[11.149162,59.888991],[11.149377,59.88861],[11.14946,59.887926],[11.149438,59.887563],[11.149473,59.88741],[11.149392,59.887016],[11.149435,59.886544],[11.149418,59.886436],[11.149091,59.886019],[11.148837,59.885359],[11.148588,59.885102],[11.148383,59.884962],[11.148256,59.884771],[11.148285,59.883742],[11.148442,59.883214],[11.148556,59.88261],[11.148699,59.882186],[11.149442,59.881078],[11.149731,59.88083],[11.149951,59.880544],[11.150409,59.880065],[11.150613,59.879882],[11.150817,59.879717],[11.151071,59.879564],[11.151243,59.879499],[11.151445,59.879352],[11.151735,59.879194],[11.151984,59.878934],[11.152257,59.87875],[11.152482,59.878562],[11.152621,59.878479],[11.152774,59.878283],[11.152788,59.878166],[11.152953,59.877778],[11.15302,59.877678],[11.153123,59.877546],[11.153389,59.87738],[11.154094,59.877242],[11.155072,59.877186],[11.156437,59.877042],[11.157013,59.876889],[11.158962,59.876004],[11.159446,59.875798],[11.159858,59.875675],[11.160423,59.875423],[11.160908,59.875146],[11.161446,59.874724],[11.161853,59.874268],[11.162089,59.873931],[11.16253,59.872649],[11.162722,59.872255],[11.163004,59.871527],[11.163274,59.871047],[11.163952,59.870101],[11.16429,59.869328],[11.164434,59.868207],[11.16454,59.867895],[11.164674,59.867669],[11.164874,59.867405],[11.165227,59.867094],[11.165619,59.866818],[11.166489,59.866291],[11.167065,59.865994]]}},{"type":"Feature","properties":{"dybde_m":1.0,"innsjonavn":"Øyeren"},"geometry":{"type":"LineString","coordinates":[[11.182811,59.869121],[11.182947,59.868957],[11.183676,59.868392],[11.183855,59.86821],[11.184055,59.86782],[11.184076,59.86764],[11.184154,59.867495],[11.184318,59.867344],[11.184572,59.867205],[11.185034,59.867049],[11.185329,59.866982],[11.186719,59.866756],[11.189063,59.86661],[11.190142,59.866448],[11.19023,59.866455],[11.190249,59.866473],[11.190287,59.866517],[11.190237,59.866554],[11.189293,59.866884],[11.189279,59.866947],[11.189334,59.866982],[11.189459,59.867016],[11.189601,59.867032],[11.190393,59.867037],[11.191392,59.866989],[11.19174,59.866938],[11.192068,59.866852],[11.192221,59.866768],[11.192495,59.866656],[11.192614,59.866582],[11.192812,59.866372],[11.193014,59.866243],[11.193219,59.866141],[11.193513,59.866046],[11.193908,59.865878],[11.194849,59.865431],[11.195056,59.865365],[11.195353,59.865306],[11.19601,59.865079],[11.196203,59.865067],[11.196274,59.865075],[11.196311,59.86511],[11.196315,59.865164],[11.196232,59.865264],[11.195897,59.865548],[11.195405,59.865866],[11.194674,59.866296],[11.194153,59.866682],[11.193785,59.866994],[11.193463,59.86717],[11.192728,59.867757],[11.19244,59.867932],[11.192115,59.868072],[11.191863,59.868229],[11.19148,59.868537],[11.191194,59.868712],[11.190872,59.86887],[11.189907,59.869147],[11.189247,59.869477],[11.189066,59.869641],[11.189006,59.869768],[11.189031,59.869884],[11.189132,59.870053],[11.189373,59.87022],[11.189554,59.870302],[11.189839,59.870365],[11.190194,59.870422],[11.190511,59.870435],[11.191571,59.870291],[11.191904,59.870277],[11.192222,59.870307],[11.192437,59.870358],[11.192728,59.870488],[11.192913,59.870628],[11.193042,59.870698],[11.193238,59.87074],[11.193397,59.870746],[11.193537,59.870735],[11.193743,59.870677],[11.194014,59.870543],[11.19431,59.870259],[11.19468,59.870019],[11.19533,59.869771],[11.195451,59.869742],[11.195637,59.86964],[11.19572,59.869548],[11.195856,59.869483],[11.196184,59.869397],[11.196389,59.869304],[11.196556,59.869184],[11.197151,59.868604],[11.197286,59.868512],[11.197664,59.868371],[11.198022,59.868176],[11.198313,59.868054],[11.198695,59.867958],[11.198854,59.867965],[11.199041,59.867863],[11.19903,59.867683],[11.198951,59.867559],[11.198558,59.867197],[11.198476,59.867019],[11.198501,59.866848],[11.198549,59.866784],[11.198634,59.866738],[11.198878,59.86668],[11.199359,59.866743],[11.199558,59.866821],[11.199967,59.866868],[11.200165,59.866919],[11.200472,59.867039],[11.200602,59.867136],[11.200777,59.867394],[11.200708,59.867691],[11.200227,59.868445],[11.200092,59.868537],[11.199304,59.868891],[11.198813,59.869456],[11.19872,59.869642],[11.198697,59.869813],[11.198758,59.869947],[11.199194,59.87038],[11.19926,59.870558],[11.19926,59.870792],[11.199176,59.87087],[11.19904,59.870926],[11.198918,59.870946],[11.198729,59.871012],[11.198627,59.871076],[11.198563,59.871158],[11.198551,59.87123],[11.199009,59.871955],[11.199085,59.872025],[11.199176,59.872069],[11.199387,59.872056],[11.199417,59.871993],[11.1995,59.87192],[11.199465,59.871691],[11.199508,59.871538],[11.199679,59.871247],[11.199776,59.871129]]}},{"type":"Feature","properties":{"dybde_m":1.0,"innsjonavn":"Øyeren"},"geometry":{"type":"LineString","coordinates":[[11.179188,59.868866],[11.179326,59.868033],[11.179598,59.867476],[11.179804,59.867275],[11.180133,59.867086],[11.180592,59.866871],[11.180931,59.866637],[11.181299,59.866433],[11.181617,59.866289],[11.181904,59.866185],[11.182489,59.866077],[11.183387,59.865837],[11.183596,59.865825],[11.184014,59.865755],[11.184203,59.865689],[11.184559,59.865481],[11.184655,59.865344],[11.184715,59.865191],[11.1847,59.864984],[11.184589,59.864887],[11.184207,59.864692],[11.183904,59.864643],[11.183481,59.864623],[11.182902,59.864646],[11.182373,59.864632],[11.180857,59.864563],[11.17981,59.864392],[11.17848,59.864045],[11.178167,59.863952],[11.177975,59.863856],[11.177816,59.863733],[11.177742,59.863618],[11.177717,59.86351],[11.177742,59.863155],[11.1777,59.863048],[11.177628,59.862977],[11.177478,59.862944],[11.17738,59.862954],[11.176733,59.863315],[11.175903,59.863823],[11.175211,59.86414],[11.174639,59.864378],[11.174195,59.864543],[11.173778,59.864671],[11.172974,59.864837],[11.172406,59.864977],[11.17178,59.865086],[11.169479,59.865249],[11.168904,59.865317],[11.168514,59.865387],[11.168044,59.865525],[11.167445,59.865777],[11.167065,59.865994]]}},{"type":"Feature","properties":{"dybde_m":1.0,"innsjonavn":"Øyeren"},"geometry":{"type":"LineString","coordinates":[[11.166412,59.865722],[11.166184,59.865843],[11.16575,59.866034],[11.164829,59.866404],[11.163753,59.867136],[11.163457,59.867518],[11.163081,59.867843],[11.162228,59.868903],[11.162122,59.869089],[11.16193,59.869613],[11.161882,59.86983],[11.161411,59.870489],[11.161093,59.87075],[11.160868,59.87087],[11.160744,59.870899],[11.160405,59.870851],[11.159355,59.8705],[11.159036,59.870353],[11.158814,59.870239],[11.158277,59.869741],[11.158013,59.869606],[11.157733,59.869503],[11.157202,59.869368],[11.156998,59.869272],[11.156113,59.86877],[11.155831,59.868662],[11.154787,59.868406],[11.15414,59.868102],[11.153785,59.867973],[11.153628,59.867939],[11.153034,59.867877],[11.152802,59.867836],[11.152245,59.867571],[11.152058,59.867399],[11.152033,59.867337],[11.152045,59.86709],[11.152013,59.86696],[11.151926,59.86684],[11.151484,59.866699],[11.150805,59.866571],[11.15061,59.866439],[11.150545,59.866333],[11.150471,59.866109],[11.150445,59.865768],[11.150471,59.865391],[11.150838,59.864248],[11.151088,59.8638],[11.15128,59.863531],[11.151487,59.863016],[11.151635,59.862821],[11.151736,59.862738],[11.151808,59.862737],[11.151865,59.862767],[11.151924,59.862838],[11.151948,59.86291],[11.15204,59.862935],[11.152199,59.862879],[11.1526,59.862446],[11.152713,59.862224]]}},{"type":"Feature","properties":{"dybde_m":1.0,"innsjonavn":"Øyeren"},"geometry":{"type":"LineString","coordinates":[[11.209702,59.85796],[11.209135,59.858024],[11.20876,59.857985],[11.208653,59.857996],[11.208566,59.858051],[11.208534,59.858115],[11.208742,59.858399],[11.208728,59.858484],[11.208896,59.85867],[11.209006,59.858722],[11.209384,59.858841],[11.209653,59.858891],[11.209849,59.858879],[11.209899,59.858806],[11.209342,59.85869],[11.209286,59.858619],[11.20928,59.858493],[11.209331,59.858443],[11.209473,59.858422],[11.209775,59.858417],[11.209846,59.858398],[11.20988,59.858371],[11.209924,59.858136],[11.209902,59.858047],[11.209809,59.857976],[11.209702,59.85796]]}},{"type":"Feature","properties":{"dybde_m":3.0,"innsjonavn":"Øyeren"},"geometry":{"type":"LineString","coordinates":[[11.19286,59.866021],[11.192328,59.866254],[11.192053,59.866349],[11.191567,59.866447],[11.191427,59.866458],[11.191127,59.866436],[11.190856,59.866342],[11.190765,59.866294],[11.19064,59.86626],[11.190481,59.866254],[11.19013,59.866268],[11.189397,59.866344],[11.188697,59.866391],[11.185979,59.866468],[11.185402,59.866513],[11.184997,59.866511],[11.184682,59.86653],[11.183643,59.86674],[11.183318,59.866862],[11.182674,59.867187],[11.182307,59.867409],[11.181995,59.867657],[11.181611,59.868063],[11.181059,59.869469],[11.181051,59.870542],[11.181135,59.871498],[11.181124,59.871623],[11.181038,59.871697],[11.180932,59.871734],[11.18081,59.871736],[11.180721,59.871715],[11.180525,59.871593],[11.180306,59.871354],[11.180166,59.871082],[11.179952,59.870529],[11.179827,59.869821],[11.179875,59.869205],[11.180126,59.868545],[11.180634,59.867836],[11.180879,59.867617],[11.181187,59.86727],[11.181732,59.866906],[11.182251,59.866655],[11.183164,59.866416],[11.183928,59.866286],[11.18557,59.866151],[11.186431,59.866141],[11.187166,59.866102],[11.190046,59.866063],[11.191341,59.865947],[11.19153,59.865881],[11.191877,59.865795],[11.192891,59.865401],[11.193523,59.865085],[11.194127,59.864868],[11.19484,59.864703],[11.195151,59.8646],[11.195461,59.86446],[11.196401,59.863932],[11.196878,59.863636],[11.197386,59.863246],[11.198035,59.862831],[11.198636,59.862498],[11.199046,59.862217],[11.199476,59.861985],[11.19997,59.861627],[11.200451,59.861336],[11.20105,59.860903],[11.201235,59.860703],[11.20145,59.860389],[11.201842,59.860068],[11.202256,59.859814],[11.202552,59.859675],[11.203463,59.859062],[11.203546,59.858926],[11.203631,59.858844],[11.203808,59.858432],[11.203835,59.858261],[11.203967,59.858021],[11.20414,59.857937],[11.204264,59.857917],[11.204318,59.857934],[11.204409,59.857986],[11.204502,59.858074],[11.204587,59.858365],[11.20456,59.858572],[11.204477,59.85869],[11.20444,59.859046],[11.204392,59.859163],[11.204273,59.859282],[11.204136,59.859388],[11.203291,59.859923],[11.202281,59.860703],[11.202006,59.860878],[11.201817,59.860989],[11.20119,59.861206],[11.201016,59.86129],[11.200845,59.861396],[11.200678,59.861588],[11.200473,59.861744],[11.200077,59.861957],[11.199902,59.862014],[11.199457,59.862295],[11.199136,59.862588],[11.198854,59.862925],[11.198066,59.863706],[11.197623,59.864298],[11.197298,59.864492],[11.197022,59.864595],[11.196534,59.864702],[11.196305,59.864715],[11.196095,59.864745],[11.195573,59.86488],[11.195179,59.865057],[11.194139,59.865362],[11.193488,59.86566],[11.19286,59.866021]]}},{"type":"Feature","properties":{"dybde_m":1.0,"innsjonavn":"Øyeren"},"geometry":{"type":"LineString","coordinates":[[11.199776,59.871129],[11.199839,59.871002],[11.199847,59.870881],[11.199819,59.870738],[11.199572,59.870239],[11.199543,59.870069],[11.199588,59.869951],[11.199667,59.869824],[11.199833,59.869673],[11.200156,59.869227],[11.200339,59.869081],[11.200527,59.868988],[11.200666,59.868949],[11.201033,59.868889],[11.201206,59.868842],[11.201391,59.868695],[11.201567,59.868413],[11.201621,59.868161],[11.201756,59.867777],[11.201777,59.867561],[11.201607,59.867106],[11.201515,59.866757],[11.201441,59.866704],[11.201297,59.866648],[11.201154,59.866633],[11.200891,59.866655],[11.200126,59.866578],[11.199746,59.866432],[11.199473,59.866301],[11.199214,59.866108],[11.199063,59.86594],[11.198978,59.865708],[11.198784,59.865424],[11.198653,59.8653],[11.198202,59.865146],[11.197953,59.865105],[11.197772,59.865045],[11.197698,59.864975],[11.197675,59.86489],[11.197731,59.864637],[11.197925,59.864329],[11.198099,59.863975],[11.198628,59.863652],[11.198928,59.86362],[11.199239,59.86348],[11.199373,59.863361],[11.199616,59.862931],[11.199802,59.862775],[11.200404,59.862468],[11.200557,59.86234],[11.200767,59.862274],[11.201435,59.861854],[11.20157,59.861717],[11.201617,59.86159],[11.201784,59.86139],[11.202238,59.86127],[11.202464,59.861149],[11.202872,59.860801],[11.203071,59.860506],[11.203223,59.86036],[11.203447,59.860212],[11.204214,59.859548],[11.204266,59.85952],[11.204355,59.85951],[11.20441,59.859563],[11.204275,59.859709],[11.204087,59.859856],[11.204021,59.859964],[11.203949,59.860311],[11.20388,59.860376],[11.203621,59.860524],[11.203589,59.860596],[11.203627,59.860645],[11.203753,59.860652],[11.203874,59.860618],[11.204168,59.860443],[11.204379,59.860403],[11.204539,59.860391],[11.204606,59.860318],[11.20462,59.860228],[11.204705,59.860146],[11.204844,59.86009],[11.205019,59.860042],[11.205269,59.860074],[11.205378,59.860117],[11.205485,59.860115],[11.205611,59.860077],[11.205707,59.859927],[11.205813,59.859867],[11.206032,59.859845],[11.206297,59.85985],[11.206658,59.859803],[11.206798,59.859729],[11.206889,59.85962],[11.206805,59.8595],[11.206742,59.859456],[11.206441,59.859376],[11.206352,59.859292],[11.206218,59.859236],[11.205949,59.859164],[11.205714,59.859047],[11.205616,59.858959],[11.205573,59.858874],[11.205528,59.858538],[11.205571,59.858277],[11.205647,59.858154],[11.205836,59.85803],[11.205998,59.857973],[11.206437,59.857948],[11.206803,59.857982],[11.207354,59.858278],[11.207417,59.858439],[11.207125,59.858843],[11.207096,59.858974],[11.207105,59.859104],[11.20733,59.859415],[11.207754,59.85974],[11.207828,59.859892],[11.20783,59.860269],[11.207984,59.860527],[11.208151,59.860645],[11.208232,59.860837],[11.208145,59.861121],[11.208335,59.861244],[11.208603,59.86128],[11.209007,59.861309],[11.209294,59.861417],[11.209498,59.861683],[11.209462,59.862061],[11.209519,59.862347],[11.209645,59.862646],[11.209803,59.862841],[11.209706,59.863004],[11.209425,59.863669],[11.209459,59.863965],[11.209766,59.864409],[11.209951,59.864541],[11.21028,59.864715],[11.210946,59.864856],[11.211177,59.864861],[11.211391,59.86484],[11.212145,59.864674],[11.212634,59.864599],[11.213209,59.864571],[11.21343,59.864594],[11.213644,59.864726],[11.21382,59.864754],[11.21414,59.864771],[11.214514,59.864688],[11.214854,59.864548],[11.215069,59.864378],[11.21513,59.864251],[11.21506,59.864122],[11.214862,59.864009],[11.214725,59.863867],[11.214719,59.863778],[11.214793,59.863637],[11.214793,59.863534],[11.214643,59.86333],[11.214511,59.863206],[11.214419,59.863172],[11.214308,59.863066],[11.214175,59.862907],[11.214151,59.862763],[11.214165,59.862691],[11.214336,59.862518],[11.214459,59.862489],[11.214619,59.862477],[11.214776,59.862407],[11.214844,59.862343],[11.214859,59.862298],[11.214822,59.862235],[11.214747,59.862192],[11.214744,59.862102],[11.214883,59.86201],[11.215162,59.861897],[11.215284,59.861814],[11.215316,59.861751],[11.215329,59.861656],[11.215253,59.861541],[11.215069,59.861418],[11.214842,59.861126],[11.214837,59.861018],[11.214988,59.860795],[11.215127,59.860712],[11.215251,59.860683],[11.215359,59.860708],[11.215484,59.860715],[11.215626,59.860695],[11.215784,59.860647],[11.215889,59.860601],[11.215991,59.860478],[11.216061,59.860441],[11.216148,59.860412],[11.216255,59.86041],[11.216366,59.86048],[11.216425,59.860592],[11.216611,59.860777],[11.216887,59.860979],[11.217086,59.861039],[11.217496,59.861023],[11.217672,59.860975],[11.217813,59.86091],[11.217915,59.860814],[11.217946,59.860687],[11.217923,59.86058],[11.217624,59.860261],[11.217601,59.860154],[11.217646,59.860045],[11.217774,59.860016],[11.217918,59.860014],[11.217998,59.86004],[11.218106,59.860141],[11.218246,59.86017],[11.21845,59.860162],[11.218521,59.86013],[11.218573,59.86007],[11.218561,59.859958],[11.218411,59.859871],[11.21828,59.859725],[11.218313,59.859661],[11.218385,59.859602],[11.218497,59.85956],[11.219107,59.859415],[11.219382,59.859316],[11.219869,59.859042],[11.220283,59.858941],[11.220568,59.858846],[11.220753,59.858709],[11.220927,59.858414],[11.221066,59.858277],[11.221466,59.858108],[11.221863,59.857486],[11.221937,59.857332],[11.222102,59.857181],[11.222534,59.856981],[11.222818,59.856963],[11.223029,59.856919],[11.223175,59.856862],[11.223309,59.856631],[11.223556,59.856546],[11.223628,59.856545],[11.223769,59.85647],[11.22373,59.856408],[11.223639,59.856342],[11.223494,59.856309],[11.223192,59.856381],[11.222887,59.85636],[11.222744,59.85638],[11.222393,59.856556],[11.222145,59.856619],[11.22202,59.856698],[11.221741,59.856824],[11.221134,59.857004],[11.220832,59.857274],[11.220625,59.857759],[11.220458,59.857968],[11.21965,59.858408],[11.219291,59.858491],[11.219168,59.858533],[11.21908,59.858602],[11.21889,59.858664],[11.218411,59.858896],[11.217961,59.859007],[11.217105,59.859341],[11.216814,59.859561],[11.21675,59.859584],[11.21638,59.859636],[11.216214,59.859638],[11.216047,59.859691],[11.216031,59.859736],[11.216122,59.859806],[11.216145,59.859936],[11.216064,59.860108],[11.215977,59.860163],[11.215907,59.860174],[11.215834,59.860148],[11.215814,59.860103],[11.215877,59.859914],[11.215823,59.859888],[11.215643,59.859873],[11.215417,59.859993],[11.215158,59.860195],[11.215129,59.860362],[11.215095,59.860407],[11.214991,59.860463],[11.214743,59.860503],[11.214364,59.860411]]}},{"type":"Feature","properties":{"dybde_m":3.0,"innsjonavn":"Øyeren"},"geometry":{"type":"LineString","coordinates":[[11.185847,59.856665],[11.185424,59.856713],[11.18511,59.85679],[11.18409,59.857184],[11.183101,59.857515],[11.182515,59.857731],[11.181992,59.857866],[11.181095,59.85819],[11.180292,59.858442],[11.17965,59.858699],[11.17909,59.85896],[11.178714,59.859092],[11.178474,59.859195],[11.178262,59.859324],[11.178046,59.859521],[11.177872,59.859739],[11.177536,59.86041],[11.177378,59.860807],[11.177327,59.861051],[11.177304,59.861437],[11.177229,59.861771],[11.177098,59.862002],[11.177031,59.862192],[11.1769,59.862365],[11.176498,59.862722],[11.176224,59.862843],[11.175764,59.863098],[11.17551,59.863183],[11.174727,59.86351],[11.174301,59.863701],[11.173979,59.863868],[11.173837,59.863983],[11.173783,59.864065],[11.173827,59.864208],[11.173906,59.864233],[11.174061,59.864244],[11.174196,59.86422],[11.174675,59.864117],[11.175118,59.863957],[11.176219,59.863342],[11.17671,59.863019],[11.177209,59.862616],[11.178195,59.861571],[11.178657,59.860961],[11.179134,59.86041],[11.179302,59.860142],[11.179681,59.859759],[11.180062,59.859492],[11.180649,59.859172],[11.181073,59.858995],[11.181745,59.858804],[11.183867,59.858252],[11.184617,59.858101],[11.185155,59.857921],[11.186,59.857552],[11.186218,59.857328],[11.186332,59.857156],[11.186356,59.856949],[11.186298,59.856855],[11.186132,59.856723],[11.185847,59.856665]]}},{"type":"Feature","properties":{"dybde_m":1.0,"innsjonavn":"Øyeren"},"geometry":{"type":"LineString","coordinates":[[11.187335,59.865462],[11.187296,59.865408],[11.187386,59.865173],[11.187586,59.864995],[11.187905,59.864783],[11.188418,59.864541],[11.188756,59.864329],[11.189166,59.864124],[11.189613,59.863964],[11.190807,59.863603],[11.191363,59.863477],[11.191936,59.863324],[11.192472,59.863153],[11.193006,59.862929],[11.193606,59.862622],[11.194346,59.862286],[11.194999,59.861961],[11.19532,59.861682],[11.195417,59.8615],[11.195444,59.861356],[11.195292,59.86117],[11.194785,59.86095],[11.194482,59.860892],[11.193965,59.86082],[11.193399,59.860802],[11.192061,59.860869],[11.191134,59.861028],[11.190803,59.861106],[11.190491,59.861219],[11.190029,59.861451],[11.189314,59.861912],[11.187964,59.862909],[11.187659,59.863085],[11.18735,59.86322],[11.187057,59.863315],[11.186693,59.86342],[11.186051,59.863565],[11.18533,59.863573],[11.185009,59.86352],[11.184421,59.863395],[11.184004,59.863208],[11.183854,59.863049],[11.183719,59.862863],[11.183589,59.862483],[11.183678,59.862212],[11.183753,59.861712],[11.183668,59.861471],[11.183496,59.86125],[11.183128,59.861],[11.182657,59.860792],[11.182371,59.860716],[11.182139,59.860684],[11.181418,59.86066],[11.180892,59.860606],[11.180523,59.860499],[11.180308,59.860395],[11.180218,59.860325],[11.180099,59.860093],[11.180089,59.859932],[11.180117,59.859814],[11.180246,59.859664],[11.18083,59.859313],[11.181291,59.859144],[11.181758,59.85901],[11.183081,59.858705],[11.184164,59.858517],[11.18504,59.858385],[11.18592,59.858339],[11.188832,59.858008],[11.190442,59.857712],[11.191549,59.857568],[11.192091,59.857424],[11.192613,59.857249],[11.193133,59.857025],[11.19353,59.85682],[11.194459,59.856262],[11.195077,59.855843],[11.195287,59.855767],[11.195762,59.855705],[11.195975,59.855711],[11.196172,59.855752],[11.196766,59.855931],[11.197038,59.856066],[11.197723,59.856279],[11.197923,59.856374],[11.198324,59.856606],[11.19913,59.857145],[11.199713,59.857467],[11.201089,59.858042],[11.201416,59.858202],[11.201715,59.858521],[11.201797,59.858749],[11.201824,59.858928],[11.201814,59.859108],[11.201689,59.859455],[11.201288,59.859979],[11.201123,59.860242],[11.200705,59.860739],[11.200465,59.860904],[11.199915,59.861219],[11.199465,59.861437],[11.198575,59.862009],[11.197486,59.862822],[11.197145,59.863053],[11.196238,59.863562],[11.195808,59.863758],[11.195011,59.864018],[11.194441,59.864225],[11.193763,59.864389],[11.193396,59.864454],[11.192992,59.864469],[11.192554,59.864512],[11.192067,59.864619],[11.191654,59.864779],[11.190525,59.865301],[11.19013,59.86546],[11.189715,59.865566],[11.188719,59.865663],[11.188245,59.865671],[11.187804,59.865656],[11.18761,59.865632],[11.187447,59.865568],[11.187335,59.865462]]}},{"type":"Feature","properties":{"dybde_m":1.0,"innsjonavn":"Øyeren"},"geometry":{"type":"LineString","coordinates":[[11.206944,59.854836],[11.206837,59.854838],[11.206399,59.855024],[11.206262,59.855153],[11.205997,59.855647],[11.205824,59.856166],[11.205588,59.85648],[11.205323,59.85692],[11.205266,59.857267],[11.205314,59.857553],[11.205537,59.857752],[11.205789,59.857828],[11.206305,59.857811],[11.206623,59.857738],[11.206835,59.857726],[11.207227,59.857755],[11.207441,59.857751],[11.20783,59.857664],[11.208344,59.85761],[11.208519,59.857536],[11.208553,59.85749],[11.208568,59.857436],[11.208278,59.85732],[11.208063,59.857296],[11.207685,59.857204],[11.207517,59.857018],[11.207496,59.856937],[11.207581,59.856855],[11.207593,59.856725],[11.207481,59.856592],[11.207495,59.856511],[11.207343,59.85628],[11.207336,59.856132],[11.207402,59.855987],[11.207593,59.855858],[11.207815,59.855661],[11.207866,59.855606],[11.207865,59.855561],[11.207792,59.855527],[11.207703,59.85551],[11.207366,59.855561],[11.207168,59.855519],[11.207019,59.855351],[11.20699,59.855077],[11.207016,59.854843],[11.206944,59.854836]]}},{"type":"Feature","properties":{"dybde_m":1.0,"innsjonavn":"Øyeren"},"geometry":{"type":"LineString","coordinates":[[11.170373,59.851833],[11.170193,59.851705],[11.16977,59.851582],[11.169404,59.851534],[11.169107,59.851517],[11.168758,59.851522],[11.168358,59.851556],[11.166438,59.851758],[11.165487,59.851931],[11.164606,59.852125],[11.163659,59.852437],[11.162626,59.8528],[11.162004,59.853111],[11.161389,59.853485],[11.160781,59.853904],[11.159232,59.855254],[11.158774,59.855576],[11.158354,59.855906],[11.157551,59.856575],[11.155272,59.858656],[11.154796,59.859225],[11.153229,59.861232],[11.152713,59.862224]]}},{"type":"Feature","properties":{"dybde_m":1.0,"innsjonavn":"Øyeren"},"geometry":{"type":"LineString","coordinates":[[11.139439,59.856529],[11.139115,59.856589],[11.138698,59.856609],[11.138187,59.856608],[11.13707,59.856536],[11.136445,59.85647],[11.135962,59.856379],[11.135555,59.856283],[11.135144,59.856163],[11.133218,59.855332],[11.132808,59.855195],[11.131775,59.854983],[11.131078,59.854877],[11.129516,59.854799],[11.12872,59.854785],[11.126863,59.854784],[11.126071,59.854797],[11.125261,59.854787],[11.123439,59.854655],[11.122985,59.854582],[11.122368,59.854452],[11.12113,59.854149],[11.12071,59.854021],[11.120303,59.853821],[11.120025,59.853655],[11.119799,59.853479],[11.119703,59.853363],[11.119593,59.853024],[11.119547,59.852854],[11.119672,59.85252],[11.119789,59.852383],[11.120033,59.852244],[11.120768,59.851936],[11.121261,59.851766],[11.124131,59.851118],[11.12556,59.850655],[11.126334,59.850378],[11.127265,59.850003],[11.128166,59.849728],[11.128505,59.849696],[11.129464,59.849501],[11.130274,59.849209],[11.131103,59.848935],[11.131984,59.848607],[11.133037,59.848158],[11.133719,59.847819],[11.134142,59.847669],[11.134532,59.847573],[11.135866,59.84734],[11.1373,59.84729],[11.138095,59.847326],[11.140209,59.847485],[11.141201,59.847478],[11.143705,59.847419],[11.144484,59.847438],[11.146754,59.847545],[11.147907,59.847719],[11.148499,59.847857],[11.149282,59.84815],[11.149981,59.848511],[11.150425,59.848827],[11.150747,59.849222],[11.150913,59.849475],[11.151003,59.849689],[11.150971,59.849955],[11.15092,59.850207],[11.150815,59.85046],[11.150704,59.850642],[11.150505,59.850843],[11.150181,59.851082],[11.149889,59.851266],[11.149594,59.851415],[11.149191,59.851565],[11.148449,59.851806],[11.147747,59.852078],[11.146382,59.852671],[11.145651,59.853051],[11.145237,59.853323],[11.144808,59.853657],[11.143949,59.854678],[11.143332,59.855195],[11.142411,59.855704],[11.141905,59.855959],[11.141108,59.856219],[11.14043,59.856401],[11.139439,59.856529]]}},{"type":"Feature","properties":{"dybde_m":3.0,"innsjonavn":"Øyeren"},"geometry":{"type":"LineString","coordinates":[[11.185717,59.844972],[11.185577,59.845019],[11.18537,59.845148],[11.18534,59.845275],[11.185325,59.845724],[11.185237,59.846134],[11.184904,59.84662],[11.184688,59.846875],[11.184534,59.846995],[11.18447,59.847131],[11.184456,59.847216],[11.184531,59.847305],[11.18462,59.847321],[11.184796,59.847318],[11.185058,59.847242],[11.185369,59.847125],[11.185922,59.84685],[11.186113,59.846784],[11.186472,59.846514],[11.186605,59.846345],[11.186718,59.846119],[11.186797,59.845875],[11.186767,59.845606],[11.186617,59.845393],[11.186469,59.845229],[11.186233,59.845085],[11.186017,59.845016],[11.185858,59.844983],[11.185717,59.844972]]}},{"type":"Feature","properties":{"dybde_m":1.0,"innsjonavn":"Øyeren"},"geometry":{"type":"LineString","coordinates":[[11.212858,59.84583],[11.212784,59.845777],[11.212794,59.845589],[11.212911,59.84542],[11.213136,59.845273],[11.213469,59.845106],[11.214051,59.844912],[11.214246,59.844872],[11.214407,59.844879],[11.215166,59.845019],[11.215361,59.844997],[11.215502,59.844941],[11.215553,59.844886],[11.215458,59.844771],[11.215331,59.844737],[11.214686,59.844694],[11.214558,59.844652],[11.214502,59.844599],[11.214533,59.844504],[11.214636,59.844403],[11.214811,59.844337],[11.215042,59.844307],[11.215218,59.844205],[11.215494,59.843998],[11.21563,59.843843],[11.215691,59.843644],[11.215658,59.843317],[11.215809,59.843108],[11.215967,59.843042],[11.216306,59.843019],[11.216468,59.843043],[11.216614,59.843085],[11.216796,59.843181],[11.216877,59.84335],[11.216884,59.843512],[11.216781,59.843595],[11.216658,59.843655],[11.216342,59.843759],[11.21622,59.843824],[11.216153,59.843924],[11.216133,59.84427],[11.216357,59.844473],[11.216365,59.844626],[11.21628,59.844753],[11.216212,59.844812],[11.215964,59.84487],[11.215806,59.844936],[11.215772,59.844991],[11.215758,59.845072],[11.21585,59.845124],[11.215977,59.845149],[11.216197,59.845271],[11.216131,59.845384],[11.216043,59.845448],[11.215847,59.84547],[11.214863,59.845468],[11.214703,59.845489],[11.214508,59.845537],[11.213913,59.84583],[11.213755,59.845896],[11.213472,59.845981],[11.213258,59.846003],[11.213078,59.845979],[11.212858,59.84583]]}},{"type":"Feature","properties":{"dybde_m":1.0,"innsjonavn":"Øyeren"},"geometry":{"type":"LineString","coordinates":[[11.214364,59.860411],[11.213932,59.860319],[11.213736,59.860331],[11.213454,59.860381],[11.213155,59.860494],[11.212877,59.860633],[11.212141,59.86092],[11.211272,59.860997],[11.211182,59.860981],[11.211144,59.860927],[11.211177,59.860873],[11.211371,59.860834],[11.211496,59.860832],[11.211829,59.860727],[11.211899,59.86069],[11.211912,59.860582],[11.211875,59.860565],[11.211785,59.860539],[11.211589,59.860525],[11.211131,59.860649],[11.210901,59.86068],[11.210456,59.860687],[11.210259,59.860664],[11.210133,59.860621],[11.210023,59.860551],[11.209967,59.860489],[11.21,59.860426],[11.210191,59.860337],[11.210351,59.860334],[11.21064,59.860415],[11.211015,59.860453],[11.21121,59.86041],[11.211281,59.860409],[11.211367,59.860353],[11.211365,59.860317],[11.211291,59.860256],[11.211202,59.860239],[11.210964,59.860108],[11.210833,59.859949],[11.210908,59.859629],[11.210885,59.859539],[11.210915,59.859377],[11.211085,59.859226],[11.211173,59.85918],[11.211489,59.859085],[11.211746,59.858838],[11.211885,59.858741],[11.212077,59.858657],[11.212302,59.858492],[11.212386,59.858355],[11.212416,59.858234],[11.212443,59.858027],[11.212402,59.857893],[11.212176,59.857613],[11.211774,59.857378],[11.211587,59.857183],[11.211363,59.856913],[11.211228,59.856682],[11.210931,59.856404],[11.210867,59.856144],[11.210734,59.855953],[11.210401,59.855662],[11.210219,59.855558],[11.209491,59.855215],[11.209245,59.854873],[11.209223,59.854775],[11.209131,59.854678],[11.208727,59.854411],[11.208577,59.854233],[11.208485,59.854163],[11.208197,59.854096],[11.207946,59.854082],[11.207695,59.854024],[11.207348,59.853845],[11.207143,59.853642],[11.207123,59.853589],[11.207129,59.853288],[11.207247,59.853133],[11.207402,59.852982],[11.207482,59.852756],[11.207566,59.852638],[11.207877,59.852386],[11.208782,59.851827],[11.208937,59.851694],[11.209158,59.851403],[11.209225,59.85129],[11.209202,59.851164],[11.209295,59.850826],[11.209215,59.850621],[11.20905,59.850516],[11.209046,59.850426],[11.209077,59.850304],[11.209145,59.850195],[11.209247,59.850095],[11.209562,59.849932],[11.209792,59.849856],[11.210306,59.849749],[11.210499,59.849665],[11.21067,59.849505],[11.211406,59.84912],[11.21153,59.849091],[11.211652,59.849035],[11.211773,59.848898],[11.211876,59.848829],[11.212195,59.848761],[11.212321,59.848767],[11.212445,59.848738],[11.212515,59.848701],[11.2126,59.84861],[11.212667,59.848492],[11.212629,59.848416],[11.212902,59.848106],[11.213059,59.848018],[11.213218,59.84798],[11.213481,59.847841],[11.213617,59.847668],[11.213699,59.847491],[11.213822,59.847453],[11.214071,59.847422],[11.214105,59.847377],[11.214115,59.847197],[11.214001,59.847041],[11.213981,59.84697],[11.214013,59.846879],[11.214117,59.846815],[11.21427,59.846637],[11.214435,59.846293],[11.2149,59.845885],[11.215023,59.845847],[11.215615,59.845775],[11.215926,59.845792],[11.216124,59.845851],[11.216225,59.845922],[11.216278,59.846015],[11.216336,59.846328],[11.21639,59.846386],[11.216513,59.846415],[11.216678,59.846399],[11.216871,59.846328],[11.217057,59.846195],[11.217314,59.846168],[11.217503,59.846223],[11.217654,59.846324],[11.217774,59.84634],[11.21834,59.846286],[11.218943,59.846181],[11.21931,59.846031],[11.219397,59.845967],[11.219625,59.845864],[11.219978,59.845746],[11.220116,59.845636],[11.220196,59.845419],[11.220173,59.845307],[11.220074,59.845111],[11.219927,59.845015],[11.219812,59.844837],[11.219803,59.844653],[11.219853,59.84458],[11.21972,59.844421],[11.219734,59.84434],[11.219778,59.844132],[11.220049,59.843809],[11.220343,59.84358],[11.220562,59.84332],[11.220594,59.843229],[11.220586,59.843086],[11.220485,59.842854],[11.220356,59.842771],[11.220063,59.84265],[11.219705,59.842297],[11.219663,59.842172],[11.219695,59.842099],[11.2198,59.842044],[11.219777,59.841954],[11.2197,59.841861],[11.219625,59.841782],[11.219294,59.841599],[11.219251,59.841482],[11.219157,59.841394],[11.219029,59.841324],[11.218812,59.841283],[11.218631,59.841268],[11.218419,59.841299],[11.218229,59.841419],[11.218147,59.841573],[11.218027,59.841678],[11.217947,59.84185],[11.217953,59.841976],[11.218153,59.842386],[11.218074,59.84258],[11.217987,59.842636],[11.217684,59.842668],[11.217486,59.842653],[11.217215,59.842586],[11.216854,59.84252],[11.216437,59.842401],[11.216269,59.842287],[11.216261,59.84213],[11.216364,59.842057],[11.216487,59.842001],[11.216699,59.841952],[11.216768,59.841897],[11.216854,59.841824],[11.216947,59.841562],[11.216902,59.841378],[11.216809,59.841308],[11.216717,59.841274],[11.216574,59.841258],[11.216415,59.841288],[11.216238,59.841345],[11.215914,59.841642],[11.215797,59.841797],[11.215658,59.842235],[11.215558,59.84238],[11.215214,59.842655],[11.214743,59.84291],[11.213017,59.843456],[11.212367,59.843723],[11.211896,59.843964],[11.211411,59.844327],[11.210827,59.844845],[11.210573,59.845154],[11.210159,59.845889],[11.210089,59.846326],[11.210088,59.846721],[11.209943,59.847096],[11.209612,59.847695],[11.209097,59.84822],[11.208439,59.848684],[11.207395,59.849353],[11.20703,59.849606],[11.20665,59.849914],[11.206412,59.850196],[11.206296,59.850418],[11.206212,59.850954],[11.205927,59.851376],[11.20574,59.851609],[11.205256,59.85199],[11.204727,59.852542],[11.204186,59.853229],[11.204039,59.853559],[11.204044,59.853667],[11.204296,59.854152],[11.204555,59.854813],[11.204564,59.855019],[11.204495,59.855474],[11.204417,59.855749],[11.204234,59.856031],[11.204121,59.85628],[11.203647,59.856849],[11.203409,59.857091],[11.20304,59.857591],[11.202859,59.857895],[11.202739,59.857996],[11.20251,59.858036],[11.202385,59.858029],[11.202241,59.857987],[11.201423,59.857578],[11.199695,59.856673],[11.198303,59.855762],[11.197032,59.854786],[11.196588,59.854376],[11.19615,59.853768],[11.196089,59.85358],[11.19593,59.852464],[11.195804,59.851236],[11.195917,59.850614],[11.196142,59.850085],[11.19634,59.849745],[11.196906,59.849264],[11.197845,59.848785],[11.198478,59.848586],[11.198796,59.848536],[11.199116,59.848513],[11.199562,59.848505],[11.20015,59.848513],[11.201686,59.848595],[11.201953,59.848582],[11.202254,59.848518],[11.202887,59.848301],[11.203549,59.847944],[11.204,59.847618],[11.20462,59.847127],[11.205116,59.846638],[11.205301,59.846357],[11.205499,59.846016],[11.205841,59.845288],[11.205965,59.844477],[11.206114,59.843841],[11.206324,59.843393],[11.206656,59.842862],[11.207396,59.841902],[11.207786,59.841496],[11.208164,59.841184],[11.208702,59.840865],[11.208981,59.840735],[11.209174,59.840668],[11.209221,59.840668]]}},{"type":"Feature","properties":{"dybde_m":3.0,"innsjonavn":"Øyeren"},"geometry":{"type":"LineString","coordinates":[[11.153479,59.868441],[11.153673,59.868473],[11.153909,59.868537],[11.154011,59.868589],[11.154126,59.868749],[11.154016,59.868921],[11.154006,59.869002],[11.154155,59.869126],[11.154345,59.869113],[11.154491,59.869062],[11.154687,59.868955],[11.154838,59.868948],[11.15507,59.868967],[11.155539,59.86904],[11.155756,59.869104],[11.156128,59.869318],[11.156367,59.869678],[11.156342,59.869777],[11.156293,59.869845],[11.156201,59.86986],[11.156086,59.869858],[11.155872,59.86983],[11.155349,59.869632],[11.155014,59.869556],[11.154651,59.869553],[11.154368,59.869585],[11.153589,59.86962],[11.153298,59.86958],[11.152926,59.8695],[11.152642,59.869366],[11.152572,59.86925],[11.152262,59.869049],[11.15139,59.868704],[11.150984,59.868603],[11.150517,59.868448],[11.150262,59.868336],[11.149787,59.868056],[11.149393,59.867793],[11.148959,59.867441],[11.148673,59.867077],[11.148372,59.866426],[11.14828,59.866114],[11.148273,59.865709],[11.148359,59.865326],[11.148441,59.865163],[11.148742,59.864161],[11.148844,59.863598],[11.148882,59.862636],[11.148925,59.862452],[11.149084,59.862126],[11.149364,59.861708],[11.150268,59.859641],[11.150853,59.8588],[11.151596,59.858222],[11.151987,59.857982],[11.152861,59.857559],[11.153429,59.857312],[11.153991,59.857011],[11.155512,59.856007],[11.156611,59.855014],[11.15699,59.854631],[11.157101,59.854467],[11.157452,59.854183],[11.157912,59.853735],[11.158132,59.853588],[11.158381,59.853314],[11.158414,59.852968],[11.158485,59.852612],[11.158328,59.852255],[11.158092,59.852106],[11.157898,59.852074],[11.157791,59.852066],[11.157547,59.852106],[11.157409,59.852145],[11.15713,59.852181],[11.1569,59.852157],[11.156739,59.852093],[11.156502,59.851935],[11.156445,59.851868],[11.156301,59.851273],[11.156177,59.851055],[11.156036,59.850865],[11.155698,59.850664],[11.155374,59.850422],[11.155154,59.850138],[11.155026,59.849911],[11.154944,59.849553],[11.154959,59.849306],[11.154899,59.84901],[11.154504,59.848559],[11.154168,59.847962],[11.15393,59.847454],[11.153918,59.847297],[11.153923,59.847136],[11.154021,59.846752],[11.154293,59.846078],[11.154771,59.845244],[11.154987,59.844967],[11.155258,59.844747],[11.15718,59.843453],[11.157638,59.843068],[11.15794,59.842772],[11.158305,59.842334],[11.158641,59.84201],[11.158894,59.84179],[11.15939,59.841423],[11.1597,59.841247],[11.160221,59.841005],[11.161325,59.840663],[11.16193,59.840366],[11.162082,59.840229],[11.162255,59.840145],[11.162377,59.840098],[11.162536,59.840082],[11.162626,59.84009],[11.162717,59.840133],[11.162887,59.840278],[11.162968,59.840421],[11.162853,59.840876],[11.16276,59.841085],[11.162549,59.841389],[11.161981,59.841987],[11.160809,59.842864],[11.158452,59.844726],[11.157903,59.84531],[11.157385,59.846077],[11.157196,59.846435],[11.15713,59.846742],[11.157145,59.846952],[11.157391,59.847865],[11.157395,59.848408],[11.157476,59.849233],[11.157408,59.849522],[11.157424,59.849723],[11.157472,59.849884],[11.157733,59.850302],[11.157963,59.85055],[11.158604,59.850885],[11.159681,59.851214],[11.160077,59.851351],[11.160386,59.851485],[11.16057,59.851617],[11.160875,59.852002],[11.160962,59.852261],[11.160996,59.852813],[11.160941,59.853052],[11.160804,59.853378],[11.160477,59.853725],[11.159791,59.85427],[11.159006,59.854934],[11.156951,59.856684],[11.155802,59.857691],[11.154877,59.858645],[11.153686,59.859926],[11.152834,59.861004],[11.152385,59.861726],[11.151968,59.862195],[11.151847,59.862269],[11.151725,59.862307],[11.151564,59.862323],[11.151427,59.862415],[11.150455,59.86315],[11.150261,59.863409],[11.150093,59.863537],[11.150011,59.863629],[11.149615,59.864578],[11.149608,59.864731],[11.149725,59.864873],[11.149806,59.866039],[11.149869,59.866393],[11.150002,59.866678],[11.15019,59.866949],[11.150694,59.867386],[11.151142,59.867962],[11.151751,59.868379],[11.152278,59.868527],[11.152486,59.868542],[11.15292,59.868517],[11.15318,59.868468],[11.153479,59.868441]]}},{"type":"Feature","properties":{"dybde_m":2.0,"innsjonavn":"Øyeren"},"geometry":{"type":"LineString","coordinates":[[11.196527,59.839434],[11.196241,59.839439],[11.195924,59.839516],[11.195538,59.839639],[11.195295,59.839778],[11.194548,59.840477],[11.193876,59.840906],[11.193656,59.841144],[11.193662,59.841242],[11.193773,59.84133],[11.193992,59.841439],[11.194101,59.841464],[11.19449,59.84139],[11.194839,59.84125],[11.195419,59.841078],[11.196102,59.840833],[11.196363,59.840717],[11.196692,59.840505],[11.19693,59.840294],[11.197044,59.840094],[11.197123,59.839891],[11.197038,59.839641],[11.196962,59.839561],[11.196726,59.839475],[11.196527,59.839434]]}},{"type":"Feature","properties":{"dybde_m":3.0,"innsjonavn":"Øyeren"},"geometry":{"type":"LineString","coordinates":[[11.172035,59.849128],[11.171947,59.849094],[11.171911,59.849041],[11.171871,59.848942],[11.171879,59.848817],[11.172001,59.848639],[11.172178,59.848502],[11.172501,59.84807],[11.172873,59.847345],[11.173008,59.84679],[11.173149,59.845373],[11.173266,59.845021],[11.173535,59.844617],[11.173937,59.844103],[11.174263,59.843715],[11.174512,59.84346],[11.174592,59.843283],[11.174957,59.842765],[11.175193,59.84238],[11.175354,59.841878],[11.1755,59.841562],[11.175717,59.841298],[11.176071,59.840995],[11.176309,59.840866],[11.176771,59.840741],[11.176963,59.840743],[11.177138,59.840767],[11.177479,59.84108],[11.177588,59.841154],[11.177938,59.841225],[11.178201,59.841194],[11.178392,59.841146],[11.178824,59.840932],[11.180153,59.840187],[11.180737,59.839768],[11.181323,59.839408],[11.181733,59.839235],[11.181888,59.839233],[11.18201,59.839271],[11.182083,59.839342],[11.182122,59.839417],[11.181996,59.83964],[11.181593,59.840064],[11.181115,59.840485],[11.180234,59.840953],[11.179783,59.841158],[11.179525,59.841311],[11.17898,59.841872],[11.178472,59.842352],[11.177942,59.842676],[11.177143,59.843084],[11.176332,59.843614],[11.176032,59.843951],[11.175628,59.844519],[11.174961,59.845851],[11.174178,59.847561],[11.173508,59.848417],[11.173319,59.848622],[11.173099,59.848819],[11.17294,59.848929],[11.17273,59.849036],[11.172503,59.849121],[11.172189,59.849162],[11.172035,59.849128]]}},{"type":"Feature","properties":{"dybde_m":1.0,"innsjonavn":"Øyeren"},"geometry":{"type":"LineString","coordinates":[[11.161226,59.846391],[11.161085,59.846376],[11.160796,59.846268],[11.160533,59.846017],[11.160543,59.845891],[11.160602,59.845715],[11.160682,59.845587],[11.161114,59.845118],[11.161281,59.84498],[11.161431,59.844816],[11.161424,59.844717],[11.161366,59.844633],[11.161258,59.84459],[11.161132,59.84457],[11.160696,59.844685],[11.160473,59.8448],[11.160005,59.845257],[11.158929,59.846187],[11.158824,59.846215],[11.158753,59.846216],[11.158645,59.846191],[11.158588,59.846156],[11.158426,59.845894],[11.158434,59.845746],[11.158543,59.84551],[11.158687,59.845265],[11.158931,59.844929],[11.159853,59.844047],[11.16089,59.843289],[11.161385,59.842975],[11.16252,59.842099],[11.16297,59.841629],[11.163216,59.841293],[11.16374,59.840269],[11.163901,59.840001],[11.1641,59.839765],[11.164387,59.83954],[11.164662,59.839365],[11.165355,59.839111],[11.165599,59.839035],[11.165984,59.838952],[11.166351,59.83891],[11.16699,59.838949],[11.167259,59.839043],[11.167477,59.839192],[11.168399,59.839963],[11.169212,59.840354],[11.169732,59.840516],[11.170159,59.840576],[11.170931,59.840577],[11.172695,59.840418],[11.173041,59.840426],[11.173583,59.840556],[11.173846,59.840637],[11.173935,59.840685],[11.174276,59.84094],[11.17446,59.841166],[11.174557,59.84142],[11.17462,59.841729],[11.174597,59.842057],[11.174358,59.842614],[11.174095,59.842982],[11.173372,59.84369],[11.172414,59.844298],[11.171915,59.844554],[11.170718,59.844996],[11.170292,59.84511],[11.169343,59.845324],[11.168714,59.845375],[11.167653,59.845356],[11.166777,59.845227],[11.166066,59.845176],[11.165712,59.845172],[11.164853,59.845281],[11.164574,59.845335],[11.163693,59.845592],[11.162683,59.846071],[11.162445,59.84621],[11.162152,59.846309],[11.16191,59.846367],[11.161491,59.846423],[11.161226,59.846391]]}},{"type":"Feature","properties":{"dybde_m":3.0,"innsjonavn":"Øyeren"},"geometry":{"type":"LineString","coordinates":[[11.22077,59.835119],[11.220663,59.835121],[11.220034,59.835312],[11.219095,59.835399],[11.218586,59.835525],[11.217566,59.83573],[11.217076,59.835882],[11.216554,59.83608],[11.214993,59.836816],[11.214548,59.837111],[11.214482,59.837193],[11.214468,59.837265],[11.21449,59.837336],[11.214696,59.837485],[11.21486,59.837555],[11.215276,59.837619],[11.215579,59.837614],[11.216538,59.837517],[11.217096,59.837571],[11.217221,59.837569],[11.217468,59.837529],[11.217572,59.837482],[11.217641,59.837427],[11.218179,59.836924],[11.218439,59.836785],[11.21885,59.836517],[11.219282,59.836312],[11.220256,59.835685],[11.220414,59.835637],[11.220603,59.835526],[11.220884,59.835216],[11.220899,59.835171],[11.22077,59.835119]]}},{"type":"Feature","properties":{"dybde_m":1.0,"innsjonavn":"Øyeren"},"geometry":{"type":"LineString","coordinates":[[11.180345,59.835571],[11.179826,59.835665],[11.178743,59.836056],[11.178318,59.836238],[11.177663,59.836662],[11.177255,59.837014],[11.177157,59.83716],[11.177093,59.837331],[11.177054,59.837696],[11.177089,59.838118],[11.177205,59.838412],[11.177332,59.838545],[11.177531,59.83869],[11.177923,59.838876],[11.178474,59.839047],[11.17869,59.839133],[11.178905,59.839228],[11.179049,59.839343],[11.179125,59.83949],[11.179133,59.839719],[11.179085,59.839836],[11.178831,59.840155],[11.178924,59.840297],[11.179014,59.840313],[11.179382,59.840267],[11.179968,59.839929],[11.180705,59.839365],[11.181203,59.839028],[11.181673,59.838783],[11.181874,59.838703],[11.182232,59.83867],[11.182371,59.838686],[11.182582,59.838763],[11.182725,59.838846],[11.1828,59.838935],[11.182905,59.839301],[11.182879,59.839454],[11.182802,59.83959],[11.182442,59.839897],[11.181762,59.840371],[11.181077,59.840899],[11.180749,59.841102],[11.180527,59.841294],[11.180036,59.841823],[11.179767,59.84216],[11.179584,59.842469],[11.179298,59.842824],[11.17911,59.843007],[11.178907,59.843172],[11.17817,59.843566],[11.177865,59.84375],[11.177292,59.844159],[11.176829,59.844661],[11.176386,59.845261],[11.176159,59.84571],[11.176112,59.845863],[11.176049,59.846111],[11.176032,59.84661],[11.17607,59.847562],[11.176336,59.847845],[11.176579,59.848007],[11.176797,59.848125],[11.177029,59.848211],[11.177366,59.848308],[11.177661,59.84833],[11.177973,59.848339],[11.178543,59.848316],[11.178765,59.848267],[11.179816,59.847967],[11.18091,59.847612],[11.181816,59.847395],[11.182081,59.847359],[11.182972,59.847164],[11.183302,59.84706],[11.183595,59.846912],[11.183835,59.846764],[11.183972,59.846667],[11.184171,59.846381],[11.184278,59.846015],[11.184253,59.845841],[11.184194,59.845689],[11.18377,59.844861],[11.183738,59.844502],[11.183762,59.844259],[11.183839,59.843993],[11.183954,59.843762],[11.184021,59.84368],[11.184009,59.843397],[11.183936,59.843335],[11.183793,59.843288],[11.183633,59.843264],[11.183493,59.843284],[11.183146,59.843434],[11.182583,59.843879],[11.182137,59.844196],[11.181775,59.844413],[11.181585,59.844506],[11.181062,59.844627],[11.180816,59.84464],[11.180603,59.844626],[11.180408,59.844589],[11.180226,59.84447],[11.180135,59.844355],[11.180088,59.8441],[11.180201,59.843824],[11.180258,59.843495],[11.180392,59.843304],[11.18049,59.8431],[11.180517,59.842893],[11.180507,59.842647],[11.180431,59.842037],[11.180767,59.841573],[11.18097,59.84139],[11.181263,59.84117],[11.181608,59.840966],[11.181779,59.84082],[11.182347,59.840483],[11.182991,59.840149],[11.183342,59.839972],[11.183849,59.839775],[11.184178,59.839747],[11.184336,59.839767],[11.184512,59.839809],[11.184783,59.839989],[11.184768,59.840375],[11.18469,59.840538],[11.184669,59.840803],[11.184696,59.840956],[11.184935,59.841208],[11.185114,59.841286],[11.185379,59.841353],[11.185847,59.841278],[11.186137,59.841156],[11.18639,59.840995],[11.186766,59.84058],[11.186878,59.840407],[11.187646,59.839829],[11.187798,59.839674],[11.188267,59.839158],[11.188627,59.8386],[11.188817,59.83848],[11.188991,59.838396],[11.189168,59.838366],[11.189313,59.838427],[11.189407,59.838497],[11.189472,59.838707],[11.189426,59.838834],[11.189347,59.839006],[11.189196,59.83917],[11.188996,59.839443],[11.188834,59.839728],[11.188482,59.840426],[11.18826,59.840946],[11.188064,59.841246],[11.18791,59.841369],[11.186807,59.841931],[11.186386,59.84219],[11.18602,59.842497],[11.185958,59.842642],[11.18522,59.843251],[11.185109,59.843554],[11.185105,59.843859],[11.185162,59.843966],[11.185492,59.844248],[11.185635,59.844322],[11.186098,59.844422],[11.186558,59.844428],[11.186911,59.844463],[11.187314,59.844541],[11.187624,59.844675],[11.187698,59.844728],[11.187882,59.844869],[11.18807,59.845063],[11.188243,59.845298],[11.188481,59.845775],[11.188456,59.845973],[11.188313,59.846317],[11.18818,59.846521],[11.188012,59.846694],[11.187477,59.847013],[11.186931,59.847251],[11.186413,59.847512],[11.185999,59.847694],[11.185691,59.847896],[11.184862,59.84862],[11.184454,59.8489],[11.183884,59.849202],[11.183165,59.849649],[11.18243,59.850201],[11.18187,59.850681],[11.181664,59.850829],[11.181216,59.85107],[11.180515,59.851211],[11.180163,59.851235],[11.179394,59.85123],[11.17819,59.851106],[11.177725,59.85119],[11.177588,59.851282],[11.177489,59.851423],[11.177459,59.851531],[11.177466,59.851648],[11.177596,59.851785],[11.177725,59.851891],[11.1785,59.852058],[11.178802,59.852169],[11.178927,59.85223],[11.17897,59.8524],[11.178922,59.852464],[11.178839,59.852519],[11.178513,59.852597],[11.178113,59.85259],[11.177832,59.852567],[11.177116,59.852417],[11.177007,59.852415],[11.176936,59.852438],[11.176782,59.852549],[11.17677,59.852639],[11.176809,59.852728],[11.176919,59.852802],[11.177158,59.852906],[11.177717,59.853077],[11.178056,59.853125],[11.178789,59.853167],[11.179238,59.853159],[11.179685,59.85308],[11.180235,59.852914],[11.180525,59.852747],[11.181875,59.851831],[11.18218,59.851597],[11.182575,59.85137],[11.182715,59.851323],[11.182856,59.851303],[11.18298,59.85131],[11.183071,59.851353],[11.183109,59.851406],[11.183099,59.851555],[11.182169,59.852401],[11.181897,59.852594],[11.181727,59.85275],[11.181593,59.852896],[11.181514,59.85305],[11.181519,59.853149],[11.181682,59.853231],[11.18179,59.853261],[11.181914,59.853268],[11.182072,59.853256],[11.182229,59.853209],[11.182694,59.852954],[11.183595,59.852256],[11.184928,59.85095],[11.185214,59.850644],[11.185565,59.850211],[11.185769,59.850042],[11.186087,59.849695],[11.186308,59.84949],[11.186656,59.849075],[11.18688,59.848923],[11.187164,59.848631],[11.18746,59.848433],[11.187724,59.848375],[11.187848,59.848372],[11.188102,59.848472],[11.188161,59.848587],[11.188168,59.848731],[11.18756,59.849711],[11.187323,59.849931],[11.186895,59.850248],[11.186235,59.850861],[11.185548,59.851613],[11.184991,59.852179],[11.184275,59.852735],[11.183383,59.853279],[11.182418,59.853758],[11.181817,59.854078],[11.180468,59.854585],[11.179459,59.854894],[11.178656,59.855096],[11.177987,59.855219],[11.177279,59.855253],[11.17659,59.855332],[11.175696,59.855441],[11.174782,59.855595],[11.173478,59.855891],[11.171601,59.856488],[11.170311,59.856967],[11.16962,59.857203],[11.169135,59.857346],[11.168705,59.857551],[11.168278,59.8578],[11.167921,59.858062],[11.167591,59.8584],[11.166826,59.859113],[11.166178,59.8596],[11.16585,59.859789],[11.16543,59.859976],[11.165142,59.860093],[11.164797,59.860197],[11.164413,59.860285],[11.164038,59.860331],[11.163564,59.860312],[11.163248,59.860272],[11.162929,59.86021],[11.162466,59.860025],[11.162304,59.859906],[11.162215,59.859782],[11.162214,59.859629],[11.162227,59.859436],[11.162321,59.858999],[11.162434,59.858727],[11.162597,59.858401],[11.162785,59.858129],[11.162977,59.857905],[11.163258,59.857649],[11.16348,59.857376],[11.16409,59.856841],[11.165204,59.85618],[11.165898,59.855809],[11.167471,59.85502],[11.168151,59.854631],[11.168891,59.854152],[11.169264,59.853872],[11.170176,59.853125],[11.170381,59.852933],[11.170519,59.852764],[11.170646,59.852475],[11.170674,59.852209],[11.17065,59.852111],[11.170556,59.851982],[11.170373,59.851833]]}},{"type":"Feature","properties":{"dybde_m":3.0,"innsjonavn":"Øyeren"},"geometry":{"type":"LineString","coordinates":[[11.215045,59.834884],[11.214921,59.834886],[11.214531,59.834937],[11.213985,59.835045],[11.213265,59.835219],[11.21239,59.835485],[11.21194,59.835708],[11.211791,59.835882],[11.211741,59.835954],[11.211751,59.836098],[11.211791,59.836169],[11.211847,59.836204],[11.21205,59.836308],[11.212178,59.836351],[11.212322,59.836367],[11.212697,59.836369],[11.212926,59.83633],[11.213416,59.836169],[11.214909,59.835515],[11.215405,59.835183],[11.215486,59.835065],[11.215482,59.835011],[11.215445,59.834994],[11.215444,59.834967],[11.215387,59.834923],[11.215045,59.834884]]}},{"type":"Feature","properties":{"dybde_m":3.0,"innsjonavn":"Øyeren"},"geometry":{"type":"LineString","coordinates":[[11.204959,59.833508],[11.204764,59.833529],[11.204625,59.833585],[11.204414,59.833643],[11.204276,59.833717],[11.204102,59.833783],[11.203655,59.83406],[11.203538,59.834169],[11.202919,59.834539],[11.202082,59.834859],[11.201979,59.834923],[11.201862,59.835051],[11.201848,59.835114],[11.201961,59.835211],[11.202107,59.835253],[11.202356,59.835249],[11.202585,59.8352],[11.202707,59.835154],[11.202831,59.835133],[11.203145,59.835003],[11.203628,59.834734],[11.203918,59.834522],[11.204142,59.834402],[11.204777,59.833996],[11.205115,59.833721],[11.205216,59.83362],[11.205103,59.833532],[11.204959,59.833508]]}},{"type":"Feature","properties":{"dybde_m":1.0,"innsjonavn":"Øyeren"},"geometry":{"type":"LineString","coordinates":[[11.180345,59.835571],[11.181473,59.835431],[11.182586,59.835421],[11.184878,59.835347],[11.185155,59.835329],[11.185636,59.83525],[11.186249,59.835033],[11.186551,59.834889],[11.187101,59.834565],[11.187753,59.83415],[11.187945,59.834066],[11.188207,59.833981],[11.188891,59.833803],[11.189797,59.833716],[11.190421,59.833706],[11.191285,59.833817],[11.191668,59.833946],[11.191853,59.834068],[11.19205,59.834339],[11.192075,59.834473],[11.191731,59.834973],[11.191377,59.835311],[11.191348,59.835411],[11.191354,59.835509],[11.191469,59.835633],[11.191704,59.835692],[11.191811,59.83569],[11.192057,59.835614],[11.192607,59.835282],[11.193146,59.835039],[11.193373,59.834964],[11.193602,59.834915],[11.194058,59.834782],[11.194519,59.834711],[11.194963,59.834686],[11.195215,59.834708],[11.195575,59.834765],[11.195741,59.834834],[11.195908,59.834948],[11.195989,59.8351],[11.196016,59.835261],[11.195955,59.835415],[11.195751,59.83558],[11.195476,59.835755],[11.194658,59.836415],[11.194526,59.836593],[11.194373,59.83673],[11.193975,59.837258],[11.193967,59.83742],[11.193685,59.837797],[11.19351,59.838474],[11.193515,59.838891],[11.193339,59.839896],[11.193232,59.840221],[11.192706,59.841043],[11.192227,59.841423],[11.191853,59.84178],[11.191707,59.842056],[11.191679,59.842192],[11.191696,59.842515],[11.191756,59.842648],[11.192016,59.842855],[11.192358,59.842912],[11.192804,59.842932],[11.193296,59.84278],[11.193537,59.842619],[11.193815,59.842479],[11.194095,59.842367],[11.194763,59.842176],[11.194941,59.842164],[11.195248,59.84224],[11.195558,59.842369],[11.195637,59.842521],[11.195588,59.842966],[11.195456,59.843512],[11.195629,59.843778],[11.195705,59.843867],[11.195941,59.843962],[11.196246,59.844002],[11.196389,59.843999],[11.196637,59.84395],[11.196969,59.84381],[11.197146,59.843789],[11.197326,59.843804],[11.197471,59.843856],[11.197564,59.843935],[11.197623,59.844051],[11.197664,59.844162],[11.19767,59.844297],[11.197643,59.84445],[11.197451,59.844925],[11.197113,59.845303],[11.196616,59.845734],[11.195704,59.846423],[11.194428,59.847293],[11.193511,59.847847],[11.192695,59.848274],[11.191981,59.848605],[11.19126,59.849115],[11.190971,59.849385],[11.190719,59.849686],[11.190418,59.850072],[11.190105,59.850576],[11.188575,59.852295],[11.187558,59.853201],[11.186521,59.854036],[11.185497,59.854758],[11.18467,59.855185],[11.181492,59.856535],[11.179881,59.857348],[11.179424,59.857526],[11.179051,59.857694],[11.178399,59.858019],[11.177884,59.858253],[11.177371,59.858616],[11.177049,59.8589],[11.176778,59.859331],[11.1766,59.85981],[11.176601,59.860052],[11.176771,59.860615],[11.176863,59.861225],[11.176818,59.861719],[11.17674,59.86195],[11.176614,59.862203],[11.176336,59.862491],[11.176087,59.862688],[11.175451,59.862851],[11.175392,59.86305],[11.17517,59.863161],[11.174407,59.863354],[11.173789,59.863306],[11.17366,59.863088],[11.173723,59.862768],[11.174045,59.862237],[11.174215,59.861897],[11.174378,59.861481],[11.174395,59.861328],[11.174356,59.861221],[11.174301,59.861132],[11.174175,59.861103],[11.174082,59.861118],[11.173788,59.861275],[11.173491,59.861604],[11.172956,59.86208],[11.172568,59.862468],[11.172239,59.862675],[11.17196,59.862765],[11.171863,59.862758],[11.171779,59.862714],[11.17174,59.862661],[11.171764,59.862418],[11.171875,59.862246],[11.171976,59.86197],[11.171966,59.86188],[11.171912,59.86181],[11.171828,59.861775],[11.171713,59.861763],[11.171474,59.861812],[11.171239,59.861906],[11.170732,59.862265],[11.170321,59.86295],[11.169873,59.863469],[11.169533,59.863762],[11.168896,59.864213],[11.167797,59.86494],[11.167357,59.865213],[11.166412,59.865722]]}},{"type":"Feature","properties":{"dybde_m":3.0,"innsjonavn":"Øyeren"},"geometry":{"type":"LineString","coordinates":[[11.17629,59.834987],[11.175198,59.835611],[11.175031,59.835785],[11.174774,59.83626],[11.174756,59.836651],[11.174851,59.836785],[11.17497,59.837124],[11.175237,59.837605],[11.17541,59.838002],[11.175748,59.838153],[11.17587,59.838142],[11.175973,59.838154],[11.176249,59.838077],[11.176403,59.837985],[11.176519,59.837857],[11.17655,59.837749],[11.176501,59.837422],[11.176589,59.836994],[11.176921,59.836566],[11.177193,59.836328],[11.177378,59.836128],[11.17756,59.835846],[11.177678,59.835714],[11.177998,59.835435],[11.178369,59.835276],[11.1785,59.835175],[11.178819,59.834985],[11.179707,59.834661],[11.180973,59.834393],[11.182251,59.834237],[11.182647,59.834212],[11.183007,59.834166],[11.183729,59.834051],[11.184156,59.833963],[11.184475,59.833827],[11.184626,59.833744],[11.184884,59.833474],[11.184905,59.833295],[11.18475,59.833072],[11.184553,59.832954],[11.184202,59.832862],[11.183994,59.832847],[11.183565,59.832859],[11.183326,59.832885],[11.183039,59.832948],[11.182418,59.83317],[11.182232,59.833213],[11.181945,59.833312],[11.178993,59.834017],[11.177712,59.834429],[11.17629,59.834987]]}},{"type":"Feature","properties":{"dybde_m":3.0,"innsjonavn":"Øyeren"},"geometry":{"type":"LineString","coordinates":[[11.19756,59.832293],[11.196652,59.832335],[11.195855,59.832429],[11.195453,59.832553],[11.195065,59.83264],[11.194785,59.832726],[11.194213,59.832969],[11.193715,59.833283],[11.193546,59.833438],[11.193482,59.833556],[11.19347,59.833646],[11.193512,59.833753],[11.19355,59.833779],[11.193808,59.833901],[11.193933,59.833908],[11.194323,59.833865],[11.195226,59.833473],[11.196559,59.833109],[11.196827,59.833087],[11.196952,59.833085],[11.197277,59.833151],[11.197447,59.833292],[11.197524,59.83339],[11.197535,59.83356],[11.197595,59.833658],[11.19785,59.833744],[11.198115,59.833703],[11.198237,59.833647],[11.198529,59.833463],[11.19886,59.833071],[11.198906,59.832936],[11.198897,59.83281],[11.198756,59.832552],[11.198607,59.832464],[11.19835,59.832379],[11.198079,59.83232],[11.19756,59.832293]]}},{"type":"Feature","properties":{"dybde_m":5.0,"innsjonavn":"Øyeren"},"geometry":{"type":"LineString","coordinates":[[11.22741,59.821147],[11.22734,59.821166],[11.227289,59.821212],[11.227258,59.821284],[11.227492,59.822133],[11.227508,59.822367],[11.227462,59.822772],[11.227363,59.823151],[11.22733,59.823187],[11.227335,59.823268],[11.227451,59.823661],[11.227491,59.823732],[11.227601,59.823775],[11.227671,59.823756],[11.227717,59.823648],[11.227691,59.823522],[11.227716,59.82336],[11.22776,59.823216],[11.227968,59.822862],[11.228028,59.82269],[11.228049,59.822456],[11.227962,59.822215],[11.22784,59.821993],[11.227788,59.821751],[11.227771,59.821491],[11.227709,59.821357],[11.227631,59.82126],[11.227464,59.821155],[11.22741,59.821147]]}},{"type":"Feature","properties":{"dybde_m":4.0,"innsjonavn":"Øyeren"},"geometry":{"type":"LineString","coordinates":[[11.224276,59.820162],[11.224135,59.820183],[11.224083,59.820219],[11.224051,59.820274],[11.224081,59.820457],[11.224237,59.820643],[11.224385,59.820722],[11.22461,59.820889],[11.224801,59.821083],[11.224924,59.821333],[11.225131,59.82203],[11.225235,59.822261],[11.225238,59.822585],[11.225007,59.823128],[11.224954,59.823416],[11.225032,59.823505],[11.225194,59.823529],[11.225351,59.823472],[11.225642,59.823027],[11.225716,59.822792],[11.225794,59.822638],[11.225829,59.822332],[11.225759,59.822091],[11.225486,59.821476],[11.225444,59.821099],[11.225378,59.820912],[11.225258,59.820716],[11.224846,59.820418],[11.224512,59.82023],[11.224276,59.820162]]}},{"type":"Feature","properties":{"dybde_m":3.0,"innsjonavn":"Øyeren"},"geometry":{"type":"LineString","coordinates":[[11.21493,59.819916],[11.214645,59.81992],[11.214364,59.819988],[11.214138,59.820091],[11.214035,59.820155],[11.21397,59.820246],[11.213828,59.820527],[11.213953,59.820803],[11.214051,59.820937],[11.214655,59.821443],[11.214741,59.821675],[11.214898,59.821888],[11.21514,59.822037],[11.215358,59.822096],[11.215701,59.822153],[11.216184,59.822181],[11.216364,59.822205],[11.216618,59.822263],[11.217031,59.82231],[11.217298,59.822297],[11.217545,59.822248],[11.217733,59.822137],[11.217951,59.821917],[11.217999,59.821845],[11.218057,59.821619],[11.217997,59.821521],[11.21797,59.821387],[11.21781,59.82112],[11.217675,59.820979],[11.217039,59.820509],[11.216817,59.820396],[11.216267,59.820163],[11.215811,59.820018],[11.21527,59.819937],[11.21493,59.819916]]}},{"type":"Feature","properties":{"dybde_m":3.0,"innsjonavn":"Øyeren"},"geometry":{"type":"LineString","coordinates":[[11.233381,59.817583],[11.233189,59.818179],[11.233142,59.818269],[11.233008,59.818397],[11.232767,59.818545],[11.232559,59.818638],[11.232204,59.818662],[11.232078,59.818647],[11.231806,59.818561],[11.231598,59.818385],[11.231628,59.818043],[11.231615,59.817837],[11.231643,59.81772],[11.2316,59.817622],[11.231469,59.817534],[11.23143,59.817481],[11.231302,59.817411],[11.231193,59.817386],[11.230853,59.817365],[11.230622,59.817387],[11.230364,59.817517],[11.230074,59.817737],[11.229806,59.817993],[11.229412,59.818503],[11.228609,59.819316],[11.228362,59.819626],[11.228301,59.81978],[11.228243,59.819983],[11.228248,59.820072],[11.228315,59.820278],[11.228374,59.820358],[11.228617,59.820524],[11.228835,59.820584],[11.229317,59.820584],[11.229681,59.820695],[11.230038,59.820976],[11.230236,59.821269],[11.230342,59.821528],[11.230315,59.821654],[11.23034,59.821762],[11.230179,59.822025],[11.229679,59.822572],[11.229311,59.822929],[11.22913,59.823166],[11.228798,59.8238],[11.22877,59.823917],[11.228873,59.824122],[11.229115,59.824289],[11.229281,59.824376],[11.229623,59.824424],[11.230089,59.824452],[11.230304,59.824457],[11.231103,59.824408],[11.232075,59.824266],[11.23252,59.824249],[11.232913,59.82426],[11.233093,59.824284],[11.233383,59.824351],[11.233734,59.824525],[11.233968,59.824826],[11.233978,59.82497],[11.233951,59.825114],[11.233846,59.825403],[11.233684,59.825657],[11.233585,59.825776],[11.233246,59.826051],[11.232937,59.826236],[11.232489,59.826711],[11.23244,59.826802],[11.232361,59.827207],[11.232244,59.827326],[11.231914,59.827444],[11.231396,59.827439],[11.231162,59.827456],[11.230939,59.827505],[11.230708,59.827576],[11.230127,59.827703],[11.229902,59.827806],[11.229496,59.827893],[11.229336,59.827905],[11.229086,59.8279],[11.228689,59.827817],[11.228434,59.827741],[11.228045,59.827514],[11.227557,59.827163],[11.227207,59.826719],[11.226618,59.826182],[11.226394,59.826033],[11.22597,59.825842],[11.225747,59.825702],[11.225382,59.825574],[11.224673,59.825388],[11.224401,59.825294],[11.223978,59.825112],[11.223811,59.825007],[11.223601,59.824813],[11.223467,59.824672],[11.223405,59.824547],[11.22332,59.824072],[11.223329,59.823938],[11.223521,59.823584],[11.223933,59.823083],[11.224136,59.822648],[11.224101,59.82237],[11.22404,59.822264],[11.223812,59.822052],[11.223501,59.82194],[11.222945,59.821896],[11.222803,59.821898],[11.222396,59.82195],[11.222031,59.822091],[11.221563,59.822305],[11.22124,59.822562],[11.221048,59.822889],[11.221016,59.823213],[11.22106,59.823338],[11.221147,59.823849],[11.221138,59.824262],[11.221024,59.824686],[11.220766,59.825113],[11.220163,59.825707],[11.219893,59.825936],[11.218782,59.826691],[11.217691,59.827716],[11.21733,59.827928],[11.216739,59.828181],[11.216282,59.828287],[11.215763,59.82853],[11.215275,59.828709],[11.215085,59.828802],[11.214743,59.829023],[11.214445,59.8291],[11.214213,59.829104],[11.214069,59.829088],[11.213831,59.828993],[11.2137,59.828897],[11.213641,59.828808],[11.213671,59.828457],[11.213793,59.82815],[11.21406,59.827876],[11.21464,59.827471],[11.21497,59.827321],[11.216023,59.826792],[11.21628,59.826626],[11.216444,59.826407],[11.216523,59.826253],[11.21656,59.826001],[11.216533,59.825876],[11.216339,59.825618],[11.2164,59.825456],[11.216466,59.825383],[11.216726,59.825262],[11.216955,59.825222],[11.217259,59.825235],[11.217673,59.825282],[11.217887,59.825287],[11.218153,59.825256],[11.218257,59.825209],[11.218342,59.825145],[11.218407,59.825063],[11.218337,59.824812],[11.218204,59.824689],[11.218093,59.824619],[11.217763,59.824472],[11.217161,59.824275],[11.216943,59.824225],[11.216673,59.824202],[11.216474,59.824161],[11.21626,59.824156],[11.215868,59.824171],[11.214665,59.824317],[11.21413,59.824326],[11.213896,59.824294],[11.213735,59.824288],[11.212864,59.82406],[11.212,59.823949],[11.211713,59.823927],[11.210587,59.823901],[11.210356,59.823905],[11.209965,59.823947],[11.208876,59.823938],[11.207997,59.823863],[11.207619,59.823807],[11.207076,59.82369],[11.206767,59.823605],[11.206117,59.823482],[11.20581,59.823433],[11.205415,59.823395],[11.204573,59.823364],[11.20427,59.823369],[11.203312,59.823448],[11.202689,59.823458],[11.202348,59.823437],[11.201737,59.823366],[11.201501,59.823316],[11.200339,59.823022],[11.199488,59.822829],[11.199037,59.822756],[11.19848,59.822693],[11.19746,59.822656],[11.196749,59.822695],[11.195577,59.822796],[11.194953,59.822806],[11.193908,59.822913],[11.193678,59.822953],[11.192998,59.822929],[11.192818,59.822914],[11.19251,59.822829],[11.192359,59.822706],[11.192262,59.82259],[11.192136,59.822296],[11.192129,59.822188],[11.19217,59.821999],[11.192331,59.821736],[11.192432,59.821644],[11.192518,59.821311],[11.192743,59.820669],[11.192807,59.820551],[11.192872,59.82046],[11.192993,59.820395],[11.193468,59.820289],[11.193808,59.820292],[11.194459,59.820425],[11.194931,59.820552],[11.195382,59.820634],[11.195634,59.820657],[11.196224,59.820665],[11.197067,59.820732],[11.197585,59.820741],[11.198034,59.820787],[11.199261,59.820991],[11.199878,59.821152],[11.20017,59.821246],[11.20136,59.821711],[11.20176,59.82183],[11.201979,59.821889],[11.203151,59.822076],[11.204921,59.822127],[11.205332,59.82212],[11.206077,59.822063],[11.206538,59.82201],[11.206805,59.822015],[11.208242,59.822153],[11.208656,59.822208],[11.208962,59.822257],[11.209596,59.822399],[11.209958,59.822456],[11.210962,59.822538],[11.211621,59.822518],[11.211924,59.822522],[11.212244,59.822498],[11.212864,59.822425],[11.213322,59.822346],[11.213497,59.822289],[11.213653,59.822223],[11.213976,59.821966],[11.214026,59.821912],[11.214104,59.82174],[11.214081,59.821668]]}},{"type":"Feature","properties":{"dybde_m":4.0,"innsjonavn":"Øyeren"},"geometry":{"type":"LineString","coordinates":[[11.21974,59.82336],[11.219905,59.82342],[11.220154,59.823416],[11.220349,59.823368],[11.220417,59.823322],[11.220567,59.823167],[11.220693,59.822913],[11.220767,59.822678],[11.220866,59.822569],[11.220929,59.822442],[11.221263,59.822086],[11.221756,59.821718],[11.222205,59.821486],[11.222545,59.821247],[11.22266,59.821083],[11.222704,59.82093],[11.222711,59.820499],[11.222794,59.820416],[11.222865,59.820406],[11.222901,59.820415],[11.22303,59.820475],[11.223109,59.820582],[11.223133,59.82068],[11.223117,59.820977],[11.223038,59.821131],[11.222923,59.821285],[11.222601,59.821551],[11.222379,59.82169],[11.222015,59.821858],[11.221483,59.822163],[11.221082,59.822592],[11.220938,59.822837],[11.220761,59.823397],[11.220681,59.82383],[11.220701,59.824117],[11.22054,59.824649],[11.220324,59.824896],[11.220119,59.825052],[11.219997,59.82509],[11.219821,59.82512],[11.219534,59.825098],[11.219406,59.825055],[11.21911,59.824898],[11.218998,59.824819],[11.21852,59.824324],[11.218203,59.824114],[11.217451,59.823812],[11.216587,59.823692],[11.216258,59.823581],[11.216093,59.823512],[11.21574,59.823293],[11.215585,59.823116],[11.215561,59.823027],[11.215672,59.822809],[11.215722,59.822754],[11.215911,59.822634],[11.216228,59.822566],[11.216458,59.822535],[11.217044,59.822499],[11.217236,59.822441],[11.217448,59.822411],[11.217779,59.822289],[11.218124,59.822103],[11.218628,59.821618],[11.218873,59.821021],[11.218894,59.820779],[11.218489,59.819793],[11.218577,59.819477],[11.218676,59.819367],[11.219073,59.819163],[11.219301,59.819096],[11.219477,59.819066],[11.219581,59.81902],[11.219802,59.818863],[11.219883,59.818736],[11.21991,59.818323],[11.219844,59.818126],[11.219209,59.816879],[11.219156,59.816359],[11.219213,59.816134],[11.219277,59.816034],[11.219362,59.81596],[11.219533,59.81585],[11.219725,59.815793],[11.220009,59.81577],[11.220459,59.815834],[11.220773,59.815999],[11.22109,59.816201],[11.22146,59.816662],[11.2216,59.816893],[11.221811,59.817383],[11.22185,59.817715],[11.221824,59.817868],[11.22107,59.819147],[11.2208,59.819377],[11.220284,59.819673],[11.219743,59.819861],[11.219605,59.819936],[11.219401,59.820083],[11.219235,59.820274],[11.219172,59.820392],[11.21907,59.82074],[11.219207,59.821483],[11.21921,59.821788],[11.219105,59.822104],[11.218962,59.822367],[11.218905,59.822593],[11.218913,59.82271],[11.218938,59.822817],[11.219016,59.822914],[11.219338,59.823188],[11.21974,59.82336]]}},{"type":"Feature","properties":{"dybde_m":5.0,"innsjonavn":"Øyeren"},"geometry":{"type":"LineString","coordinates":[[11.228798,59.815163],[11.228657,59.815183],[11.228544,59.815356],[11.228587,59.815472],[11.228836,59.815728],[11.228882,59.81588],[11.228871,59.815979],[11.228794,59.81616],[11.228534,59.816569],[11.228253,59.816897],[11.22806,59.817215],[11.227999,59.817368],[11.227751,59.81766],[11.227597,59.81777],[11.227245,59.818109],[11.227135,59.818326],[11.227173,59.81864],[11.227273,59.8188],[11.227366,59.818852],[11.227491,59.818859],[11.227631,59.818821],[11.227986,59.818518],[11.22866,59.818193],[11.229339,59.817687],[11.229644,59.817421],[11.229743,59.817312],[11.229936,59.816985],[11.229938,59.816482],[11.229826,59.816125],[11.229603,59.815724],[11.229523,59.8156],[11.229296,59.815397],[11.22887,59.815171],[11.228798,59.815163]]}},{"type":"Feature","properties":{"dybde_m":5.0,"innsjonavn":"Øyeren"},"geometry":{"type":"LineString","coordinates":[[11.232999,59.812352],[11.232877,59.81239],[11.232809,59.812445],[11.232816,59.812544],[11.232934,59.812712],[11.233084,59.812827],[11.233371,59.813118],[11.233598,59.813303],[11.233697,59.813463],[11.233802,59.813713],[11.233864,59.814098],[11.233904,59.814169],[11.233961,59.814222],[11.234108,59.814282],[11.234287,59.814297],[11.234411,59.814286],[11.234499,59.814267],[11.234702,59.814102],[11.234762,59.81393],[11.234746,59.813697],[11.234607,59.813484],[11.234245,59.813121],[11.233924,59.812848],[11.233405,59.812552],[11.233255,59.812447],[11.233126,59.812386],[11.232999,59.812352]]}},{"type":"Feature","properties":{"dybde_m":5.0,"innsjonavn":"Øyeren"},"geometry":{"type":"LineString","coordinates":[[11.231556,59.812116],[11.231471,59.81218],[11.231344,59.812407],[11.231269,59.812615],[11.231071,59.812861],[11.231025,59.812969],[11.230941,59.813052],[11.230497,59.813347],[11.230272,59.81344],[11.229975,59.813535],[11.229854,59.8136],[11.229806,59.813682],[11.2299,59.813743],[11.229991,59.813777],[11.230185,59.813747],[11.230589,59.81365],[11.231041,59.813472],[11.231157,59.813344],[11.231384,59.812739],[11.231672,59.81224],[11.231684,59.812159],[11.231628,59.812124],[11.231556,59.812116]]}},{"type":"Feature","properties":{"dybde_m":5.0,"innsjonavn":"Øyeren"},"geometry":{"type":"LineString","coordinates":[[11.235831,59.807507],[11.235582,59.807511],[11.235423,59.807541],[11.235162,59.807635],[11.235024,59.807709],[11.234806,59.807911],[11.234642,59.808129],[11.23458,59.808265],[11.234537,59.808418],[11.234545,59.808813],[11.234634,59.809072],[11.234769,59.809232],[11.235092,59.809523],[11.235242,59.809628],[11.235797,59.809933],[11.236126,59.810044],[11.236378,59.810085],[11.236644,59.810062],[11.236908,59.810004],[11.237011,59.809948],[11.237078,59.809884],[11.23724,59.809648],[11.23741,59.80925],[11.237492,59.809141],[11.237594,59.809067],[11.237694,59.808958],[11.237704,59.80885],[11.237677,59.808715],[11.237583,59.808645],[11.237326,59.808524],[11.237158,59.808419],[11.236807,59.807976],[11.236619,59.807826],[11.23647,59.80773],[11.23612,59.807565],[11.235831,59.807507]]}},{"type":"Feature","properties":{"dybde_m":1.0,"innsjonavn":"Øyeren"},"geometry":{"type":"LineString","coordinates":[[11.209221,59.840668],[11.209406,59.840673],[11.209537,59.840779],[11.209578,59.840877],[11.209505,59.841193],[11.209403,59.841298],[11.209305,59.841488],[11.209165,59.841877],[11.209189,59.842016],[11.209282,59.842086],[11.209374,59.842129],[11.209518,59.842136],[11.209712,59.842106],[11.210204,59.841922],[11.211018,59.841392],[11.212011,59.840553],[11.212194,59.840308],[11.213031,59.839589],[11.213281,59.83927],[11.213291,59.839117],[11.213179,59.839047],[11.213015,59.838996],[11.212766,59.839],[11.212661,59.839038],[11.21236,59.839097],[11.212147,59.839118],[11.211821,59.839061],[11.211693,59.839009],[11.21156,59.838877],[11.211588,59.838723],[11.21162,59.838665],[11.211877,59.838472],[11.212051,59.838388],[11.212174,59.83835],[11.212797,59.838294],[11.213011,59.838291],[11.213155,59.838306],[11.213483,59.838409],[11.213611,59.838451],[11.213684,59.838495],[11.213817,59.838619],[11.213884,59.83886],[11.213947,59.839331],[11.214004,59.839384],[11.214277,59.839487],[11.214563,59.839482],[11.214792,59.839433],[11.215073,59.839321],[11.215749,59.838963],[11.216285,59.83864],[11.216583,59.838545],[11.217306,59.83838],[11.217689,59.83823],[11.217862,59.838115],[11.218366,59.837891],[11.218547,59.837645],[11.21856,59.837573],[11.218538,59.837511],[11.21824,59.837318],[11.218203,59.837274],[11.218251,59.837192],[11.218519,59.836936],[11.218882,59.836732],[11.219221,59.836466],[11.219703,59.836197],[11.221427,59.835324],[11.221734,59.83513],[11.222362,59.834661],[11.222572,59.834604],[11.222768,59.834592],[11.222909,59.834562],[11.223013,59.834525],[11.223042,59.834416],[11.223143,59.834334],[11.223521,59.834112],[11.223719,59.834023],[11.224028,59.833942],[11.224321,59.833896],[11.224422,59.833895],[11.225027,59.83397],[11.225316,59.833938],[11.225452,59.8339],[11.225537,59.833835],[11.225599,59.83369],[11.225749,59.833535],[11.22599,59.833405],[11.22604,59.833342],[11.226115,59.833143],[11.226201,59.833087],[11.22657,59.833009],[11.226655,59.832936],[11.22676,59.832907],[11.22722,59.832855],[11.227551,59.832705],[11.227791,59.832557],[11.228075,59.832274],[11.228173,59.832138],[11.228185,59.832048],[11.228249,59.831939],[11.228251,59.831705],[11.228218,59.831472],[11.228519,59.831171],[11.228592,59.830936],[11.228565,59.830802],[11.228381,59.830706],[11.228359,59.830643],[11.228356,59.830329],[11.228402,59.830221],[11.228359,59.830122],[11.228463,59.829788],[11.228803,59.829271],[11.228918,59.829116],[11.229035,59.829006],[11.229115,59.828861],[11.229234,59.828769],[11.22946,59.828685],[11.229562,59.828611],[11.229946,59.828209],[11.230077,59.828036],[11.230351,59.827843],[11.230451,59.827787],[11.230603,59.82774],[11.231035,59.827625],[11.231227,59.827595],[11.231759,59.827608],[11.232058,59.827661],[11.232291,59.82768],[11.232565,59.827648],[11.232781,59.827487],[11.233084,59.827361],[11.23315,59.827288],[11.233195,59.827153],[11.233329,59.827024],[11.234136,59.826822],[11.234418,59.826772],[11.234818,59.826608],[11.235069,59.826595],[11.235717,59.826449],[11.236071,59.826421],[11.236408,59.826527],[11.236584,59.826538],[11.236766,59.826494],[11.237051,59.826373],[11.237222,59.826289],[11.237289,59.826234],[11.237322,59.82618],[11.237338,59.826058],[11.237136,59.825796],[11.237053,59.825618],[11.236976,59.825539],[11.236865,59.825487],[11.236685,59.825445],[11.236574,59.825375],[11.236416,59.825153],[11.236374,59.825055],[11.236383,59.824929],[11.236308,59.824867],[11.236265,59.82476],[11.236131,59.824628],[11.235945,59.824514],[11.235919,59.824398],[11.235971,59.824361],[11.235908,59.824227],[11.235681,59.824034],[11.235621,59.823936],[11.23561,59.823756],[11.235638,59.823648],[11.235688,59.823584],[11.235584,59.823371],[11.235369,59.823087],[11.23528,59.822828],[11.235285,59.822639],[11.23538,59.822449],[11.235724,59.822003],[11.236021,59.821881],[11.236121,59.821789],[11.23631,59.821409],[11.236416,59.821129],[11.236583,59.820964],[11.236615,59.820901],[11.236593,59.820847],[11.236656,59.820711],[11.236892,59.820501],[11.237247,59.820468],[11.237369,59.820421],[11.237579,59.820094],[11.237506,59.819808],[11.23759,59.819734],[11.237638,59.819653],[11.237554,59.819196],[11.23768,59.818951],[11.237852,59.818832],[11.237958,59.818551],[11.238181,59.818413],[11.238262,59.818304],[11.238344,59.817929],[11.238393,59.817866],[11.238496,59.817792],[11.238634,59.817727],[11.239247,59.817555],[11.239689,59.817493],[11.239829,59.817455],[11.239931,59.81739],[11.240143,59.81736],[11.240546,59.817254],[11.240876,59.817114],[11.24158,59.816716],[11.241821,59.816577],[11.241932,59.816368],[11.242029,59.815944],[11.242132,59.81588],[11.242165,59.815834],[11.242268,59.815779],[11.242398,59.815588],[11.242435,59.815344],[11.242373,59.815229],[11.242377,59.814744],[11.242319,59.814682],[11.24206,59.814524],[11.242018,59.814435],[11.242017,59.814157],[11.241903,59.814042],[11.241885,59.813782],[11.241978,59.813304],[11.242097,59.812952],[11.242135,59.812727],[11.242327,59.812391],[11.242371,59.812255],[11.242159,59.811738],[11.242167,59.811594],[11.242053,59.811488],[11.242011,59.81139],[11.241641,59.811199],[11.241399,59.81105],[11.240836,59.810898],[11.240535,59.810652],[11.240091,59.810426],[11.240015,59.810355],[11.240012,59.810301],[11.239918,59.81024],[11.239793,59.810233],[11.239581,59.810255],[11.239401,59.810231],[11.239255,59.810189],[11.239085,59.810048],[11.238853,59.810034],[11.23878,59.809999],[11.23874,59.809937],[11.238772,59.809882],[11.238982,59.809825],[11.239051,59.809788],[11.23916,59.809561],[11.239243,59.809479],[11.239435,59.809413],[11.239632,59.809428],[11.239685,59.809418],[11.239802,59.809299],[11.239957,59.809215],[11.240054,59.809079],[11.240016,59.809035],[11.23998,59.809026],[11.239872,59.809019],[11.239695,59.80904],[11.239622,59.809015],[11.239584,59.80897],[11.23958,59.808916],[11.239678,59.80878],[11.239975,59.808685],[11.240008,59.808658],[11.240022,59.808603],[11.239946,59.808254],[11.240024,59.808091],[11.240173,59.807927],[11.240146,59.807784],[11.240089,59.80774],[11.240101,59.80765],[11.240192,59.807406],[11.240428,59.806935],[11.240386,59.806846],[11.240427,59.806656],[11.240579,59.806537],[11.240756,59.806516],[11.240861,59.806487],[11.241084,59.806349],[11.241154,59.80633],[11.241315,59.806345],[11.241546,59.806332],[11.241668,59.806285]]}},{"type":"Feature","properties":{"dybde_m":5.0,"innsjonavn":"Øyeren"},"geometry":{"type":"LineString","coordinates":[[11.232435,59.806056],[11.232243,59.806122],[11.232114,59.806322],[11.23207,59.806457],[11.231988,59.806575],[11.231884,59.807143],[11.231791,59.807351],[11.23143,59.807824],[11.231248,59.808016],[11.230994,59.808218],[11.23065,59.808682],[11.230394,59.809378],[11.230447,59.809647],[11.230612,59.809985],[11.230842,59.810215],[11.231142,59.810443],[11.231394,59.810493],[11.231517,59.810464],[11.231638,59.810408],[11.23174,59.810325],[11.231787,59.810226],[11.231966,59.809693],[11.232054,59.809134],[11.23217,59.808755],[11.232331,59.808492],[11.232869,59.808015],[11.232985,59.807879],[11.233031,59.80777],[11.233104,59.807257],[11.233102,59.8067],[11.232893,59.806237],[11.232762,59.806149],[11.232615,59.806079],[11.232435,59.806056]]}},{"type":"Feature","properties":{"dybde_m":1.0,"innsjonavn":"Øyeren"},"geometry":{"type":"LineString","coordinates":[[11.207322,59.800371],[11.20718,59.800374],[11.207022,59.800412],[11.20697,59.80044],[11.206923,59.80054],[11.207002,59.800655],[11.207188,59.80076],[11.207462,59.800863],[11.207717,59.80093],[11.208337,59.801145],[11.2085,59.801178],[11.20884,59.801199],[11.209016,59.80116],[11.209084,59.801105],[11.209146,59.800978],[11.209012,59.800837],[11.208787,59.800661],[11.20862,59.800574],[11.208039,59.800422],[11.207859,59.800398],[11.207322,59.800371]]}},{"type":"Feature","properties":{"dybde_m":3.0,"innsjonavn":"Øyeren"},"geometry":{"type":"LineString","coordinates":[[11.214081,59.821668],[11.214054,59.821534],[11.213914,59.821303],[11.213461,59.820919],[11.212973,59.820541],[11.21278,59.82032],[11.212639,59.819819],[11.212646,59.819658],[11.21273,59.819288],[11.212975,59.818682],[11.213605,59.817935],[11.213756,59.817798],[11.214032,59.817649],[11.214167,59.817539],[11.214397,59.817239],[11.214454,59.817004],[11.214384,59.816763],[11.214285,59.816612],[11.213924,59.816277],[11.213597,59.815923],[11.213314,59.815694],[11.213234,59.815561],[11.213045,59.814863],[11.213065,59.81462],[11.213182,59.814223],[11.213354,59.813852],[11.213467,59.81367],[11.213647,59.813434],[11.214005,59.813176],[11.214274,59.812938],[11.214431,59.812882],[11.214696,59.812823],[11.214855,59.812812],[11.215178,59.812842],[11.215397,59.812919],[11.215512,59.813025],[11.215692,59.813327],[11.215748,59.813632],[11.215781,59.814152],[11.215852,59.814412],[11.216121,59.814964],[11.216214,59.815295],[11.21621,59.816319],[11.216138,59.81659],[11.216144,59.816949],[11.216176,59.817155],[11.216301,59.817422],[11.216415,59.817528],[11.216566,59.81766],[11.216768,59.817738],[11.216935,59.817834],[11.217062,59.817877],[11.217369,59.817925],[11.217581,59.817904],[11.217773,59.817838],[11.217942,59.817691],[11.218022,59.817555],[11.218063,59.817105],[11.218031,59.81689],[11.218042,59.816764],[11.218118,59.816574],[11.218242,59.816294],[11.218342,59.816175],[11.218404,59.816039],[11.218504,59.81593],[11.218808,59.815682],[11.219241,59.815486],[11.219364,59.815457],[11.21972,59.815433],[11.220097,59.815472],[11.220606,59.815616],[11.220808,59.815693],[11.221029,59.815807],[11.221573,59.816219],[11.22235,59.817167],[11.222473,59.817417],[11.223172,59.818285],[11.223623,59.818898],[11.223946,59.819216],[11.224171,59.819382],[11.224577,59.819582],[11.224866,59.819631],[11.225168,59.819608],[11.225307,59.819561],[11.22541,59.819505],[11.225495,59.819432],[11.225543,59.81935],[11.225644,59.819268],[11.226059,59.818515],[11.226118,59.817787],[11.22585,59.816974],[11.225565,59.816439],[11.225199,59.816014],[11.224765,59.815662],[11.22417,59.815295],[11.223719,59.814953],[11.223386,59.81477],[11.223175,59.814549],[11.222724,59.813918],[11.222686,59.813614],[11.222713,59.813218],[11.222672,59.812608],[11.222636,59.812339],[11.222485,59.811937],[11.222434,59.811704],[11.222253,59.811402],[11.222137,59.811269],[11.222005,59.811155],[11.221669,59.810927],[11.221354,59.810753],[11.220784,59.810502],[11.220199,59.810287],[11.219399,59.810058],[11.218928,59.80994],[11.218421,59.809832],[11.214213,59.809041],[11.213525,59.80889],[11.212249,59.808472],[11.210565,59.807835],[11.21013,59.807717],[11.209624,59.807618],[11.209209,59.807562],[11.208206,59.807498],[11.207815,59.807513],[11.206972,59.807446],[11.206249,59.807315],[11.205542,59.807138],[11.205233,59.807045],[11.205011,59.806931],[11.204393,59.806484],[11.204106,59.806201],[11.20388,59.806016],[11.203507,59.805771],[11.203324,59.805702],[11.203029,59.805545],[11.202717,59.805416],[11.202362,59.805188],[11.20209,59.804851],[11.201966,59.804593],[11.201884,59.804163],[11.201882,59.803858],[11.201942,59.803677],[11.202366,59.803086],[11.202446,59.802941],[11.202521,59.802733],[11.20247,59.802501],[11.202516,59.802392],[11.202684,59.802228],[11.202943,59.802097],[11.203295,59.802038],[11.203491,59.802034],[11.203849,59.802055],[11.204299,59.80212],[11.204807,59.802237],[11.205409,59.802442],[11.20563,59.802546],[11.20594,59.802649],[11.207171,59.803194],[11.207919,59.803442],[11.208483,59.803603],[11.208863,59.803678],[11.20953,59.803801],[11.210196,59.803889],[11.211376,59.803923],[11.211625,59.80391],[11.212438,59.803797],[11.212821,59.803665],[11.213095,59.803499],[11.21328,59.803325],[11.213378,59.803198],[11.213454,59.80299],[11.213464,59.802882],[11.213414,59.802658],[11.213238,59.802428],[11.212823,59.802102],[11.212436,59.801902],[11.212107,59.801791],[11.211136,59.801385],[11.210701,59.801033],[11.209954,59.800516],[11.20931,59.800212],[11.208638,59.800044],[11.208295,59.799987],[11.207703,59.799934],[11.20642,59.799946],[11.205647,59.79986],[11.205123,59.799743],[11.204684,59.799598],[11.2045,59.799511],[11.204278,59.799389],[11.203997,59.799187],[11.203497,59.798648],[11.203237,59.798481],[11.202192,59.79752],[11.202031,59.797253],[11.202006,59.797128]]}},{"type":"Feature","properties":{"dybde_m":5.0,"innsjonavn":"Øyeren"},"geometry":{"type":"LineString","coordinates":[[11.205447,59.79707],[11.205908,59.797359],[11.206423,59.797593],[11.206953,59.79779],[11.207246,59.797884],[11.208094,59.798032],[11.209163,59.798283],[11.20995,59.798584],[11.210281,59.79874],[11.210728,59.79902],[11.211638,59.799832],[11.212028,59.800077],[11.21227,59.800207],[11.21258,59.800319],[11.212912,59.800475],[11.213185,59.80056],[11.21371,59.800686],[11.214229,59.800713],[11.214442,59.800701],[11.214619,59.80068],[11.215093,59.800573],[11.215611,59.800322],[11.215787,59.800283],[11.215929,59.80028],[11.216091,59.800305],[11.21622,59.800356],[11.21633,59.800408],[11.2165,59.80054],[11.216597,59.800646],[11.216734,59.801111],[11.21673,59.801309],[11.216856,59.801594],[11.217169,59.80202],[11.217264,59.802108],[11.217675,59.802371],[11.21813,59.802507],[11.218328,59.802539],[11.218543,59.802554],[11.218863,59.802539],[11.219479,59.80243],[11.219636,59.802365],[11.220113,59.802042],[11.220281,59.801878],[11.220627,59.801468],[11.220951,59.801247],[11.221141,59.801163],[11.221317,59.801124],[11.221459,59.801112],[11.221585,59.801128],[11.221841,59.801223],[11.22282,59.801718],[11.223272,59.801818],[11.223559,59.801849],[11.224112,59.801849],[11.224395,59.801817],[11.22494,59.8017],[11.225446,59.801539],[11.225619,59.801455],[11.225993,59.801179],[11.226451,59.800588],[11.226546,59.800397],[11.226621,59.799929],[11.226493,59.799338],[11.226356,59.7989],[11.226275,59.798489],[11.226314,59.797742],[11.226577,59.797163],[11.226999,59.796707]]}},{"type":"Feature","properties":{"dybde_m":5.0,"innsjonavn":"Øyeren"},"geometry":{"type":"LineString","coordinates":[[11.238847,59.796506],[11.238927,59.796603],[11.239324,59.796929],[11.239992,59.797321],[11.24039,59.797674],[11.240468,59.79778],[11.24058,59.79812],[11.240505,59.798328],[11.240425,59.798464],[11.240398,59.79859],[11.240216,59.798782],[11.240078,59.798856],[11.239625,59.799007],[11.239501,59.799019],[11.239108,59.799007],[11.23828,59.799156],[11.238103,59.799168],[11.237994,59.799143],[11.237774,59.799057],[11.237673,59.79887],[11.237648,59.798763],[11.23769,59.798591],[11.237681,59.798196],[11.237589,59.797892],[11.237451,59.797706],[11.237132,59.797478],[11.236969,59.797427],[11.236806,59.797394],[11.236307,59.797393],[11.235958,59.797498],[11.235665,59.797647],[11.235242,59.797977],[11.234908,59.798315],[11.234195,59.798839],[11.233963,59.799095],[11.233734,59.799404],[11.233286,59.799897],[11.233042,59.800233],[11.232951,59.800468],[11.233023,59.800746],[11.233288,59.800984],[11.2337,59.801273],[11.234051,59.801465],[11.234216,59.801534],[11.234433,59.801575],[11.234935,59.801621],[11.235272,59.801588],[11.235523,59.80161],[11.235667,59.801635],[11.23594,59.801711],[11.2362,59.801868],[11.236465,59.802107],[11.236725,59.802255],[11.236816,59.80228],[11.237048,59.802285],[11.237531,59.802043],[11.237758,59.801968],[11.238092,59.801908],[11.238252,59.801896],[11.238575,59.801927],[11.23901,59.802036],[11.239178,59.802141],[11.239295,59.802292],[11.239421,59.802586],[11.239427,59.802927],[11.239382,59.803054],[11.239087,59.803445],[11.238802,59.803711],[11.238557,59.804029],[11.238338,59.804491],[11.238152,59.804638],[11.237908,59.804723],[11.237571,59.804747],[11.237219,59.804815],[11.23708,59.804872],[11.236892,59.804992],[11.236815,59.805173],[11.236713,59.805246],[11.236643,59.805265],[11.236554,59.805267],[11.236352,59.80519],[11.236306,59.805029],[11.236274,59.804814],[11.236317,59.804669],[11.236337,59.803905],[11.236312,59.803798],[11.236233,59.803674],[11.23616,59.803657],[11.23609,59.803676],[11.235917,59.803751],[11.235816,59.803833],[11.235746,59.803861],[11.235623,59.803881],[11.235389,59.803859],[11.23517,59.803781],[11.235095,59.803729],[11.235056,59.803667],[11.23497,59.803452],[11.235047,59.803271],[11.235086,59.803064],[11.234969,59.802904],[11.23475,59.802827],[11.234587,59.802794],[11.234265,59.802782],[11.233985,59.802849],[11.233742,59.802952],[11.233461,59.803011],[11.233336,59.803013],[11.23321,59.802997],[11.2331,59.802954],[11.233025,59.802902],[11.232813,59.802654],[11.232701,59.802584],[11.23261,59.802558],[11.232432,59.802552],[11.232169,59.80262],[11.231771,59.802806],[11.231688,59.802897],[11.231045,59.803411],[11.23065,59.803634],[11.230498,59.803753],[11.230306,59.803819],[11.230217,59.803812],[11.230127,59.803795],[11.230047,59.80368],[11.230137,59.803436],[11.230253,59.803308],[11.230301,59.803217],[11.230551,59.802961],[11.230972,59.802595],[11.231205,59.80234],[11.231281,59.802141],[11.231292,59.801772],[11.231263,59.801602],[11.231141,59.801397],[11.230998,59.800861],[11.230947,59.800368],[11.230972,59.800206],[11.23117,59.799699],[11.231382,59.799426],[11.23146,59.799254],[11.23167,59.798936],[11.23204,59.797816],[11.232458,59.797135],[11.232606,59.796953],[11.233012,59.796605]]}},{"type":"Feature","properties":{"dybde_m":3.0,"innsjonavn":"Øyeren"},"geometry":{"type":"LineString","coordinates":[[11.240718,59.796474],[11.240881,59.796767],[11.241029,59.796855],[11.241174,59.796888],[11.241248,59.796932],[11.241383,59.797082],[11.241388,59.797154],[11.241502,59.79726],[11.241722,59.797355],[11.241958,59.797414],[11.24205,59.797457],[11.242223,59.797643],[11.24219,59.797931],[11.2422,59.798083],[11.242268,59.798298],[11.242361,59.79888],[11.24246,59.799031],[11.242556,59.799128],[11.243084,59.799559],[11.243357,59.799896],[11.243463,59.800146],[11.24349,59.80028],[11.243553,59.800692],[11.243508,59.80081],[11.243505,59.801034],[11.24357,59.801213],[11.243731,59.80148],[11.244159,59.801751],[11.244276,59.801893],[11.244299,59.801973],[11.244203,59.802136],[11.244258,59.802405],[11.244225,59.80245],[11.244015,59.802508],[11.243809,59.802619],[11.243745,59.802737],[11.24378,59.802988],[11.243856,59.803068],[11.243861,59.80313],[11.244198,59.803367],[11.244355,59.803589],[11.244333,59.803796],[11.244066,59.804331],[11.243983,59.804413],[11.243897,59.80445],[11.243576,59.804456],[11.24333,59.804496],[11.243102,59.804563],[11.243034,59.8046],[11.242684,59.804965],[11.24234,59.80515],[11.24206,59.805236],[11.24189,59.805356],[11.241842,59.805446],[11.241792,59.805762],[11.241743,59.805834],[11.241543,59.806026],[11.241336,59.80612],[11.241123,59.806141],[11.240851,59.806065],[11.240775,59.806004],[11.240696,59.805879],[11.240453,59.805713],[11.240306,59.805652],[11.240127,59.805646],[11.240003,59.805648],[11.239792,59.805697],[11.239707,59.805761],[11.239479,59.80608],[11.239288,59.806164],[11.238985,59.80616],[11.238732,59.806119],[11.238533,59.806069],[11.238441,59.806034],[11.238051,59.805789],[11.237904,59.805738],[11.237688,59.805706],[11.237583,59.805726],[11.237444,59.805791],[11.237382,59.805927],[11.237391,59.806052],[11.237342,59.806125],[11.237027,59.806211],[11.236688,59.80619],[11.236489,59.806148],[11.236343,59.806097],[11.236213,59.806027],[11.235888,59.8057],[11.23577,59.805532],[11.235708,59.805425],[11.235574,59.805023],[11.235674,59.804644],[11.235665,59.804519],[11.235564,59.804341],[11.235471,59.804279],[11.23538,59.804245],[11.235183,59.80423],[11.235019,59.804188],[11.234708,59.804068],[11.23456,59.803989],[11.234352,59.803804],[11.234286,59.803617],[11.23408,59.803477],[11.233884,59.803471],[11.233778,59.803491],[11.233504,59.803657],[11.233203,59.803689],[11.23306,59.803683],[11.232823,59.803615],[11.232698,59.803608],[11.23257,59.803556],[11.232496,59.803512],[11.232417,59.803406],[11.232304,59.803309],[11.232193,59.803248],[11.232085,59.803232],[11.231907,59.803235],[11.231769,59.803318],[11.23172,59.803373],[11.231638,59.803482],[11.231626,59.803572],[11.231364,59.803909],[11.230926,59.804285],[11.229695,59.805078],[11.229111,59.805672],[11.228752,59.806172],[11.228627,59.806444],[11.228572,59.806687],[11.228556,59.807226],[11.228598,59.807324],[11.228713,59.807439],[11.228956,59.807606],[11.229212,59.807709],[11.229611,59.807801],[11.229789,59.807807],[11.230358,59.807771],[11.230535,59.80775],[11.230833,59.807682],[11.230936,59.807635],[11.231192,59.80746],[11.231306,59.807305],[11.2314,59.807106],[11.231522,59.806808],[11.231667,59.806302],[11.231821,59.805401],[11.232133,59.804731],[11.232297,59.804522],[11.232655,59.804273],[11.233107,59.804122],[11.23323,59.804102],[11.233715,59.804147],[11.234007,59.80425],[11.234182,59.804463],[11.234156,59.804607],[11.233789,59.804973],[11.233726,59.805099],[11.233699,59.805226],[11.233758,59.805575],[11.233915,59.805788],[11.234331,59.80614],[11.234759,59.806411],[11.235426,59.806786],[11.235665,59.806899],[11.236661,59.807116],[11.236915,59.807192],[11.237249,59.807375],[11.237325,59.807446],[11.237372,59.807625],[11.237452,59.807749],[11.237643,59.807943],[11.237735,59.807978],[11.237952,59.808028],[11.238096,59.808043],[11.238395,59.807975],[11.238601,59.807864],[11.238774,59.807798],[11.239128,59.807765],[11.239236,59.807782],[11.239401,59.807842],[11.239521,59.808046],[11.239545,59.808136],[11.239459,59.808442],[11.239378,59.80857],[11.239228,59.808716],[11.239039,59.808809],[11.238657,59.808959],[11.238502,59.809052],[11.238402,59.809152],[11.238242,59.809424],[11.237978,59.809743],[11.237948,59.809825],[11.237975,59.809968],[11.23811,59.810118],[11.238576,59.810425],[11.238669,59.810468],[11.238764,59.810556],[11.239079,59.811018],[11.239148,59.81125],[11.239646,59.811763],[11.239735,59.812031],[11.239722,59.812633],[11.239607,59.812779],[11.239584,59.812959],[11.23934,59.813313],[11.239315,59.813475],[11.239074,59.813866],[11.238964,59.81411],[11.238877,59.814399],[11.238944,59.814874],[11.23925,59.815704],[11.239322,59.816008],[11.239296,59.816144],[11.239029,59.816687],[11.238375,59.8173],[11.238228,59.817518],[11.238115,59.81796],[11.238022,59.818177],[11.237957,59.818268],[11.237786,59.818384],[11.237473,59.818506],[11.237268,59.818644],[11.237083,59.818809],[11.236946,59.818883],[11.236686,59.818995],[11.236562,59.819015],[11.236222,59.818994],[11.236093,59.818942],[11.235871,59.818811],[11.235793,59.818723],[11.235551,59.8183],[11.23538,59.81815],[11.23518,59.818091],[11.235073,59.818075],[11.234967,59.818086],[11.234773,59.818143],[11.234587,59.81829],[11.234303,59.818851],[11.234205,59.818983],[11.23412,59.819048],[11.234033,59.819076],[11.233853,59.819052],[11.23376,59.818995],[11.233642,59.818836],[11.2336,59.818738],[11.233586,59.818522],[11.23389,59.817457],[11.233774,59.817324],[11.233631,59.817318],[11.233543,59.817328],[11.233474,59.817365],[11.233392,59.817475],[11.233381,59.817583]]}},{"type":"Feature","properties":{"dybde_m":1.0,"innsjonavn":"Øyeren"},"geometry":{"type":"LineString","coordinates":[[11.241668,59.806285],[11.241795,59.806058],[11.241898,59.806011],[11.242031,59.805865],[11.242167,59.805764],[11.242085,59.805604],[11.242112,59.805478],[11.242209,59.805332],[11.242261,59.805305],[11.242472,59.805265],[11.242571,59.805147],[11.242745,59.805081],[11.243135,59.804778],[11.243218,59.804686],[11.243339,59.804639],[11.243636,59.804585],[11.244129,59.804594],[11.244222,59.804588],[11.244306,59.80456],[11.244349,59.80451],[11.244358,59.804164],[11.24439,59.8041],[11.24451,59.804035],[11.244649,59.803988],[11.244738,59.803978],[11.244848,59.804021],[11.244923,59.804073],[11.2451,59.804061],[11.2453,59.80386],[11.245323,59.803662],[11.24523,59.803601],[11.244975,59.803264],[11.244755,59.803169],[11.244175,59.803026],[11.243987,59.802886],[11.243964,59.802805],[11.24408,59.802677],[11.244167,59.802649],[11.244361,59.802619],[11.244759,59.802702],[11.244954,59.80268],[11.245036,59.802598],[11.244995,59.802509],[11.244938,59.802456],[11.244675,59.802263],[11.244634,59.802192],[11.24466,59.802039],[11.244764,59.801992],[11.244888,59.801981],[11.245104,59.802013],[11.245213,59.802047],[11.245283,59.802028],[11.245328,59.801893],[11.245274,59.801633],[11.245195,59.801509],[11.24498,59.801494],[11.244912,59.80154],[11.244772,59.801588],[11.244287,59.801533],[11.244196,59.801499],[11.243802,59.801209],[11.243713,59.800941],[11.243831,59.80058],[11.24399,59.80029],[11.24408,59.800063],[11.244301,59.799898],[11.244459,59.799868],[11.24451,59.799831],[11.24452,59.799706],[11.244308,59.799467],[11.243979,59.799347],[11.243846,59.799232],[11.243667,59.798957],[11.243553,59.798851],[11.243528,59.798743],[11.243452,59.798673],[11.243323,59.798612],[11.242922,59.798475],[11.242719,59.79838],[11.242569,59.798266],[11.242357,59.798036],[11.242316,59.797956],[11.242328,59.797866],[11.242424,59.79772],[11.242444,59.797486],[11.24253,59.797431],[11.242545,59.797395],[11.242506,59.797342],[11.242396,59.797298],[11.242234,59.797274],[11.242019,59.797269],[11.241856,59.797218],[11.241708,59.797148],[11.241578,59.797061],[11.241531,59.7969],[11.241559,59.796783],[11.241463,59.796677],[11.241373,59.796669],[11.241269,59.796707],[11.241162,59.796709],[11.241089,59.796692],[11.24092,59.79656],[11.240896,59.796471]]}},{"type":"Feature","properties":{"dybde_m":4.0,"innsjonavn":"Øyeren"},"geometry":{"type":"LineString","coordinates":[[11.231763,59.796612],[11.232125,59.79591],[11.232272,59.795441],[11.232534,59.794304],[11.232506,59.793892],[11.232537,59.793568],[11.232581,59.793423],[11.232793,59.793132],[11.233119,59.792938],[11.233449,59.792816],[11.233784,59.792765],[11.23391,59.792772],[11.233964,59.792789],[11.234079,59.792904],[11.234121,59.793002],[11.233992,59.793471],[11.233871,59.793797],[11.233746,59.794032],[11.233614,59.794466],[11.233438,59.794765],[11.233306,59.795189],[11.23327,59.795693],[11.233188,59.796072],[11.232973,59.796327],[11.232772,59.79651],[11.232465,59.796735],[11.232376,59.796903],[11.232175,59.797095],[11.232029,59.797187],[11.231918,59.797203],[11.231723,59.797121],[11.231676,59.796991],[11.231763,59.796612]]}},{"type":"Feature","properties":{"dybde_m":5.0,"innsjonavn":"Øyeren"},"geometry":{"type":"LineString","coordinates":[[11.233012,59.796605],[11.233111,59.796513],[11.233322,59.796213],[11.233385,59.796086],[11.233418,59.79578],[11.233379,59.795458],[11.23343,59.795169],[11.233707,59.794518],[11.23385,59.794255],[11.234204,59.79371],[11.2348,59.793026],[11.234897,59.792881],[11.234984,59.792601],[11.235162,59.792328],[11.235349,59.792181],[11.235532,59.791999],[11.235577,59.791872],[11.235586,59.791737],[11.235508,59.791631],[11.235382,59.791615],[11.235204,59.791618],[11.234992,59.791649],[11.234103,59.791951],[11.233875,59.792],[11.23361,59.79204],[11.232347,59.79208],[11.231779,59.792116],[11.231464,59.792202],[11.231309,59.792259],[11.231154,59.792342],[11.230935,59.792535],[11.230853,59.792644],[11.230776,59.792825],[11.230679,59.79324],[11.230376,59.793748],[11.229993,59.794159],[11.228017,59.795782],[11.227193,59.796506],[11.226999,59.796707]]}},{"type":"Feature","properties":{"dybde_m":5.0,"innsjonavn":"Øyeren"},"geometry":{"type":"LineString","coordinates":[[11.238847,59.796506],[11.23869,59.796266],[11.23869,59.795996],[11.238747,59.795789],[11.23891,59.795561],[11.238937,59.795435],[11.23889,59.795005],[11.238613,59.794605],[11.238588,59.794498],[11.238602,59.794165],[11.238514,59.793655],[11.238522,59.79352],[11.238478,59.793395],[11.238336,59.793146],[11.238204,59.79304],[11.238026,59.792774],[11.237958,59.792559],[11.237998,59.792352],[11.238196,59.791872],[11.238554,59.791354],[11.238637,59.791272],[11.238775,59.791193],[11.239263,59.791041],[11.239624,59.790856],[11.239706,59.790746],[11.239718,59.790665],[11.239677,59.790576],[11.239415,59.790401],[11.239104,59.790281],[11.238996,59.790264],[11.238889,59.790257],[11.238555,59.790335],[11.238379,59.790356],[11.237952,59.790372],[11.237349,59.790418],[11.237206,59.790412],[11.237083,59.790423],[11.236958,59.790411],[11.236904,59.790403],[11.236847,59.790359],[11.236768,59.790257],[11.236797,59.790158],[11.236862,59.790067],[11.236902,59.78986],[11.236822,59.789735],[11.236556,59.789488],[11.236401,59.789293],[11.236338,59.78916],[11.236476,59.788825],[11.236543,59.78877],[11.236646,59.788723],[11.236944,59.788646],[11.237046,59.788573],[11.237058,59.788483],[11.236999,59.788403]]}},{"type":"Feature","properties":{"dybde_m":3.0,"innsjonavn":"Øyeren"},"geometry":{"type":"LineString","coordinates":[[11.237323,59.788357],[11.237198,59.788705],[11.23706,59.788779],[11.236779,59.788847],[11.236696,59.78892],[11.2366,59.789083],[11.236609,59.789218],[11.2368,59.789403],[11.237139,59.789676],[11.237216,59.789765],[11.237238,59.789827],[11.237084,59.790189],[11.237088,59.790243],[11.237145,59.790296],[11.237254,59.79033],[11.238336,59.790249],[11.238459,59.79022],[11.238677,59.790131],[11.238956,59.790063],[11.239199,59.790032],[11.239391,59.790042],[11.240035,59.790345],[11.240205,59.790477],[11.240324,59.790655],[11.240331,59.790772],[11.240282,59.790835],[11.240078,59.790983],[11.239784,59.791095],[11.239051,59.791328],[11.238967,59.791401],[11.238552,59.792127],[11.238549,59.792325],[11.238481,59.792389],[11.238453,59.792488],[11.238517,59.792658],[11.238782,59.792878],[11.238996,59.793152],[11.239178,59.793473],[11.239272,59.793552],[11.239568,59.7937],[11.239921,59.793918],[11.239949,59.794052],[11.239935,59.794116],[11.239853,59.794225],[11.239881,59.794377],[11.240127,59.794588],[11.240239,59.794658],[11.240624,59.794822],[11.241043,59.794959],[11.241267,59.795099],[11.241346,59.795223],[11.241387,59.795303],[11.241232,59.795647],[11.240976,59.796056],[11.240743,59.796303],[11.240718,59.796474]]}},{"type":"Feature","properties":{"dybde_m":10.0,"innsjonavn":"Øyeren"},"geometry":{"type":"LineString","coordinates":[[11.233372,59.788258],[11.232733,59.789603],[11.23259,59.789857],[11.232415,59.790435],[11.232239,59.790743],[11.232123,59.790871],[11.231782,59.791083],[11.231624,59.791131],[11.230815,59.791288],[11.230296,59.791522],[11.230179,59.791631],[11.230032,59.791832],[11.229745,59.792322],[11.229229,59.792869],[11.228889,59.793117],[11.22805,59.793626],[11.227724,59.793811],[11.227361,59.793988],[11.226594,59.794234],[11.225771,59.794464],[11.225158,59.7946],[11.224102,59.794806],[11.223577,59.794959],[11.223109,59.795156],[11.222903,59.795267],[11.222579,59.795488],[11.22236,59.79568],[11.222222,59.795755],[11.221506,59.795982],[11.221348,59.796012],[11.221152,59.796015],[11.220275,59.795967],[11.219718,59.795896],[11.218834,59.795731],[11.218028,59.795673],[11.217532,59.795726],[11.217304,59.795775],[11.21715,59.795876],[11.217105,59.796003],[11.2171,59.7962],[11.217002,59.796337],[11.216916,59.796383],[11.216776,59.796421],[11.216617,59.796442],[11.216243,59.796448],[11.215615,59.796387],[11.215083,59.796423],[11.214922,59.796417],[11.214546,59.796387],[11.214238,59.79632],[11.213965,59.796226],[11.213077,59.795765],[11.212601,59.795566],[11.212054,59.795378],[11.211781,59.795302],[11.210801,59.795058],[11.210169,59.794925],[11.209986,59.794865],[11.209633,59.794664],[11.209423,59.794452],[11.209382,59.794363],[11.209369,59.794166],[11.209601,59.79365],[11.210128,59.792994],[11.210353,59.792622],[11.21051,59.792053],[11.210482,59.791901],[11.210311,59.791473],[11.210175,59.791295],[11.209811,59.790942],[11.209439,59.790697],[11.209087,59.790496],[11.208126,59.79],[11.207756,59.789791],[11.207355,59.789385],[11.207061,59.788994],[11.206962,59.788583]]}},{"type":"Feature","properties":{"dybde_m":5.0,"innsjonavn":"Øyeren"},"geometry":{"type":"LineString","coordinates":[[11.205206,59.788433],[11.204925,59.78877],[11.204741,59.788952],[11.204535,59.789342],[11.204532,59.789567],[11.204644,59.789906],[11.204841,59.790181],[11.204831,59.790298],[11.204962,59.790934],[11.204959,59.791158],[11.204803,59.791763],[11.204711,59.79225],[11.204652,59.79243],[11.204455,59.792685],[11.204372,59.792785],[11.204217,59.79286],[11.203947,59.793089],[11.203815,59.793244],[11.203639,59.793552],[11.2036,59.793768],[11.203598,59.79402],[11.203459,59.794328],[11.203312,59.794528],[11.203237,59.794736],[11.203233,59.794942],[11.203246,59.79514],[11.203321,59.795471],[11.203462,59.79572],[11.203672,59.795923],[11.204216,59.796327],[11.205447,59.79707]]}},{"type":"Feature","properties":{"dybde_m":3.0,"innsjonavn":"Øyeren"},"geometry":{"type":"LineString","coordinates":[[11.205505,59.787044],[11.205398,59.787046],[11.205329,59.787074],[11.205231,59.787219],[11.20523,59.787462],[11.205186,59.787615],[11.205228,59.787705],[11.2053,59.787712],[11.205353,59.787711],[11.205509,59.787646],[11.205559,59.787591],[11.205624,59.7875],[11.205636,59.787401],[11.205698,59.787266],[11.205709,59.787157],[11.205669,59.787104],[11.205505,59.787044]]}},{"type":"Feature","properties":{"dybde_m":10.0,"innsjonavn":"Øyeren"},"geometry":{"type":"LineString","coordinates":[[11.206962,59.788583],[11.206966,59.788098],[11.207102,59.787736],[11.207244,59.787473],[11.207413,59.787057],[11.207439,59.786922],[11.207385,59.786644],[11.207489,59.786054],[11.207478,59.785893],[11.207237,59.785232],[11.207154,59.784784],[11.207138,59.784533],[11.206923,59.784249],[11.20657,59.784031],[11.206424,59.78397],[11.20626,59.783928],[11.205593,59.783804],[11.205394,59.783754],[11.205229,59.783694],[11.204951,59.783528],[11.204759,59.783315],[11.204704,59.783047],[11.204746,59.782597],[11.204966,59.781884],[11.205282,59.781276],[11.205612,59.780876],[11.206695,59.779744],[11.20694,59.779138],[11.207087,59.778938],[11.207403,59.7786],[11.208168,59.778039],[11.208514,59.77789],[11.208935,59.777793],[11.209634,59.777592],[11.209875,59.777462],[11.210096,59.777297],[11.210142,59.777188],[11.210136,59.777099],[11.21011,59.776964],[11.210031,59.776858],[11.209956,59.776787],[11.209346,59.776465],[11.209141,59.776325],[11.208576,59.775858],[11.208458,59.775699],[11.20845,59.775573],[11.208557,59.775302],[11.20854,59.775069],[11.208451,59.774792],[11.208517,59.774719],[11.208776,59.774597],[11.209107,59.774484],[11.209643,59.774349]]}},{"type":"Feature","properties":{"dybde_m":5.0,"innsjonavn":"Øyeren"},"geometry":{"type":"LineString","coordinates":[[11.209508,59.774298],[11.209399,59.774309],[11.209032,59.774431],[11.208698,59.774491],[11.208541,59.774547],[11.208153,59.774599],[11.208049,59.774646],[11.207947,59.774719],[11.207847,59.774829],[11.207839,59.774972],[11.207775,59.775081],[11.207637,59.775156],[11.207161,59.775226],[11.206837,59.775169],[11.2066,59.775092],[11.206387,59.775096],[11.20621,59.775126],[11.205777,59.775312],[11.205348,59.775562],[11.205251,59.775681],[11.205223,59.775807],[11.205263,59.776408],[11.205194,59.776715],[11.204923,59.777204],[11.204859,59.777304],[11.204636,59.777443],[11.204533,59.777498],[11.204358,59.777546],[11.204063,59.777668],[11.20396,59.777723],[11.203844,59.77786],[11.20372,59.778132],[11.203791,59.778409],[11.203742,59.778473],[11.203655,59.778771],[11.203663,59.778887],[11.203728,59.779066],[11.20393,59.779161],[11.204182,59.779193],[11.204394,59.779171],[11.204727,59.779085],[11.20503,59.779089],[11.20521,59.779122],[11.205554,59.779206],[11.205701,59.779266],[11.205834,59.779399],[11.205935,59.779577],[11.205929,59.779748],[11.205853,59.779937],[11.205805,59.780019],[11.205637,59.780175],[11.205155,59.780425],[11.204858,59.78052],[11.204647,59.78056],[11.204044,59.780597],[11.203868,59.780626],[11.203588,59.780712],[11.203173,59.780908],[11.203055,59.781008],[11.202791,59.781327],[11.202713,59.78149],[11.202702,59.781598],[11.202749,59.781768],[11.202917,59.781882],[11.202989,59.781899],[11.203168,59.781905],[11.203398,59.781883],[11.203596,59.781907],[11.20374,59.78194],[11.203943,59.782036],[11.204056,59.782132],[11.204171,59.782256],[11.204193,59.782319],[11.20416,59.782625],[11.204194,59.782876],[11.204432,59.783492],[11.204644,59.78373],[11.205277,59.784151],[11.205573,59.784308],[11.20578,59.784475],[11.205956,59.784715],[11.206082,59.785009],[11.206056,59.785153],[11.206078,59.785737],[11.206023,59.78598],[11.20594,59.786071],[11.205682,59.786219],[11.205561,59.786266],[11.205315,59.786324],[11.205191,59.786335],[11.204818,59.78636],[11.204533,59.786355],[11.204341,59.786421],[11.204241,59.786526],[11.204229,59.786607],[11.204287,59.786948],[11.204253,59.787245],[11.204141,59.787435],[11.20413,59.787543],[11.203997,59.78768],[11.203933,59.787789],[11.20389,59.787961],[11.203948,59.788031],[11.204163,59.788037],[11.204232,59.788009],[11.204471,59.787852],[11.20461,59.787787],[11.204728,59.787695],[11.204805,59.787514],[11.204808,59.787289],[11.204768,59.787218],[11.204756,59.787039],[11.204886,59.786848],[11.205058,59.786746],[11.205198,59.786708],[11.205552,59.786684],[11.205912,59.786732],[11.206117,59.786863],[11.20629,59.787058],[11.206261,59.787157],[11.206287,59.787274],[11.206214,59.787517],[11.205928,59.787783],[11.205714,59.788038],[11.205612,59.788111],[11.205387,59.788214],[11.205254,59.788351],[11.205206,59.788433]]}},{"type":"Feature","properties":{"dybde_m":3.0,"innsjonavn":"Øyeren"},"geometry":{"type":"LineString","coordinates":[[11.206034,59.774607],[11.206655,59.774579],[11.206937,59.774529],[11.207314,59.774568],[11.20765,59.774536],[11.207985,59.774476],[11.208212,59.774418],[11.208637,59.774384],[11.209039,59.774261],[11.209208,59.774181]]}},{"type":"Feature","properties":{"dybde_m":20.0,"innsjonavn":"Øyeren"},"geometry":{"type":"LineString","coordinates":[[11.239519,59.771625],[11.239408,59.771833],[11.239295,59.772275],[11.239196,59.772385],[11.23894,59.77256],[11.238802,59.772625],[11.238408,59.772865],[11.23787,59.773333],[11.237757,59.773514],[11.237492,59.773806],[11.236966,59.774722],[11.236717,59.775257],[11.23666,59.775473],[11.236357,59.77626],[11.236331,59.776404],[11.236324,59.776566],[11.2364,59.776906],[11.236484,59.777093],[11.236699,59.777377],[11.236782,59.777564],[11.236813,59.777743],[11.236802,59.777842],[11.236678,59.778123],[11.23658,59.77825],[11.236426,59.778343],[11.236247,59.778597],[11.23628,59.77883],[11.236412,59.778927],[11.236424,59.779106],[11.236362,59.779251],[11.236296,59.779333],[11.235969,59.7795],[11.235362,59.779744],[11.235155,59.779856],[11.234786,59.780176],[11.234604,59.780395],[11.23435,59.780848],[11.234153,59.781373],[11.234089,59.781751],[11.233912,59.782006],[11.233477,59.782444],[11.233412,59.782535],[11.233247,59.782978],[11.233217,59.78332],[11.233145,59.783573],[11.23313,59.783869],[11.233065,59.784239],[11.233066,59.784778],[11.232936,59.78602],[11.232704,59.787066],[11.232533,59.787446],[11.232447,59.787753],[11.232037,59.788537],[11.231876,59.7888],[11.23155,59.789246],[11.231168,59.789656],[11.230572,59.790062],[11.230174,59.790239],[11.229166,59.790616],[11.228657,59.790723],[11.227991,59.790905],[11.2275,59.791012],[11.226661,59.79126],[11.226208,59.791429],[11.225863,59.791597],[11.224424,59.792457],[11.223811,59.79288],[11.223621,59.792964],[11.222421,59.793407],[11.22091,59.793738],[11.219524,59.794066],[11.219315,59.794133],[11.218801,59.794186],[11.217379,59.794237],[11.216991,59.794307],[11.216638,59.794349],[11.215352,59.794586],[11.21475,59.794641],[11.213877,59.794647],[11.213393,59.79461],[11.213138,59.794551],[11.212664,59.79438],[11.212442,59.794258],[11.212095,59.793868],[11.211985,59.793565],[11.211964,59.79326],[11.21199,59.793115],[11.212378,59.792256],[11.212478,59.791877],[11.212504,59.791463],[11.21249,59.791257],[11.212336,59.790828],[11.212172,59.790507],[11.212094,59.790401],[11.211714,59.790075],[11.211046,59.789673],[11.210675,59.789473],[11.209483,59.788963],[11.208967,59.78872],[11.208664,59.788446],[11.20844,59.788028],[11.208439,59.787732],[11.208485,59.787632],[11.208583,59.787496],[11.20866,59.787315],[11.209003,59.78686],[11.209211,59.786497],[11.209366,59.786144],[11.209431,59.785788],[11.209426,59.785429],[11.20936,59.785259],[11.209318,59.784892],[11.209252,59.784704],[11.209092,59.784437],[11.208995,59.784322],[11.208636,59.784014],[11.208396,59.783883],[11.208042,59.783647],[11.20784,59.78356],[11.207474,59.783413],[11.206638,59.783167],[11.206436,59.78309],[11.206288,59.783011],[11.206174,59.782905],[11.206049,59.782638],[11.206082,59.782045],[11.20614,59.781855],[11.20625,59.781628],[11.20726,59.77995],[11.207896,59.779059],[11.208067,59.778939],[11.208268,59.778756],[11.208745,59.778425],[11.209901,59.777848],[11.210333,59.777652],[11.210588,59.777468],[11.210753,59.777268],[11.2108,59.777168],[11.210776,59.776809],[11.210699,59.776712],[11.21051,59.776544],[11.209883,59.776223],[11.209524,59.775914],[11.209495,59.775753],[11.209492,59.775178],[11.209557,59.774818],[11.209605,59.774745],[11.209776,59.774634],[11.210088,59.774517]]}},{"type":"Feature","properties":{"dybde_m":3.0,"innsjonavn":"Øyeren"},"geometry":{"type":"LineString","coordinates":[[11.202006,59.797128],[11.202012,59.796975],[11.201963,59.796769],[11.201836,59.796475],[11.201582,59.796129],[11.201452,59.795781],[11.201416,59.79526],[11.201434,59.794981],[11.201489,59.794729],[11.201567,59.794575],[11.201701,59.794438],[11.201769,59.794392],[11.202195,59.794201],[11.202527,59.793984],[11.202647,59.793865],[11.202958,59.793447],[11.203102,59.793018],[11.2033,59.792718],[11.203495,59.792598],[11.203726,59.792509],[11.203904,59.792402],[11.20403,59.792292],[11.204158,59.792133],[11.204295,59.791731],[11.204317,59.791075],[11.204245,59.790721],[11.204208,59.790349],[11.204142,59.790233],[11.203865,59.789933],[11.203687,59.789796],[11.203306,59.789551],[11.203129,59.789397],[11.203094,59.789326],[11.20301,59.78926],[11.202774,59.78912],[11.202572,59.788764],[11.202543,59.788585],[11.202566,59.788414],[11.202656,59.788161],[11.202769,59.787979],[11.203075,59.787759],[11.203436,59.787555],[11.203606,59.787426],[11.203685,59.787272],[11.203742,59.787065],[11.203617,59.786788],[11.203549,59.786291],[11.203574,59.786138],[11.203652,59.785966],[11.203754,59.785901],[11.203927,59.785835],[11.204051,59.785824],[11.20432,59.785829],[11.204698,59.785885],[11.205071,59.785861],[11.205193,59.785832],[11.20531,59.785731],[11.205323,59.78539],[11.20535,59.785255],[11.205458,59.784992],[11.205468,59.784875],[11.205426,59.784786],[11.205271,59.7846],[11.204956,59.784417],[11.204477,59.784173],[11.204102,59.783892],[11.203885,59.783581],[11.203594,59.783227],[11.203571,59.783156],[11.203606,59.782868],[11.203582,59.782778],[11.203486,59.782672],[11.203375,59.782611],[11.203193,59.782551],[11.202999,59.782581],[11.202828,59.782692],[11.202762,59.782774],[11.202723,59.78299],[11.202732,59.783134],[11.202844,59.783455],[11.203135,59.784097],[11.203259,59.784625],[11.203239,59.784859],[11.203175,59.784968],[11.203132,59.785121],[11.202742,59.785433],[11.202534,59.785787],[11.202346,59.785907],[11.202135,59.785946],[11.201921,59.78595],[11.201666,59.785864],[11.201554,59.785794],[11.20146,59.785706],[11.201303,59.785493],[11.201193,59.785172],[11.201162,59.784705],[11.201215,59.784435],[11.201279,59.784317],[11.20148,59.784125],[11.201992,59.783784],[11.202141,59.783602],[11.202202,59.783475],[11.20223,59.783358],[11.202222,59.783232],[11.202198,59.783143],[11.201977,59.78276],[11.201589,59.782282],[11.201057,59.781769],[11.20094,59.781619],[11.200833,59.781351],[11.200836,59.780848],[11.200944,59.780622],[11.201042,59.780485],[11.20126,59.780284],[11.201467,59.780173],[11.201571,59.780135],[11.201695,59.780115],[11.20244,59.780075],[11.202873,59.78001],[11.203008,59.779963],[11.203619,59.779656],[11.203673,59.779579],[11.203677,59.779498],[11.203437,59.779143],[11.203243,59.778517],[11.202931,59.77784],[11.202871,59.77767],[11.202858,59.777324],[11.202879,59.777194],[11.202974,59.777143],[11.203083,59.777136],[11.203299,59.777267],[11.203458,59.777283],[11.203565,59.777263],[11.203673,59.77718],[11.203865,59.776935],[11.203915,59.776808],[11.203934,59.776655],[11.20377,59.776258],[11.203595,59.776],[11.203329,59.775695],[11.203194,59.775612],[11.20299,59.775499],[11.202489,59.775381],[11.201862,59.775163],[11.200987,59.774791],[11.200624,59.774698],[11.200311,59.774811],[11.200223,59.774822],[11.200169,59.774814],[11.199928,59.774674],[11.199726,59.774588],[11.199274,59.774478],[11.199166,59.774462],[11.19906,59.774473],[11.19899,59.774501],[11.198854,59.774602],[11.1987,59.774964],[11.198667,59.775],[11.19858,59.775038],[11.198385,59.77505],[11.198131,59.774982],[11.197893,59.774879],[11.197712,59.774846],[11.197588,59.774848],[11.197429,59.774868],[11.197203,59.774953],[11.19683,59.775238],[11.196742,59.775266],[11.196565,59.775278],[11.196528,59.775252],[11.196445,59.775083],[11.196437,59.774948],[11.1965,59.774821],[11.196581,59.774712],[11.196791,59.774646],[11.196877,59.774608],[11.196928,59.774562],[11.196908,59.774527],[11.196797,59.774475],[11.196603,59.774496],[11.196482,59.774561],[11.196358,59.774563],[11.196281,59.774483],[11.196273,59.774349],[11.196341,59.774303],[11.196462,59.774256],[11.196683,59.77409],[11.196748,59.774],[11.197044,59.773896],[11.19713,59.77384],[11.197265,59.77373],[11.197343,59.773558],[11.197429,59.773512],[11.197494,59.773412],[11.197472,59.773359],[11.197397,59.773306],[11.197112,59.773302],[11.197039,59.773276],[11.196983,59.773232],[11.19696,59.773161],[11.197052,59.772934],[11.196975,59.772837],[11.197006,59.772765],[11.197123,59.772646],[11.197296,59.772571],[11.197491,59.772559],[11.197919,59.772561],[11.19826,59.7726],[11.198561,59.772586],[11.198649,59.772566],[11.19873,59.772439],[11.198451,59.772255],[11.198122,59.772135],[11.197668,59.772008],[11.196899,59.771688],[11.196586,59.771532],[11.196349,59.771446],[11.195853,59.771212],[11.195095,59.770802],[11.195056,59.770749],[11.195071,59.770704],[11.195139,59.770649],[11.195243,59.770602],[11.1956,59.770623],[11.195982,59.770734],[11.196384,59.770898],[11.196851,59.771231],[11.197074,59.771362],[11.197313,59.771475],[11.197606,59.771596],[11.197895,59.771663],[11.198514,59.771868],[11.198768,59.771936],[11.199171,59.7721],[11.199744,59.772422],[11.199839,59.772511],[11.200209,59.772989],[11.200469,59.773147],[11.200594,59.773154],[11.2007,59.773143],[11.200908,59.773059],[11.201112,59.772902],[11.20129,59.772639],[11.201395,59.772601],[11.201536,59.77259],[11.201662,59.772606],[11.201935,59.772691],[11.202082,59.77276],[11.202158,59.77284],[11.202325,59.772927],[11.202364,59.772989],[11.202353,59.773088],[11.202305,59.77317],[11.202371,59.773357],[11.202295,59.773556],[11.202061,59.773794],[11.202,59.773948],[11.202059,59.774027],[11.202152,59.774098],[11.202292,59.774329],[11.202576,59.774576],[11.202853,59.774724],[11.203177,59.774781],[11.203637,59.774729],[11.203758,59.774682],[11.20379,59.774627],[11.203961,59.774508],[11.204188,59.774441],[11.204382,59.774411],[11.204935,59.774428],[11.205244,59.774522],[11.206034,59.774607]]}},{"type":"Feature","properties":{"dybde_m":30.0,"innsjonavn":"Øyeren"},"geometry":{"type":"LineString","coordinates":[[11.238322,59.768645],[11.238292,59.769005],[11.238219,59.76924],[11.238,59.769692],[11.237607,59.770202],[11.237449,59.770501],[11.237404,59.770637],[11.237445,59.771516],[11.237425,59.77175],[11.237318,59.772013],[11.236861,59.772901],[11.236619,59.773282],[11.236534,59.773607],[11.236493,59.774039],[11.236273,59.775004],[11.235903,59.775863],[11.235759,59.776108],[11.235638,59.776434],[11.235734,59.776801],[11.235897,59.777112],[11.236109,59.777351],[11.236145,59.777611],[11.236134,59.77771],[11.235987,59.777901],[11.235827,59.778182],[11.235769,59.778372],[11.235824,59.778668],[11.235911,59.778908],[11.235989,59.778997],[11.236001,59.779176],[11.235918,59.779277],[11.235712,59.779388],[11.235412,59.779438],[11.234944,59.779635],[11.234533,59.779857],[11.234347,59.780004],[11.23423,59.780132],[11.233918,59.780514],[11.233805,59.780696],[11.233783,59.780903],[11.233597,59.78131],[11.23351,59.781617],[11.232695,59.782718],[11.232506,59.783081],[11.232314,59.783659],[11.232236,59.7841],[11.232148,59.78438],[11.231993,59.785506],[11.231832,59.786029],[11.231403,59.7868],[11.230707,59.787859],[11.230177,59.788443],[11.229992,59.788598],[11.229566,59.788902],[11.22903,59.789145],[11.2287,59.789258],[11.227912,59.78946],[11.227459,59.78962],[11.224278,59.790546],[11.223737,59.790717],[11.22266,59.791139],[11.221802,59.79136],[11.221466,59.791402],[11.22056,59.791444],[11.220292,59.791439],[11.220022,59.791399],[11.219732,59.791332],[11.219133,59.791172],[11.217764,59.790692],[11.217031,59.790399],[11.216144,59.789919],[11.214283,59.789026],[11.213784,59.788764],[11.21318,59.788523],[11.212741,59.788369],[11.211633,59.788055],[11.211066,59.787849],[11.210862,59.787736],[11.210587,59.787615],[11.210436,59.787482],[11.210319,59.787341],[11.210258,59.787216],[11.210246,59.787036],[11.210365,59.786702],[11.210545,59.786456],[11.210762,59.786237],[11.210957,59.785956],[11.210986,59.785856],[11.210979,59.785483],[11.210917,59.785071],[11.210713,59.784698],[11.210516,59.784413],[11.210271,59.78422],[11.210079,59.784008],[11.209571,59.783603],[11.209464,59.783335],[11.209494,59.783002],[11.209553,59.782804],[11.209922,59.782187],[11.210238,59.781858],[11.210501,59.781521],[11.210629,59.781294],[11.21075,59.780969],[11.210849,59.78059],[11.210816,59.780375],[11.210827,59.780267],[11.210728,59.779856],[11.210248,59.779064],[11.210166,59.778895],[11.210138,59.778734],[11.21026,59.778435],[11.210545,59.778152],[11.210852,59.777949],[11.211559,59.777596],[11.211872,59.777483],[11.212251,59.777279],[11.212523,59.777094],[11.212671,59.776903],[11.212699,59.776786],[11.212667,59.776589],[11.212477,59.776413],[11.211945,59.776179],[11.211179,59.775904],[11.211067,59.775834],[11.210972,59.775737],[11.210907,59.775568],[11.210963,59.775342],[11.211061,59.775206],[11.211278,59.774978]]}},{"type":"Feature","properties":{"dybde_m":2.0,"innsjonavn":"Øyeren"},"geometry":{"type":"LineString","coordinates":[[11.191315,59.768018],[11.191674,59.768066],[11.192002,59.768168],[11.19226,59.768307],[11.192572,59.768446],[11.192937,59.768584],[11.193527,59.768888],[11.193586,59.768977],[11.193572,59.769022],[11.193467,59.76906],[11.193303,59.769009],[11.191902,59.768286],[11.191487,59.768204],[11.191213,59.768091],[11.19121,59.768047],[11.191315,59.768018]]}},{"type":"Feature","properties":{"dybde_m":1.0,"innsjonavn":"Øyeren"},"geometry":{"type":"LineString","coordinates":[[11.188821,59.768014],[11.188538,59.768037],[11.188311,59.768113],[11.188209,59.768186],[11.188176,59.768223],[11.188255,59.768347],[11.188384,59.768408],[11.188817,59.7685],[11.189139,59.768512],[11.189672,59.768494],[11.190131,59.768433],[11.190288,59.768385],[11.190317,59.768286],[11.190261,59.768242],[11.189896,59.768113],[11.189483,59.768057],[11.189162,59.768054],[11.188821,59.768014]]}},{"type":"Feature","properties":{"dybde_m":3.0,"innsjonavn":"Øyeren"},"geometry":{"type":"LineString","coordinates":[[11.245615,59.761613],[11.245354,59.761967],[11.245243,59.762176],[11.245129,59.762331],[11.244977,59.762459],[11.244878,59.762577],[11.244832,59.762686],[11.24461,59.762825],[11.244261,59.763199],[11.243999,59.763805],[11.243931,59.763851],[11.243718,59.763855],[11.243542,59.763885],[11.243439,59.763949],[11.243299,59.764248],[11.243213,59.764564],[11.243193,59.764798],[11.243136,59.765015],[11.242768,59.765632],[11.242365,59.765989],[11.242178,59.766127],[11.241903,59.766275],[11.241309,59.766447],[11.240964,59.766615],[11.240811,59.766716],[11.240273,59.767192],[11.240144,59.767401],[11.240152,59.767518],[11.240235,59.767687],[11.240328,59.767748],[11.240528,59.767817],[11.240887,59.767856],[11.241178,59.767949],[11.241217,59.768003],[11.241202,59.768039],[11.241016,59.768186],[11.24095,59.768268],[11.240923,59.768385],[11.241104,59.768705],[11.241218,59.768802],[11.241348,59.768881],[11.241457,59.768915],[11.241743,59.768928],[11.241866,59.768908],[11.242152,59.76893],[11.242316,59.768981],[11.242372,59.769016],[11.242412,59.769087],[11.242415,59.769123],[11.242295,59.769197],[11.242162,59.769334],[11.242199,59.769621],[11.242134,59.769712],[11.242048,59.769758],[11.241942,59.769769],[11.241786,59.769843],[11.241569,59.770054],[11.240963,59.770325],[11.240917,59.770424],[11.24094,59.770505],[11.241015,59.770557],[11.241326,59.770687],[11.241975,59.770801],[11.242084,59.770836],[11.242141,59.770879],[11.242164,59.77096],[11.242108,59.771194],[11.242189,59.771606],[11.242204,59.771831],[11.24215,59.772083],[11.242157,59.772191],[11.242289,59.772557],[11.242443,59.772734],[11.24265,59.772901],[11.242831,59.772943],[11.243032,59.77302],[11.243284,59.773052],[11.243432,59.773139],[11.243454,59.773202],[11.243384,59.773481],[11.243335,59.773545],[11.243231,59.773583],[11.242835,59.773527],[11.242568,59.773531],[11.242518,59.773577],[11.242523,59.773658],[11.242743,59.773744],[11.243086,59.773819],[11.243361,59.77394],[11.243438,59.774019],[11.243463,59.774127],[11.243422,59.774316],[11.243337,59.77438],[11.243217,59.774436],[11.242968,59.77445],[11.242824,59.774434],[11.242222,59.774211],[11.242023,59.774178],[11.241901,59.774207],[11.241263,59.774263],[11.241158,59.774292],[11.241073,59.774356],[11.241011,59.774474],[11.240927,59.774808],[11.240862,59.774908],[11.240726,59.775],[11.24062,59.775011],[11.240458,59.774995],[11.240353,59.775024],[11.240167,59.775171],[11.240368,59.775275],[11.240444,59.775391],[11.240553,59.775959],[11.24073,59.776284],[11.240691,59.776352],[11.240535,59.776382],[11.240311,59.776395],[11.240197,59.776361],[11.239955,59.776226],[11.23966,59.775894],[11.23938,59.775777],[11.239232,59.775766],[11.239082,59.775778],[11.238807,59.775877],[11.23847,59.775892],[11.238227,59.775986],[11.238112,59.776131],[11.238049,59.776258],[11.237864,59.776423],[11.237749,59.77656],[11.237718,59.776632],[11.237768,59.776847],[11.237751,59.777126],[11.237837,59.777358],[11.237952,59.777464],[11.238397,59.777734],[11.238425,59.77786],[11.238411,59.777923],[11.238147,59.778233],[11.237624,59.778682],[11.237461,59.778909],[11.237264,59.779424],[11.237185,59.77983],[11.237105,59.779975],[11.237072,59.780012],[11.236968,59.780049],[11.236882,59.780105],[11.236205,59.78088],[11.235952,59.7811],[11.235681,59.781841],[11.235599,59.781941],[11.235497,59.782015],[11.235221,59.782136],[11.235216,59.782325],[11.23484,59.782574],[11.234527,59.782678],[11.234442,59.782751],[11.234297,59.78296],[11.234293,59.783427],[11.234355,59.783561],[11.23452,59.78363],[11.235037,59.784143],[11.235202,59.784212],[11.235327,59.784218],[11.235562,59.784268],[11.235878,59.78447],[11.2366,59.78461],[11.236732,59.784716],[11.237062,59.784845],[11.237084,59.784907],[11.237068,59.784943],[11.236847,59.7851],[11.236832,59.785136],[11.23688,59.785324],[11.237058,59.78559],[11.237064,59.785671],[11.237016,59.785762],[11.236915,59.785835],[11.236834,59.785953],[11.23666,59.78628],[11.236641,59.786532],[11.236684,59.786639],[11.236784,59.786799],[11.236987,59.786912],[11.237151,59.786954],[11.237327,59.786933],[11.237414,59.786905],[11.237666,59.786936],[11.237825,59.786916],[11.237936,59.786977],[11.237956,59.787012],[11.237913,59.787166],[11.238066,59.787316],[11.23807,59.787379],[11.237795,59.787536],[11.237441,59.787821],[11.237442,59.788099],[11.237323,59.788357]]}},{"type":"Feature","properties":{"dybde_m":10.0,"innsjonavn":"Øyeren"},"geometry":{"type":"LineString","coordinates":[[11.247404,59.758815],[11.247242,59.758791],[11.246815,59.758807],[11.246675,59.758846],[11.246485,59.75893],[11.24628,59.75905],[11.245733,59.759661],[11.245109,59.760435],[11.244805,59.760953],[11.24435,59.761607],[11.243697,59.76222],[11.242799,59.7629],[11.242577,59.763048],[11.242428,59.763221],[11.242134,59.763612],[11.241847,59.764381],[11.241589,59.76478],[11.241392,59.765026],[11.241191,59.765209],[11.240863,59.765637],[11.240398,59.766139],[11.239972,59.766685],[11.239503,59.767134],[11.239178,59.767597],[11.239084,59.767788],[11.239057,59.767923],[11.239086,59.768084],[11.239233,59.768423],[11.239368,59.768582],[11.240386,59.769418],[11.240431,59.769552],[11.240402,59.76966],[11.240337,59.769742],[11.240218,59.769834],[11.239652,59.770158],[11.239587,59.770249],[11.239541,59.770367],[11.239552,59.770528],[11.239635,59.770707],[11.239713,59.770804],[11.240047,59.770996],[11.240541,59.771194],[11.240653,59.771264],[11.240702,59.77147],[11.240535,59.771643],[11.240525,59.77176],[11.240637,59.7721],[11.240885,59.772338],[11.241638,59.772945],[11.241624,59.773008],[11.241609,59.773044],[11.241487,59.773082],[11.241237,59.773069],[11.240875,59.772994],[11.240602,59.7729],[11.240314,59.77286],[11.2401,59.772855],[11.239833,59.772859],[11.239394,59.772956],[11.239135,59.773078],[11.238898,59.773261],[11.237913,59.7745],[11.237759,59.774853],[11.237456,59.775388],[11.237357,59.775767],[11.237328,59.776127],[11.237127,59.776319],[11.236989,59.776393],[11.23688,59.776619],[11.23687,59.776745],[11.237062,59.776958],[11.237493,59.777786],[11.23754,59.777956],[11.237469,59.778217],[11.236984,59.778702],[11.236938,59.778801],[11.236937,59.779053],[11.236828,59.779297],[11.236728,59.779398],[11.236541,59.779527],[11.236126,59.779722],[11.235704,59.780053],[11.235341,59.780481],[11.235005,59.781053],[11.234697,59.781777],[11.234585,59.781949],[11.234265,59.782233],[11.233937,59.782661],[11.233862,59.782842],[11.233717,59.783078],[11.233653,59.783447],[11.233741,59.783688],[11.233773,59.783903],[11.233815,59.784801],[11.233922,59.786111],[11.233833,59.787154],[11.233653,59.787669],[11.233478,59.787978],[11.233372,59.788258]]}},{"type":"Feature","properties":{"dybde_m":20.0,"innsjonavn":"Øyeren"},"geometry":{"type":"LineString","coordinates":[[11.210088,59.774517],[11.210469,59.774335],[11.211721,59.773614],[11.21198,59.773502],[11.212766,59.773264],[11.213119,59.773213],[11.213311,59.773147],[11.21389,59.773011],[11.214378,59.77285],[11.214768,59.772556],[11.214942,59.772221],[11.21514,59.771984],[11.215449,59.771817],[11.215499,59.771762],[11.215487,59.771583],[11.215428,59.771494],[11.215276,59.771353],[11.215146,59.771274],[11.21465,59.77104],[11.214625,59.770933],[11.214874,59.770668],[11.214889,59.770614],[11.214802,59.770391],[11.214629,59.770187],[11.214553,59.769587],[11.214386,59.769212],[11.214432,59.769104],[11.214498,59.769013],[11.214669,59.768911],[11.214809,59.768873],[11.215039,59.768851],[11.215232,59.768803],[11.215784,59.768542],[11.215907,59.768513],[11.216475,59.768485],[11.216918,59.768442],[11.217058,59.768412],[11.217108,59.768367],[11.21717,59.768222],[11.217078,59.76817],[11.216986,59.768126],[11.216824,59.768102],[11.216719,59.768131],[11.216484,59.768081],[11.216375,59.768047],[11.216172,59.767942],[11.216151,59.767898],[11.216211,59.767717],[11.216443,59.767462],[11.216727,59.766909],[11.21672,59.76681],[11.216779,59.766621],[11.216896,59.766502],[11.217239,59.766307],[11.217358,59.766216],[11.217452,59.766034],[11.217584,59.76587],[11.217819,59.765651],[11.218149,59.765259],[11.218286,59.764906],[11.218398,59.764716],[11.218651,59.764505],[11.219002,59.764158],[11.219166,59.763939],[11.21924,59.763714],[11.219402,59.763477],[11.219668,59.763194],[11.21992,59.762965],[11.220353,59.762509],[11.220434,59.762391],[11.220561,59.762155],[11.220617,59.761921],[11.220524,59.761608],[11.220367,59.761377],[11.220392,59.761224],[11.220472,59.761079],[11.220824,59.760758],[11.221084,59.760646],[11.221676,59.760448],[11.221917,59.760327],[11.222101,59.760144],[11.222253,59.759755],[11.222279,59.759611],[11.222412,59.759465],[11.222514,59.759391],[11.22281,59.759287],[11.223014,59.759149],[11.223298,59.758857],[11.223344,59.758757],[11.223334,59.758596],[11.223079,59.758241],[11.222794,59.757976],[11.222646,59.757628],[11.222641,59.757548],[11.222817,59.757248],[11.222875,59.75705],[11.22293,59.756546],[11.223027,59.756391],[11.223103,59.756192],[11.223718,59.755544],[11.224413,59.755011],[11.224634,59.754864],[11.224899,59.754563],[11.22503,59.75439],[11.22514,59.754173],[11.225201,59.75401],[11.225252,59.753713]]}},{"type":"Feature","properties":{"dybde_m":10.0,"innsjonavn":"Øyeren"},"geometry":{"type":"LineString","coordinates":[[11.209643,59.774349],[11.209963,59.774227],[11.210169,59.774107],[11.211063,59.773373],[11.21141,59.773224],[11.211793,59.773091],[11.2122,59.773058],[11.212357,59.773001],[11.212575,59.7728],[11.212652,59.772619],[11.212698,59.772232],[11.212875,59.77195],[11.21307,59.771669],[11.213342,59.771466],[11.213577,59.771256],[11.213643,59.771165],[11.213698,59.77093],[11.213918,59.770756],[11.214115,59.770501],[11.214126,59.770393],[11.214102,59.770304],[11.21419,59.770024],[11.214166,59.769916],[11.214184,59.769665],[11.214073,59.769056],[11.214152,59.768902],[11.214321,59.768764],[11.214425,59.768726],[11.21462,59.768714],[11.215305,59.768568],[11.215477,59.768475],[11.215577,59.768375],[11.215706,59.768175],[11.215812,59.767886],[11.215986,59.76755],[11.216323,59.766997],[11.2164,59.766816],[11.216649,59.766533],[11.216761,59.766351],[11.216863,59.766269],[11.216937,59.766052],[11.217183,59.765725],[11.217474,59.76501],[11.217635,59.764765],[11.217871,59.764563],[11.218,59.764354],[11.218286,59.764098],[11.218945,59.763566],[11.219218,59.763382],[11.219351,59.763245],[11.219539,59.763125],[11.219673,59.762997],[11.219819,59.762787],[11.220039,59.762604],[11.220119,59.762477],[11.22019,59.762197],[11.220161,59.762027],[11.220079,59.761876],[11.219893,59.761744],[11.21985,59.761646],[11.219864,59.761592],[11.220097,59.761337],[11.220252,59.760993],[11.220584,59.760628],[11.221428,59.760191],[11.221512,59.760127],[11.22171,59.75989],[11.221762,59.759593],[11.221872,59.759375],[11.22197,59.759248],[11.222189,59.759055],[11.222335,59.758846],[11.222344,59.758712],[11.222302,59.758613],[11.222223,59.758498],[11.222128,59.75841],[11.222062,59.758213],[11.221944,59.758054],[11.22165,59.757906],[11.221378,59.75783],[11.221302,59.757759],[11.221315,59.757696],[11.221531,59.757468],[11.221926,59.757245],[11.222079,59.757135],[11.222128,59.757071],[11.222121,59.756955],[11.221894,59.756761],[11.221909,59.756725],[11.222007,59.756579],[11.222227,59.756405],[11.22233,59.756358],[11.222413,59.756267],[11.222657,59.755921],[11.222798,59.755623],[11.223319,59.755165],[11.223384,59.755074],[11.223503,59.754982],[11.223651,59.754809],[11.223994,59.754605],[11.224076,59.754505],[11.224145,59.754468],[11.224304,59.754447],[11.224423,59.754364],[11.224536,59.754183],[11.224547,59.754084],[11.224521,59.753968],[11.224529,59.753815],[11.224397,59.75344],[11.224378,59.753144],[11.224428,59.752837],[11.224602,59.752511],[11.224705,59.752446],[11.224936,59.752173],[11.225226,59.75171],[11.225283,59.751493],[11.225293,59.751385],[11.225173,59.751181],[11.225039,59.751048],[11.224801,59.750945],[11.224692,59.750919],[11.224569,59.750931],[11.22422,59.751035],[11.224023,59.751021],[11.223932,59.750995],[11.223857,59.750943],[11.223799,59.750872],[11.223792,59.750755],[11.223914,59.750457],[11.223958,59.750052],[11.22417,59.749752],[11.224274,59.749705],[11.224523,59.74971],[11.224796,59.749795],[11.225673,59.74987],[11.226068,59.749926],[11.226333,59.749886],[11.226593,59.749782],[11.22666,59.749727],[11.226704,59.749583],[11.226692,59.749403],[11.226541,59.749271],[11.226156,59.749098],[11.22567,59.749025],[11.224602,59.748756],[11.223614,59.74862],[11.223465,59.748524],[11.223265,59.748455],[11.222922,59.748389],[11.22279,59.74832]]}},{"type":"Feature","properties":{"dybde_m":30.0,"innsjonavn":"Øyeren"},"geometry":{"type":"LineString","coordinates":[[11.211278,59.774978],[11.21146,59.774768],[11.211634,59.774451],[11.211799,59.774268],[11.212135,59.773948],[11.212425,59.773755],[11.212822,59.773568],[11.21317,59.773446],[11.213523,59.773395],[11.213915,59.773397],[11.214532,59.773297],[11.214811,59.773211],[11.215292,59.772934],[11.215477,59.772778],[11.216272,59.772405],[11.216457,59.77224],[11.216578,59.771915],[11.216545,59.771682],[11.216337,59.771236],[11.216101,59.770908],[11.21603,59.77037],[11.215928,59.770174],[11.215834,59.770095],[11.215669,59.770035],[11.215427,59.769868],[11.215175,59.769567],[11.215154,59.769505],[11.215209,59.76927],[11.215309,59.769161],[11.215446,59.769086],[11.215706,59.768974],[11.215933,59.768908],[11.216691,59.768787],[11.217134,59.768753],[11.217416,59.768712],[11.217663,59.768672],[11.217855,59.768615],[11.218064,59.768548],[11.218427,59.76838],[11.218548,59.768315],[11.218683,59.768205],[11.218748,59.768114],[11.218734,59.767899],[11.218613,59.767686],[11.218463,59.767571],[11.218329,59.767439],[11.218307,59.767376],[11.218214,59.767315],[11.218219,59.767117],[11.218464,59.76652],[11.218734,59.766022],[11.219001,59.765748],[11.219315,59.765123],[11.219396,59.765004],[11.21958,59.764822],[11.219741,59.764558],[11.220055,59.763385],[11.220178,59.763096],[11.220274,59.762933],[11.220907,59.762275],[11.221093,59.762128],[11.221175,59.762019],[11.221204,59.76192],[11.221188,59.761677],[11.220986,59.761322],[11.221012,59.761168],[11.221074,59.761042],[11.221106,59.760987],[11.221191,59.760923],[11.221382,59.760848],[11.221794,59.760616],[11.222259,59.760384],[11.222562,59.760109],[11.222739,59.759828],[11.222823,59.759754],[11.223181,59.759515],[11.223286,59.759486],[11.223545,59.759365],[11.223629,59.759292],[11.223743,59.759128],[11.223788,59.75901],[11.22385,59.758596],[11.223551,59.757856],[11.223498,59.757587],[11.223574,59.757388],[11.223764,59.756505],[11.223892,59.756287],[11.223952,59.756115],[11.224401,59.755631],[11.224552,59.755503],[11.225253,59.755069],[11.225541,59.754849],[11.225755,59.754576],[11.225914,59.754025],[11.225987,59.753521],[11.22614,59.753141],[11.226271,59.752968],[11.226537,59.752415],[11.226727,59.751262],[11.226785,59.751064],[11.226865,59.750928],[11.227048,59.750736],[11.227582,59.750466],[11.227786,59.750319],[11.22817,59.749944],[11.22836,59.749582],[11.228414,59.749338],[11.228369,59.749195],[11.228311,59.749115],[11.228028,59.748878],[11.227396,59.748475],[11.227335,59.748368],[11.227309,59.748234],[11.227385,59.748053],[11.228002,59.747683],[11.228308,59.747472],[11.228519,59.747163],[11.22853,59.747064],[11.228498,59.746849],[11.228266,59.746574],[11.228135,59.746477],[11.227988,59.746408],[11.227607,59.746307],[11.227239,59.746124],[11.227051,59.745966],[11.227064,59.745894]]}},{"type":"Feature","properties":{"dybde_m":70.0,"innsjonavn":"Øyeren"},"geometry":{"type":"LineString","coordinates":[[11.245388,59.743112],[11.244911,59.743165],[11.24453,59.743333],[11.244377,59.743434],[11.243973,59.743773],[11.243789,59.743956],[11.243607,59.744166],[11.24348,59.744393],[11.243333,59.744853],[11.243363,59.745293],[11.243473,59.745614],[11.243652,59.74589],[11.244015,59.746261],[11.244604,59.746547],[11.244897,59.746668],[11.245404,59.746803],[11.246029,59.746837],[11.24617,59.746817],[11.246607,59.746693],[11.246936,59.746552],[11.247158,59.746423],[11.24731,59.746295],[11.247804,59.745702],[11.247947,59.745439],[11.248088,59.745158],[11.248097,59.744763],[11.247842,59.744147],[11.247611,59.743882],[11.247441,59.743732],[11.247012,59.743443],[11.246737,59.743322],[11.246464,59.743237],[11.246121,59.743162],[11.245388,59.743112]]}},{"type":"Feature","properties":{"dybde_m":3.0,"innsjonavn":"Øyeren"},"geometry":{"type":"LineString","coordinates":[[11.257135,59.739955],[11.256783,59.740015],[11.256436,59.740155],[11.256041,59.740369],[11.255905,59.740461],[11.255812,59.74066],[11.255827,59.740884],[11.255977,59.741259],[11.256315,59.741523],[11.256631,59.741724],[11.256779,59.741802],[11.25696,59.741853],[11.257067,59.741851],[11.257189,59.741813],[11.257307,59.741461],[11.257403,59.741289],[11.257587,59.741124],[11.257619,59.741069],[11.25775,59.741004],[11.257917,59.740853],[11.258029,59.740645],[11.258069,59.740478],[11.258071,59.740379],[11.257995,59.740209],[11.257876,59.740131],[11.257765,59.74007],[11.257474,59.739976],[11.257135,59.739955]]}},{"type":"Feature","properties":{"dybde_m":3.0,"innsjonavn":"Øyeren"},"geometry":{"type":"LineString","coordinates":[[11.222352,59.74865],[11.221706,59.748563],[11.221046,59.748547],[11.220865,59.748505],[11.220791,59.748461],[11.220732,59.748381],[11.220815,59.748281],[11.220899,59.748217],[11.22102,59.748161],[11.221264,59.748076],[11.22151,59.748036],[11.221632,59.747998],[11.221735,59.747933],[11.221778,59.747771],[11.221734,59.747655],[11.221755,59.74743],[11.221638,59.74727],[11.221418,59.747175],[11.221291,59.747141],[11.221113,59.747144],[11.220826,59.747104],[11.220683,59.747107],[11.220631,59.747126],[11.22049,59.747137],[11.220298,59.747203],[11.220165,59.747349],[11.220086,59.747494],[11.22008,59.747674],[11.22014,59.747772],[11.220127,59.747835],[11.22001,59.747953],[11.219963,59.748053],[11.219792,59.748164],[11.219617,59.748212],[11.219476,59.748232],[11.219174,59.748237],[11.219084,59.748221],[11.218902,59.748161],[11.218699,59.748056],[11.218545,59.74787],[11.21853,59.747655],[11.218646,59.747258],[11.218549,59.747125],[11.218437,59.747046],[11.218127,59.746934],[11.21791,59.746893],[11.217587,59.746854],[11.216677,59.746815],[11.215955,59.746666],[11.215589,59.746519],[11.215292,59.746326],[11.215214,59.746229],[11.215088,59.745935],[11.215078,59.745513],[11.215174,59.745358],[11.215291,59.74523],[11.215426,59.745129],[11.215922,59.744816],[11.216427,59.744654],[11.217022,59.744501],[11.217446,59.744458],[11.218211,59.744454],[11.219052,59.744511],[11.220001,59.744603],[11.221223,59.74478],[11.221455,59.744785],[11.22186,59.744724],[11.222,59.744686],[11.222121,59.74463],[11.222205,59.744566],[11.222304,59.744438],[11.22233,59.744294],[11.222268,59.74416],[11.222232,59.743892],[11.221995,59.742997],[11.22193,59.742837],[11.221623,59.742492],[11.221474,59.742395],[11.221309,59.742326],[11.221143,59.74223],[11.220181,59.74195],[11.219506,59.741701],[11.219195,59.741571],[11.218695,59.741283],[11.218281,59.74094],[11.218091,59.740755],[11.217604,59.740125],[11.217406,59.739823],[11.217216,59.739377],[11.217187,59.739198],[11.217203,59.738641],[11.217288,59.738316],[11.217996,59.736912],[11.218263,59.736638],[11.218348,59.736582],[11.218497,59.736409],[11.218626,59.736209],[11.218719,59.73601],[11.218767,59.735659],[11.218672,59.735292],[11.218403,59.734991],[11.21765,59.734636],[11.216718,59.734265],[11.216355,59.734164],[11.215916,59.733973],[11.215502,59.733639],[11.215144,59.73307],[11.215101,59.732693],[11.215179,59.732522],[11.2154,59.732365],[11.215641,59.732244],[11.21586,59.732061],[11.216028,59.731645],[11.216197,59.731498],[11.216372,59.731459],[11.216439,59.731404]]}},{"type":"Feature","properties":{"dybde_m":3.0,"innsjonavn":"Øyeren"},"geometry":{"type":"LineString","coordinates":[[11.249608,59.730176],[11.249652,59.730301],[11.249844,59.730504],[11.249968,59.730771],[11.249997,59.730932],[11.250077,59.731066],[11.250193,59.731199],[11.25036,59.731304],[11.250559,59.731354],[11.250811,59.731395],[11.251291,59.731386],[11.251608,59.731345],[11.252131,59.731183],[11.252711,59.731075],[11.253185,59.730716],[11.254308,59.730481],[11.254585,59.730369],[11.25472,59.730259],[11.25478,59.730145],[11.254781,59.730011],[11.254751,59.729935],[11.254976,59.729841],[11.255093,59.729731],[11.255105,59.729641],[11.255041,59.72949],[11.254967,59.729446],[11.254877,59.729429],[11.254757,59.729485],[11.254707,59.729549],[11.254712,59.729621],[11.254661,59.729649],[11.254571,59.729641],[11.254498,59.729607],[11.254422,59.729536],[11.254421,59.729267],[11.254357,59.729106],[11.254389,59.729043],[11.254457,59.728996],[11.254563,59.728995],[11.254804,59.729134],[11.254877,59.72916],[11.25502,59.729175],[11.255126,59.729165],[11.255134,59.729021],[11.255185,59.728984],[11.25529,59.728955],[11.255452,59.728979],[11.25562,59.729102],[11.255717,59.729226],[11.255824,59.729485],[11.25587,59.729646],[11.255865,59.729826],[11.255791,59.730052],[11.255649,59.730315],[11.255497,59.730443],[11.255132,59.730575],[11.254956,59.730605],[11.254678,59.73069],[11.254574,59.730737],[11.254459,59.730883],[11.254395,59.730983],[11.254393,59.731225],[11.254326,59.73155],[11.25432,59.731721],[11.25439,59.731971],[11.254872,59.73252],[11.254972,59.73268],[11.255208,59.733286],[11.255286,59.733393],[11.25538,59.733463],[11.255564,59.73355],[11.255944,59.733651],[11.256266,59.733673],[11.25662,59.733649],[11.256799,59.733654],[11.256871,59.733671],[11.256998,59.733714],[11.257074,59.733775],[11.257178,59.734007],[11.257163,59.734043],[11.257094,59.73408],[11.256987,59.734064],[11.256774,59.734077],[11.256616,59.734107],[11.256513,59.734171],[11.256426,59.734191],[11.255825,59.734255],[11.255703,59.734284],[11.25564,59.734411],[11.255648,59.734536],[11.255955,59.735133],[11.256089,59.735266],[11.256233,59.735299],[11.256273,59.735352],[11.256274,59.735379],[11.256206,59.735416],[11.256013,59.735465],[11.255928,59.73552],[11.25592,59.735664],[11.256125,59.735804],[11.256205,59.735937],[11.256281,59.735999],[11.256575,59.736147],[11.256672,59.736253],[11.257337,59.736628],[11.257451,59.736733],[11.257525,59.736768],[11.257652,59.736811],[11.257778,59.736827],[11.25824,59.736819],[11.258704,59.736847],[11.258813,59.736881],[11.259262,59.736936],[11.259633,59.736956],[11.259889,59.736938],[11.259989,59.736887],[11.260351,59.736553],[11.26044,59.736507],[11.260581,59.736468],[11.260828,59.736428],[11.26089,59.736396],[11.260915,59.736332],[11.260996,59.736268],[11.261182,59.736157],[11.261247,59.736062],[11.261496,59.735977],[11.261648,59.735951],[11.261926,59.735983],[11.26209,59.736079],[11.26216,59.73628],[11.262136,59.736446],[11.26191,59.736702],[11.261803,59.736861],[11.261739,59.736992],[11.261751,59.737162],[11.26172,59.737235],[11.261244,59.737566],[11.261172,59.737819],[11.261141,59.737883],[11.261041,59.737983],[11.260801,59.738113],[11.260627,59.73817],[11.26042,59.738272],[11.260235,59.738437],[11.259997,59.738594],[11.259858,59.73865],[11.259401,59.738739],[11.259162,59.738887],[11.258541,59.739167],[11.258322,59.73935],[11.258178,59.739586],[11.258201,59.739676],[11.258447,59.740148],[11.258436,59.740256],[11.25872,59.740763],[11.258717,59.740988],[11.25838,59.741263],[11.258331,59.741327],[11.258417,59.74155],[11.258493,59.741629],[11.258585,59.741672],[11.258767,59.741723],[11.259356,59.741758],[11.259608,59.741799],[11.259802,59.741777],[11.259892,59.741794],[11.260002,59.741828],[11.26015,59.741915],[11.260276,59.741931],[11.260388,59.74201],[11.26041,59.742081],[11.260129,59.742401],[11.259874,59.742576],[11.259639,59.742786],[11.259576,59.742904],[11.259564,59.742994],[11.259559,59.743174],[11.259662,59.743388],[11.259761,59.74353],[11.25993,59.743671],[11.260036,59.743911],[11.260016,59.744154],[11.260079,59.744288],[11.260157,59.744394],[11.260452,59.744542],[11.260582,59.74463],[11.260668,59.744835],[11.260624,59.744988],[11.260286,59.745506],[11.260248,59.74574],[11.260275,59.745874],[11.260178,59.74602],[11.260178,59.74628],[11.260501,59.74658],[11.260562,59.746696],[11.260673,59.746766],[11.260839,59.746844],[11.261037,59.746885],[11.261233,59.746882],[11.261452,59.746968],[11.261547,59.747056],[11.261534,59.747128],[11.261485,59.747183],[11.261103,59.747324],[11.260951,59.747444],[11.260741,59.747762],[11.260705,59.748032],[11.260674,59.748095],[11.260521,59.748206],[11.260388,59.748343],[11.260028,59.748538],[11.259886,59.748549],[11.259764,59.748587],[11.259489,59.748727],[11.259349,59.748765],[11.259049,59.748806],[11.258857,59.748863],[11.258756,59.748946],[11.258385,59.748997],[11.257722,59.749188],[11.257221,59.749412],[11.256994,59.749479],[11.256826,59.749482],[11.256734,59.749466],[11.25629,59.749339],[11.256093,59.749324],[11.255776,59.749374],[11.255587,59.749467],[11.255331,59.749633],[11.255213,59.749734],[11.254826,59.749795],[11.254219,59.750039],[11.253511,59.750356],[11.253306,59.750486],[11.253155,59.750623],[11.252987,59.750779],[11.252675,59.75117],[11.252189,59.751619],[11.251924,59.751911],[11.251751,59.752246],[11.251654,59.752661],[11.251663,59.752796],[11.251914,59.753088],[11.252506,59.753149],[11.253003,59.753132],[11.253308,59.753163],[11.253454,59.753223],[11.253479,59.753321],[11.253488,59.753725],[11.253275,59.75399],[11.253147,59.754477],[11.253159,59.754647],[11.253298,59.75487],[11.253473,59.755082],[11.253506,59.755306],[11.253459,59.755406],[11.253288,59.755508],[11.2528,59.755669],[11.252662,59.755725],[11.252559,59.755789],[11.252513,59.755889],[11.252518,59.756239],[11.252459,59.75642],[11.252428,59.756744],[11.252367,59.756898],[11.252218,59.757062],[11.25211,59.757315],[11.252099,59.757684],[11.252039,59.757847],[11.251971,59.757902],[11.251726,59.75796],[11.251459,59.757955],[11.251189,59.757924],[11.250477,59.757927],[11.250354,59.757947],[11.250268,59.757985],[11.250102,59.758167],[11.250022,59.758303],[11.249889,59.758701],[11.249807,59.75881],[11.249843,59.759708],[11.249799,59.759915],[11.249627,59.760246],[11.249467,59.76094],[11.24945,59.761215],[11.24929,59.761505],[11.2491,59.761665],[11.248759,59.761707],[11.248571,59.761679],[11.248474,59.761622],[11.248434,59.761555],[11.248442,59.761367],[11.24852,59.761132],[11.248534,59.7607],[11.248596,59.76034],[11.248537,59.759685],[11.248471,59.759543],[11.248369,59.759428],[11.248264,59.759353],[11.248177,59.759323],[11.248054,59.759316],[11.247549,59.759478],[11.247003,59.759779],[11.246756,59.760039],[11.246716,59.760201],[11.246471,59.7607],[11.246118,59.761101],[11.245811,59.761349],[11.245615,59.761613]]}},{"type":"Feature","properties":{"dybde_m":75.0,"innsjonavn":"Øyeren"},"geometry":{"type":"LineString","coordinates":[[11.237957,59.725677],[11.237763,59.725698],[11.237539,59.7258],[11.237325,59.726065],[11.237102,59.726455],[11.237059,59.726608],[11.237017,59.727049],[11.237061,59.727443],[11.237304,59.727888],[11.237649,59.728251],[11.237929,59.728453],[11.238169,59.728583],[11.238371,59.72867],[11.238516,59.728712],[11.238622,59.72871],[11.238974,59.728642],[11.239194,59.728476],[11.239446,59.727987],[11.239463,59.727708],[11.239424,59.727394],[11.239272,59.726984],[11.239128,59.72669],[11.238804,59.726363],[11.238621,59.726033],[11.238282,59.725743],[11.238172,59.7257],[11.237957,59.725677]]}},{"type":"Feature","properties":{"dybde_m":10.0,"innsjonavn":"Øyeren"},"geometry":{"type":"LineString","coordinates":[[11.22279,59.74832],[11.222569,59.748162],[11.22251,59.748082],[11.222497,59.747884],[11.222574,59.747695],[11.222598,59.747532],[11.222481,59.746843],[11.222526,59.746707],[11.222674,59.746534],[11.222777,59.746469],[11.223054,59.746357],[11.223421,59.746252],[11.225055,59.745937],[11.225247,59.745871],[11.225971,59.745526],[11.226231,59.745423],[11.226368,59.745331],[11.226753,59.744974],[11.226802,59.74491],[11.226859,59.744694],[11.226755,59.744462],[11.226682,59.744176],[11.226568,59.743261],[11.226438,59.742635],[11.226253,59.74147],[11.225547,59.739416],[11.22531,59.73906],[11.224782,59.738611],[11.224614,59.738497],[11.223802,59.738062],[11.223466,59.737825],[11.223109,59.737535],[11.222541,59.736754],[11.222033,59.735541],[11.22193,59.735048],[11.221791,59.732958],[11.221917,59.732444],[11.222066,59.732279],[11.222501,59.731598],[11.222899,59.7309],[11.223062,59.730394],[11.223162,59.729755],[11.223107,59.729199],[11.222965,59.72894],[11.222567,59.72857],[11.222268,59.728359],[11.221694,59.728019],[11.220912,59.727484],[11.220798,59.727378],[11.219946,59.726333],[11.219609,59.725808],[11.219297,59.725391],[11.218997,59.724902],[11.218896,59.724446]]}},{"type":"Feature","properties":{"dybde_m":75.0,"innsjonavn":"Øyeren"},"geometry":{"type":"LineString","coordinates":[[11.232786,59.692662],[11.233091,59.692711],[11.233382,59.692814],[11.233811,59.693112],[11.234155,59.693483],[11.234256,59.693652],[11.234307,59.693894],[11.234309,59.69446],[11.234225,59.694803],[11.234032,59.695372],[11.233907,59.695616],[11.233632,59.696025],[11.233024,59.696772],[11.232794,59.697324],[11.232726,59.69764],[11.232691,59.698179],[11.232727,59.698448],[11.232888,59.699002],[11.233062,59.699206],[11.233145,59.699393],[11.233282,59.69958],[11.233528,59.6998],[11.233776,59.700065],[11.233838,59.70019],[11.233853,59.700684],[11.23382,59.70099],[11.233845,59.701097],[11.234095,59.701371],[11.234281,59.701503],[11.234567,59.701786],[11.23461,59.701902],[11.234622,59.702081],[11.234595,59.702216],[11.234452,59.702461],[11.234336,59.702589],[11.233877,59.702902],[11.23348,59.703089],[11.233237,59.703174],[11.23301,59.703231],[11.232606,59.703301],[11.232446,59.703313],[11.232016,59.703257],[11.231727,59.703181],[11.231415,59.703043],[11.231152,59.702832],[11.229996,59.701477],[11.229779,59.701157],[11.229651,59.700845],[11.22962,59.700639],[11.229335,59.700096],[11.229259,59.699756],[11.229226,59.699262],[11.229237,59.698885],[11.229288,59.698588],[11.229589,59.697765],[11.229908,59.69723],[11.230034,59.696715],[11.230109,59.696229],[11.230078,59.696032],[11.230098,59.695798],[11.230081,59.695547],[11.229877,59.694885],[11.229821,59.694572],[11.229946,59.694058],[11.230187,59.693668],[11.230337,59.693512],[11.230914,59.693116],[11.231256,59.692913],[11.231725,59.692743],[11.232005,59.692684],[11.232553,59.692639],[11.232786,59.692662]]}},{"type":"Feature","properties":{"dybde_m":3.0,"innsjonavn":"Øyeren"},"geometry":{"type":"LineString","coordinates":[[11.245163,59.691202],[11.245129,59.69123],[11.245116,59.691302],[11.245459,59.691646],[11.245463,59.6917],[11.245413,59.691755],[11.245309,59.691793],[11.245242,59.691848],[11.245161,59.691975],[11.244973,59.692077],[11.244924,59.69215],[11.244956,59.692365],[11.244951,59.692553],[11.244875,59.692743],[11.244668,59.693106],[11.244378,59.693282],[11.244212,59.693464],[11.244093,59.693538],[11.243988,59.693558],[11.243867,59.693614],[11.243791,59.693804],[11.24378,59.693903],[11.243837,59.693965],[11.243846,59.694099],[11.243727,59.694173],[11.243604,59.694202],[11.243501,59.694258],[11.243303,59.694486],[11.243032,59.694679],[11.24286,59.694772],[11.242777,59.694854],[11.242468,59.695282],[11.242303,59.695743],[11.242153,59.695889],[11.24169,59.696131],[11.241567,59.69616],[11.241464,59.696215],[11.241397,59.696279],[11.241341,59.696496],[11.241357,59.696738],[11.241276,59.696856],[11.241347,59.697116],[11.241357,59.697277],[11.241399,59.697366],[11.241492,59.697436],[11.241835,59.697502],[11.242045,59.697463],[11.242342,59.697377],[11.242397,59.697412],[11.2424,59.697457],[11.242292,59.697701],[11.242301,59.697836],[11.242199,59.698161],[11.242206,59.698278],[11.242266,59.698375],[11.242361,59.698464],[11.242453,59.698516],[11.242615,59.698549],[11.242827,59.698519],[11.242881,59.698536],[11.242919,59.698571],[11.243026,59.698839],[11.243159,59.698971],[11.24326,59.699149],[11.24323,59.6995],[11.243198,59.699554],[11.242945,59.699756],[11.242848,59.699893],[11.242781,59.700487],[11.242951,59.700645],[11.243116,59.700723],[11.243731,59.700875],[11.243928,59.700898],[11.243954,59.701015],[11.244219,59.701262],[11.244356,59.701457],[11.244325,59.70152],[11.243637,59.701855],[11.243463,59.701921],[11.243191,59.702106],[11.243116,59.702313],[11.243158,59.702403],[11.243167,59.702537],[11.243228,59.702653],[11.243168,59.702816],[11.242434,59.703538],[11.242366,59.703584],[11.242296,59.703603],[11.242168,59.703551],[11.242078,59.703535],[11.242006,59.703527],[11.241866,59.703548],[11.241675,59.703614],[11.241538,59.703697],[11.24141,59.703915],[11.241434,59.704004],[11.241493,59.704084],[11.241477,59.704111],[11.241354,59.70414],[11.240791,59.704491],[11.240709,59.704591],[11.240662,59.704691],[11.240658,59.704889],[11.240582,59.705088],[11.240211,59.705381],[11.240166,59.705508],[11.240162,59.705724],[11.240449,59.706554],[11.240529,59.706687],[11.240766,59.706782],[11.241141,59.706794],[11.241267,59.706819],[11.24136,59.70688],[11.24176,59.707816],[11.24199,59.708603],[11.242072,59.708754],[11.2422,59.709614],[11.242263,59.709757],[11.242359,59.709854],[11.242618,59.710011],[11.242731,59.710108],[11.242811,59.710233],[11.242773,59.710736],[11.242718,59.710971],[11.242588,59.711153],[11.242546,59.711324],[11.242553,59.711432],[11.242666,59.71152],[11.242768,59.711725],[11.242831,59.712137],[11.242897,59.712324],[11.243143,59.712536],[11.243454,59.712674],[11.243863,59.712676],[11.244029,59.712763],[11.244333,59.712794],[11.244443,59.712837],[11.244775,59.71302],[11.244938,59.713062],[11.245118,59.713095],[11.245258,59.713065],[11.245688,59.713103],[11.245849,59.713127],[11.245924,59.71318],[11.245982,59.713242],[11.245941,59.713431],[11.246042,59.713609],[11.246088,59.713761],[11.246056,59.713815],[11.246056,59.714085],[11.246099,59.714201],[11.245772,59.714629],[11.245745,59.714746],[11.24579,59.714889],[11.245889,59.71504],[11.246056,59.715145],[11.246185,59.715215],[11.246364,59.715238],[11.246613,59.715234],[11.246788,59.715195],[11.246897,59.71522],[11.247057,59.715227],[11.247194,59.715152],[11.247222,59.715026],[11.247323,59.714953],[11.247551,59.714904],[11.247624,59.714929],[11.247662,59.714965],[11.247654,59.715118],[11.247588,59.71519],[11.247168,59.715297],[11.246673,59.715601],[11.246699,59.715718],[11.246778,59.715833],[11.246961,59.715911],[11.247312,59.716112],[11.24748,59.716234],[11.247672,59.716447],[11.247994,59.716998],[11.248095,59.717437],[11.248195,59.717606],[11.248224,59.717776],[11.248143,59.717894],[11.248059,59.717967],[11.24787,59.71806],[11.247653,59.718271],[11.247541,59.718461],[11.247549,59.718578],[11.247489,59.718741],[11.247108,59.719169],[11.246867,59.71929],[11.246802,59.719372],[11.246744,59.719571],[11.246754,59.719723],[11.246866,59.720072],[11.247246,59.720694],[11.247413,59.721059],[11.247369,59.721204],[11.24725,59.721287],[11.247077,59.721353],[11.24694,59.721436],[11.246917,59.721616],[11.247133,59.721927],[11.247208,59.721979],[11.247334,59.722004],[11.247547,59.721991],[11.247639,59.722044],[11.247755,59.722176],[11.247767,59.722356],[11.247875,59.722642],[11.24814,59.723149],[11.248217,59.723498],[11.248095,59.723806],[11.247996,59.723924],[11.247888,59.724159],[11.247704,59.724333],[11.247618,59.72438],[11.247442,59.72441],[11.247124,59.724433],[11.246948,59.724472],[11.246792,59.724529],[11.246656,59.724621],[11.246534,59.724668],[11.246449,59.724723],[11.246402,59.724814],[11.246391,59.724913],[11.246414,59.724993],[11.246492,59.7251],[11.246765,59.725185],[11.246909,59.725209],[11.24723,59.725231],[11.247415,59.725335],[11.247421,59.725416],[11.247366,59.72566],[11.247414,59.726117],[11.247096,59.72641],[11.24709,59.72659],[11.247209,59.726767],[11.247399,59.726953],[11.247826,59.727215],[11.248089,59.727426],[11.248339,59.727709],[11.248336,59.727916],[11.248112,59.728036],[11.247761,59.728096],[11.247458,59.728092],[11.247145,59.728197],[11.247121,59.728377],[11.247162,59.728457],[11.247632,59.728835],[11.247928,59.728992],[11.248133,59.729132],[11.248552,59.729277],[11.248696,59.729302],[11.249066,59.72926],[11.249135,59.729223],[11.249262,59.728996],[11.249309,59.728636],[11.249373,59.728527],[11.249579,59.728424],[11.249775,59.728421],[11.249848,59.728447],[11.249888,59.728509],[11.249897,59.728643],[11.249797,59.728753],[11.249705,59.728961],[11.249559,59.729449],[11.249605,59.72987],[11.249608,59.730176]]}},{"type":"Feature","properties":{"dybde_m":3.0,"innsjonavn":"Øyeren"},"geometry":{"type":"LineString","coordinates":[[11.216439,59.731404],[11.21648,59.731215],[11.216599,59.731132],[11.216705,59.731112],[11.216883,59.731118],[11.217569,59.730999],[11.218071,59.730793],[11.218342,59.730591],[11.218426,59.730508],[11.218457,59.730436],[11.218761,59.730206],[11.218836,59.730088],[11.218866,59.729953],[11.218759,59.729667],[11.2186,59.72949],[11.218018,59.729163],[11.217861,59.729031],[11.21779,59.728911],[11.217814,59.728534],[11.217865,59.728236],[11.217998,59.727852],[11.218255,59.727569],[11.218515,59.72717],[11.218579,59.726805],[11.218535,59.72615],[11.21845,59.725765],[11.218328,59.725534],[11.218161,59.725437],[11.218071,59.725412],[11.217928,59.725415],[11.217822,59.725425],[11.217701,59.725472],[11.217546,59.725556],[11.217413,59.725684],[11.217182,59.725966],[11.216831,59.726295],[11.216405,59.72659],[11.216007,59.727028],[11.215806,59.727211],[11.215686,59.727276],[11.215494,59.727333],[11.21516,59.727393],[11.214447,59.727638],[11.21387,59.727792],[11.213728,59.727803],[11.213638,59.727787],[11.213564,59.727734],[11.213524,59.727672],[11.213519,59.727591],[11.214094,59.726881],[11.214123,59.726781],[11.214109,59.726305],[11.213775,59.725556],[11.213637,59.725352],[11.213273,59.724954],[11.213193,59.724821],[11.213227,59.724524],[11.213332,59.724234],[11.21357,59.72406],[11.213664,59.723878],[11.213658,59.72378],[11.213597,59.723664],[11.213345,59.723354],[11.213271,59.723301],[11.213279,59.723157],[11.213362,59.723066],[11.213464,59.722993],[11.213585,59.722937],[11.214213,59.722755],[11.214577,59.722614],[11.214775,59.722387],[11.214888,59.722205],[11.215054,59.722032],[11.215307,59.721812],[11.21558,59.721645],[11.21584,59.721542],[11.216723,59.721258],[11.217043,59.721113],[11.217413,59.720837],[11.217516,59.720607],[11.217769,59.72027],[11.217824,59.720067],[11.217804,59.719906],[11.217679,59.719656],[11.217463,59.719354],[11.217426,59.719247],[11.217496,59.719152],[11.217839,59.718957],[11.21794,59.718875],[11.218085,59.718648],[11.218168,59.718565],[11.218288,59.718492],[11.218566,59.718397],[11.218992,59.718381],[11.219185,59.718342],[11.219445,59.718238],[11.219528,59.718156],[11.219589,59.717993],[11.219571,59.717724],[11.219475,59.717609],[11.219048,59.717347],[11.21895,59.717214],[11.218803,59.716875],[11.218745,59.716795],[11.218244,59.71648],[11.218093,59.716357],[11.217495,59.715648],[11.217327,59.715525],[11.21718,59.715456],[11.216816,59.715327],[11.216724,59.715275],[11.21653,59.715099],[11.216325,59.714976],[11.216098,59.714908],[11.215469,59.714865],[11.215256,59.714869],[11.215098,59.714889],[11.214555,59.715024],[11.214149,59.715067],[11.213748,59.715182],[11.213564,59.715355],[11.213444,59.715429],[11.213149,59.715542],[11.212919,59.715564],[11.212399,59.715492],[11.211708,59.715261],[11.211488,59.715157],[11.21141,59.715059],[11.211206,59.714659],[11.211243,59.714415],[11.211257,59.714352],[11.211713,59.713985],[11.211575,59.71379],[11.211209,59.713625],[11.210973,59.713549],[11.210825,59.713461],[11.210765,59.713372],[11.210719,59.713203],[11.210707,59.713023],[11.210749,59.712852],[11.210847,59.712724],[11.211082,59.712514],[11.211184,59.71244],[11.211373,59.712347],[11.211755,59.712206],[11.21214,59.712101],[11.212893,59.711935],[11.21337,59.711882],[11.213887,59.711901],[11.214064,59.711889],[11.214257,59.711849],[11.214589,59.711763],[11.215268,59.711554],[11.215439,59.711452],[11.215872,59.711005],[11.216086,59.710821],[11.216237,59.710657],[11.216345,59.710494],[11.216298,59.710149],[11.215716,59.709768],[11.215572,59.709698],[11.215549,59.709618],[11.215579,59.709527],[11.21578,59.709335],[11.216258,59.709049],[11.216718,59.708736],[11.216918,59.708544],[11.217068,59.708285],[11.21706,59.708173],[11.216994,59.708062],[11.21675,59.707954],[11.216632,59.707938],[11.21592,59.707959],[11.215566,59.707983],[11.21537,59.707977],[11.215187,59.707908],[11.214995,59.707696],[11.21497,59.707579],[11.214955,59.707346],[11.215104,59.707182],[11.215133,59.707083],[11.215066,59.706877],[11.21499,59.706807],[11.214805,59.706693],[11.214604,59.706615],[11.214206,59.706505],[11.213917,59.706447],[11.213807,59.706395],[11.213713,59.706316],[11.21372,59.706154],[11.213768,59.706073],[11.213744,59.705974],[11.213336,59.705442],[11.213264,59.705174],[11.213371,59.704902],[11.213608,59.704449],[11.213706,59.704331],[11.213914,59.704247],[11.214146,59.703991],[11.214452,59.70377],[11.214816,59.70336],[11.215054,59.703194],[11.215423,59.702865],[11.215474,59.702558],[11.215542,59.702512],[11.215623,59.702403],[11.215636,59.702322],[11.215612,59.702233],[11.215391,59.701841],[11.215394,59.701625],[11.215479,59.701561],[11.215527,59.701489],[11.215464,59.701337],[11.215494,59.701247],[11.215628,59.701136],[11.216213,59.70083],[11.216415,59.700665],[11.216762,59.700264],[11.21684,59.700101],[11.216889,59.699916],[11.216834,59.699827],[11.216599,59.699692],[11.216356,59.699498],[11.21626,59.699392],[11.216218,59.699294],[11.216257,59.698817],[11.216361,59.698524],[11.216394,59.697656],[11.216452,59.697458],[11.216428,59.697368],[11.216175,59.697031],[11.216093,59.696871],[11.215966,59.696289],[11.216221,59.695845],[11.21703,59.695175],[11.217065,59.694905],[11.21698,59.694421],[11.216915,59.694243],[11.216944,59.694143],[11.21711,59.693979],[11.217158,59.693897],[11.217152,59.693799],[11.217081,59.69353],[11.216801,59.693059],[11.21661,59.692865],[11.216385,59.69268],[11.216163,59.692549],[11.216065,59.692407],[11.216129,59.692307],[11.216105,59.692208],[11.215941,59.691879],[11.21591,59.691673],[11.215905,59.690792],[11.215917,59.690702],[11.216019,59.690647],[11.216068,59.690583],[11.216021,59.690404]]}},{"type":"Feature","properties":{"dybde_m":40.0,"innsjonavn":"Øyeren"},"geometry":{"type":"LineString","coordinates":[[11.217204,59.788455],[11.216325,59.788111],[11.215705,59.787897],[11.215271,59.787805],[11.214925,59.787703],[11.214509,59.787611],[11.213656,59.787383],[11.213436,59.787297],[11.213249,59.787183],[11.212985,59.786954],[11.212901,59.786767],[11.212868,59.786543],[11.212898,59.785653],[11.212831,59.785457],[11.212821,59.7853],[11.212561,59.784882],[11.212133,59.78435],[11.211733,59.783962],[11.211502,59.783705],[11.211403,59.783554],[11.211261,59.783026],[11.211248,59.782838],[11.21141,59.782332],[11.211661,59.782077],[11.211934,59.781901],[11.212316,59.781751],[11.212622,59.781521],[11.212855,59.781284],[11.212998,59.781012],[11.213036,59.780508],[11.212967,59.780294],[11.212905,59.780169],[11.212671,59.779868],[11.212251,59.779435],[11.211949,59.779188],[11.211822,59.778885],[11.211821,59.778597],[11.212002,59.77837],[11.212288,59.778114],[11.212804,59.777835],[11.21357,59.777571],[11.213759,59.777469],[11.214095,59.777149],[11.214266,59.776796],[11.214275,59.776661],[11.214249,59.776544],[11.213892,59.775985],[11.213341,59.775464],[11.213107,59.775162],[11.213033,59.774876],[11.213043,59.774759],[11.2131,59.774534],[11.213198,59.774397],[11.213331,59.77426],[11.213518,59.774122],[11.214261,59.773777],[11.215014,59.773585],[11.215623,59.773359],[11.215779,59.773294],[11.215899,59.77322],[11.216737,59.772963],[11.216997,59.77286],[11.217389,59.772593],[11.217488,59.772483],[11.217638,59.772059],[11.217517,59.771567],[11.21704,59.770281],[11.21694,59.770121],[11.21679,59.769738],[11.216847,59.769521],[11.216929,59.769421],[11.217102,59.769337],[11.217306,59.769199],[11.217775,59.769011],[11.218298,59.768841],[11.218737,59.768743],[11.219131,59.768512],[11.219314,59.768321],[11.219444,59.768139],[11.219524,59.768003],[11.219583,59.767813],[11.219573,59.767391],[11.219508,59.766943],[11.219598,59.766429],[11.22004,59.765847],[11.220312,59.765375],[11.220403,59.765149],[11.220454,59.764843],[11.220368,59.764081],[11.220424,59.763855],[11.220593,59.763439],[11.220876,59.762877],[11.221042,59.762695],[11.221499,59.762337],[11.22163,59.762173],[11.221739,59.761929],[11.221813,59.761164],[11.221941,59.760946],[11.222282,59.760716],[11.22259,59.76054],[11.222931,59.760301],[11.223114,59.760118],[11.223228,59.759954],[11.22338,59.759835],[11.223689,59.75965],[11.224068,59.759464],[11.224376,59.75927],[11.224573,59.759024],[11.224637,59.758915],[11.224657,59.75869],[11.224583,59.758368],[11.224531,59.757857],[11.224534,59.757632],[11.224581,59.757272],[11.224724,59.756749],[11.224848,59.756468],[11.224976,59.756259],[11.225191,59.756004],[11.225932,59.755363],[11.226313,59.754934],[11.226523,59.754625],[11.226728,59.754227],[11.226952,59.753576],[11.227049,59.753431],[11.227206,59.753105],[11.227295,59.752843],[11.227417,59.752266],[11.227417,59.752005],[11.227515,59.751608],[11.227787,59.751137],[11.227972,59.750981],[11.228228,59.750815],[11.228396,59.750668],[11.228914,59.750156],[11.229062,59.749974],[11.229293,59.749431],[11.229297,59.749224],[11.229202,59.748867],[11.228947,59.748251],[11.228967,59.747748],[11.229171,59.746792],[11.229096,59.746479],[11.228877,59.745863],[11.228809,59.74511],[11.228565,59.744656],[11.22814,59.744142],[11.22804,59.743982],[11.227865,59.7435],[11.227816,59.743285],[11.227809,59.742926],[11.227713,59.742281],[11.227685,59.741859],[11.227716,59.741256],[11.227693,59.740907],[11.22777,59.740465],[11.227929,59.739914],[11.227983,59.739383],[11.22814,59.738797],[11.228186,59.738149],[11.227789,59.737276],[11.227483,59.736949],[11.227105,59.736623],[11.226677,59.736342],[11.226332,59.735971],[11.226253,59.735847],[11.225976,59.73516],[11.225853,59.73438],[11.225668,59.733737],[11.225616,59.733225],[11.225501,59.731233],[11.225553,59.730136],[11.225606,59.729596],[11.225666,59.729164],[11.225741,59.728947],[11.225748,59.728786],[11.225648,59.728356],[11.225521,59.728044],[11.225261,59.727617],[11.224972,59.72729],[11.22463,59.726954],[11.224443,59.726813],[11.223796,59.726447],[11.22312,59.72592],[11.222505,59.725499],[11.222031,59.725049],[11.221431,59.724322],[11.221271,59.724055],[11.221027,59.723593],[11.220906,59.723109],[11.220949,59.722408],[11.221003,59.722156],[11.221125,59.721857],[11.221283,59.721558],[11.221663,59.721111],[11.222047,59.720737],[11.22234,59.720327],[11.222345,59.720139],[11.222425,59.719733],[11.22265,59.71937],[11.222694,59.719234],[11.222687,59.719127],[11.222584,59.718913],[11.222509,59.718582],[11.222589,59.717646],[11.222569,59.716802],[11.222415,59.716365],[11.22218,59.716036],[11.22191,59.715726],[11.220831,59.714999],[11.219651,59.714103],[11.219096,59.713501],[11.218915,59.71319],[11.218846,59.712949],[11.218952,59.712138],[11.218959,59.711177],[11.218946,59.71071],[11.218851,59.710344],[11.218845,59.709993],[11.2189,59.709741],[11.219082,59.709271],[11.219153,59.709],[11.219229,59.708262],[11.219023,59.707304],[11.218735,59.706707],[11.218518,59.706388],[11.218447,59.706128],[11.218321,59.705825],[11.218136,59.704912],[11.217831,59.704333],[11.217533,59.703862],[11.21732,59.703596],[11.217303,59.703067],[11.217375,59.702553],[11.217329,59.702123],[11.217449,59.701788],[11.217834,59.701162],[11.218243,59.700625],[11.218428,59.700191],[11.218573,59.699964],[11.218622,59.69964],[11.218505,59.69948],[11.218296,59.699277],[11.218195,59.69909],[11.218129,59.698893],[11.218156,59.698237],[11.218202,59.697859],[11.218347,59.697623],[11.21867,59.696872],[11.218763,59.696394],[11.218878,59.695979],[11.219015,59.695636],[11.219087,59.695122],[11.219087,59.694844],[11.218925,59.694281],[11.218797,59.693959],[11.218616,59.69363],[11.218345,59.693033],[11.217988,59.692473],[11.217812,59.691964],[11.217699,59.691589],[11.217638,59.691212],[11.217668,59.690861],[11.21772,59.690564],[11.21784,59.69023],[11.218,59.689966],[11.218197,59.689721],[11.218534,59.689445],[11.218739,59.689316],[11.218871,59.68917],[11.219007,59.689069],[11.219154,59.688878]]}},{"type":"Feature","properties":{"dybde_m":3.0,"innsjonavn":"Øyeren"},"geometry":{"type":"LineString","coordinates":[[11.243968,59.681984],[11.243559,59.682372],[11.243321,59.682529],[11.243178,59.682774],[11.242963,59.68329],[11.242759,59.683689],[11.242484,59.684098],[11.242308,59.684649],[11.242199,59.684875],[11.242147,59.685163],[11.241988,59.685445],[11.24144,59.686011],[11.241326,59.686166],[11.241298,59.686283],[11.241478,59.686585],[11.241682,59.686716],[11.242063,59.686827],[11.242495,59.686909],[11.242964,59.687027],[11.243198,59.687068],[11.243375,59.687065],[11.243609,59.687106],[11.243858,59.68711],[11.244071,59.687098],[11.244652,59.687025],[11.24555,59.687162],[11.245731,59.687222],[11.246092,59.687306],[11.246132,59.687368],[11.2461,59.687413],[11.245959,59.687434],[11.24533,59.687328],[11.245082,59.687341],[11.244995,59.687369],[11.244945,59.687415],[11.24494,59.687604],[11.245097,59.687835],[11.245402,59.688135],[11.245486,59.688331],[11.245455,59.688395],[11.245336,59.688477],[11.245294,59.688649],[11.24514,59.688741],[11.245157,59.688993],[11.244679,59.689279],[11.244313,59.689654],[11.244318,59.689735],[11.24444,59.689957],[11.244552,59.690045],[11.244697,59.690087],[11.244792,59.690176],[11.244771,59.690401],[11.244871,59.690561],[11.245123,59.690871],[11.245079,59.691006],[11.245175,59.691121],[11.245197,59.691175],[11.245163,59.691202]]}},{"type":"Feature","properties":{"dybde_m":5.0,"innsjonavn":"Øyeren"},"geometry":{"type":"LineString","coordinates":[[11.244844,59.691217],[11.244795,59.691011],[11.244734,59.690895],[11.244599,59.690745],[11.244396,59.690371],[11.244404,59.690227],[11.24438,59.69012],[11.244227,59.689961],[11.243933,59.689552],[11.243924,59.689418],[11.243953,59.689328],[11.244019,59.689246],[11.244139,59.689181],[11.244331,59.689133],[11.244539,59.689057],[11.244759,59.688883],[11.244806,59.688792],[11.244818,59.688702],[11.244774,59.688316],[11.24482,59.688199],[11.244713,59.68794],[11.244583,59.687853],[11.244426,59.687622],[11.244418,59.687505],[11.244467,59.68745],[11.244405,59.687317],[11.244261,59.687292],[11.243672,59.687248],[11.242577,59.687078],[11.241709,59.686851],[11.24149,59.686774],[11.24125,59.686625],[11.24107,59.686323],[11.241077,59.68617],[11.241156,59.686025],[11.241339,59.685833],[11.241508,59.685704],[11.241656,59.685522],[11.24183,59.685214],[11.24195,59.68487],[11.242084,59.684221],[11.242329,59.683642],[11.242642,59.682729],[11.242909,59.682473],[11.243487,59.681987]]}},{"type":"Feature","properties":{"dybde_m":10.0,"innsjonavn":"Øyeren"},"geometry":{"type":"LineString","coordinates":[[11.240431,59.682026],[11.240179,59.682295],[11.239922,59.682713],[11.239739,59.683156],[11.239707,59.68348],[11.23894,59.68476],[11.238764,59.685329],[11.238831,59.685786],[11.238913,59.685964],[11.239031,59.686133],[11.23922,59.686291],[11.239931,59.686567],[11.240293,59.686668],[11.240724,59.686733],[11.241463,59.686891],[11.241665,59.686995],[11.241797,59.68711],[11.241894,59.687234],[11.241977,59.687412],[11.241986,59.687538],[11.241892,59.687737],[11.241286,59.687972],[11.241095,59.688029],[11.240545,59.688308],[11.240409,59.688409],[11.24033,59.688554],[11.240305,59.688716],[11.240333,59.688859],[11.240508,59.689081],[11.240742,59.68914],[11.240974,59.689154],[11.241396,59.689084],[11.241726,59.68897],[11.241827,59.688888],[11.241925,59.688751],[11.242472,59.688437],[11.242733,59.688351],[11.243227,59.688298],[11.243648,59.688219],[11.243895,59.688197],[11.244181,59.68821],[11.24438,59.68826],[11.244509,59.688339],[11.24457,59.688455],[11.2446,59.688634],[11.244553,59.688724],[11.244416,59.688808],[11.244311,59.688836],[11.244135,59.688848],[11.243942,59.688888],[11.243717,59.688981],[11.243422,59.689355],[11.243312,59.689572],[11.243365,59.689832],[11.243479,59.689947],[11.243788,59.690049],[11.243902,59.690155],[11.243928,59.690271],[11.243898,59.690362],[11.243816,59.690462],[11.244034,59.69079],[11.244276,59.690966],[11.244435,59.691215],[11.244439,59.691799],[11.244175,59.692378],[11.244122,59.692648],[11.243971,59.693046],[11.243651,59.693303],[11.243292,59.693525],[11.242595,59.694256],[11.242058,59.694732],[11.24165,59.695269],[11.24149,59.695532],[11.241305,59.695688],[11.240844,59.695983],[11.240404,59.696305],[11.239976,59.696816],[11.239852,59.697087],[11.239813,59.697303],[11.239916,59.697517],[11.240086,59.697658],[11.240308,59.697789],[11.240728,59.697962],[11.240876,59.698049],[11.241161,59.698322],[11.241309,59.69841],[11.241488,59.698434],[11.241831,59.698518],[11.242195,59.698637],[11.242397,59.698733],[11.242528,59.698838],[11.242625,59.698953],[11.242635,59.699366],[11.242625,59.699492],[11.242487,59.699818],[11.242409,59.700241],[11.242504,59.700599],[11.242657,59.700758],[11.243045,59.700976],[11.243245,59.701054],[11.243444,59.701104],[11.243593,59.7012],[11.243652,59.701289],[11.243611,59.701479],[11.243546,59.701561],[11.243338,59.701645],[11.243115,59.701765],[11.242763,59.702086],[11.242666,59.702222],[11.242607,59.702403],[11.242353,59.702856],[11.241903,59.703313],[11.241695,59.703389],[11.241351,59.703556],[11.24114,59.703856],[11.240828,59.703979],[11.240673,59.704062],[11.240218,59.704429],[11.240004,59.704954],[11.239873,59.705118],[11.239516,59.705366],[11.239291,59.705721],[11.23917,59.706037],[11.239119,59.706334],[11.23925,59.707239],[11.239376,59.707794],[11.239572,59.70806],[11.240155,59.708544],[11.240976,59.709393],[11.241773,59.710403],[11.242087,59.711108],[11.242337,59.71193],[11.242362,59.712289],[11.24231,59.712586],[11.242309,59.712828],[11.242081,59.713407],[11.241587,59.714],[11.241562,59.714153],[11.241589,59.714556],[11.241688,59.714707],[11.241801,59.714813],[11.242022,59.714917],[11.242239,59.714968],[11.242804,59.715183],[11.242981,59.71544],[11.243067,59.715654],[11.243173,59.716173],[11.243396,59.716583],[11.243867,59.716709],[11.244027,59.716716],[11.244734,59.71665],[11.245085,59.716581],[11.245399,59.716495],[11.245884,59.716289],[11.246003,59.716215],[11.246144,59.716194],[11.246252,59.716211],[11.246461,59.716414],[11.246504,59.716521],[11.246473,59.716853],[11.246304,59.717261],[11.246157,59.717452],[11.246057,59.717813],[11.24607,59.71801],[11.24598,59.718524],[11.245778,59.718958],[11.24551,59.719206],[11.244983,59.719574],[11.244396,59.720096],[11.244235,59.720341],[11.243945,59.721065],[11.243944,59.721307],[11.243997,59.721576],[11.244402,59.722306],[11.244616,59.722581],[11.244762,59.722901],[11.244831,59.723134],[11.244734,59.72354],[11.244558,59.723848],[11.244367,59.724444],[11.244402,59.724704],[11.244569,59.725061],[11.244738,59.725192],[11.245831,59.725578],[11.246096,59.725816],[11.246178,59.725985],[11.246231,59.726245],[11.246227,59.726443],[11.246276,59.726648],[11.246381,59.72688],[11.246985,59.7274],[11.247208,59.727549],[11.247286,59.727655],[11.247276,59.727763],[11.247091,59.727919],[11.246792,59.727969],[11.246496,59.728073],[11.246413,59.728155],[11.246203,59.728473],[11.246141,59.728618],[11.246132,59.728744],[11.246232,59.728913],[11.246424,59.729125],[11.246819,59.729442],[11.247243,59.729659],[11.248157,59.73003],[11.248307,59.730144],[11.248457,59.730519],[11.248855,59.730889],[11.248955,59.73104],[11.249212,59.7317],[11.249351,59.731914],[11.249489,59.732109],[11.249735,59.73232],[11.250162,59.732592],[11.250362,59.73266],[11.250669,59.732727],[11.251615,59.732764],[11.251867,59.732805],[11.25214,59.732899],[11.252398,59.733029],[11.252622,59.733196],[11.252796,59.733391],[11.253139,59.734005],[11.253476,59.73478],[11.253543,59.734986],[11.253486,59.735454],[11.253604,59.735892],[11.253773,59.736284],[11.253977,59.736667],[11.254066,59.736935],[11.254138,59.737473],[11.254112,59.737878],[11.254001,59.738086],[11.253633,59.738434],[11.252747,59.739015],[11.252565,59.739216],[11.252439,59.73946],[11.252352,59.739749],[11.252312,59.739957],[11.252363,59.74018],[11.252531,59.740564],[11.252875,59.740917],[11.253432,59.741258],[11.253836,59.741449],[11.254224,59.741658],[11.254486,59.741842],[11.254695,59.742045],[11.254888,59.742275],[11.255357,59.743156],[11.25557,59.743674],[11.255611,59.744014],[11.255613,59.744571],[11.255657,59.744966],[11.255345,59.747199],[11.255212,59.748396],[11.255106,59.748667],[11.254664,59.749241],[11.254513,59.749378],[11.253785,59.749669],[11.253541,59.749745],[11.253144,59.749932],[11.252751,59.750172],[11.252276,59.750791],[11.252103,59.751135],[11.251926,59.751408],[11.251185,59.752301],[11.251039,59.752519],[11.250918,59.752826],[11.250935,59.753078],[11.251013,59.753193],[11.251245,59.753458],[11.251449,59.753572],[11.251595,59.753632],[11.251721,59.753648],[11.251899,59.753654],[11.252378,59.753628],[11.252469,59.753653],[11.252545,59.753724],[11.252571,59.753849],[11.252396,59.754157],[11.252338,59.754356],[11.252596,59.755007],[11.252581,59.755313],[11.252399,59.755532],[11.25211,59.755725],[11.252044,59.755807],[11.251954,59.75606],[11.251919,59.75633],[11.25186,59.756511],[11.251781,59.756665],[11.25139,59.757193],[11.251372,59.757454],[11.251342,59.757544],[11.251276,59.757617],[11.25119,59.757672],[11.251086,59.75771],[11.250963,59.75773],[11.250679,59.757744],[11.250275,59.757823],[11.250033,59.757935],[11.249967,59.758017],[11.249696,59.75848],[11.249493,59.758986],[11.249481,59.759125],[11.249426,59.759275],[11.249276,59.759592],[11.249215,59.759647],[11.249066,59.759672],[11.248937,59.759651],[11.248607,59.75945],[11.248502,59.759376],[11.248076,59.758907],[11.247934,59.758815],[11.247404,59.758815]]}},{"type":"Feature","properties":{"dybde_m":30.0,"innsjonavn":"Øyeren"},"geometry":{"type":"LineString","coordinates":[[11.238882,59.682048],[11.238568,59.682646],[11.238353,59.682893],[11.238044,59.683311],[11.237826,59.684042],[11.237557,59.684541],[11.237298,59.684914],[11.237065,59.685421],[11.237026,59.685637],[11.237046,59.685933],[11.237153,59.686201],[11.237254,59.686388],[11.237406,59.686529],[11.23835,59.687106],[11.239354,59.687771],[11.239532,59.688038],[11.239512,59.688281],[11.239556,59.688666],[11.239638,59.688826],[11.239831,59.689057],[11.240001,59.689206],[11.240221,59.68932],[11.240512,59.689413],[11.240853,59.689461],[11.241191,59.689474],[11.242143,59.689359],[11.24225,59.689357],[11.242322,59.689382],[11.242345,59.689454],[11.242336,59.689589],[11.242563,59.690052],[11.242633,59.690311],[11.242759,59.690597],[11.242805,59.691018],[11.242884,59.691403],[11.242872,59.691762],[11.242672,59.692494],[11.242562,59.692693],[11.242251,59.693094],[11.241697,59.693588],[11.241364,59.693926],[11.240337,59.69504],[11.240097,59.69543],[11.239619,59.695995],[11.239068,59.696795],[11.238862,59.697167],[11.238767,59.697609],[11.238948,59.698199],[11.239236,59.698517],[11.239496,59.698683],[11.23979,59.698822],[11.240499,59.699061],[11.240719,59.699156],[11.240924,59.699297],[11.240965,59.699386],[11.241026,59.699762],[11.240968,59.699961],[11.240966,59.700203],[11.241242,59.700863],[11.241512,59.701182],[11.241772,59.701618],[11.241746,59.702022],[11.241671,59.702239],[11.241559,59.702412],[11.241346,59.702694],[11.24103,59.703014],[11.240725,59.703235],[11.24027,59.703611],[11.239858,59.703824],[11.238529,59.704691],[11.238242,59.704921],[11.237928,59.705277],[11.237704,59.705649],[11.237665,59.705865],[11.237625,59.706593],[11.237668,59.706979],[11.237863,59.707497],[11.237983,59.707692],[11.238349,59.708126],[11.238652,59.70839],[11.238881,59.708629],[11.239181,59.708857],[11.239623,59.709362],[11.240332,59.710383],[11.240521,59.710829],[11.24057,59.711017],[11.240529,59.711475],[11.240415,59.71163],[11.240341,59.711847],[11.240302,59.712072],[11.240303,59.71262],[11.240262,59.712792],[11.240071,59.713136],[11.239921,59.713543],[11.239966,59.713964],[11.240307,59.714542],[11.240753,59.715083],[11.241293,59.715451],[11.241533,59.715582],[11.241813,59.715783],[11.242173,59.71611],[11.242245,59.716396],[11.24226,59.71662],[11.242203,59.717097],[11.24223,59.71777],[11.242197,59.718067],[11.242169,59.718176],[11.242088,59.718294],[11.241766,59.718542],[11.241666,59.718642],[11.241542,59.718905],[11.241567,59.719021],[11.241682,59.719145],[11.241812,59.719224],[11.241977,59.719293],[11.242175,59.719334],[11.242442,59.71933],[11.242707,59.719307],[11.243347,59.719036],[11.243517,59.718925],[11.243872,59.718641],[11.244404,59.717823],[11.244682,59.717729],[11.244771,59.717736],[11.244828,59.71778],[11.244832,59.717843],[11.244678,59.718196],[11.244582,59.71862],[11.244506,59.718818],[11.244007,59.719339],[11.243736,59.719532],[11.243552,59.719715],[11.243426,59.71996],[11.243177,59.720216],[11.242998,59.720461],[11.242775,59.72086],[11.242735,59.72105],[11.242797,59.721453],[11.242905,59.721738],[11.242985,59.721872],[11.243059,59.722445],[11.243037,59.722904],[11.242811,59.724049],[11.242802,59.724713],[11.243104,59.725238],[11.243316,59.725477],[11.243942,59.726059],[11.244097,59.726245],[11.244199,59.726441],[11.244293,59.72679],[11.244792,59.727859],[11.244713,59.728274],[11.244821,59.729359],[11.244869,59.729538],[11.244973,59.729761],[11.24515,59.730018],[11.246038,59.730794],[11.246632,59.731421],[11.246847,59.731705],[11.246967,59.73191],[11.247259,59.732551],[11.247451,59.732764],[11.248135,59.733408],[11.248673,59.733731],[11.249454,59.733969],[11.249669,59.733992],[11.250167,59.733993],[11.251045,59.733816],[11.251205,59.733813],[11.251565,59.733879],[11.251694,59.73394],[11.251921,59.734142],[11.252158,59.734498],[11.252223,59.734658],[11.252313,59.735205],[11.252371,59.735814],[11.252518,59.736135],[11.252702,59.736752],[11.252743,59.737111],[11.252712,59.737444],[11.252637,59.737651],[11.252427,59.73796],[11.252079,59.738344],[11.251933,59.738553],[11.251563,59.738874],[11.251232,59.739239],[11.251138,59.739438],[11.251082,59.739654],[11.251067,59.739969],[11.251221,59.740407],[11.251668,59.740965],[11.25269,59.741864],[11.253057,59.742297],[11.253266,59.742761],[11.253547,59.743493],[11.253662,59.743886],[11.253754,59.744459],[11.253806,59.745492],[11.25376,59.745861],[11.253777,59.746112],[11.253718,59.746562],[11.253426,59.74725],[11.253353,59.747494],[11.253086,59.74801],[11.252611,59.748629],[11.252409,59.748794],[11.252238,59.748896],[11.251996,59.749008],[11.251605,59.749284],[11.251436,59.749413],[11.251237,59.749641],[11.251127,59.749849],[11.251028,59.749977],[11.250809,59.750951],[11.250671,59.751276],[11.250189,59.752057],[11.250044,59.752536],[11.250017,59.752671],[11.250055,59.752976],[11.250166,59.753297],[11.25035,59.753644],[11.250804,59.754041],[11.25092,59.754183],[11.251059,59.754656],[11.250776,59.755488],[11.250736,59.755686],[11.250731,59.755875],[11.250762,59.756072],[11.25074,59.75627],[11.250616,59.75655],[11.25047,59.75676],[11.250396,59.756976],[11.250391,59.757174],[11.250343,59.757247],[11.250225,59.757348],[11.250003,59.757486],[11.249647,59.757762],[11.249432,59.757999],[11.249337,59.758171],[11.249296,59.758361],[11.249198,59.758497],[11.248959,59.758645],[11.248835,59.758656],[11.248507,59.758545],[11.248168,59.758263],[11.247944,59.758114],[11.247689,59.758038],[11.247312,59.75799],[11.246957,59.757996],[11.24648,59.758058],[11.246271,59.758125],[11.246029,59.758228],[11.245772,59.758376],[11.245372,59.758796],[11.24457,59.759843],[11.24437,59.760044],[11.24387,59.760816],[11.24351,59.761298],[11.243127,59.761682],[11.2424,59.76226],[11.241628,59.762965],[11.241299,59.763375],[11.241009,59.76409],[11.240773,59.764561],[11.240467,59.765042],[11.239677,59.766008],[11.239564,59.76618],[11.238769,59.767074],[11.238479,59.767537],[11.238339,59.767845],[11.238297,59.768016],[11.238322,59.768645]]}},{"type":"Feature","properties":{"dybde_m":20.0,"innsjonavn":"Øyeren"},"geometry":{"type":"LineString","coordinates":[[11.239631,59.682035],[11.23911,59.68279],[11.238772,59.683577],[11.238673,59.683956],[11.238381,59.684635],[11.237901,59.685434],[11.237748,59.685804],[11.2378,59.686046],[11.237864,59.686207],[11.23824,59.686515],[11.239836,59.687278],[11.240273,59.687693],[11.240279,59.687791],[11.240237,59.687954],[11.240046,59.688289],[11.240001,59.688416],[11.239979,59.688614],[11.240054,59.688945],[11.240115,59.689052],[11.240246,59.689157],[11.240627,59.689277],[11.240789,59.689301],[11.241003,59.689315],[11.241269,59.689311],[11.241463,59.68928],[11.24207,59.689063],[11.242297,59.689006],[11.24265,59.688973],[11.242835,59.689077],[11.242811,59.689248],[11.242745,59.689321],[11.242702,59.689484],[11.242815,59.689841],[11.243173,59.690419],[11.243194,59.690724],[11.243248,59.691002],[11.243466,59.6916],[11.243499,59.691833],[11.243476,59.692022],[11.243385,59.692257],[11.243083,59.692783],[11.242409,59.693603],[11.242124,59.693859],[11.241525,59.694462],[11.240761,59.695266],[11.240526,59.695468],[11.239476,59.696779],[11.239293,59.697231],[11.239325,59.697716],[11.239373,59.697895],[11.239939,59.698397],[11.240598,59.698673],[11.241044,59.698711],[11.241314,59.698751],[11.241551,59.698846],[11.241866,59.699038],[11.24193,59.69919],[11.241921,59.699325],[11.241713,59.699669],[11.241778,59.700117],[11.241917,59.7006],[11.24209,59.700786],[11.242713,59.701332],[11.242738,59.70144],[11.242433,59.701939],[11.242172,59.702276],[11.241886,59.702793],[11.241737,59.702948],[11.241467,59.703168],[11.2412,59.703433],[11.240789,59.703656],[11.24028,59.704024],[11.239937,59.704218],[11.239581,59.704467],[11.238994,59.704998],[11.238795,59.705217],[11.23865,59.705435],[11.238514,59.705797],[11.238289,59.706681],[11.238283,59.707391],[11.238462,59.707684],[11.239251,59.708317],[11.240474,59.709581],[11.240739,59.709828],[11.241297,59.710456],[11.241457,59.710732],[11.241543,59.711216],[11.241497,59.711585],[11.241513,59.712366],[11.24146,59.712906],[11.241366,59.713096],[11.240899,59.713814],[11.240848,59.714111],[11.241008,59.714647],[11.241204,59.714922],[11.241394,59.715108],[11.2419,59.715485],[11.242155,59.71558],[11.242303,59.715658],[11.242647,59.716021],[11.242787,59.716252],[11.242874,59.716484],[11.242838,59.716745],[11.24269,59.717188],[11.242659,59.71779],[11.242616,59.717952],[11.242599,59.718222],[11.2424,59.718441],[11.242304,59.718596],[11.242136,59.718751],[11.242105,59.718824],[11.242132,59.718958],[11.242225,59.719019],[11.242549,59.719068],[11.242725,59.719047],[11.242898,59.718981],[11.243018,59.718907],[11.24349,59.718513],[11.243825,59.717941],[11.243972,59.71775],[11.244309,59.717465],[11.244531,59.717336],[11.244824,59.717196],[11.245418,59.717033],[11.245523,59.717013],[11.245613,59.71703],[11.245688,59.717083],[11.24571,59.717145],[11.245567,59.717408],[11.245267,59.718491],[11.24514,59.718727],[11.244745,59.719201],[11.244272,59.719568],[11.243892,59.720006],[11.243731,59.72026],[11.243613,59.720621],[11.24347,59.721405],[11.243657,59.722336],[11.243855,59.722908],[11.243918,59.72332],[11.243732,59.723727],[11.243592,59.724296],[11.243654,59.724681],[11.24395,59.725116],[11.244198,59.725363],[11.24474,59.725758],[11.245006,59.726005],[11.245142,59.726183],[11.245271,59.726782],[11.245528,59.727164],[11.245681,59.727332],[11.245783,59.727519],[11.245788,59.727851],[11.245729,59.728041],[11.245539,59.728386],[11.245518,59.728611],[11.245545,59.728745],[11.245713,59.729128],[11.245955,59.729555],[11.246265,59.729927],[11.246378,59.730033],[11.246676,59.730226],[11.247242,59.730701],[11.247623,59.731081],[11.248233,59.732211],[11.248532,59.7327],[11.248757,59.732867],[11.249278,59.7332],[11.249515,59.733294],[11.249751,59.733362],[11.24995,59.733404],[11.250236,59.733435],[11.250874,59.733397],[11.251248,59.73339],[11.251604,59.733393],[11.251855,59.733434],[11.252002,59.733494],[11.252133,59.733591],[11.252477,59.733944],[11.252542,59.734114],[11.252763,59.734487],[11.253209,59.736366],[11.253436,59.736829],[11.253465,59.73699],[11.253464,59.737502],[11.253358,59.737783],[11.253109,59.738057],[11.252756,59.73835],[11.252293,59.73861],[11.252106,59.738748],[11.251974,59.738893],[11.251733,59.739284],[11.251562,59.739646],[11.251538,59.739826],[11.25157,59.740032],[11.251564,59.740212],[11.251709,59.740515],[11.251885,59.740745],[11.252073,59.740904],[11.252409,59.741132],[11.253169,59.741586],[11.253755,59.742088],[11.253927,59.742265],[11.254046,59.742442],[11.25415,59.742674],[11.254208,59.742996],[11.254414,59.743685],[11.254593,59.74528],[11.254575,59.745811],[11.254505,59.746351],[11.25418,59.747605],[11.253962,59.748076],[11.25354,59.748685],[11.253118,59.749025],[11.252725,59.749256],[11.252384,59.749486],[11.252069,59.749824],[11.251856,59.750106],[11.251499,59.750885],[11.251318,59.751373],[11.251189,59.751564],[11.250873,59.751893],[11.250659,59.752157],[11.250462,59.752672],[11.25043,59.752987],[11.250441,59.753149],[11.250522,59.7533],[11.250621,59.753442],[11.250812,59.753637],[11.250963,59.75376],[11.251242,59.753935],[11.251524,59.754163],[11.251621,59.754278],[11.251772,59.754671],[11.251789,59.754922],[11.251763,59.755075],[11.251426,59.75536],[11.251284,59.756413],[11.251137,59.756613],[11.251001,59.756706],[11.250901,59.756815],[11.250843,59.757014],[11.250889,59.757166],[11.250847,59.757328],[11.250716,59.757501],[11.250072,59.757728],[11.249952,59.757783],[11.249549,59.75841],[11.249442,59.758681],[11.249066,59.759182],[11.248876,59.759266],[11.248642,59.759225],[11.248495,59.759156],[11.248326,59.759033],[11.248113,59.758776],[11.247923,59.7586],[11.247647,59.758461],[11.247502,59.758427],[11.24734,59.758403],[11.24718,59.758406],[11.246969,59.758436],[11.246513,59.758543],[11.246321,59.758609],[11.246185,59.758701],[11.246049,59.758802],[11.245648,59.759196],[11.245453,59.759459],[11.24507,59.759861],[11.244413,59.76069],[11.24416,59.761161],[11.243926,59.76139],[11.243797,59.76159],[11.243549,59.761872],[11.243381,59.762028],[11.242684,59.762516],[11.24238,59.762764],[11.241755,59.763529],[11.241512,59.763892],[11.241271,59.764552],[11.241096,59.764861],[11.240107,59.766054],[11.239435,59.766659],[11.239121,59.767023],[11.238812,59.767451],[11.238721,59.767686],[11.238694,59.767821],[11.238713,59.768108],[11.238812,59.76825],[11.238976,59.76858],[11.239445,59.769201],[11.239398,59.769552],[11.239336,59.769688],[11.238974,59.770143],[11.238847,59.77037],[11.238786,59.770523],[11.238794,59.77064],[11.238898,59.770872],[11.238977,59.770978],[11.239074,59.771093],[11.239375,59.771331],[11.239472,59.771464],[11.239519,59.771625]]}},{"type":"Feature","properties":{"dybde_m":40.0,"innsjonavn":"Øyeren"},"geometry":{"type":"LineString","coordinates":[[11.238064,59.682058],[11.237905,59.682559],[11.237795,59.682785],[11.237268,59.683405],[11.237142,59.68365],[11.237038,59.683957],[11.236626,59.684701],[11.236284,59.685704],[11.236366,59.686133],[11.23649,59.686383],[11.236643,59.686551],[11.236887,59.686744],[11.237444,59.687103],[11.237721,59.68726],[11.2386,59.687919],[11.238796,59.688203],[11.238929,59.688587],[11.239119,59.688781],[11.239737,59.689256],[11.240342,59.689524],[11.240864,59.689623],[11.241095,59.689628],[11.24168,59.689609],[11.241841,59.689624],[11.24195,59.689667],[11.242007,59.689711],[11.242065,59.689782],[11.242173,59.690077],[11.242268,59.690425],[11.242419,59.691366],[11.242417,59.691591],[11.242353,59.691969],[11.24203,59.69272],[11.241183,59.693606],[11.240515,59.694246],[11.239361,59.695586],[11.238411,59.697067],[11.238268,59.69759],[11.238261,59.698022],[11.238312,59.698254],[11.238447,59.698414],[11.238653,59.698572],[11.238915,59.698765],[11.239378,59.699045],[11.239779,59.69946],[11.239862,59.699629],[11.239892,59.699817],[11.239826,59.70016],[11.239896,59.700671],[11.239962,59.700867],[11.240084,59.70109],[11.240311,59.701301],[11.240507,59.701567],[11.240694,59.701978],[11.240687,59.702139],[11.24061,59.702581],[11.240049,59.703228],[11.239299,59.703717],[11.238911,59.70402],[11.238435,59.704352],[11.238132,59.704599],[11.237915,59.70481],[11.237401,59.705366],[11.237101,59.705929],[11.237006,59.70637],[11.237041,59.70716],[11.237093,59.70742],[11.237351,59.707811],[11.237601,59.708103],[11.238259,59.708631],[11.238581,59.70893],[11.239135,59.709505],[11.239648,59.710269],[11.239782,59.71068],[11.239835,59.71093],[11.239794,59.711389],[11.239664,59.711832],[11.239627,59.712344],[11.239636,59.712748],[11.239574,59.712884],[11.239525,59.713217],[11.239449,59.713407],[11.239445,59.713614],[11.239609,59.714204],[11.240044,59.714852],[11.240274,59.7151],[11.24052,59.715329],[11.240819,59.71554],[11.241204,59.715713],[11.241466,59.715915],[11.241656,59.716091],[11.241741,59.716297],[11.241906,59.717704],[11.241879,59.71783],[11.241752,59.718057],[11.241395,59.718306],[11.241161,59.718534],[11.241084,59.718706],[11.241076,59.718859],[11.241121,59.719002],[11.241203,59.719153],[11.241299,59.719268],[11.2417,59.719414],[11.241972,59.719482],[11.242223,59.719513],[11.242759,59.719549],[11.242934,59.719519],[11.24308,59.719561],[11.243068,59.71966],[11.242848,59.719826],[11.242463,59.720183],[11.242234,59.720483],[11.242091,59.720737],[11.241962,59.721198],[11.241999,59.721745],[11.242248,59.722549],[11.24228,59.722764],[11.2423,59.723321],[11.242196,59.723888],[11.242254,59.724498],[11.242341,59.725],[11.242577,59.725328],[11.242987,59.726148],[11.24322,59.726431],[11.243739,59.727815],[11.243796,59.728128],[11.243879,59.729106],[11.244049,59.729525],[11.244485,59.730182],[11.245383,59.73111],[11.245867,59.731695],[11.246349,59.732513],[11.246735,59.732965],[11.247376,59.733493],[11.247805,59.733791],[11.24839,59.734023],[11.248831,59.734231],[11.249338,59.734357],[11.249644,59.734415],[11.249931,59.734446],[11.250162,59.734451],[11.250322,59.734439],[11.250531,59.734373],[11.250884,59.73434],[11.251205,59.734352],[11.251387,59.734403],[11.251596,59.734606],[11.251676,59.73473],[11.251801,59.735276],[11.251837,59.736066],[11.252059,59.736988],[11.252072,59.737176],[11.252118,59.737337],[11.252113,59.737535],[11.251974,59.737842],[11.251681,59.738243],[11.251059,59.738783],[11.25081,59.739057],[11.250557,59.739529],[11.250532,59.739691],[11.250545,59.739879],[11.250659,59.740246],[11.250798,59.740468],[11.251649,59.741468],[11.252012,59.741839],[11.252421,59.742362],[11.252821,59.74302],[11.252918,59.743405],[11.253049,59.743771],[11.253018,59.744095],[11.253098,59.745019],[11.253103,59.745629],[11.253072,59.746483],[11.253031,59.746664],[11.252922,59.746899],[11.252745,59.747181],[11.252069,59.747983],[11.251254,59.748823],[11.250756,59.749371],[11.25058,59.749661],[11.25047,59.749879],[11.2502,59.750629],[11.250173,59.751024],[11.250101,59.751277],[11.249768,59.751876],[11.249605,59.752364],[11.249563,59.752535],[11.249545,59.752796],[11.249557,59.752975],[11.249604,59.753145],[11.249871,59.75368],[11.250202,59.754096],[11.250324,59.754319],[11.250419,59.754676],[11.2504,59.754919],[11.250296,59.755226],[11.250219,59.755668],[11.250161,59.756406],[11.250122,59.756613],[11.250012,59.75683],[11.24997,59.756993],[11.249757,59.757275],[11.249318,59.757624],[11.2491,59.757825],[11.249032,59.757871],[11.248858,59.757937],[11.248752,59.757948],[11.248609,59.757941],[11.248483,59.757916],[11.248353,59.757847],[11.248116,59.757761],[11.24784,59.757622],[11.247712,59.757579],[11.247496,59.757538],[11.247119,59.7575],[11.246816,59.757496],[11.24664,59.757517],[11.24643,59.757574],[11.246203,59.757641],[11.245961,59.757744],[11.245514,59.757994],[11.245074,59.758334],[11.244483,59.759081],[11.244208,59.75949],[11.243797,59.76],[11.243706,59.760226],[11.243562,59.760471],[11.243366,59.760735],[11.2432,59.760917],[11.242025,59.761988],[11.241636,59.762291],[11.241339,59.762647],[11.241121,59.762839],[11.240972,59.763003],[11.240147,59.764248],[11.239146,59.766053],[11.238626,59.766807],[11.23812,59.76749],[11.238013,59.767752],[11.237486,59.768399],[11.237171,59.769015],[11.236926,59.769872],[11.236685,59.770272],[11.236569,59.77119],[11.235941,59.772728],[11.235595,59.774189],[11.235325,59.774957],[11.235126,59.775436],[11.234967,59.776257],[11.234944,59.776446],[11.235273,59.777626],[11.235293,59.777922],[11.23523,59.778049],[11.235215,59.778345],[11.235241,59.77848],[11.235304,59.778613],[11.235496,59.778817],[11.235559,59.778968],[11.235565,59.779049],[11.235449,59.779186],[11.235328,59.779242],[11.234665,59.779451],[11.234402,59.779509],[11.234192,59.779576],[11.234004,59.779696],[11.233607,59.780133],[11.233394,59.780407],[11.23298,59.781141],[11.23264,59.781911],[11.231865,59.783092],[11.231669,59.783607],[11.231118,59.784703],[11.23067,59.785447],[11.230386,59.785722],[11.229423,59.786762],[11.229255,59.786922],[11.229034,59.787079],[11.227362,59.787906],[11.226193,59.788294],[11.225058,59.788637],[11.223825,59.788864],[11.222485,59.789058],[11.220962,59.7892],[11.220073,59.789233],[11.219751,59.789221],[11.219122,59.789151],[11.218524,59.789008],[11.218287,59.788922],[11.217204,59.788455]]}},{"type":"Feature","properties":{"dybde_m":50.0,"innsjonavn":"Øyeren"},"geometry":{"type":"LineString","coordinates":[[11.237248,59.682067],[11.237099,59.682465],[11.237003,59.682628],[11.236806,59.682865],[11.236521,59.68313],[11.236114,59.683676],[11.236025,59.683938],[11.235857,59.684624],[11.235736,59.68547],[11.235739,59.685785],[11.235972,59.686347],[11.236342,59.686835],[11.236569,59.687046],[11.236794,59.687222],[11.237385,59.687553],[11.237741,59.687826],[11.238009,59.688127],[11.238151,59.688376],[11.238422,59.688721],[11.238686,59.68895],[11.239487,59.689503],[11.24007,59.689717],[11.240358,59.689766],[11.240661,59.689788],[11.241235,59.689859],[11.241344,59.689902],[11.241437,59.689964],[11.241532,59.690052],[11.241592,59.69015],[11.241707,59.690552],[11.241761,59.69109],[11.241651,59.691837],[11.24127,59.692778],[11.241044,59.693114],[11.240599,59.693634],[11.238535,59.695726],[11.238011,59.696409],[11.237723,59.696881],[11.237567,59.697207],[11.237463,59.697505],[11.237427,59.697766],[11.237428,59.698054],[11.237553,59.69833],[11.237768,59.698623],[11.23796,59.698835],[11.238599,59.699354],[11.238765,59.699702],[11.238817,59.699952],[11.238787,59.700833],[11.238817,59.701021],[11.238882,59.7012],[11.239296,59.701543],[11.239611,59.701736],[11.239762,59.701868],[11.239923,59.702143],[11.239878,59.702261],[11.239887,59.702396],[11.239793,59.702595],[11.239485,59.703031],[11.239317,59.703187],[11.239169,59.703369],[11.238712,59.7037],[11.23815,59.704069],[11.237795,59.704354],[11.237197,59.704984],[11.236722,59.705585],[11.236549,59.705929],[11.236327,59.706597],[11.236335,59.706975],[11.236404,59.707477],[11.236556,59.707896],[11.236691,59.708046],[11.2369,59.70825],[11.237199,59.708469],[11.237457,59.708608],[11.237662,59.708749],[11.238663,59.709899],[11.238802,59.710104],[11.239087,59.710656],[11.239083,59.710862],[11.239132,59.71105],[11.239124,59.711472],[11.239021,59.711798],[11.238989,59.712104],[11.239025,59.713181],[11.238945,59.713578],[11.23897,59.713954],[11.239079,59.714249],[11.239201,59.714489],[11.239342,59.714739],[11.239553,59.714969],[11.240044,59.715391],[11.240414,59.715601],[11.240693,59.715785],[11.240898,59.715934],[11.241182,59.71618],[11.241288,59.716448],[11.241325,59.716726],[11.241511,59.717387],[11.241532,59.717693],[11.241486,59.71781],[11.240899,59.718332],[11.240733,59.718515],[11.240636,59.71866],[11.240595,59.71884],[11.24067,59.719171],[11.24075,59.719305],[11.240977,59.719499],[11.241421,59.719752],[11.24169,59.719792],[11.241908,59.71986],[11.241983,59.719922],[11.242025,59.720011],[11.241979,59.720119],[11.241644,59.720439],[11.241446,59.720667],[11.241284,59.720904],[11.241259,59.721587],[11.241304,59.721999],[11.241411,59.722267],[11.241594,59.722614],[11.241831,59.723221],[11.241769,59.723626],[11.241806,59.724183],[11.241889,59.724621],[11.242007,59.725059],[11.242121,59.725704],[11.242308,59.726366],[11.242635,59.727259],[11.242808,59.727992],[11.242879,59.728781],[11.243157,59.729486],[11.243715,59.730106],[11.244913,59.731532],[11.245237,59.731849],[11.245396,59.732089],[11.245702,59.732677],[11.245918,59.732979],[11.246467,59.733472],[11.247196,59.73399],[11.247515,59.734245],[11.248229,59.734538],[11.248793,59.734726],[11.249099,59.734784],[11.249908,59.734896],[11.250137,59.734874],[11.250406,59.734905],[11.250804,59.734997],[11.251005,59.735074],[11.251118,59.735162],[11.251274,59.735366],[11.25142,59.735696],[11.25145,59.736396],[11.251438,59.737016],[11.251416,59.737475],[11.251377,59.737691],[11.25112,59.738109],[11.250551,59.738639],[11.250058,59.73925],[11.249946,59.73944],[11.24997,59.73979],[11.25,59.739978],[11.25006,59.740076],[11.250346,59.740359],[11.251256,59.741457],[11.251629,59.741972],[11.251816,59.742364],[11.252274,59.743892],[11.252375,59.74433],[11.252479,59.745083],[11.252403,59.745803],[11.252197,59.746435],[11.251924,59.74715],[11.251747,59.747431],[11.251357,59.747986],[11.251124,59.748214],[11.250836,59.748435],[11.250471,59.748828],[11.250247,59.749209],[11.25002,59.749536],[11.249863,59.749844],[11.249648,59.75036],[11.24962,59.750477],[11.249694,59.750781],[11.249589,59.751331],[11.249151,59.751967],[11.248958,59.752536],[11.24892,59.752771],[11.248951,59.752968],[11.249034,59.753137],[11.249326,59.753518],[11.249594,59.753792],[11.249693,59.753934],[11.249871,59.754461],[11.249793,59.755954],[11.249674,59.756576],[11.249548,59.756811],[11.249308,59.757211],[11.249171,59.757294],[11.249015,59.757359],[11.24884,59.757407],[11.248521,59.757422],[11.248175,59.75732],[11.248011,59.757251],[11.247738,59.757166],[11.24725,59.757066],[11.246999,59.757035],[11.246378,59.757063],[11.246026,59.757132],[11.245713,59.757236],[11.244733,59.757765],[11.244445,59.757985],[11.244111,59.758306],[11.24388,59.758579],[11.243067,59.760003],[11.242257,59.761194],[11.241418,59.761963],[11.240789,59.762674],[11.240018,59.763657],[11.239774,59.764003],[11.239581,59.764312],[11.238549,59.76618],[11.237847,59.767144],[11.237485,59.767581],[11.236521,59.768622],[11.236236,59.769148],[11.235974,59.769763],[11.235608,59.771215],[11.235304,59.771984],[11.235009,59.772905],[11.234752,59.773583],[11.234553,59.774323],[11.234437,59.77499],[11.234346,59.775764],[11.234339,59.776187],[11.234293,59.776565],[11.234317,59.777202],[11.234384,59.77765],[11.234595,59.77814],[11.234642,59.77858],[11.234764,59.778793],[11.234756,59.778946],[11.234573,59.779147],[11.234193,59.779315],[11.233862,59.779428],[11.233241,59.779718],[11.233071,59.779837],[11.232903,59.779993],[11.232757,59.780211],[11.232292,59.781252],[11.23199,59.781778],[11.230877,59.783243],[11.230782,59.783397],[11.230343,59.783773],[11.229775,59.78407],[11.228993,59.784362],[11.228042,59.784531],[11.226906,59.784604],[11.226571,59.784636],[11.226183,59.784697],[11.225756,59.784704],[11.225348,59.784738],[11.224574,59.78489],[11.224238,59.784923],[11.223587,59.785051],[11.222816,59.785243],[11.222083,59.78548],[11.221318,59.785772],[11.220843,59.785861],[11.220418,59.785895],[11.219902,59.785904],[11.219686,59.785871],[11.219471,59.785866],[11.218676,59.7857],[11.218403,59.785614],[11.217962,59.785424],[11.217611,59.785228],[11.216743,59.784264],[11.21637,59.784],[11.216196,59.783806],[11.215993,59.783441],[11.215984,59.783306],[11.216038,59.783054],[11.216546,59.782381],[11.216633,59.782074],[11.216666,59.781768],[11.216566,59.781356]]}},{"type":"Feature","properties":{"dybde_m":60.0,"innsjonavn":"Øyeren"},"geometry":{"type":"LineString","coordinates":[[11.236134,59.682082],[11.236148,59.682319],[11.23606,59.682599],[11.235759,59.682883],[11.235451,59.683059],[11.235064,59.68338],[11.234748,59.683709],[11.234746,59.683942],[11.235058,59.684638],[11.235218,59.685156],[11.23546,59.686131],[11.235675,59.686693],[11.236045,59.687172],[11.236718,59.687672],[11.237201,59.687997],[11.237792,59.688867],[11.23802,59.689088],[11.238796,59.689533],[11.239145,59.689697],[11.23951,59.689835],[11.240248,59.689984],[11.240503,59.690078],[11.240669,59.690165],[11.240819,59.690279],[11.240929,59.690601],[11.240959,59.69078],[11.240839,59.691375],[11.240685,59.691737],[11.240466,59.69219],[11.239697,59.693443],[11.238177,59.695157],[11.237308,59.69625],[11.236761,59.696852],[11.236617,59.697088],[11.236542,59.697287],[11.236561,59.697844],[11.236661,59.698282],[11.236825,59.698603],[11.23698,59.698798],[11.237471,59.699221],[11.237624,59.699398],[11.237806,59.699718],[11.237827,59.700302],[11.237877,59.700525],[11.237824,59.700796],[11.237836,59.700975],[11.237901,59.701145],[11.238169,59.701428],[11.238373,59.701559],[11.23861,59.701645],[11.238827,59.701695],[11.238958,59.701801],[11.239036,59.701907],[11.239143,59.702175],[11.239134,59.702301],[11.239073,59.702454],[11.238929,59.702699],[11.238685,59.703036],[11.238536,59.7032],[11.238318,59.703401],[11.237478,59.703856],[11.237189,59.704059],[11.236905,59.704333],[11.236443,59.704862],[11.236067,59.705632],[11.235876,59.705958],[11.235754,59.706257],[11.235671,59.706618],[11.235659,59.706977],[11.235775,59.70764],[11.235988,59.708166],[11.236201,59.708432],[11.23643,59.708662],[11.236938,59.709084],[11.237635,59.709935],[11.237852,59.710255],[11.238025,59.710719],[11.238059,59.71123],[11.23819,59.712126],[11.238378,59.712806],[11.238362,59.713632],[11.238415,59.713892],[11.238647,59.714445],[11.238965,59.714952],[11.239194,59.715181],[11.239474,59.715374],[11.239881,59.715619],[11.240424,59.716023],[11.240635,59.716244],[11.240815,59.716555],[11.240908,59.716877],[11.241099,59.717341],[11.24105,59.717674],[11.240969,59.717783],[11.2408,59.717921],[11.240049,59.718392],[11.239858,59.718727],[11.239832,59.718871],[11.239897,59.71905],[11.23993,59.719274],[11.240029,59.719425],[11.240202,59.71962],[11.240709,59.720015],[11.240956,59.720245],[11.24093,59.720398],[11.240796,59.720517],[11.240555,59.720907],[11.240514,59.721088],[11.240511,59.721312],[11.240568,59.721626],[11.240786,59.722224],[11.240961,59.722454],[11.241117,59.722928],[11.241171,59.723196],[11.241132,59.723682],[11.241146,59.724149],[11.241119,59.724545],[11.241158,59.724867],[11.241297,59.72535],[11.241302,59.725952],[11.241415,59.726579],[11.241846,59.727443],[11.241992,59.728294],[11.242153,59.72883],[11.242207,59.729107],[11.24231,59.729312],[11.242377,59.729527],[11.242543,59.729874],[11.242681,59.73007],[11.24359,59.731159],[11.244608,59.732282],[11.245496,59.733327],[11.246445,59.7342],[11.24691,59.734507],[11.247169,59.734655],[11.247445,59.734785],[11.247827,59.734922],[11.248516,59.735108],[11.248878,59.735192],[11.249398,59.735264],[11.249727,59.735384],[11.250005,59.73555],[11.250091,59.735773],[11.250118,59.736176],[11.250234,59.736579],[11.250274,59.736901],[11.250221,59.737441],[11.25018,59.737622],[11.250137,59.737784],[11.249879,59.738175],[11.24965,59.738475],[11.249103,59.739068],[11.249041,59.739213],[11.249005,59.739474],[11.249077,59.739752],[11.250377,59.741086],[11.25073,59.741565],[11.251073,59.74217],[11.251512,59.743141],[11.25156,59.74332],[11.251607,59.74376],[11.251781,59.744754],[11.251816,59.745283],[11.251678,59.745878],[11.251525,59.74624],[11.251065,59.747075],[11.250679,59.747692],[11.250464,59.747938],[11.250147,59.748249],[11.249672,59.748599],[11.249426,59.748917],[11.24925,59.749208],[11.249092,59.749507],[11.248881,59.750067],[11.248726,59.750941],[11.248652,59.751167],[11.248336,59.751766],[11.248195,59.752837],[11.248226,59.753043],[11.248377,59.753427],[11.248519,59.753954],[11.248715,59.754481],[11.248987,59.755096],[11.249001,59.755563],[11.24893,59.755834],[11.248837,59.756033],[11.248653,59.756207],[11.248516,59.75629],[11.248376,59.756337],[11.248147,59.756368],[11.247985,59.756344],[11.247821,59.756284],[11.247592,59.756063],[11.24755,59.755956],[11.247455,59.755868],[11.24727,59.755772],[11.247069,59.755695],[11.246673,59.755621],[11.246422,59.755607],[11.245924,59.755616],[11.245625,59.755657],[11.24522,59.755735],[11.244194,59.756094],[11.24378,59.756299],[11.243218,59.756668],[11.242947,59.756879],[11.242285,59.757636],[11.241943,59.7581],[11.241768,59.758417],[11.241287,59.759746],[11.241208,59.760161],[11.241064,59.760657],[11.24094,59.760947],[11.240765,59.761255],[11.240305,59.761829],[11.239888,59.76224],[11.239415,59.762635],[11.239084,59.763],[11.238507,59.763692],[11.238189,59.764272],[11.238027,59.764509],[11.237476,59.765057],[11.237313,59.765284],[11.237127,59.765692],[11.236991,59.766062],[11.236829,59.766838],[11.236691,59.767164],[11.236221,59.767854],[11.235404,59.768695],[11.235015,59.769267],[11.234953,59.769412],[11.234906,59.769763],[11.234726,59.770548],[11.234381,59.771766],[11.23407,59.772724],[11.233502,59.774063],[11.233229,59.775307],[11.233257,59.776259],[11.233236,59.776475],[11.23334,59.777479],[11.233636,59.777923],[11.233849,59.778171],[11.234,59.778294],[11.234098,59.778436],[11.234127,59.778606],[11.234004,59.778896],[11.233922,59.778996],[11.233578,59.779182],[11.233212,59.779305],[11.232529,59.779487],[11.231802,59.779778],[11.231441,59.779973],[11.231184,59.78013],[11.230695,59.780542],[11.23051,59.780716],[11.230296,59.78098],[11.230162,59.781099],[11.229649,59.781404],[11.229057,59.781594],[11.228596,59.781638],[11.227742,59.781652],[11.227075,59.781538],[11.226544,59.78134],[11.226379,59.781262],[11.226026,59.781053],[11.224398,59.779876],[11.223727,59.779448],[11.223594,59.779333],[11.223465,59.779263],[11.222771,59.779006],[11.222283,59.778906],[11.221707,59.778826],[11.221253,59.77869],[11.221011,59.778532],[11.220781,59.778312],[11.220651,59.777955],[11.220621,59.777793],[11.220858,59.776801],[11.221198,59.776292],[11.221448,59.776028],[11.221918,59.775598],[11.22238,59.775302],[11.222725,59.774883],[11.222798,59.774648],[11.222734,59.773949],[11.222686,59.773761],[11.222749,59.773374],[11.222809,59.773211],[11.222943,59.773074],[11.223096,59.772973],[11.223374,59.772869],[11.223614,59.772721],[11.223804,59.772637],[11.224487,59.772455],[11.226047,59.772078],[11.226448,59.771946],[11.227264,59.771626],[11.227845,59.771257],[11.228011,59.771075],[11.22834,59.770674],[11.228499,59.770375],[11.228544,59.770248],[11.228553,59.770113]]}},{"type":"Feature","properties":{"dybde_m":70.0,"innsjonavn":"Øyeren"},"geometry":{"type":"LineString","coordinates":[[11.232663,59.682127],[11.232646,59.68202],[11.232799,59.681388],[11.232803,59.681173],[11.232727,59.680833],[11.232571,59.680359],[11.232432,59.680137],[11.232223,59.679934],[11.232,59.679785],[11.231356,59.679463],[11.230684,59.679232],[11.230395,59.679165],[11.229642,59.679061],[11.228985,59.679064],[11.228578,59.679088],[11.228019,59.679224],[11.227741,59.679318],[11.226866,59.679782],[11.226577,59.679985],[11.225923,59.680562],[11.225709,59.680817],[11.225581,59.681035],[11.22525,59.6814],[11.224728,59.68184],[11.224217,59.682163],[11.223172,59.683007],[11.222923,59.683281],[11.222778,59.683499],[11.222682,59.683662],[11.222608,59.683879],[11.22251,59.684015],[11.222227,59.684308],[11.22213,59.684453],[11.222067,59.684831],[11.222132,59.68501],[11.222186,59.685296],[11.222104,59.685927],[11.222008,59.686099],[11.221918,59.686343],[11.221742,59.686633],[11.221302,59.687243],[11.220934,59.687851],[11.220865,59.688148],[11.220834,59.688751],[11.220865,59.689226],[11.220793,59.68974],[11.220707,59.690055],[11.220584,59.690354],[11.220088,59.691171],[11.219996,59.691667],[11.220031,59.691926],[11.220028,59.692142],[11.220131,59.692356],[11.220287,59.692578],[11.22077,59.693154],[11.221667,59.694091],[11.221899,59.694365],[11.222379,59.695183],[11.22245,59.695712],[11.222442,59.696126],[11.222385,59.696333],[11.222363,59.696549],[11.222158,59.696939],[11.221833,59.697402],[11.221386,59.697886],[11.220914,59.69881],[11.220846,59.699126],[11.220635,59.700513],[11.220629,59.700953],[11.220723,59.701562],[11.220882,59.703159],[11.220826,59.703663],[11.220756,59.703942],[11.220861,59.704453],[11.22134,59.705514],[11.221707,59.706217],[11.222002,59.707182],[11.222091,59.708268],[11.222294,59.708911],[11.222711,59.709829],[11.223462,59.710975],[11.223806,59.711598],[11.224291,59.71221],[11.224591,59.712717],[11.224817,59.713162],[11.225094,59.713597],[11.225562,59.714479],[11.225715,59.714907],[11.225903,59.715326],[11.226119,59.715637],[11.226348,59.716415],[11.22643,59.717105],[11.226895,59.718211],[11.227296,59.719426],[11.227334,59.720009],[11.227306,59.720648],[11.227257,59.720981],[11.226965,59.721677],[11.226816,59.722372],[11.226769,59.722741],[11.226803,59.722983],[11.22705,59.72349],[11.227169,59.723668],[11.227415,59.723897],[11.227752,59.724152],[11.228476,59.724607],[11.229007,59.724832],[11.229357,59.725005],[11.230031,59.725245],[11.231239,59.725764],[11.231771,59.725997],[11.232855,59.726527],[11.233744,59.727042],[11.234389,59.72739],[11.235163,59.728051],[11.235468,59.72862],[11.235544,59.728961],[11.235517,59.729365],[11.235455,59.729492],[11.235209,59.729802],[11.235022,59.729931],[11.234693,59.730071],[11.233453,59.730685],[11.233299,59.730786],[11.232897,59.731152],[11.232798,59.731271],[11.232687,59.73147],[11.232549,59.732075],[11.232778,59.733364],[11.233225,59.733941],[11.233676,59.734301],[11.233971,59.734449],[11.234319,59.734605],[11.235227,59.734877],[11.235715,59.734985],[11.236218,59.735057],[11.237491,59.735206],[11.238401,59.735245],[11.238757,59.735239],[11.239483,59.73519],[11.240485,59.735012],[11.240746,59.734926],[11.240988,59.734814],[11.241608,59.734507],[11.241882,59.73435],[11.242483,59.733765],[11.242614,59.733592],[11.242813,59.733103],[11.242852,59.732887],[11.242851,59.732609],[11.242671,59.732046],[11.242422,59.73152],[11.241894,59.73055],[11.241435,59.729534],[11.241233,59.728908],[11.241173,59.728272],[11.240994,59.727736],[11.240432,59.725715],[11.24038,59.724935],[11.240237,59.723599],[11.240039,59.722497],[11.239632,59.721731],[11.239634,59.721489],[11.23969,59.721263],[11.239643,59.720833],[11.239551,59.72052],[11.239391,59.720253],[11.239163,59.720033],[11.238627,59.719736],[11.238152,59.719277],[11.238031,59.719064],[11.237904,59.718761],[11.237865,59.718447],[11.237736,59.717838],[11.237637,59.717696],[11.237504,59.717303],[11.23751,59.717123],[11.237635,59.716591],[11.237695,59.716159],[11.237673,59.715827],[11.237619,59.715558],[11.237516,59.715354],[11.237239,59.714927],[11.237084,59.714463],[11.237044,59.71387],[11.237051,59.71317],[11.236993,59.712847],[11.236843,59.712464],[11.236461,59.711266],[11.236408,59.710737],[11.236334,59.710433],[11.236147,59.710023],[11.235929,59.709685],[11.235598,59.709251],[11.235194,59.7088],[11.23497,59.708363],[11.23484,59.708024],[11.23479,59.707809],[11.234804,59.707216],[11.234743,59.706562],[11.234816,59.706066],[11.234933,59.705678],[11.235072,59.705361],[11.235298,59.705025],[11.236079,59.704203],[11.236331,59.703983],[11.237043,59.703468],[11.237942,59.702563],[11.238038,59.702391],[11.238037,59.702122],[11.237957,59.701988],[11.237843,59.701873],[11.237601,59.701716],[11.237308,59.701577],[11.237158,59.701463],[11.236981,59.701205],[11.236918,59.701063],[11.236894,59.700704],[11.236929,59.700434],[11.236833,59.699519],[11.236685,59.699171],[11.23625,59.698783],[11.23604,59.698563],[11.235879,59.698278],[11.235808,59.698018],[11.235792,59.697767],[11.235862,59.697227],[11.235953,59.696983],[11.23608,59.696756],[11.236398,59.696472],[11.236594,59.696209],[11.238097,59.693964],[11.238269,59.693611],[11.238386,59.69324],[11.238446,59.692539],[11.238421,59.692162],[11.238325,59.691786],[11.238127,59.691215],[11.237964,59.690912],[11.237748,59.690592],[11.237501,59.690363],[11.237222,59.69017],[11.236226,59.689621],[11.235994,59.689347],[11.235796,59.689045],[11.235595,59.688159],[11.235448,59.687811],[11.234881,59.68597],[11.23439,59.684999],[11.233685,59.684014],[11.233083,59.683252],[11.232942,59.683003],[11.2327,59.682306],[11.232663,59.682127]]}},{"type":"Feature","properties":{"dybde_m":1.0,"innsjonavn":"Øyeren"},"geometry":{"type":"LineString","coordinates":[[11.247799,59.677251],[11.247729,59.677262],[11.24758,59.677417],[11.247621,59.677506],[11.247712,59.677531],[11.248112,59.677417],[11.24816,59.677335],[11.248122,59.6773],[11.247799,59.677251]]}},{"type":"Feature","properties":{"dybde_m":60.0,"innsjonavn":"Øyeren"},"geometry":{"type":"LineString","coordinates":[[11.228553,59.770113],[11.22862,59.769798],[11.228603,59.769529],[11.228506,59.769144],[11.228255,59.768591],[11.227808,59.768033],[11.227288,59.767449],[11.226548,59.766491],[11.22651,59.766196],[11.226555,59.7658],[11.226794,59.765104],[11.226895,59.765012],[11.226987,59.764795],[11.227063,59.764596],[11.227088,59.764434],[11.227002,59.763951],[11.226826,59.76345],[11.2267,59.762887],[11.22668,59.76233],[11.226827,59.76186],[11.227208,59.761432],[11.227947,59.761024],[11.228374,59.760756],[11.228737,59.760588],[11.22894,59.760432],[11.229224,59.760149],[11.229415,59.759813],[11.22944,59.759651],[11.229431,59.759247],[11.22929,59.758738],[11.229359,59.758431],[11.229362,59.757946],[11.229491,59.757746],[11.229582,59.757502],[11.22976,59.757247],[11.229996,59.757046],[11.230061,59.756955],[11.230828,59.75643],[11.2312,59.756145],[11.231464,59.755835],[11.231628,59.755356],[11.231635,59.755185],[11.231753,59.754824],[11.231782,59.754455],[11.231999,59.753437],[11.232217,59.752966],[11.232381,59.752756],[11.232783,59.752381],[11.233507,59.751758],[11.23378,59.751583],[11.234016,59.75139],[11.234723,59.751046],[11.235211,59.750624],[11.235449,59.750189],[11.23559,59.749639],[11.235363,59.748636],[11.235146,59.748056],[11.23475,59.747443],[11.234081,59.746763],[11.233646,59.746375],[11.233312,59.745913],[11.23287,59.745148],[11.232131,59.743679],[11.231447,59.741957],[11.23124,59.74099],[11.231169,59.740461],[11.231233,59.740083],[11.231232,59.739804],[11.231623,59.738729],[11.231692,59.738431],[11.23172,59.738044],[11.231681,59.73774],[11.231391,59.737116],[11.231072,59.7366],[11.229773,59.734727],[11.22972,59.734476],[11.229587,59.734083],[11.229224,59.733434],[11.22871,59.7324],[11.228629,59.73198],[11.228396,59.731418],[11.228175,59.730245],[11.228153,59.729634],[11.228182,59.728475],[11.228092,59.727928],[11.227892,59.727321],[11.227772,59.727116],[11.227423,59.726691],[11.227156,59.726417],[11.226911,59.726215],[11.225424,59.725512],[11.224699,59.725048],[11.224054,59.724718],[11.22372,59.724499],[11.223083,59.724025],[11.222728,59.723492],[11.222616,59.723152],[11.222507,59.72257],[11.22254,59.722004],[11.222714,59.721408],[11.222953,59.720991],[11.223677,59.720377],[11.223809,59.720222],[11.224049,59.719813],[11.224352,59.719027],[11.224343,59.718614],[11.224202,59.718104],[11.224225,59.717915],[11.224301,59.717716],[11.22435,59.717383],[11.224316,59.717141],[11.224333,59.716862],[11.224307,59.716476],[11.224248,59.716109],[11.224004,59.715386],[11.22363,59.714844],[11.223402,59.714623],[11.222453,59.713454],[11.222153,59.712956],[11.221943,59.712465],[11.221615,59.711815],[11.221437,59.711539],[11.221243,59.710752],[11.220972,59.709894],[11.220714,59.708947],[11.220498,59.707836],[11.219984,59.706516],[11.21982,59.706177],[11.21968,59.705955],[11.219137,59.704724],[11.218724,59.70333],[11.218592,59.702667],[11.218599,59.702245],[11.219013,59.70125],[11.219186,59.700906],[11.219273,59.700608],[11.219411,59.700004],[11.219518,59.699202],[11.219659,59.698652],[11.219763,59.698075],[11.220076,59.696902],[11.220339,59.696314],[11.220517,59.695511],[11.220518,59.695251],[11.220389,59.694642],[11.220261,59.69433],[11.219894,59.693609],[11.219738,59.693405],[11.219165,59.692803],[11.218967,59.692492],[11.218844,59.691982],[11.218827,59.691722],[11.218982,59.691109],[11.219075,59.690909],[11.219636,59.690244],[11.219781,59.690035],[11.219958,59.689745],[11.220182,59.689112],[11.220267,59.688239],[11.220247,59.687943],[11.220366,59.686513],[11.2203,59.685786],[11.220228,59.6855],[11.220107,59.685296],[11.220074,59.685063],[11.220079,59.684865],[11.220137,59.684666],[11.220592,59.68403],[11.220903,59.683629],[11.221135,59.683374],[11.221477,59.68264],[11.221656,59.682386],[11.22307,59.681203],[11.225086,59.678932],[11.225164,59.678769],[11.225379,59.678523],[11.225618,59.678115],[11.225678,59.677943],[11.225804,59.677707],[11.225849,59.677302],[11.226068,59.676867],[11.226396,59.676449],[11.226612,59.67622],[11.226864,59.676009],[11.227193,59.675609],[11.227448,59.675173],[11.22747,59.674966],[11.227603,59.674569],[11.227721,59.674477],[11.227945,59.674374],[11.228366,59.674286],[11.228525,59.674283],[11.22876,59.674333],[11.229615,59.674373],[11.230745,59.674273],[11.231136,59.674284],[11.232087,59.674421],[11.232935,59.674622],[11.233633,59.674709],[11.235004,59.674757],[11.235719,59.674826],[11.235956,59.674912],[11.236345,59.675148],[11.236688,59.675501],[11.236792,59.675724],[11.236836,59.676127],[11.236793,59.67735],[11.236666,59.678376],[11.236673,59.678744],[11.236786,59.679641],[11.236788,59.679928],[11.236712,59.680387],[11.23628,59.681113],[11.236061,59.681557],[11.236134,59.681852],[11.236134,59.682082]]}},{"type":"Feature","properties":{"dybde_m":50.0,"innsjonavn":"Øyeren"},"geometry":{"type":"LineString","coordinates":[[11.216566,59.781356],[11.216503,59.781204],[11.216229,59.780841],[11.216079,59.780736],[11.215983,59.78062],[11.215741,59.780463],[11.21513,59.780114],[11.214716,59.779806],[11.214381,59.779596],[11.214075,59.779278],[11.213979,59.778893],[11.213989,59.778777],[11.214251,59.778431],[11.214843,59.777963],[11.215015,59.777861],[11.215184,59.777723],[11.215317,59.777577],[11.215677,59.777095],[11.215894,59.776625],[11.215883,59.776194],[11.215718,59.775873],[11.215673,59.77573],[11.215413,59.775303],[11.215386,59.77516],[11.215536,59.774744],[11.215702,59.774562],[11.215924,59.774414],[11.216116,59.774357],[11.216392,59.774218],[11.216877,59.774012],[11.21833,59.773628],[11.218539,59.773553],[11.218968,59.773312],[11.219333,59.772901],[11.219379,59.772793],[11.21941,59.772451],[11.219381,59.772281],[11.219437,59.772055],[11.219384,59.771257],[11.219398,59.770924],[11.219472,59.770698],[11.219725,59.770218],[11.219904,59.769963],[11.220603,59.769224],[11.220699,59.76907],[11.220872,59.768456],[11.220935,59.76806],[11.220912,59.76771],[11.220864,59.767531],[11.220852,59.767342],[11.220663,59.766905],[11.220612,59.766673],[11.22062,59.766529],[11.220645,59.766367],[11.220856,59.766067],[11.221039,59.765605],[11.221136,59.765191],[11.221241,59.764084],[11.221449,59.76347],[11.221658,59.763125],[11.221985,59.762688],[11.222439,59.762016],[11.222482,59.761862],[11.222817,59.761273],[11.223391,59.760796],[11.223676,59.76053],[11.224116,59.760191],[11.224902,59.759692],[11.225264,59.759506],[11.225399,59.759405],[11.225699,59.759095],[11.225835,59.758724],[11.225817,59.757925],[11.225881,59.757277],[11.226037,59.756942],[11.226217,59.756715],[11.226295,59.756543],[11.226425,59.756361],[11.227369,59.755563],[11.227624,59.75537],[11.227868,59.755034],[11.227947,59.75488],[11.227995,59.754538],[11.228163,59.754121],[11.228454,59.753667],[11.228658,59.75326],[11.228906,59.752447],[11.229142,59.751976],[11.229419,59.751594],[11.229898,59.751029],[11.230035,59.750946],[11.230434,59.750795],[11.23071,59.750656],[11.231238,59.750305],[11.231637,59.749876],[11.231724,59.749579],[11.23173,59.749408],[11.231627,59.748933],[11.231483,59.748639],[11.231389,59.7483],[11.231246,59.748024],[11.231132,59.747909],[11.230967,59.747579],[11.230793,59.747106],[11.230717,59.746766],[11.230705,59.746048],[11.230565,59.745547],[11.230222,59.744951],[11.229892,59.744534],[11.228448,59.743166],[11.228244,59.742766],[11.228195,59.742569],[11.22818,59.741806],[11.228222,59.741365],[11.228215,59.741005],[11.228445,59.740445],[11.228656,59.740136],[11.228902,59.739826],[11.229366,59.739315],[11.229529,59.739079],[11.229645,59.73896],[11.229816,59.73858],[11.229799,59.738068],[11.229663,59.737621],[11.229164,59.736812],[11.22867,59.736336],[11.228092,59.735672],[11.227993,59.735521],[11.226981,59.732618],[11.226774,59.731912],[11.226681,59.731312],[11.226503,59.730506],[11.226523,59.729213],[11.226597,59.728978],[11.226663,59.727827],[11.226551,59.727487],[11.226279,59.727142],[11.226109,59.726992],[11.225772,59.726746],[11.224756,59.726179],[11.224094,59.725849],[11.223647,59.725551],[11.22324,59.725316],[11.222866,59.725035],[11.222355,59.724567],[11.222201,59.72439],[11.221963,59.724026],[11.22181,59.723597],[11.221688,59.723096],[11.221819,59.722124],[11.222132,59.721481],[11.222376,59.721144],[11.222822,59.720625],[11.222918,59.720461],[11.223299,59.719494],[11.223323,59.719323],[11.223108,59.71876],[11.223085,59.718419],[11.223165,59.717484],[11.223155,59.717062],[11.222906,59.715997],[11.222626,59.715526],[11.222488,59.715321],[11.221278,59.714237],[11.220971,59.713892],[11.220794,59.713634],[11.220291,59.712754],[11.220088,59.71211],[11.22006,59.711679],[11.219909,59.711017],[11.219632,59.710321],[11.219946,59.708088],[11.219918,59.707936],[11.219801,59.707507],[11.219696,59.707266],[11.219336,59.706661],[11.219101,59.706342],[11.218881,59.705699],[11.218556,59.704545],[11.217974,59.703549],[11.217931,59.703164],[11.217937,59.702714],[11.217891,59.702284],[11.217945,59.702023],[11.218081,59.70167],[11.218233,59.701542],[11.218392,59.70126],[11.218667,59.700861],[11.218882,59.700066],[11.2189,59.699536],[11.218836,59.699385],[11.218681,59.698642],[11.218695,59.698318],[11.219055,59.697584],[11.219346,59.696609],[11.21958,59.69612],[11.219682,59.695777],[11.219783,59.695164],[11.219728,59.69486],[11.219326,59.693627],[11.218604,59.692651],[11.218485,59.692456],[11.218411,59.692151],[11.218358,59.691613],[11.218425,59.69128],[11.21858,59.690945],[11.218684,59.690638],[11.218875,59.690302],[11.219157,59.690001],[11.219386,59.6897],[11.219478,59.689483],[11.219591,59.689302],[11.2197,59.688797],[11.219719,59.687755],[11.219799,59.687349],[11.219937,59.687014],[11.219925,59.686565],[11.219826,59.685875],[11.219494,59.685162],[11.219529,59.684883],[11.219591,59.684738],[11.219736,59.68452],[11.220598,59.683581],[11.220776,59.683317],[11.221124,59.682664],[11.221355,59.682139],[11.221517,59.681903],[11.221751,59.681675],[11.222424,59.681106],[11.222757,59.680777],[11.223557,59.679704],[11.224528,59.678546],[11.224816,59.678065],[11.224839,59.677885],[11.224771,59.677392],[11.224828,59.677185],[11.225382,59.67616],[11.22556,59.675627],[11.225445,59.674426],[11.225339,59.674167],[11.22512,59.67382],[11.225029,59.673507],[11.224989,59.673176],[11.225024,59.672906],[11.22529,59.672362],[11.225458,59.672216],[11.225695,59.67205],[11.225908,59.671768],[11.226314,59.671473],[11.226663,59.671378],[11.227034,59.671344],[11.227429,59.67141],[11.228174,59.671666],[11.228481,59.671733],[11.22891,59.671789],[11.229641,59.67183],[11.230652,59.671804],[11.23113,59.671778],[11.231435,59.671827],[11.231688,59.671894],[11.232168,59.672173],[11.232339,59.672332],[11.232556,59.672661],[11.232745,59.672828],[11.233391,59.673195],[11.234475,59.673473],[11.235174,59.673577],[11.235548,59.673589],[11.236518,59.673492],[11.237051,59.673483],[11.237395,59.673593],[11.23749,59.673682],[11.23801,59.674293],[11.238335,59.674637],[11.238474,59.67486],[11.238577,59.675064],[11.238626,59.675531],[11.238549,59.675981],[11.238143,59.676815],[11.238016,59.67758],[11.237866,59.678257],[11.23788,59.678724],[11.238026,59.679053],[11.238163,59.67924],[11.238176,59.679446],[11.238154,59.679635],[11.23799,59.680105],[11.237634,59.680632],[11.237341,59.681302],[11.237285,59.681527],[11.237248,59.682067]]}},{"type":"Feature","properties":{"dybde_m":40.0,"innsjonavn":"Øyeren"},"geometry":{"type":"LineString","coordinates":[[11.219154,59.688878],[11.219269,59.688463],[11.219277,59.68805],[11.219328,59.687752],[11.219399,59.687481],[11.219603,59.687065],[11.219635,59.686741],[11.219578,59.686419],[11.219332,59.685929],[11.218735,59.68522],[11.218574,59.684944],[11.218592,59.684674],[11.218671,59.684529],[11.218856,59.684365],[11.219618,59.683813],[11.220453,59.682999],[11.220692,59.682591],[11.220783,59.682347],[11.22102,59.681903],[11.221349,59.681502],[11.221652,59.681254],[11.22205,59.680834],[11.222512,59.680287],[11.222838,59.679581],[11.223554,59.67832],[11.223732,59.678057],[11.223807,59.677858],[11.22385,59.677705],[11.223805,59.677553],[11.223725,59.677419],[11.223663,59.677025],[11.223744,59.676898],[11.224057,59.676542],[11.224582,59.676147],[11.224766,59.675973],[11.224938,59.67562],[11.224963,59.675458],[11.224939,59.675108],[11.224836,59.674625],[11.224548,59.673758],[11.224347,59.672863],[11.224407,59.67244],[11.224532,59.672177],[11.224711,59.671932],[11.225595,59.671072],[11.226391,59.670484],[11.226528,59.67041],[11.226686,59.670389],[11.226846,59.670386],[11.226971,59.670402],[11.227188,59.670452],[11.227916,59.670719],[11.228328,59.670774],[11.228595,59.670779],[11.22886,59.670756],[11.230176,59.670527],[11.230725,59.6705],[11.230992,59.670514],[11.23119,59.670555],[11.23181,59.670787],[11.232197,59.671005],[11.23258,59.671151],[11.232997,59.671279],[11.233448,59.671388],[11.233825,59.671453],[11.234111,59.671485],[11.234486,59.671505],[11.23544,59.671435],[11.235844,59.671365],[11.236191,59.671243],[11.236819,59.671079],[11.237664,59.670957],[11.238494,59.670898],[11.239597,59.670915],[11.240651,59.671023],[11.24153,59.671142],[11.242048,59.671196],[11.242301,59.671255],[11.242539,59.671359],[11.242726,59.671508],[11.242811,59.671713],[11.242781,59.671795],[11.242697,59.671859],[11.242557,59.671897],[11.242276,59.671938],[11.242116,59.671941],[11.241731,59.672028],[11.241373,59.67225],[11.241142,59.672523],[11.240906,59.672707],[11.240698,59.672783],[11.239943,59.672912],[11.239735,59.672988],[11.239547,59.673099],[11.239448,59.673208],[11.239386,59.673344],[11.239379,59.673515],[11.239465,59.673729],[11.240297,59.674757],[11.240697,59.675433],[11.240641,59.675649],[11.240542,59.675768],[11.239716,59.676159],[11.239291,59.676445],[11.238913,59.6769],[11.238737,59.677191],[11.238617,59.677534],[11.238571,59.677912],[11.238578,59.67828],[11.238618,59.678612],[11.238777,59.67913],[11.238882,59.679371],[11.238932,59.679855],[11.238911,59.680071],[11.238852,59.680252],[11.238342,59.681123],[11.23817,59.681485],[11.238064,59.682058]]}},{"type":"Feature","properties":{"dybde_m":30.0,"innsjonavn":"Øyeren"},"geometry":{"type":"LineString","coordinates":[[11.227064,59.745894],[11.227041,59.745822],[11.227071,59.745732],[11.22717,59.745622],[11.227292,59.745575],[11.227375,59.745493],[11.227541,59.745311],[11.227603,59.745175],[11.227767,59.744966],[11.227761,59.744867],[11.227701,59.744769],[11.227569,59.744394],[11.227502,59.74365],[11.2275,59.743353],[11.227358,59.742826],[11.22734,59.742287],[11.227372,59.741963],[11.227309,59.74156],[11.227256,59.740492],[11.227164,59.73964],[11.227153,59.738939],[11.227033,59.738483],[11.226809,59.738056],[11.226616,59.737835],[11.225686,59.736952],[11.225043,59.73611],[11.224914,59.735779],[11.224547,59.734007],[11.22453,59.733217],[11.224587,59.731123],[11.224755,59.730437],[11.224864,59.730211],[11.224968,59.729904],[11.224971,59.729679],[11.224914,59.729348],[11.224881,59.728854],[11.224706,59.728363],[11.224568,59.728159],[11.223977,59.727576],[11.222165,59.726259],[11.221638,59.725828],[11.221007,59.725165],[11.220747,59.724738],[11.220291,59.723758],[11.220124,59.723114],[11.220149,59.722691],[11.220218,59.722385],[11.22044,59.721707],[11.220665,59.721344],[11.220862,59.721098],[11.221379,59.720577],[11.221615,59.720385],[11.221678,59.720267],[11.221704,59.720123],[11.221532,59.719946],[11.221061,59.71981],[11.220968,59.719749],[11.220929,59.719696],[11.220943,59.719641],[11.221099,59.719576],[11.22168,59.719494],[11.2218,59.719429],[11.221902,59.719347],[11.221964,59.71922],[11.222006,59.71904],[11.222022,59.718752],[11.22208,59.718553],[11.222054,59.717898],[11.221802,59.71677],[11.221587,59.716477],[11.221323,59.716248],[11.220521,59.715696],[11.220062,59.715479],[11.219637,59.715226],[11.219185,59.714847],[11.218785,59.71445],[11.218228,59.714091],[11.217864,59.713962],[11.21743,59.713862],[11.216854,59.713755],[11.216709,59.713712],[11.216502,59.713536],[11.216559,59.71332],[11.216847,59.713108],[11.217294,59.712876],[11.217463,59.712747],[11.217596,59.71261],[11.217783,59.712212],[11.217902,59.71186],[11.217981,59.711436],[11.217865,59.709947],[11.217937,59.709703],[11.218051,59.70954],[11.218254,59.709383],[11.218352,59.709247],[11.218443,59.709012],[11.218622,59.708766],[11.218714,59.708549],[11.218734,59.708046],[11.218635,59.707616],[11.218379,59.707243],[11.218218,59.706959],[11.218067,59.706557],[11.217893,59.705814],[11.217753,59.705035],[11.217665,59.704785],[11.217348,59.704287],[11.217009,59.704006],[11.216849,59.70373],[11.216803,59.703578],[11.216942,59.702722],[11.216829,59.702086],[11.216837,59.701942],[11.216898,59.70178],[11.217008,59.701571],[11.217213,59.701442],[11.217673,59.700599],[11.217853,59.700362],[11.217882,59.700272],[11.218221,59.700024],[11.218295,59.699789],[11.218265,59.699619],[11.218189,59.699539],[11.218058,59.699443],[11.217911,59.699373],[11.217798,59.699276],[11.217736,59.699134],[11.217705,59.698936],[11.217675,59.698488],[11.217708,59.698173],[11.217795,59.697875],[11.217922,59.697109],[11.218295,59.696303],[11.218501,59.695653],[11.218612,59.694915],[11.218594,59.694646],[11.218211,59.6937],[11.217676,59.692864],[11.217328,59.692161],[11.21717,59.69166],[11.217252,59.690473],[11.217397,59.689716],[11.217473,59.689526],[11.21757,59.689381],[11.217654,59.689308],[11.218181,59.688939],[11.218294,59.688776],[11.218579,59.688241],[11.218793,59.687986],[11.218967,59.68766],[11.219006,59.687452],[11.219148,59.68718],[11.219259,59.686433],[11.219213,59.686281],[11.219008,59.685871],[11.218227,59.685076],[11.217907,59.684803],[11.217864,59.684678],[11.217892,59.68457],[11.218143,59.684341],[11.218469,59.684156],[11.219029,59.68376],[11.21911,59.683651],[11.219228,59.68355],[11.219291,59.683432],[11.219333,59.683261],[11.219461,59.683052],[11.220215,59.682356],[11.220411,59.682093],[11.220485,59.681876],[11.220777,59.681449],[11.221124,59.681056],[11.221924,59.68027],[11.222179,59.679826],[11.222281,59.679492],[11.222617,59.67866],[11.222726,59.678433],[11.222921,59.67816],[11.222993,59.677899],[11.223104,59.677699],[11.223088,59.677466],[11.223009,59.677341],[11.222961,59.677145],[11.223074,59.676712],[11.223136,59.676576],[11.223338,59.676402],[11.223543,59.676281],[11.22394,59.676104],[11.224144,59.675966],[11.224443,59.675664],[11.224599,59.675329],[11.224622,59.675149],[11.22461,59.674961],[11.224561,59.674764],[11.224429,59.674371],[11.224285,59.674086],[11.224148,59.673621],[11.223854,59.672943],[11.223866,59.672575],[11.224018,59.672195],[11.224348,59.671812],[11.224818,59.6714],[11.225896,59.670259],[11.226876,59.669497],[11.226962,59.669459],[11.227193,59.669455],[11.227267,59.669499],[11.227496,59.670016],[11.227608,59.670095],[11.227935,59.670197],[11.22815,59.67023],[11.228558,59.670232],[11.228912,59.670208],[11.229192,59.670149],[11.22943,59.669992],[11.229594,59.669774],[11.229716,59.669484],[11.229927,59.669445],[11.230105,59.669451],[11.230948,59.669841],[11.23149,59.669984],[11.232053,59.670172],[11.233366,59.670428],[11.234119,59.670523],[11.234883,59.670528],[11.236105,59.67048],[11.237615,59.6705],[11.23927,59.670552],[11.241862,59.670804],[11.24326,59.670987],[11.243547,59.671036],[11.243819,59.671112],[11.244003,59.671208],[11.244136,59.671349],[11.244224,59.671599],[11.244235,59.671761],[11.244083,59.672141],[11.244033,59.672195],[11.24393,59.672242],[11.243807,59.672271],[11.243648,59.672274],[11.243486,59.672241],[11.2432,59.672219],[11.242864,59.672242],[11.242637,59.672291],[11.242323,59.672386],[11.24217,59.672488],[11.241889,59.672798],[11.241662,59.673125],[11.241716,59.673672],[11.241996,59.674404],[11.242093,59.675319],[11.242176,59.675767],[11.242107,59.676334],[11.241899,59.676679],[11.241715,59.676843],[11.241579,59.676927],[11.241473,59.676946],[11.241314,59.676949],[11.241187,59.676915],[11.240918,59.676875],[11.240809,59.676841],[11.240685,59.676843],[11.240372,59.676938],[11.240238,59.677066],[11.240124,59.677221],[11.240014,59.677438],[11.239989,59.678122],[11.239887,59.678465],[11.239898,59.678626],[11.240131,59.679188],[11.240203,59.679474],[11.240167,59.679726],[11.239879,59.680468],[11.238882,59.682048]]}},{"type":"Feature","properties":{"dybde_m":20.0,"innsjonavn":"Øyeren"},"geometry":{"type":"LineString","coordinates":[[11.225252,59.753713],[11.225392,59.753144],[11.225595,59.75271],[11.225823,59.752391],[11.22595,59.752156],[11.226021,59.751885],[11.226016,59.751553],[11.225909,59.751276],[11.225877,59.751061],[11.225969,59.750844],[11.226169,59.750643],[11.226458,59.750431],[11.226649,59.750356],[11.227189,59.750185],[11.227362,59.750102],[11.227601,59.749945],[11.227801,59.749744],[11.227911,59.749535],[11.227923,59.749436],[11.227898,59.749338],[11.227728,59.749179],[11.227487,59.749049],[11.227324,59.749006],[11.227159,59.748928],[11.226314,59.748799],[11.225679,59.74863],[11.225188,59.748468],[11.22482,59.748285],[11.224612,59.7481],[11.22455,59.747976],[11.22458,59.747894],[11.224647,59.74783],[11.22475,59.747774],[11.225029,59.74768],[11.225241,59.747649],[11.225596,59.747643],[11.22586,59.747594],[11.226637,59.7475],[11.226794,59.747461],[11.227105,59.747321],[11.227293,59.747192],[11.227359,59.747119],[11.227358,59.746841],[11.227281,59.746752],[11.227,59.746542],[11.226545,59.746388],[11.226435,59.746336],[11.22623,59.746204],[11.226149,59.746062],[11.226144,59.745981],[11.226188,59.745846],[11.226559,59.745534],[11.226902,59.74534],[11.227053,59.745202],[11.227196,59.744939],[11.227197,59.744158],[11.227092,59.743639],[11.22701,59.742418],[11.226914,59.742043],[11.226802,59.741155],[11.226652,59.74078],[11.226481,59.740083],[11.226331,59.73969],[11.226314,59.739439],[11.226106,59.738993],[11.225906,59.738655],[11.22577,59.738487],[11.225243,59.738056],[11.22492,59.737747],[11.22432,59.73729],[11.223351,59.736354],[11.223186,59.736015],[11.22301,59.735506],[11.222932,59.735139],[11.222869,59.734458],[11.222782,59.733956],[11.222738,59.733292],[11.222844,59.732742],[11.223663,59.730608],[11.223911,59.729796],[11.223906,59.729446],[11.223774,59.72907],[11.223671,59.728848],[11.223417,59.72852],[11.222922,59.728016],[11.222041,59.727348],[11.221378,59.72674],[11.221071,59.726403],[11.220568,59.725792],[11.220369,59.725463],[11.220036,59.725011],[11.219884,59.724591],[11.219669,59.723768],[11.219511,59.723528],[11.219418,59.723206],[11.219407,59.723027],[11.219473,59.722693],[11.219521,59.722603],[11.219772,59.722365],[11.219785,59.722293],[11.219755,59.722114],[11.219622,59.72199],[11.219561,59.721866],[11.219603,59.721694],[11.219743,59.721395],[11.220091,59.721012],[11.220545,59.720609],[11.220733,59.720498],[11.221095,59.72033],[11.221178,59.720239],[11.22119,59.72014],[11.221148,59.720051],[11.221073,59.719999],[11.220693,59.719897],[11.220346,59.71975],[11.220215,59.719654],[11.220173,59.719556],[11.220185,59.719475],[11.220235,59.71942],[11.220304,59.719392],[11.220427,59.719372],[11.221085,59.71937],[11.221227,59.719358],[11.221366,59.71932],[11.221518,59.7192],[11.22158,59.719056],[11.221599,59.718813],[11.22158,59.718256],[11.221409,59.71728],[11.221275,59.716869],[11.220912,59.716498],[11.220634,59.716323],[11.220064,59.716045],[11.219547,59.715757],[11.219245,59.715484],[11.21892,59.715148],[11.217879,59.714456],[11.217348,59.714232],[11.216985,59.714121],[11.216754,59.714116],[11.216594,59.714127],[11.21635,59.714194],[11.215928,59.714273],[11.215519,59.714271],[11.215267,59.714222],[11.215047,59.714118],[11.21488,59.714013],[11.214784,59.713907],[11.214739,59.713764],[11.214746,59.713602],[11.214839,59.713403],[11.215061,59.713255],[11.21525,59.713162],[11.21598,59.712907],[11.216409,59.712675],[11.21678,59.712364],[11.217103,59.711873],[11.21721,59.711611],[11.217324,59.711178],[11.217321,59.710603],[11.217213,59.709778],[11.217306,59.709561],[11.217451,59.709343],[11.217804,59.709032],[11.217966,59.708795],[11.218097,59.708353],[11.218125,59.707966],[11.218019,59.707708],[11.217801,59.707379],[11.217734,59.707173],[11.21772,59.706949],[11.217657,59.706806],[11.217405,59.706496],[11.217323,59.706336],[11.21743,59.705795],[11.217361,59.705554],[11.217287,59.70498],[11.217162,59.704704],[11.216861,59.704457],[11.21668,59.704397],[11.216464,59.704356],[11.216251,59.704369],[11.216055,59.704354],[11.215911,59.70433],[11.215783,59.704278],[11.21569,59.704217],[11.215624,59.704029],[11.215749,59.703757],[11.216404,59.702911],[11.216464,59.702748],[11.216311,59.702041],[11.216281,59.701602],[11.216313,59.701547],[11.216799,59.701368],[11.216901,59.701295],[11.217087,59.700878],[11.217184,59.700733],[11.217402,59.700532],[11.217731,59.70014],[11.217986,59.699965],[11.218012,59.699812],[11.217929,59.699642],[11.217669,59.699476],[11.217397,59.699382],[11.217268,59.699312],[11.217147,59.699099],[11.217133,59.698883],[11.217304,59.697713],[11.217339,59.696895],[11.217534,59.696083],[11.218082,59.695238],[11.218153,59.694958],[11.218114,59.694645],[11.217923,59.693911],[11.217605,59.693126],[11.217463,59.692868],[11.216997,59.692265],[11.216735,59.691802],[11.216701,59.691282],[11.216745,59.690877],[11.2169,59.690533],[11.216895,59.690183],[11.216958,59.690056],[11.216967,59.689921],[11.217026,59.68974],[11.216933,59.68941],[11.21682,59.689322],[11.216761,59.689233],[11.216792,59.689161],[11.216842,59.689115],[11.217331,59.688981],[11.217469,59.688916],[11.217587,59.688833],[11.217687,59.688732],[11.217994,59.688269],[11.218284,59.688075],[11.218615,59.68771],[11.218729,59.687547],[11.218869,59.687248],[11.218965,59.686294],[11.218938,59.686151],[11.218816,59.68591],[11.218545,59.685574],[11.21783,59.684975],[11.217638,59.684762],[11.217559,59.684638],[11.217514,59.684495],[11.217525,59.684387],[11.217589,59.684287],[11.217926,59.684012],[11.218421,59.683698],[11.218525,59.68367],[11.218775,59.683423],[11.218804,59.683323],[11.218779,59.683207],[11.218803,59.683027],[11.2189,59.682891],[11.219017,59.682772],[11.219339,59.682542],[11.22008,59.681658],[11.220255,59.681359],[11.220923,59.680709],[11.221203,59.680372],[11.221527,59.679909],[11.221675,59.679197],[11.221954,59.678303],[11.222139,59.678147],[11.222413,59.67772],[11.222337,59.677389],[11.222256,59.677228],[11.222179,59.67687],[11.222207,59.676762],[11.222451,59.676426],[11.222655,59.676279],[11.223701,59.675722],[11.224165,59.67522],[11.224284,59.674867],[11.224276,59.674742],[11.223913,59.673832],[11.223749,59.673502],[11.223554,59.673227],[11.223383,59.672799],[11.223365,59.67252],[11.223494,59.672321],[11.223585,59.672086],[11.22391,59.67164],[11.224535,59.671153],[11.22479,59.670718],[11.22497,59.670212],[11.225117,59.67002],[11.225254,59.669937],[11.225637,59.669823],[11.225862,59.669738],[11.226133,59.669545],[11.226335,59.669371],[11.226985,59.668471],[11.227086,59.668379],[11.227205,59.668305],[11.227326,59.668258],[11.227578,59.668308],[11.227733,59.668494],[11.227953,59.668876],[11.22808,59.66944],[11.228284,59.66958],[11.228412,59.669632],[11.228518,59.66963],[11.228623,59.669593],[11.228707,59.669528],[11.22867,59.669233],[11.228735,59.668881],[11.228685,59.668666]]}},{"type":"Feature","properties":{"dybde_m":20.0,"innsjonavn":"Øyeren"},"geometry":{"type":"LineString","coordinates":[[11.228685,59.668666],[11.228504,59.668346],[11.228477,59.668203],[11.228592,59.668057],[11.228767,59.668018],[11.229123,59.66803],[11.229683,59.668182],[11.230048,59.668329],[11.230202,59.668515],[11.23043,59.668735],[11.231092,59.669075],[11.231819,59.669323],[11.232815,59.66962],[11.233645,59.669813],[11.234615,59.669976],[11.235187,59.670038],[11.235808,59.670027],[11.237442,59.670035],[11.238442,59.670108],[11.239873,59.670263],[11.240943,59.670335],[11.241446,59.670416],[11.242126,59.670494],[11.243174,59.670764],[11.243779,59.670789],[11.244228,59.670863],[11.244808,59.671032],[11.244968,59.671039],[11.245125,59.671],[11.245251,59.671025],[11.245344,59.671077],[11.245402,59.671157],[11.24542,59.671426],[11.245544,59.671685],[11.245679,59.671844],[11.245722,59.671951],[11.24573,59.672068],[11.245699,59.672149],[11.245322,59.672353],[11.24521,59.672526],[11.245058,59.672645],[11.244935,59.672665],[11.244259,59.67265],[11.244118,59.672661],[11.244067,59.672698],[11.243989,59.67287],[11.244236,59.673108],[11.24426,59.673198],[11.244194,59.673271],[11.24415,59.673415],[11.243949,59.673598],[11.243952,59.673643],[11.243747,59.673763],[11.243579,59.673901],[11.243382,59.674147],[11.243278,59.674706],[11.243259,59.674958],[11.243325,59.675145],[11.243465,59.675385],[11.243694,59.675884],[11.243723,59.676324],[11.24365,59.676559],[11.243489,59.676804],[11.242861,59.677507],[11.242709,59.677895],[11.242399,59.678305],[11.242179,59.678462],[11.241937,59.678573],[11.241819,59.678656],[11.241564,59.679092],[11.241456,59.679615],[11.241351,59.679895],[11.240928,59.680486],[11.240398,59.681052],[11.239991,59.681607],[11.239726,59.681899],[11.239631,59.682035]]}},{"type":"Feature","properties":{"dybde_m":10.0,"innsjonavn":"Øyeren"},"geometry":{"type":"LineString","coordinates":[[11.229315,59.666643],[11.229397,59.666822],[11.229532,59.666981],[11.229956,59.667207],[11.23016,59.667348],[11.23119,59.668148],[11.231682,59.668606],[11.23229,59.668928],[11.232998,59.669159],[11.23334,59.669234],[11.234126,59.669562],[11.234453,59.669673],[11.234758,59.669731],[11.235043,59.669735],[11.235418,59.669764],[11.236195,59.669706],[11.237081,59.669682],[11.238415,59.669704],[11.239396,59.669777],[11.240163,59.669818],[11.240806,59.669879],[11.241794,59.670051],[11.24281,59.670366],[11.243386,59.670482],[11.243708,59.670521],[11.245184,59.67055],[11.245418,59.6706],[11.245751,59.670792],[11.245883,59.670906],[11.245924,59.670995],[11.245896,59.671104],[11.245921,59.67122],[11.24602,59.671362],[11.245934,59.671669],[11.245975,59.671749],[11.246295,59.672022],[11.246284,59.67213],[11.246111,59.672196],[11.245944,59.672881],[11.245841,59.672937],[11.245684,59.672985],[11.245207,59.67302],[11.245086,59.673067],[11.245055,59.67313],[11.245098,59.673246],[11.245112,59.673453],[11.245043,59.67375],[11.244524,59.674226],[11.244375,59.674391],[11.244266,59.674617],[11.24421,59.674842],[11.244286,59.675174],[11.244388,59.675369],[11.244524,59.675556],[11.244807,59.675802],[11.24502,59.676068],[11.245054,59.67631],[11.245034,59.676544],[11.244942,59.676752],[11.244726,59.676972],[11.244466,59.677344],[11.244266,59.677536],[11.244027,59.677684],[11.243723,59.677914],[11.243479,59.678251],[11.242965,59.679328],[11.242532,59.679767],[11.242024,59.680404],[11.241272,59.681118],[11.240431,59.682026]]}},{"type":"Feature","properties":{"dybde_m":3.0,"innsjonavn":"Øyeren"},"geometry":{"type":"LineString","coordinates":[[11.216021,59.690404],[11.215976,59.690261],[11.216077,59.69017],[11.216332,59.690004],[11.216398,59.689922],[11.216369,59.689761],[11.215993,59.689443],[11.215813,59.689132],[11.215739,59.689088],[11.215648,59.689063],[11.215063,59.689082],[11.214955,59.689057],[11.214823,59.688942],[11.214853,59.688861],[11.214902,59.688797],[11.215005,59.688733],[11.215162,59.688703],[11.215286,59.688692],[11.21573,59.688693],[11.216248,59.688721],[11.216386,59.688673],[11.216646,59.68857],[11.21703,59.688195],[11.217306,59.688074],[11.217459,59.687963],[11.217559,59.687863],[11.217813,59.68767],[11.218044,59.687406],[11.218184,59.687107],[11.218165,59.68655],[11.218375,59.686232],[11.218297,59.685865],[11.218201,59.685759],[11.217995,59.685592],[11.217829,59.685496],[11.217279,59.685236],[11.217185,59.685156],[11.217105,59.685032],[11.216718,59.684823],[11.216607,59.684744],[11.216548,59.684673],[11.216462,59.684441],[11.216433,59.684262],[11.216353,59.684128],[11.216166,59.683988],[11.216057,59.683963],[11.215817,59.683823],[11.215556,59.683369],[11.215542,59.683145],[11.215572,59.683064],[11.215806,59.682844],[11.215945,59.682536],[11.215973,59.68241],[11.216087,59.682264],[11.216165,59.682092],[11.216646,59.681303],[11.216977,59.680947],[11.217284,59.680744],[11.217439,59.680679],[11.217665,59.680603],[11.218242,59.680458],[11.218501,59.680346],[11.218672,59.680254],[11.218825,59.680143],[11.219127,59.679868],[11.219179,59.679589],[11.219153,59.679464],[11.218925,59.679234],[11.218099,59.678835],[11.217984,59.678702],[11.217798,59.678579],[11.21774,59.678509],[11.217717,59.678428],[11.21776,59.678275],[11.217826,59.678193],[11.217822,59.67813],[11.217703,59.677952],[11.217699,59.677889],[11.217801,59.677816],[11.217816,59.677771],[11.217792,59.67769],[11.217925,59.677544],[11.218064,59.677497],[11.218207,59.677513],[11.218266,59.677592],[11.218393,59.677644],[11.218555,59.677668],[11.219047,59.677597],[11.219227,59.677621],[11.219367,59.677592],[11.219729,59.677433],[11.219852,59.677404],[11.219952,59.677312],[11.220015,59.677186],[11.21998,59.676935],[11.219904,59.676855],[11.219804,59.676686],[11.219748,59.676642],[11.219658,59.676626],[11.219516,59.676628],[11.219443,59.676593],[11.219402,59.676513],[11.219429,59.676378],[11.219496,59.676332],[11.219529,59.676278],[11.219521,59.676161],[11.21957,59.676097],[11.219942,59.675812],[11.220098,59.675765],[11.22024,59.675753],[11.220324,59.67568],[11.220419,59.675508],[11.220763,59.67534],[11.22092,59.675293],[11.221021,59.675219],[11.22128,59.675107],[11.221571,59.67494],[11.22171,59.674884],[11.22193,59.674728],[11.222089,59.674662],[11.222203,59.674588],[11.222289,59.674484],[11.222298,59.674394],[11.222247,59.6743],[11.222007,59.674232],[11.22168,59.674206],[11.221551,59.674096],[11.221484,59.673882],[11.221495,59.673783],[11.221559,59.673683],[11.221628,59.673646],[11.221767,59.673608],[11.221922,59.673524],[11.221985,59.673415],[11.222095,59.672928],[11.222093,59.672362],[11.222067,59.672237],[11.221951,59.672095],[11.221762,59.671919],[11.221737,59.671803],[11.222048,59.671672],[11.222098,59.671626],[11.222118,59.671122],[11.222235,59.671022],[11.22221,59.670905],[11.222277,59.670841],[11.222364,59.670813],[11.222523,59.67081],[11.222613,59.670826],[11.222686,59.670861],[11.222766,59.670995],[11.22286,59.671065],[11.222968,59.67109],[11.223093,59.671097],[11.22318,59.671077],[11.223265,59.671022],[11.22349,59.670928],[11.223574,59.670855],[11.223646,59.670602],[11.223581,59.670424],[11.223469,59.670336],[11.223397,59.670319],[11.223042,59.670334],[11.222819,59.670455],[11.222748,59.670447],[11.222746,59.67042],[11.222988,59.670326],[11.223209,59.67017],[11.223289,59.670033],[11.223344,59.669799],[11.223339,59.669718],[11.223059,59.669238],[11.223012,59.669068],[11.222797,59.668775],[11.222767,59.668596],[11.222818,59.66855],[11.222923,59.668531],[11.223048,59.668546],[11.223207,59.668535],[11.223347,59.668496],[11.223448,59.668423],[11.223565,59.668313],[11.223611,59.667926],[11.223713,59.667861],[11.223909,59.667876],[11.224024,59.668],[11.224012,59.668081],[11.224093,59.668232],[11.224514,59.668423],[11.224836,59.668723],[11.224944,59.668748],[11.225086,59.668745],[11.225209,59.668725],[11.225348,59.668678],[11.225654,59.668475],[11.225852,59.668256],[11.226016,59.668038],[11.226288,59.667593],[11.226371,59.667502],[11.226703,59.667424],[11.226822,59.66735],[11.227152,59.667228],[11.227484,59.66716],[11.227857,59.667162],[11.227963,59.667143],[11.228135,59.667068],[11.228203,59.667013],[11.228311,59.666768],[11.228392,59.66665],[11.228606,59.666534],[11.228631,59.666471],[11.228605,59.666373],[11.228521,59.666289],[11.22848,59.666276]]}},{"type":"Feature","properties":{"dybde_m":10.0,"innsjonavn":"Øyeren"},"geometry":{"type":"LineString","coordinates":[[11.218896,59.724446],[11.218887,59.724311],[11.218787,59.724151],[11.218577,59.72393],[11.218183,59.723614],[11.218105,59.723516],[11.218045,59.723418],[11.218049,59.723203],[11.218158,59.722976],[11.218275,59.722866],[11.218819,59.72248],[11.218974,59.722397],[11.219053,59.722252],[11.219049,59.722198],[11.218989,59.7221],[11.218815,59.721878],[11.218765,59.721663],[11.218843,59.721231],[11.21904,59.720976],[11.219313,59.72081],[11.219498,59.720654],[11.219999,59.72016],[11.220028,59.720052],[11.219999,59.719891],[11.219917,59.719731],[11.219396,59.71938],[11.219321,59.719318],[11.2193,59.719265],[11.219398,59.719138],[11.21952,59.719108],[11.220302,59.719095],[11.220655,59.719053],[11.220847,59.718996],[11.221015,59.71885],[11.221062,59.718759],[11.220985,59.717593],[11.220881,59.71737],[11.220761,59.717165],[11.220588,59.716971],[11.220381,59.716794],[11.220139,59.716637],[11.219067,59.716026],[11.218242,59.715384],[11.21805,59.715163],[11.217471,59.71475],[11.217029,59.714515],[11.216902,59.714482],[11.216474,59.714453],[11.21635,59.714464],[11.216073,59.714576],[11.215967,59.714596],[11.215682,59.714583],[11.214978,59.714424],[11.214413,59.714209],[11.214195,59.71415],[11.214034,59.714126],[11.21343,59.714136],[11.213286,59.714111],[11.213211,59.714059],[11.21307,59.713801],[11.213394,59.713059],[11.213366,59.712906],[11.213431,59.712807],[11.213621,59.712731],[11.214066,59.712733],[11.214192,59.712758],[11.214582,59.712742],[11.215112,59.712688],[11.215517,59.712628],[11.215812,59.712524],[11.216013,59.712332],[11.216256,59.711968],[11.216766,59.71107],[11.216838,59.710827],[11.216864,59.710682],[11.216721,59.709858],[11.216779,59.70966],[11.216856,59.709488],[11.217282,59.708942],[11.217632,59.708576],[11.217709,59.708405],[11.217691,59.708135],[11.217585,59.707877],[11.217228,59.707586],[11.216785,59.707333],[11.216725,59.707235],[11.216822,59.70709],[11.217084,59.707014],[11.217134,59.706959],[11.217163,59.706869],[11.217155,59.706752],[11.217019,59.706566],[11.216906,59.706469],[11.21674,59.706382],[11.216627,59.706294],[11.216569,59.706214],[11.21658,59.706124],[11.21663,59.70606],[11.216801,59.705967],[11.216868,59.705895],[11.216895,59.705768],[11.216799,59.705393],[11.216629,59.705252],[11.216484,59.705209],[11.216359,59.705193],[11.215769,59.70515],[11.214792,59.705157],[11.214665,59.705114],[11.21438,59.704832],[11.214557,59.70455],[11.215379,59.703548],[11.215541,59.703303],[11.215727,59.703165],[11.215774,59.703065],[11.215954,59.702829],[11.21601,59.702334],[11.215974,59.702065],[11.215872,59.701869],[11.215868,59.701528],[11.215916,59.701446],[11.216156,59.701316],[11.21633,59.701268],[11.216554,59.701148],[11.216728,59.70083],[11.216876,59.700639],[11.21743,59.700154],[11.217539,59.699918],[11.217529,59.699775],[11.217454,59.699704],[11.217305,59.699617],[11.217192,59.699511],[11.216883,59.699409],[11.216772,59.699348],[11.21667,59.699152],[11.216873,59.697639],[11.216703,59.69669],[11.216818,59.696284],[11.21713,59.695892],[11.217499,59.695553],[11.217614,59.695417],[11.217693,59.695272],[11.217719,59.695119],[11.217676,59.694203],[11.217642,59.693961],[11.217408,59.693381],[11.217011,59.69275],[11.216782,59.692502],[11.216583,59.692191],[11.216429,59.691736],[11.216339,59.69118],[11.216422,59.690829],[11.216569,59.690628],[11.216529,59.690297],[11.216759,59.690005],[11.216782,59.689825],[11.216738,59.689691],[11.216582,59.689478],[11.216181,59.689054],[11.216194,59.688982],[11.216244,59.688936],[11.216773,59.688873],[11.217017,59.688797],[11.217102,59.688742],[11.217203,59.688659],[11.217567,59.688258],[11.217973,59.687946],[11.218421,59.687471],[11.218591,59.687082],[11.218618,59.686947],[11.218608,59.686803],[11.218676,59.686488],[11.218679,59.686263],[11.218665,59.686048],[11.218446,59.685692],[11.218088,59.685384],[11.217565,59.684997],[11.217489,59.684918],[11.217346,59.684642],[11.217152,59.684402],[11.217146,59.684304],[11.217236,59.684051],[11.217172,59.683899],[11.217061,59.683829],[11.217022,59.683767],[11.217017,59.683695],[11.217095,59.683541],[11.217267,59.683448],[11.217363,59.683294],[11.217188,59.683054],[11.217198,59.682946],[11.217379,59.682719],[11.217619,59.682598],[11.218468,59.68226],[11.218516,59.682179],[11.218705,59.682085],[11.218897,59.682037],[11.21922,59.681816],[11.219604,59.68145],[11.219895,59.681014],[11.220616,59.680104],[11.220793,59.679822],[11.220877,59.679471],[11.22087,59.679102],[11.220768,59.678898],[11.220633,59.678469],[11.220687,59.678216],[11.221023,59.677932],[11.221251,59.677614],[11.221426,59.677036],[11.221674,59.676493],[11.221823,59.67632],[11.22255,59.675777],[11.223233,59.675361],[11.223434,59.675169],[11.223548,59.675015],[11.223636,59.674735],[11.223656,59.674501],[11.223598,59.674169],[11.223511,59.673919],[11.223314,59.673635],[11.223087,59.673424],[11.222814,59.67306],[11.222834,59.672547],[11.222895,59.672403],[11.223138,59.672039],[11.223224,59.671741],[11.223289,59.67165],[11.223406,59.671541],[11.223646,59.671402],[11.22371,59.671293],[11.224007,59.670965],[11.224329,59.670456],[11.22439,59.670302],[11.224395,59.670105],[11.224322,59.669809],[11.224402,59.669682],[11.224552,59.669527],[11.224856,59.669297],[11.225081,59.669204],[11.225779,59.669021],[11.225933,59.668929],[11.226016,59.668855],[11.226045,59.668756],[11.226175,59.668574],[11.22652,59.667877],[11.226915,59.667681],[11.227347,59.667494],[11.227625,59.6674],[11.228099,59.667329],[11.228369,59.667261],[11.22854,59.667187],[11.228682,59.667099],[11.228794,59.666989],[11.228873,59.666853],[11.228855,59.666575],[11.228815,59.666432],[11.228423,59.666048],[11.2284,59.665967],[11.228429,59.665868],[11.228492,59.665759],[11.229167,59.664957],[11.229328,59.664703],[11.229403,59.664495],[11.22936,59.664388],[11.229388,59.66428],[11.229452,59.664171],[11.229537,59.664106],[11.229582,59.66398],[11.229576,59.66389],[11.229513,59.663756],[11.229562,59.663684],[11.229684,59.663646],[11.22986,59.663625],[11.229967,59.663641],[11.230277,59.663761],[11.230595,59.663999],[11.230747,59.664149],[11.230846,59.6643],[11.230947,59.664496],[11.230955,59.664612],[11.230847,59.664848],[11.230568,59.665194],[11.230489,59.665339],[11.230339,59.665485],[11.229726,59.665882],[11.229492,59.666101],[11.229379,59.666274],[11.229321,59.666473],[11.229315,59.666643]]}},{"type":"Feature","properties":{"dybde_m":0.0,"innsjonavn":"Øyeren"},"geometry":{"type":"LineString","coordinates":[[11.227021,59.660709],[11.22706,59.661561],[11.226974,59.661877],[11.226839,59.661978],[11.226752,59.662007]]}},{"type":"Feature","properties":{"dybde_m":3.0,"innsjonavn":"Øyeren"},"geometry":{"type":"LineString","coordinates":[[11.2285,59.66628],[11.228137,59.666138],[11.22792,59.665966],[11.227997,59.665794],[11.228194,59.665549],[11.228207,59.665468],[11.228335,59.665259],[11.228376,59.665078],[11.228361,59.664845],[11.228404,59.664701],[11.228483,59.664556],[11.228599,59.664419],[11.22897,59.664125],[11.229058,59.663845],[11.228759,59.663365],[11.228625,59.663206],[11.228494,59.663109],[11.228259,59.662781],[11.228091,59.662649],[11.227962,59.662579],[11.227509,59.662443],[11.227283,59.662249],[11.227043,59.662119],[11.226752,59.662007]]}},{"type":"Feature","properties":{"dybde_m":10.0,"innsjonavn":"Øyeren"},"geometry":{"type":"LineString","coordinates":[[11.226974,59.661877],[11.227629,59.662109],[11.228477,59.662588],[11.229186,59.663106],[11.229333,59.663176],[11.229477,59.663209],[11.229688,59.663179],[11.22988,59.66313],[11.230078,59.662902],[11.230147,59.662596],[11.230123,59.662506],[11.229954,59.662366],[11.229788,59.662279],[11.229264,59.662144],[11.229045,59.662049],[11.228775,59.66199],[11.228362,59.661926],[11.228162,59.661857],[11.22774,59.661649],[11.227219,59.66155],[11.22706,59.661561]]}},{"type":"Feature","properties":{"dybde_m":5.0,"innsjonavn":"Øyeren"},"geometry":{"type":"LineString","coordinates":[[11.243487,59.681987],[11.243744,59.681687],[11.243854,59.681469],[11.243871,59.680921],[11.243931,59.680758],[11.24408,59.680603],[11.244385,59.680113],[11.244824,59.679764],[11.244903,59.679628],[11.244945,59.679456],[11.244918,59.679052],[11.245068,59.678367],[11.245316,59.678093],[11.245725,59.677844],[11.245893,59.677697],[11.246016,59.677417],[11.245991,59.6773],[11.24581,59.67698],[11.245779,59.676792],[11.245765,59.676586],[11.24588,59.67644],[11.245924,59.676295],[11.245914,59.676143],[11.245759,59.675696],[11.245657,59.675491],[11.24554,59.675341],[11.245497,59.675234],[11.245508,59.675135],[11.245554,59.675026],[11.245671,59.674916],[11.24588,59.674841],[11.246292,59.674627],[11.246485,59.674327],[11.246516,59.674003],[11.246462,59.673717],[11.246526,59.673617],[11.246775,59.673352],[11.246787,59.67328],[11.246763,59.673182],[11.246686,59.673084],[11.246516,59.672943],[11.246418,59.672801],[11.246326,59.672489],[11.246317,59.672354],[11.246451,59.672235],[11.246773,59.672265],[11.246911,59.672209],[11.246944,59.672164],[11.24677,59.671951],[11.246565,59.671811],[11.246329,59.671743],[11.2462,59.671664],[11.246142,59.671593],[11.246137,59.671522],[11.246275,59.671456],[11.246307,59.671402],[11.246302,59.671339],[11.246245,59.671286],[11.246062,59.6712],[11.246022,59.671137],[11.24607,59.671047],[11.246061,59.670921],[11.246019,59.670823],[11.245942,59.670735],[11.245573,59.670525],[11.24541,59.670483],[11.245352,59.670412],[11.245427,59.670204],[11.245352,59.670143],[11.245063,59.670076],[11.244524,59.669968],[11.243188,59.669919],[11.24128,59.669799],[11.240387,59.669716],[11.239603,59.669675],[11.239277,59.669591],[11.239113,59.669522],[11.238964,59.669417],[11.238848,59.669284],[11.238805,59.669159],[11.238831,59.669024],[11.238908,59.668852],[11.239023,59.668706],[11.239084,59.668552],[11.239014,59.668311],[11.239002,59.668131],[11.238659,59.667778],[11.238115,59.667347],[11.237532,59.666845],[11.237341,59.66665],[11.237182,59.666402],[11.237097,59.666179],[11.237064,59.665954],[11.237085,59.665739],[11.237157,59.665486],[11.237305,59.665313],[11.23735,59.665186],[11.237323,59.665043],[11.237333,59.664926],[11.23707,59.664445],[11.236935,59.664286],[11.236673,59.664084],[11.235904,59.663729],[11.235774,59.66365],[11.235695,59.663534],[11.235713,59.663274],[11.235997,59.663008],[11.236117,59.662934],[11.236324,59.66285],[11.236552,59.662801],[11.236711,59.662789],[11.237137,59.662791],[11.237225,59.662772],[11.237258,59.662744],[11.237219,59.662691],[11.237003,59.662641],[11.236756,59.662672],[11.236472,59.662677],[11.236144,59.662808],[11.235826,59.662832],[11.235363,59.662813],[11.235131,59.662789],[11.234986,59.662756],[11.234875,59.662686],[11.234853,59.662615],[11.234921,59.662569],[11.235094,59.662503],[11.235443,59.662416],[11.236191,59.662179],[11.23645,59.662075],[11.236587,59.662001],[11.236671,59.661919],[11.236718,59.661828],[11.236679,59.661784],[11.236498,59.661724],[11.236374,59.661735],[11.235642,59.662206],[11.235419,59.662317],[11.235001,59.662441],[11.234843,59.662462],[11.234648,59.662465],[11.234431,59.662406],[11.233681,59.662347],[11.23299,59.662098],[11.232766,59.66194],[11.232443,59.661623],[11.232044,59.660695],[11.231965,59.66031],[11.231833,59.660196],[11.231632,59.660109],[11.231324,59.660016],[11.231157,59.659902],[11.230958,59.659842],[11.230655,59.65982],[11.230442,59.659824],[11.23016,59.659865],[11.229366,59.660193],[11.229172,59.660214],[11.229015,59.660253],[11.228826,59.660355],[11.228709,59.660464],[11.228514,59.660737],[11.228311,59.660884],[11.227603,59.661193],[11.227376,59.661242],[11.227234,59.661244],[11.227054,59.661202]]}},{"type":"Feature","properties":{"dybde_m":1.0,"innsjonavn":"Øyeren"},"geometry":{"type":"LineString","coordinates":[[11.229164,59.658489],[11.22896,59.658358],[11.228906,59.65835],[11.228802,59.658388],[11.228604,59.658346],[11.228482,59.658681],[11.228363,59.658737],[11.228183,59.658955],[11.228079,59.659002],[11.228015,59.659102],[11.228003,59.659183],[11.228129,59.659365],[11.228064,59.659577],[11.227948,59.659705],[11.227677,59.659889],[11.227674,59.660046],[11.227721,59.660355],[11.227668,59.660473],[11.227287,59.660704],[11.227129,59.660734],[11.227021,59.660709]]}},{"type":"Feature","properties":{"dybde_m":1.0,"innsjonavn":"Øyeren"},"geometry":{"type":"LineString","coordinates":[[11.235476,59.656774],[11.235387,59.656776],[11.235335,59.656794],[11.235251,59.656859],[11.235186,59.65695],[11.235103,59.65731],[11.235097,59.657481],[11.235151,59.657489],[11.235222,59.657488],[11.23529,59.657451],[11.235407,59.657332],[11.235605,59.656853],[11.235585,59.656808],[11.235476,59.656774]]}},{"type":"Feature","properties":{"dybde_m":3.0,"innsjonavn":"Øyeren"},"geometry":{"type":"LineString","coordinates":[[11.243968,59.681984],[11.24414,59.681761],[11.244238,59.681364],[11.244347,59.681137],[11.244481,59.681018],[11.244619,59.680953],[11.244703,59.68088],[11.244767,59.68078],[11.244863,59.680356],[11.245013,59.680201],[11.245114,59.680127],[11.245217,59.680071],[11.245357,59.680042],[11.245426,59.680005],[11.245475,59.679941],[11.245529,59.67915],[11.245755,59.678553],[11.246069,59.678206],[11.246237,59.67806],[11.246578,59.677847],[11.246718,59.677818],[11.247054,59.677785],[11.247243,59.677692],[11.247328,59.677367],[11.247544,59.677148],[11.247939,59.676953],[11.248209,59.676741],[11.248349,59.676703],[11.248455,59.676701],[11.248581,59.676726],[11.248678,59.676841],[11.248684,59.67694],[11.248642,59.677102],[11.248547,59.677274],[11.24853,59.677544],[11.248607,59.677633],[11.248861,59.677718],[11.249033,59.677904],[11.249118,59.678109],[11.249089,59.678469],[11.249171,59.678629],[11.249506,59.678866],[11.249691,59.678971],[11.250091,59.679116],[11.250287,59.679122],[11.250463,59.679092],[11.25062,59.679045],[11.250721,59.678962],[11.250784,59.678844],[11.250744,59.678521],[11.250744,59.678252],[11.250785,59.678063],[11.251274,59.677686],[11.251339,59.677595],[11.25138,59.677406],[11.251343,59.677119],[11.251167,59.676879],[11.251103,59.676719],[11.251104,59.676467],[11.251006,59.676325],[11.250912,59.676255],[11.250749,59.676213],[11.250606,59.676197],[11.250431,59.676227],[11.250084,59.676359],[11.249786,59.676418],[11.249517,59.676378],[11.249406,59.676308],[11.249273,59.676175],[11.249256,59.675933],[11.249317,59.675779],[11.249366,59.675715],[11.249521,59.67565],[11.249675,59.675548],[11.249956,59.675247],[11.249992,59.674986],[11.249961,59.67478],[11.250023,59.674653],[11.250223,59.674452],[11.250286,59.674334],[11.250227,59.673994],[11.250436,59.673658],[11.250497,59.673513],[11.250473,59.673424],[11.250396,59.673335],[11.250269,59.673292],[11.25011,59.673295],[11.249969,59.673325],[11.249867,59.67338],[11.249621,59.67369],[11.249515,59.673701],[11.249408,59.673684],[11.249279,59.673615],[11.2492,59.673499],[11.249209,59.673374],[11.24929,59.673255],[11.249297,59.673102],[11.248972,59.672479],[11.248757,59.672195],[11.248752,59.672115],[11.248766,59.672061],[11.248835,59.672023],[11.248922,59.672004],[11.249188,59.671999],[11.249257,59.671962],[11.249251,59.671873],[11.249208,59.671765],[11.24892,59.671447],[11.248568,59.671229],[11.248474,59.671149],[11.248467,59.671051],[11.248531,59.670942],[11.248671,59.670903],[11.248831,59.67091],[11.249208,59.670975],[11.249297,59.670973],[11.249419,59.670944],[11.249502,59.670853],[11.249473,59.670692],[11.24938,59.670622],[11.249199,59.670571],[11.249086,59.670483],[11.248912,59.67027],[11.248726,59.670139],[11.24822,59.670013],[11.247524,59.669962],[11.245627,59.669743],[11.245039,59.669717],[11.244125,59.669589],[11.242818,59.669432],[11.242267,59.669423],[11.241837,59.669367],[11.241585,59.669318],[11.241419,59.669213],[11.241295,59.668955],[11.241358,59.668837],[11.24151,59.668717],[11.241684,59.66866],[11.241889,59.668549],[11.242093,59.668402],[11.24224,59.66822],[11.24291,59.667876],[11.243819,59.667663],[11.244352,59.667663],[11.245183,59.667612],[11.2463,59.667584],[11.246722,59.667532],[11.247493,59.667366],[11.248253,59.667057],[11.248526,59.66689],[11.248822,59.666795],[11.249207,59.666726],[11.249863,59.666697],[11.25009,59.666648],[11.250333,59.666563],[11.250522,59.666461],[11.251041,59.666003],[11.251205,59.665802],[11.251419,59.665287],[11.251505,59.664971],[11.251463,59.664343],[11.251212,59.663521],[11.2512,59.663072],[11.251221,59.662856],[11.251318,59.662459],[11.251484,59.662016],[11.251438,59.661864],[11.251084,59.661609],[11.250791,59.66148],[11.250538,59.661412],[11.250181,59.661382],[11.248408,59.661413],[11.247891,59.661386],[11.247247,59.661316],[11.246691,59.661236],[11.246187,59.661118],[11.245716,59.660983],[11.245243,59.660811],[11.244857,59.660611],[11.244611,59.660382],[11.244379,59.660107],[11.244239,59.659867],[11.244221,59.659607],[11.244379,59.658778],[11.244335,59.658644],[11.244237,59.65852],[11.244074,59.65846],[11.243963,59.658399],[11.243802,59.658383],[11.243591,59.658405],[11.243175,59.658556],[11.243022,59.658657],[11.242759,59.658976],[11.242557,59.659402],[11.242459,59.659529],[11.242323,59.659622],[11.242151,59.659705],[11.241922,59.659736],[11.241709,59.65974],[11.241294,59.659639],[11.241112,59.65957],[11.240928,59.659466],[11.240787,59.659217],[11.24064,59.658608],[11.240595,59.658205],[11.240659,59.657835],[11.240645,59.657629],[11.240544,59.657442],[11.239596,59.656533],[11.239325,59.656466],[11.239002,59.656408],[11.238788,59.656394],[11.238188,59.656449],[11.237946,59.656552],[11.237685,59.656619],[11.237138,59.656674],[11.236175,59.656618],[11.236034,59.65663],[11.235877,59.656668],[11.235845,59.656714],[11.235898,59.656982],[11.235876,59.657189],[11.235755,59.657506],[11.235661,59.657687],[11.235529,59.657842],[11.235395,59.657961],[11.235256,59.658008],[11.235167,59.658001],[11.235004,59.657959],[11.234874,59.657871],[11.234792,59.657702],[11.23478,59.657513],[11.234887,59.657],[11.23498,59.656791],[11.235097,59.656682],[11.23521,59.656509],[11.235166,59.656393],[11.23511,59.65634],[11.235018,59.656297],[11.234874,59.656272],[11.234717,59.656311],[11.234545,59.656395],[11.234416,59.656585],[11.234281,59.656687],[11.234091,59.656771],[11.23364,59.656931],[11.233433,59.657024],[11.233275,59.657045],[11.233086,59.657147],[11.232706,59.657306],[11.232566,59.657336],[11.232408,59.657347],[11.232229,59.657341],[11.231968,59.657418],[11.231476,59.657758],[11.231197,59.657826],[11.231024,59.657901],[11.230616,59.658168],[11.230234,59.658301],[11.230044,59.658385],[11.22996,59.658458],[11.229913,59.658549],[11.229438,59.658871],[11.229297,59.658891],[11.229189,59.658875],[11.229115,59.658823],[11.228989,59.658798],[11.228865,59.658809],[11.228508,59.659048],[11.228392,59.659437],[11.228448,59.65975],[11.228332,59.65986],[11.22806,59.660044],[11.228039,59.660269],[11.228134,59.660357],[11.228104,59.660439],[11.227974,59.660621],[11.227809,59.660812],[11.227585,59.660924],[11.227272,59.66101],[11.227111,59.661004],[11.227039,59.660978]]}},{"type":"Feature","properties":{"dybde_m":1.0,"innsjonavn":"Øyeren"},"geometry":{"type":"LineString","coordinates":[[11.251702,59.655742],[11.251578,59.655744],[11.251198,59.655894],[11.251027,59.655987],[11.250892,59.656097],[11.250669,59.656218],[11.250134,59.656433],[11.249894,59.656563],[11.24969,59.656702],[11.249479,59.657002],[11.249419,59.657164],[11.249467,59.657343],[11.249641,59.657565],[11.249828,59.657696],[11.250328,59.657751],[11.250451,59.657731],[11.25059,59.657683],[11.250711,59.657636],[11.250796,59.657572],[11.250826,59.6575],[11.250799,59.657365],[11.250705,59.657286],[11.250374,59.657112],[11.250299,59.65705],[11.250268,59.656853],[11.250415,59.656662],[11.250863,59.656457],[11.251571,59.656166],[11.251724,59.656056],[11.251787,59.655938],[11.251795,59.655794],[11.251702,59.655742]]}},{"type":"Feature","properties":{"dybde_m":1.0,"innsjonavn":"Øyeren"},"geometry":{"type":"LineString","coordinates":[[11.244186,59.68198],[11.244385,59.681703],[11.244414,59.681612],[11.244399,59.681379],[11.244513,59.681233],[11.24469,59.681212],[11.245023,59.680883],[11.245124,59.68054],[11.245303,59.680286],[11.245388,59.68023],[11.24551,59.680192],[11.245688,59.680198],[11.245792,59.680169],[11.245858,59.680096],[11.245889,59.680024],[11.245729,59.679748],[11.245702,59.679623],[11.245762,59.679451],[11.245775,59.679119],[11.245818,59.678956],[11.246177,59.678492],[11.246495,59.67819],[11.246568,59.67809],[11.246812,59.677987],[11.247172,59.677927],[11.247518,59.677822],[11.247639,59.677766],[11.247938,59.677725],[11.248161,59.677766],[11.248326,59.677768],[11.248448,59.677788],[11.24862,59.677785],[11.24875,59.677806],[11.248838,59.677934],[11.248893,59.678194],[11.248759,59.678313],[11.24871,59.678386],[11.24865,59.678548],[11.248676,59.678665],[11.248743,59.678758],[11.249388,59.679227],[11.249667,59.679672],[11.2499,59.679973],[11.250138,59.680068],[11.25028,59.680074],[11.250421,59.680063],[11.250768,59.679931],[11.250945,59.679928],[11.251214,59.67996],[11.251356,59.679957],[11.251562,59.679855],[11.251606,59.67971],[11.251599,59.679603],[11.25148,59.678895],[11.251628,59.678452],[11.251586,59.678363],[11.251593,59.678201],[11.251731,59.677876],[11.25214,59.677608],[11.252212,59.677355],[11.252135,59.677276],[11.252024,59.677215],[11.251947,59.677117],[11.251903,59.676992],[11.251963,59.67683],[11.251922,59.67675],[11.251648,59.676628],[11.251584,59.676477],[11.251597,59.676405],[11.25168,59.676313],[11.251686,59.676143],[11.251751,59.676052],[11.252086,59.67575],[11.252115,59.675659],[11.252057,59.675579],[11.251964,59.675527],[11.251586,59.675444],[11.251508,59.675337],[11.251417,59.675303],[11.251242,59.675351],[11.250864,59.675276],[11.250651,59.67528],[11.250542,59.675246],[11.250373,59.675105],[11.250383,59.674988],[11.250452,59.67496],[11.250466,59.674906],[11.250426,59.674835],[11.250437,59.674727],[11.250518,59.674618],[11.250638,59.674553],[11.250787,59.674397],[11.250791,59.674182],[11.250947,59.673865],[11.251177,59.673582],[11.251203,59.673447],[11.251153,59.673223],[11.251093,59.673135],[11.250798,59.672969],[11.250717,59.672818],[11.250661,59.672774],[11.250551,59.672731],[11.250337,59.672716],[11.250128,59.672774],[11.250003,59.672767],[11.249784,59.672672],[11.249672,59.672593],[11.249608,59.672432],[11.24967,59.672306],[11.249694,59.672134],[11.249773,59.671989],[11.249904,59.671825],[11.250053,59.671652],[11.25017,59.671551],[11.250427,59.671412],[11.25044,59.671331],[11.250338,59.671144],[11.250509,59.671034],[11.250613,59.670996],[11.25068,59.670941],[11.250778,59.670813],[11.250888,59.670596],[11.25099,59.670531],[11.251039,59.670467],[11.251002,59.67019],[11.250958,59.670065],[11.250646,59.669639],[11.250409,59.669553],[11.249942,59.669471],[11.249675,59.669467],[11.249514,59.669443],[11.248948,59.669219],[11.248642,59.669152],[11.248409,59.66912],[11.247877,59.669129],[11.247631,59.669169],[11.246572,59.669529],[11.246379,59.669568],[11.246167,59.66959],[11.245884,59.669595],[11.245563,59.669573],[11.245062,59.669528],[11.243253,59.669298],[11.242443,59.669132],[11.241793,59.668964],[11.241772,59.668928],[11.241823,59.668883],[11.241997,59.668826],[11.242381,59.668738],[11.243172,59.668617],[11.243754,59.668544],[11.244753,59.668356],[11.245231,59.66833],[11.246844,59.668294],[11.248318,59.668295],[11.248548,59.668282],[11.249248,59.668127],[11.249526,59.668041],[11.249737,59.668002],[11.249952,59.668034],[11.250439,59.668142],[11.250671,59.668156],[11.251057,59.668087],[11.251971,59.667954],[11.252379,59.667947],[11.252715,59.667923],[11.252958,59.667847],[11.253163,59.667727],[11.253399,59.667534],[11.253493,59.667344],[11.253921,59.666843],[11.254138,59.666632],[11.25444,59.666376],[11.254901,59.666107],[11.255452,59.665846],[11.255904,59.665695],[11.256305,59.665589],[11.2572,59.665439],[11.25819,59.665377],[11.258735,59.665296],[11.259051,59.665227],[11.259257,59.665125],[11.259584,59.664715],[11.25979,59.664334],[11.259925,59.664233],[11.260131,59.66414],[11.260313,59.663939],[11.260307,59.66384],[11.260167,59.663618],[11.26005,59.663449],[11.25982,59.663211],[11.259445,59.662912],[11.259095,59.662729],[11.258824,59.662653],[11.258636,59.662495],[11.258589,59.662325],[11.258575,59.662118],[11.25869,59.661721],[11.2588,59.661504],[11.259124,59.66051],[11.259381,59.65985],[11.259469,59.659309],[11.25931,59.659051],[11.259115,59.658803],[11.258584,59.6583],[11.258409,59.65807],[11.258244,59.657731],[11.257951,59.657323],[11.257649,59.657068],[11.25711,59.6567],[11.256674,59.656285],[11.256327,59.655887],[11.255987,59.655309],[11.25589,59.654394],[11.255944,59.653612],[11.256037,59.653412],[11.256516,59.652874],[11.256741,59.65279],[11.256756,59.652753],[11.256718,59.652718],[11.256327,59.652716],[11.256133,59.652728],[11.255954,59.652704],[11.255791,59.652653],[11.255182,59.652313],[11.254686,59.651792],[11.25441,59.651653],[11.254118,59.651532],[11.253484,59.651336],[11.253084,59.651191],[11.252369,59.650852],[11.251991,59.650778],[11.250871,59.650492],[11.250403,59.650392],[11.249562,59.65029],[11.249244,59.650313],[11.248744,59.650268],[11.247849,59.650157],[11.247525,59.650082],[11.247119,59.650107],[11.246787,59.650194],[11.245858,59.650362],[11.245611,59.650384],[11.245468,59.650378],[11.245307,59.650354],[11.245174,59.65023],[11.245123,59.649989],[11.245029,59.649909],[11.24483,59.649859],[11.244077,59.649737],[11.242824,59.649857],[11.242088,59.649996],[11.241775,59.650091],[11.241365,59.650331],[11.241215,59.650478],[11.241069,59.650678],[11.240854,59.651176],[11.240661,59.651484],[11.240276,59.651832],[11.239894,59.652225],[11.239743,59.652344],[11.23919,59.652569],[11.238765,59.652595],[11.238662,59.652641],[11.238596,59.652714],[11.238556,59.652922],[11.238405,59.65305],[11.237858,59.653625],[11.237418,59.653956],[11.237304,59.654111],[11.237061,59.654196],[11.236555,59.654743],[11.236539,59.654887],[11.236607,59.655003],[11.236635,59.655155],[11.23663,59.655277],[11.236563,59.655403],[11.236292,59.6557],[11.236168,59.655972],[11.235962,59.656083],[11.235864,59.65621],[11.235673,59.656272],[11.235542,59.656283],[11.235351,59.65626],[11.235305,59.656188],[11.235304,59.656103],[11.235248,59.656014],[11.235135,59.655926],[11.235077,59.655847],[11.235068,59.655721],[11.235013,59.655686],[11.234905,59.65567],[11.234823,59.655676],[11.234766,59.655708],[11.234696,59.655718],[11.234515,59.655708],[11.234465,59.655722],[11.233773,59.656264],[11.233623,59.656671],[11.233574,59.656735],[11.233437,59.656818],[11.233385,59.656837],[11.233241,59.656803],[11.233188,59.656804],[11.233083,59.656833],[11.23298,59.656879],[11.232694,59.657118],[11.232591,59.657164],[11.232326,59.657187],[11.232145,59.657136],[11.232004,59.657156],[11.231457,59.657471],[11.231341,59.65759],[11.231237,59.657637],[11.230974,59.657686],[11.230326,59.658074],[11.230205,59.65813],[11.230117,59.658141],[11.230043,59.658097],[11.229971,59.658089],[11.229868,59.658136],[11.229586,59.658428],[11.229556,59.65851],[11.229416,59.658548],[11.22931,59.65855],[11.229164,59.658489]]}},{"type":"Feature","properties":{"dybde_m":0.0,"innsjonavn":"Øyeren"},"geometry":{"type":"LineString","coordinates":[[11.197168,59.782005],[11.197349,59.782047],[11.197438,59.782046],[11.197561,59.782026],[11.197664,59.78197],[11.197736,59.781978],[11.197934,59.782271],[11.198009,59.782332],[11.198119,59.782384],[11.198371,59.782425],[11.198817,59.782427],[11.198836,59.782444],[11.198731,59.782473],[11.198375,59.782488],[11.198234,59.782508],[11.198046,59.782628],[11.197967,59.782782],[11.197968,59.78307],[11.197989,59.783114],[11.197932,59.783331],[11.197861,59.783332],[11.197435,59.782818],[11.19741,59.782711],[11.197443,59.782665],[11.197495,59.782647],[11.197473,59.782584],[11.197273,59.782524],[11.197178,59.782436],[11.197105,59.782401],[11.197014,59.782376],[11.19687,59.78236],[11.196693,59.782372],[11.196443,59.782368],[11.19616,59.78239],[11.195491,59.782518],[11.195,59.782634],[11.194492,59.782777],[11.194266,59.782862],[11.193697,59.78315],[11.193631,59.783223],[11.193618,59.783295],[11.193641,59.783376],[11.193773,59.783499],[11.193922,59.783586],[11.194132,59.783808],[11.19425,59.783976],[11.194293,59.784083],[11.194745,59.784453],[11.194819,59.784488],[11.194861,59.784595],[11.194814,59.784685],[11.194931,59.784836],[11.19506,59.784915],[11.195151,59.784931],[11.195225,59.784984],[11.195441,59.785277],[11.195414,59.785412],[11.195364,59.785476],[11.195373,59.785601],[11.195313,59.785773],[11.195376,59.785925],[11.195434,59.785996],[11.195638,59.786118],[11.195928,59.786185],[11.196269,59.786224],[11.196662,59.786245],[11.196789,59.786269],[11.19698,59.786473],[11.197288,59.786548],[11.197666,59.786605],[11.197895,59.786565],[11.198003,59.786572],[11.198076,59.786607],[11.198249,59.786793],[11.198218,59.787144],[11.198357,59.787626],[11.198459,59.787813],[11.198504,59.787965],[11.198689,59.78807],[11.198817,59.788113],[11.198909,59.788165],[11.199063,59.788333],[11.199228,59.788402],[11.199409,59.788444],[11.199755,59.788555],[11.199853,59.788697],[11.199948,59.788786],[11.200191,59.788952],[11.200562,59.789171],[11.200634,59.789178],[11.200799,59.789256],[11.20129,59.789679],[11.20171,59.789825],[11.201931,59.789929],[11.201994,59.790072],[11.20205,59.790125],[11.202234,59.790212],[11.202384,59.790317],[11.202378,59.790497],[11.202582,59.790619],[11.202625,59.790726],[11.202615,59.790852],[11.202638,59.790932],[11.202796,59.791154],[11.202927,59.79126],[11.202937,59.791403],[11.20306,59.791653],[11.203092,59.791868],[11.203026,59.79195],[11.202975,59.791978],[11.202561,59.791922],[11.202456,59.791951],[11.202165,59.792135],[11.202035,59.792326],[11.201992,59.792479],[11.201994,59.792785],[11.201905,59.793056],[11.201793,59.793246],[11.201627,59.793429],[11.201583,59.793582],[11.201534,59.793646],[11.201398,59.793747],[11.201117,59.793814],[11.200843,59.793981],[11.200597,59.79403],[11.200345,59.793998],[11.200034,59.793877],[11.19973,59.793856],[11.199623,59.793857],[11.199571,59.793876],[11.199539,59.793931],[11.199545,59.794029],[11.199467,59.794471],[11.199491,59.79456],[11.199853,59.794913],[11.199939,59.795415],[11.199864,59.795623],[11.199856,59.795776],[11.199987,59.795872],[11.200097,59.795915],[11.200141,59.796041],[11.200113,59.796149],[11.200028,59.796213],[11.199767,59.796316],[11.198963,59.796554],[11.198829,59.796682],[11.198786,59.796854],[11.198479,59.797056],[11.198466,59.797128],[11.19853,59.797289],[11.199072,59.797666],[11.199164,59.797719],[11.199327,59.797761],[11.199681,59.797988],[11.200148,59.798574],[11.200211,59.798725],[11.200224,59.798923],[11.200117,59.799194],[11.199902,59.79944],[11.199887,59.799485],[11.199913,59.799619],[11.200206,59.800001],[11.200135,59.800281],[11.199991,59.800525],[11.199754,59.800718],[11.199565,59.800829],[11.199384,59.801057],[11.199388,59.801119],[11.199471,59.801298],[11.199418,59.801568],[11.199446,59.801729],[11.199589,59.801996],[11.199819,59.802244],[11.199919,59.802404],[11.199943,59.802502],[11.199952,59.802637],[11.19976,59.802973],[11.199572,59.803093],[11.199085,59.803289],[11.198257,59.803698],[11.197754,59.803922],[11.197431,59.804152],[11.197151,59.804507],[11.197118,59.804544],[11.196996,59.804591],[11.196915,59.804718],[11.197185,59.805019],[11.197388,59.805123],[11.197521,59.805247],[11.197527,59.805336],[11.197585,59.805416],[11.197536,59.80548],[11.19753,59.80566],[11.19761,59.805784],[11.197614,59.805847],[11.197539,59.806064],[11.197543,59.806136],[11.197567,59.806216],[11.197707,59.806447],[11.197667,59.806933],[11.197687,59.807229],[11.197853,59.808125],[11.19778,59.808368],[11.197784,59.808701],[11.197542,59.808831],[11.197566,59.808911],[11.197679,59.808999],[11.197564,59.809163],[11.197511,59.809433],[11.197535,59.809522],[11.197496,59.809748],[11.197431,59.809847],[11.197264,59.810021],[11.196925,59.810278],[11.196336,59.810539],[11.196251,59.810613],[11.19622,59.810676],[11.196148,59.810947],[11.195841,59.811159],[11.195819,59.811366],[11.195842,59.811437],[11.196165,59.811746],[11.196188,59.811826],[11.196061,59.812062],[11.195977,59.812135],[11.195891,59.812191],[11.195682,59.812266],[11.195496,59.812422],[11.195392,59.812469],[11.19524,59.812597],[11.195171,59.812625],[11.194907,59.812683],[11.1948,59.812676],[11.194258,59.812577],[11.194081,59.812598],[11.194012,59.812635],[11.193912,59.812745],[11.193809,59.812791],[11.19369,59.812892],[11.193648,59.813055],[11.193599,59.813127],[11.193495,59.813183],[11.193302,59.813231],[11.193135,59.813404],[11.192927,59.813489],[11.19242,59.813919],[11.192036,59.814312],[11.191957,59.814475],[11.191858,59.814585],[11.191753,59.814622],[11.191686,59.814686],[11.191559,59.814922],[11.19149,59.814959],[11.191278,59.814998],[11.191117,59.814992],[11.191012,59.815012],[11.190855,59.815068],[11.190217,59.815411],[11.190112,59.81544],[11.190024,59.815451],[11.189717,59.815393],[11.189501,59.815369],[11.189337,59.815309],[11.189124,59.815322],[11.188898,59.815415],[11.188802,59.815579],[11.188796,59.815758],[11.188737,59.815948],[11.188832,59.816036],[11.188903,59.816305],[11.189092,59.816472],[11.189028,59.816581],[11.189041,59.817057],[11.189072,59.817254],[11.188962,59.817471],[11.188859,59.817536],[11.188759,59.817645],[11.188678,59.817772],[11.188649,59.817881],[11.188396,59.818092],[11.188314,59.81821],[11.188059,59.818403],[11.187823,59.818874],[11.187756,59.818947],[11.187514,59.819067],[11.187429,59.819132],[11.18732,59.819367],[11.187326,59.819466],[11.187184,59.819738],[11.186906,59.819859],[11.186512,59.820108],[11.186294,59.820309],[11.186095,59.820546],[11.186004,59.82079],[11.186012,59.820907],[11.186172,59.821452],[11.186133,59.821668],[11.186144,59.822108],[11.186112,59.822172],[11.185925,59.822301],[11.185456,59.822506],[11.185267,59.822608],[11.184987,59.822693],[11.184815,59.822795],[11.184693,59.822842],[11.184272,59.822939],[11.183131,59.823506],[11.182755,59.823755],[11.182633,59.823801],[11.182142,59.823926],[11.181673,59.824123],[11.181416,59.82428],[11.181349,59.824353],[11.181252,59.824498],[11.181258,59.824597],[11.181225,59.824642],[11.18106,59.824843],[11.180891,59.824989],[11.180772,59.825072],[11.180475,59.825176],[11.180316,59.825196],[11.180176,59.825235],[11.17976,59.825421],[11.179573,59.825559],[11.179528,59.825694],[11.17946,59.825749],[11.179266,59.82578],[11.179158,59.825772],[11.179052,59.825783],[11.178486,59.825855],[11.178139,59.826005],[11.177859,59.826099],[11.177583,59.826239],[11.176759,59.826737],[11.176641,59.826829],[11.176609,59.826893],[11.176657,59.827089],[11.176714,59.827142],[11.177045,59.827281],[11.17707,59.827397],[11.17704,59.827478],[11.176989,59.827515],[11.176883,59.827535],[11.176675,59.827628],[11.176654,59.827862],[11.176609,59.827979],[11.176488,59.828044],[11.176152,59.828086],[11.175979,59.82817],[11.175784,59.8282],[11.175606,59.828203],[11.175361,59.82827],[11.175295,59.828352],[11.175351,59.828396],[11.175354,59.82844],[11.175287,59.828504],[11.175256,59.828586],[11.175002,59.828788],[11.174939,59.828923],[11.174803,59.829015],[11.174485,59.829066],[11.174205,59.829151],[11.17386,59.829336],[11.173746,59.829509],[11.173577,59.829646],[11.17332,59.829812],[11.173146,59.829878],[11.173095,59.829924],[11.173138,59.830031],[11.173017,59.830087],[11.172927,59.830079],[11.17265,59.830201],[11.172295,59.830234],[11.172099,59.830237],[11.171976,59.830266],[11.171891,59.83033],[11.171931,59.830401],[11.171869,59.830546],[11.171817,59.830565],[11.171534,59.830605],[11.171149,59.83072],[11.171027,59.830775],[11.170806,59.830932],[11.170501,59.831188],[11.17043,59.831199],[11.170287,59.831183],[11.170147,59.83123],[11.170188,59.83131],[11.170182,59.83149],[11.170067,59.831645],[11.16959,59.831985],[11.169276,59.832107],[11.169081,59.832119],[11.168839,59.83224],[11.168045,59.832936],[11.167946,59.833054],[11.167656,59.833256],[11.167275,59.833433],[11.167154,59.833507],[11.166815,59.833782],[11.166715,59.833883],[11.16657,59.834128],[11.166504,59.834488],[11.166415,59.834759],[11.166292,59.835057],[11.166164,59.835284],[11.166032,59.835457],[11.16588,59.835585],[11.165552,59.835752],[11.165308,59.835846],[11.164835,59.83598],[11.164639,59.835992],[11.164299,59.835979],[11.163997,59.836002],[11.163752,59.836069],[11.163205,59.836168],[11.163013,59.836234],[11.162714,59.836302],[11.162148,59.836383],[11.16188,59.836379],[11.161444,59.836538],[11.160865,59.836683],[11.160002,59.836867],[11.159055,59.837117],[11.158913,59.837137],[11.15746,59.837565],[11.15723,59.837605],[11.156598,59.837768],[11.156057,59.837956],[11.154792,59.838264],[11.153572,59.838437],[11.153109,59.838463],[11.15214,59.838658],[11.151737,59.838764],[11.150529,59.839134],[11.150247,59.839183],[11.149721,59.839344],[11.14939,59.839467],[11.148853,59.839718],[11.148729,59.839738],[11.148291,59.839862],[11.147491,59.840189],[11.147071,59.840313],[11.146444,59.840548],[11.145862,59.840943],[11.145706,59.841009],[11.145181,59.841179],[11.144213,59.841392],[11.14393,59.841424],[11.143665,59.841473],[11.142982,59.841682],[11.142759,59.841811],[11.14259,59.841967],[11.14233,59.842088],[11.141926,59.842184],[11.141817,59.842159],[11.141676,59.842179],[11.141488,59.842308],[11.14112,59.842413],[11.140532,59.842719],[11.140272,59.842831],[11.140097,59.842888],[11.139955,59.842899],[11.139641,59.843012],[11.139434,59.843132],[11.139193,59.843549],[11.139216,59.84363],[11.139205,59.843738],[11.139059,59.843964],[11.138683,59.844222],[11.137991,59.844566],[11.136744,59.844882],[11.136444,59.844941],[11.136126,59.844982],[11.135704,59.845088],[11.135404,59.845138],[11.135264,59.845194],[11.134798,59.845435],[11.134559,59.8456],[11.134482,59.84579],[11.134228,59.84601],[11.133657,59.846289],[11.133079,59.846469],[11.132941,59.846543],[11.132769,59.846923],[11.132635,59.847069],[11.132196,59.847462],[11.131729,59.847685],[11.131025,59.848128],[11.130162,59.848591],[11.129658,59.848806],[11.128412,59.84914],[11.128107,59.849127],[11.127948,59.849148],[11.126854,59.849354],[11.125837,59.849631],[11.124947,59.84996],[11.123857,59.850229],[11.122985,59.850548],[11.122127,59.850823],[11.121423,59.850978],[11.120512,59.851253],[11.119896,59.851389],[11.119346,59.851442],[11.118926,59.851575],[11.118512,59.851806],[11.117314,59.852625],[11.116542,59.853122],[11.115963,59.853554],[11.115335,59.854067],[11.115127,59.854178],[11.114996,59.85436],[11.11497,59.854504],[11.115015,59.854665],[11.114968,59.855034],[11.114904,59.855161],[11.114786,59.855549],[11.114502,59.855859],[11.114263,59.856024],[11.114188,59.85625],[11.114071,59.856378],[11.113867,59.856543],[11.113734,59.856707],[11.113718,59.857012],[11.113545,59.857105],[11.113478,59.857169],[11.113449,59.857268],[11.113442,59.857726],[11.113418,59.857906],[11.113369,59.857979],[11.11323,59.858053],[11.113054,59.858092],[11.112967,59.858129],[11.11275,59.858357],[11.112388,59.85857],[11.112242,59.858797],[11.112196,59.858914],[11.112091,59.858952],[11.11193,59.858945],[11.111842,59.858965],[11.111758,59.859047],[11.11153,59.859122],[11.111422,59.859106],[11.111155,59.859119],[11.11072,59.859297],[11.10999,59.859893],[11.109761,59.86022],[11.109509,59.860475],[11.109351,59.860801],[11.109322,59.860909],[11.109393,59.861187],[11.109349,59.861618],[11.109237,59.861827],[11.109,59.862037],[11.108813,59.862184],[11.108726,59.862221],[11.108602,59.862232],[11.108405,59.862217],[11.108249,59.862301],[11.108199,59.862355],[11.108023,59.862394],[11.107113,59.862121],[11.106934,59.862115],[11.106828,59.862135],[11.106794,59.862171],[11.106755,59.862675],[11.106605,59.862848],[11.106342,59.862933],[11.106277,59.863033],[11.106321,59.863158],[11.106316,59.863365],[11.106132,59.863556],[11.106137,59.863646],[11.106198,59.863762],[11.106349,59.863885],[11.10639,59.863965],[11.106435,59.864117],[11.106425,59.864522],[11.106341,59.864604],[11.10622,59.864678],[11.106227,59.865055],[11.106099,59.865299],[11.10604,59.865776],[11.105944,59.865958],[11.105587,59.866529],[11.105203,59.866949],[11.104962,59.867087],[11.104877,59.86716],[11.104847,59.867251],[11.104732,59.867405],[11.104646,59.86746],[11.10398,59.86766],[11.103688,59.867853],[11.103605,59.867944],[11.103558,59.868053],[11.103547,59.868161],[11.103776,59.868391],[11.104031,59.868746],[11.104036,59.868827],[11.103968,59.868882],[11.103845,59.868919],[11.10365,59.868941],[11.103425,59.869061],[11.103351,59.869296],[11.103284,59.869369],[11.103075,59.869462],[11.102583,59.869586],[11.102295,59.869546],[11.101815,59.869302],[11.101633,59.86926],[11.101238,59.869222],[11.100934,59.869217],[11.10057,59.869115],[11.100427,59.869109],[11.100282,59.869075],[11.100031,59.869052],[11.099816,59.869047],[11.099589,59.869131],[11.099573,59.869167],[11.099594,59.869212],[11.09969,59.869309],[11.099838,59.869397],[11.099914,59.869467],[11.100138,59.869904],[11.100169,59.870119],[11.100287,59.870288],[11.100317,59.870476],[11.099822,59.871121],[11.099343,59.87147],[11.099313,59.871561],[11.099263,59.871615],[11.099105,59.871654],[11.09881,59.871793],[11.098726,59.871875],[11.098695,59.871948],[11.098635,59.872128],[11.098673,59.872173],[11.098746,59.87219],[11.098852,59.872179],[11.098907,59.872205],[11.09891,59.872241],[11.098824,59.872296],[11.098782,59.872485],[11.098936,59.872654],[11.098929,59.872824],[11.098951,59.872905],[11.099031,59.873038],[11.099143,59.873108],[11.099112,59.873181],[11.09915,59.873216],[11.0994,59.873212],[11.09954,59.873174],[11.099702,59.873189],[11.099826,59.873178],[11.099914,59.87315],[11.100118,59.872985],[11.100327,59.872901],[11.10041,59.872801],[11.100456,59.872683],[11.10075,59.872526],[11.101033,59.872198],[11.101408,59.871914],[11.101494,59.871867],[11.101739,59.871782],[11.102112,59.871462],[11.102199,59.871425],[11.102289,59.871432],[11.102434,59.871475],[11.102674,59.871597],[11.102842,59.871702],[11.10294,59.871835],[11.10293,59.87197],[11.103141,59.8722],[11.103164,59.872272],[11.103167,59.872335],[11.103069,59.872471],[11.103075,59.87257],[11.103114,59.872614],[11.103257,59.872621],[11.103398,59.872591],[11.103487,59.87259],[11.103559,59.872598],[11.103634,59.872642],[11.103737,59.872864],[11.103711,59.873305],[11.103664,59.873405],[11.10369,59.873539],[11.103891,59.873608],[11.104035,59.873614],[11.104141,59.873603],[11.104579,59.873462],[11.104979,59.873294],[11.105698,59.873363],[11.105916,59.873422],[11.10606,59.873438],[11.106308,59.873407],[11.106852,59.873246],[11.10696,59.873262],[11.107054,59.873332],[11.107058,59.873404],[11.107218,59.873662],[11.107546,59.874052],[11.107684,59.874256],[11.107772,59.874516],[11.107762,59.874641],[11.107876,59.874739],[11.10809,59.874744],[11.108512,59.874629],[11.108599,59.874592],[11.10924,59.874564],[11.109452,59.874516],[11.109556,59.874469],[11.10961,59.874477],[11.109648,59.874521],[11.10953,59.874622],[11.10954,59.874784],[11.109458,59.874893],[11.109449,59.875037],[11.109522,59.87535],[11.109854,59.876081],[11.109804,59.876127],[11.109663,59.876165],[11.109448,59.876159],[11.109418,59.876241],[11.109559,59.876499],[11.109523,59.876769],[11.109283,59.876926],[11.108984,59.877011],[11.108775,59.877095],[11.108587,59.877233],[11.108575,59.877314],[11.108541,59.877351],[11.108453,59.87737],[11.107974,59.877144],[11.107574,59.877025],[11.107339,59.876984],[11.107052,59.876979],[11.106878,59.877045],[11.106577,59.877086],[11.106126,59.877309],[11.105886,59.877465],[11.105569,59.877811],[11.105488,59.877947],[11.105474,59.87802],[11.105512,59.878055],[11.105584,59.878054],[11.105653,59.878017],[11.105945,59.877832],[11.106492,59.877437],[11.106843,59.877333],[11.107199,59.877309],[11.107291,59.877353],[11.107353,59.877495],[11.107244,59.877749],[11.107191,59.878037],[11.107214,59.878126],[11.107617,59.878551],[11.107781,59.878611],[11.107961,59.878635],[11.108139,59.878624],[11.108582,59.878563],[11.108723,59.878525],[11.108858,59.878406],[11.109048,59.878295],[11.109172,59.878275],[11.109315,59.878281],[11.109545,59.878251],[11.109685,59.878204],[11.109813,59.878247],[11.109851,59.878282],[11.109891,59.878344],[11.109918,59.878496],[11.110054,59.878674],[11.110097,59.878781],[11.110052,59.878916],[11.110057,59.878988],[11.110142,59.879202],[11.110151,59.879346],[11.109806,59.879819],[11.109702,59.879874],[11.109437,59.879932],[11.109246,59.880007],[11.109128,59.880126],[11.109232,59.880358],[11.109217,59.880403],[11.109,59.88064],[11.109119,59.880836],[11.109111,59.880979],[11.109183,59.880996],[11.109361,59.880984],[11.110013,59.88083],[11.110226,59.880809],[11.110549,59.880831],[11.110605,59.880866],[11.110721,59.881017],[11.111041,59.881272],[11.111447,59.881472],[11.1116,59.881631],[11.111659,59.881711],[11.111731,59.881997],[11.111827,59.882113],[11.111834,59.882211],[11.111871,59.882247],[11.112086,59.882252],[11.11225,59.882304],[11.112334,59.8825],[11.112268,59.882573],[11.112278,59.882734],[11.112417,59.882957],[11.112336,59.883084],[11.112276,59.883264],[11.112208,59.883328],[11.112053,59.88342],[11.112053,59.883699],[11.111688,59.884136],[11.111731,59.884261],[11.111903,59.884438],[11.111953,59.884662],[11.112028,59.884705],[11.112135,59.884713],[11.112382,59.884655],[11.11285,59.88471],[11.113116,59.88467],[11.113371,59.884747],[11.113465,59.884826],[11.113441,59.885285],[11.113582,59.885543],[11.113935,59.886031],[11.114105,59.886181],[11.114147,59.886279],[11.114088,59.886469],[11.114133,59.886612],[11.114327,59.886851],[11.11434,59.887058],[11.11446,59.887541],[11.114474,59.888043],[11.114498,59.888142],[11.114775,59.888569],[11.114676,59.888974],[11.114838,59.889277],[11.114994,59.88976],[11.115217,59.889891],[11.115342,59.889898],[11.115465,59.88986],[11.115626,59.889857],[11.115788,59.889882],[11.11603,59.890022],[11.116108,59.890137],[11.116551,59.890346],[11.11688,59.890466],[11.117048,59.89058],[11.117144,59.890677],[11.117122,59.890893],[11.117232,59.890946],[11.117313,59.891088],[11.117169,59.891351],[11.11723,59.891466],[11.117432,59.891562],[11.117688,59.891648],[11.117958,59.891679],[11.118195,59.891747],[11.118524,59.891868],[11.118742,59.891918],[11.118921,59.891915],[11.119151,59.891885],[11.119363,59.891836],[11.119502,59.891771],[11.119678,59.891732],[11.119981,59.891719],[11.120127,59.891761],[11.120352,59.891937],[11.120387,59.892206],[11.120529,59.892464],[11.120685,59.892677],[11.120748,59.89282],[11.120757,59.892955],[11.120731,59.893108],[11.120632,59.893235],[11.120196,59.893413],[11.119736,59.893483],[11.118544,59.893583],[11.117921,59.89362],[11.117727,59.893668],[11.117555,59.89377],[11.11751,59.893896],[11.117757,59.894126],[11.117367,59.894473],[11.117287,59.894618],[11.117019,59.894901],[11.11694,59.895055],[11.116781,59.895085],[11.116615,59.895285],[11.116475,59.895332],[11.11628,59.895371],[11.115837,59.895423],[11.115643,59.895462],[11.115115,59.895596],[11.114872,59.895717],[11.114065,59.896233],[11.113667,59.896446],[11.113544,59.896475],[11.113496,59.896575],[11.113429,59.896639],[11.113299,59.896838],[11.113347,59.897035],[11.113335,59.897125],[11.113267,59.897189],[11.113198,59.897226],[11.11311,59.897245],[11.112905,59.897392],[11.112672,59.897675],[11.112625,59.897765],[11.112629,59.897837],[11.112256,59.897879],[11.11203,59.897981],[11.111947,59.898073],[11.111704,59.898472],[11.111699,59.898678],[11.111618,59.898814],[11.111286,59.898927],[11.110878,59.899266],[11.110773,59.899304],[11.110649,59.899324],[11.110451,59.899291],[11.110204,59.899349],[11.110039,59.899558],[11.110009,59.899658],[11.109993,59.899972],[11.110032,59.900025],[11.110018,59.90008],[11.109863,59.900172],[11.10993,59.900386],[11.109897,59.900432],[11.109637,59.900562],[11.109572,59.900653],[11.109401,59.90079],[11.109227,59.900856],[11.109125,59.900938],[11.109096,59.901055],[11.10884,59.901239],[11.10865,59.901341],[11.10818,59.901825],[11.107906,59.902027],[11.107681,59.902138],[11.107322,59.902404],[11.107258,59.902513],[11.107231,59.902666],[11.106936,59.903084],[11.106536,59.90354],[11.1063,59.903768],[11.105836,59.904072],[11.105656,59.904326],[11.105538,59.904436],[11.105127,59.90473],[11.104821,59.904986],[11.104605,59.905241],[11.10465,59.905393],[11.104665,59.905626],[11.104581,59.905709],[11.104233,59.905867],[11.104148,59.905931],[11.1039,59.906528],[11.103738,59.9068],[11.1036,59.906874],[11.103544,59.906839],[11.103398,59.906796],[11.102973,59.906857],[11.102779,59.906905],[11.102646,59.907069],[11.102555,59.907331],[11.102378,59.907639],[11.101917,59.907979],[11.101646,59.908217],[11.101266,59.908429],[11.100888,59.908678],[11.100763,59.908689],[11.100414,59.90882],[11.100312,59.908912],[11.100263,59.908975],[11.100202,59.909138],[11.10018,59.909363],[11.100335,59.909549],[11.100342,59.909666],[11.100572,59.909904],[11.100619,59.910083],[11.100589,59.910183],[11.100509,59.910319],[11.100288,59.910502],[11.100223,59.910611],[11.100248,59.910718],[11.100141,59.911007],[11.100025,59.911153],[11.099922,59.911226],[11.099872,59.91129],[11.099802,59.911587],[11.099671,59.911787],[11.099435,59.912016],[11.099043,59.912318],[11.098772,59.912565],[11.098366,59.913209],[11.098305,59.913372],[11.098358,59.913649],[11.098298,59.91383],[11.09823,59.913894],[11.098107,59.913932],[11.097953,59.914033],[11.097889,59.914151],[11.097871,59.914439],[11.09795,59.914554],[11.098014,59.914724],[11.09797,59.914877],[11.097906,59.914986],[11.097803,59.91506],[11.097242,59.915221],[11.096363,59.915747],[11.096142,59.915939],[11.095952,59.916041],[11.095795,59.916098],[11.09546,59.916462],[11.095253,59.916591],[11.095138,59.916755],[11.09513,59.916899],[11.094929,59.917126],[11.094886,59.917289],[11.094898,59.917477],[11.094982,59.917673],[11.095181,59.918003],[11.095132,59.918075],[11.094989,59.918077],[11.094854,59.918205],[11.094824,59.918296],[11.094632,59.918371],[11.094514,59.918489],[11.094332,59.919004],[11.09414,59.919079],[11.094068,59.919646],[11.0937,59.920613],[11.093595,59.920651],[11.093418,59.92068],[11.093282,59.92079],[11.093194,59.920828],[11.093087,59.92082],[11.092613,59.920693],[11.092463,59.92057],[11.09217,59.920476],[11.092028,59.920496],[11.091812,59.920463],[11.091476,59.920532],[11.09135,59.920516],[11.091204,59.920473],[11.090935,59.920459],[11.090138,59.920598],[11.0898,59.920621],[11.089629,59.920749],[11.089587,59.92093],[11.089368,59.921427],[11.089416,59.921633],[11.089314,59.921994],[11.089233,59.922139],[11.088563,59.922572],[11.088214,59.922721],[11.088041,59.922814],[11.08794,59.922905],[11.087982,59.923003],[11.087969,59.923084],[11.087872,59.923256],[11.087898,59.923382],[11.087872,59.923535],[11.088015,59.923811],[11.088003,59.92391],[11.087737,59.923959],[11.087665,59.923951],[11.087554,59.92389],[11.087426,59.923847],[11.087283,59.92385],[11.08711,59.923933],[11.086969,59.92398],[11.08681,59.92401],[11.086523,59.923996],[11.086166,59.924002],[11.085972,59.92405],[11.085942,59.92414],[11.085732,59.924225],[11.085424,59.924445],[11.085238,59.92461],[11.085143,59.924809],[11.085023,59.924891],[11.084934,59.924911],[11.084761,59.924994],[11.08464,59.925077],[11.084559,59.925204],[11.084671,59.925283],[11.084958,59.925288],[11.085456,59.925235],[11.085725,59.925249],[11.085871,59.9253],[11.085965,59.925362],[11.086236,59.92569],[11.086497,59.925865],[11.086649,59.925997],[11.086727,59.926104],[11.086785,59.926462],[11.086728,59.926688],[11.086584,59.92696],[11.086525,59.927167],[11.086404,59.927232],[11.086173,59.927254],[11.08605,59.927291],[11.085938,59.9275],[11.085751,59.927664],[11.085711,59.927881],[11.085501,59.927956],[11.085474,59.928091],[11.085252,59.928256],[11.085135,59.928402],[11.084864,59.928631],[11.0845,59.928825],[11.083819,59.929087],[11.083716,59.929161],[11.083686,59.929251],[11.083694,59.929395],[11.083664,59.929485],[11.083614,59.92954],[11.083422,59.929615],[11.083262,59.929635],[11.083193,59.929672],[11.083127,59.929763],[11.083006,59.929837],[11.082866,59.929875],[11.082741,59.929886],[11.082579,59.92987],[11.082401,59.929891],[11.082168,59.929877],[11.081587,59.929751],[11.081426,59.929745],[11.081215,59.929811],[11.080807,59.929871],[11.080611,59.929874],[11.080502,59.929858],[11.080349,59.92969],[11.08024,59.929674],[11.080189,59.929719],[11.080175,59.929774],[11.080198,59.929863],[11.080027,59.929991],[11.080159,59.930385],[11.080191,59.9306],[11.080114,59.930799],[11.079962,59.930954],[11.079932,59.931044],[11.079796,59.931154],[11.079641,59.931246],[11.079338,59.931278],[11.079183,59.93137],[11.078918,59.931419],[11.078657,59.93154],[11.078442,59.931534],[11.078369,59.931509],[11.078261,59.93151],[11.076177,59.932843],[11.075008,59.933912],[11.076134,59.934649],[11.077186,59.935201],[11.077407,59.935018],[11.077859,59.934804],[11.078291,59.934564],[11.078501,59.93448],[11.078661,59.934459],[11.079041,59.934534],[11.079156,59.934658],[11.079126,59.934748],[11.078975,59.934903],[11.078926,59.934985],[11.079001,59.935038],[11.079108,59.935036],[11.079423,59.934923],[11.079745,59.934918],[11.080001,59.934995],[11.080326,59.935044],[11.080437,59.935096],[11.080533,59.935211],[11.080473,59.935392],[11.080594,59.935605],[11.080627,59.935847],[11.080694,59.936062],[11.080787,59.936123],[11.080895,59.936131],[11.080995,59.936003],[11.081086,59.93575],[11.081171,59.935668],[11.081367,59.935656],[11.081437,59.935628],[11.081451,59.935574],[11.081411,59.935512],[11.081406,59.935422],[11.081492,59.935079],[11.081587,59.93488],[11.081758,59.934761],[11.081953,59.934731],[11.082075,59.934675],[11.082418,59.934436],[11.082809,59.934106],[11.083057,59.933779],[11.083083,59.933626],[11.083056,59.933483],[11.082959,59.933367],[11.082753,59.933218],[11.082749,59.933146],[11.082867,59.933037],[11.083415,59.93292],[11.083729,59.932798],[11.083935,59.93266],[11.08407,59.932532],[11.084363,59.932339],[11.084752,59.93227],[11.08503,59.93214],[11.085297,59.932118],[11.085567,59.932141],[11.085803,59.932191],[11.086057,59.93225],[11.086242,59.932337],[11.086446,59.93245],[11.086646,59.932788],[11.086776,59.933145],[11.086928,59.933296],[11.086991,59.933438],[11.086982,59.933582],[11.08706,59.93368],[11.087131,59.93367],[11.08718,59.933597],[11.087342,59.932472],[11.087349,59.932292],[11.087225,59.932042],[11.087112,59.931945],[11.086893,59.931877],[11.086658,59.931836],[11.086212,59.93187],[11.08598,59.931873],[11.085692,59.931842],[11.085599,59.931799],[11.085576,59.931709],[11.085626,59.931655],[11.085749,59.931617],[11.086799,59.931519],[11.087099,59.931452],[11.08738,59.931366],[11.087807,59.931333],[11.088091,59.931292],[11.088359,59.931288],[11.088952,59.931323],[11.089531,59.931431],[11.090485,59.931506],[11.090756,59.931555],[11.091068,59.931667],[11.091172,59.931908],[11.090937,59.932145],[11.090772,59.932373],[11.090636,59.93277],[11.090367,59.933897],[11.090598,59.935869],[11.090573,59.93604],[11.090652,59.936156],[11.090858,59.936305],[11.091171,59.936435],[11.091323,59.936567],[11.091672,59.937002],[11.092044,59.937221],[11.092633,59.937472],[11.092924,59.937548],[11.093148,59.937697],[11.093136,59.937796],[11.093068,59.937851],[11.092677,59.937893],[11.09261,59.937966],[11.092666,59.93801],[11.092924,59.938114],[11.093356,59.938161],[11.093628,59.93822],[11.093885,59.938314],[11.094281,59.938631],[11.094483,59.938718],[11.094771,59.93874],[11.094914,59.938729],[11.09514,59.938627],[11.095316,59.938579],[11.095617,59.938529],[11.096154,59.938521],[11.096534,59.938596],[11.09684,59.938627],[11.097091,59.938623],[11.09725,59.938593],[11.097282,59.93853],[11.097187,59.938442],[11.097184,59.938397],[11.097252,59.938333],[11.09741,59.938285],[11.097587,59.938264],[11.09782,59.938261],[11.098072,59.938284],[11.099759,59.938356],[11.100995,59.938372],[11.101193,59.938387],[11.101591,59.938452],[11.10245,59.938439],[11.103186,59.938472],[11.104005,59.938405],[11.104886,59.938472],[11.105618,59.938433],[11.106013,59.938454],[11.106872,59.938449],[11.106999,59.938483],[11.107093,59.938544],[11.10722,59.938578],[11.107327,59.938567],[11.107389,59.938414],[11.107471,59.938305],[11.107594,59.938267],[11.108146,59.938222],[11.10847,59.938244],[11.108845,59.938238],[11.109291,59.938204],[11.109579,59.938235],[11.110115,59.938217],[11.110329,59.938196],[11.11094,59.93824],[11.111262,59.938235],[11.11185,59.93819],[11.112155,59.938212],[11.112726,59.938176],[11.113847,59.938077],[11.115634,59.938021],[11.116425,59.93808],[11.116884,59.937974],[11.117173,59.938014],[11.11744,59.937983],[11.117633,59.937926],[11.118559,59.937848],[11.118978,59.937689],[11.119249,59.937451],[11.119388,59.937386],[11.119603,59.937382],[11.119726,59.937345],[11.120762,59.936753],[11.121175,59.936486],[11.121395,59.936294],[11.12167,59.93611],[11.122349,59.935533],[11.12266,59.935366],[11.122915,59.935146],[11.123048,59.934992],[11.123202,59.934881],[11.123326,59.934861],[11.123446,59.934779],[11.123478,59.934724],[11.123599,59.93465],[11.12369,59.934667],[11.123626,59.934785],[11.123455,59.934913],[11.123287,59.935096],[11.122737,59.935437],[11.122366,59.935793],[11.12214,59.935905],[11.121679,59.936253],[11.121284,59.93652],[11.120991,59.936686],[11.120324,59.937173],[11.120047,59.937321],[11.119808,59.937514],[11.119697,59.937731],[11.119791,59.937802],[11.119973,59.937844],[11.120716,59.937715],[11.120996,59.937612],[11.121185,59.937492],[11.121327,59.937471],[11.121336,59.937606],[11.121375,59.937668],[11.12145,59.937712],[11.121631,59.937736],[11.121869,59.937544],[11.12201,59.937236],[11.122217,59.937116],[11.122336,59.937006],[11.122399,59.936879],[11.122732,59.936488],[11.122935,59.936305],[11.123177,59.936166],[11.123501,59.93591],[11.123713,59.93587],[11.123895,59.935921],[11.123895,59.936191],[11.124026,59.936287],[11.124262,59.936337],[11.124388,59.936344],[11.124617,59.936296],[11.125382,59.936221],[11.125581,59.936244],[11.12573,59.93635],[11.12581,59.936465],[11.12584,59.936662],[11.125797,59.936825],[11.125595,59.937035],[11.125688,59.937078],[11.125796,59.937085],[11.126098,59.937053],[11.12633,59.93705],[11.126638,59.937108],[11.126842,59.937212],[11.126849,59.93732],[11.126944,59.937408],[11.127896,59.938021],[11.128081,59.938117],[11.128593,59.93828],[11.128651,59.938351],[11.128618,59.938396],[11.128497,59.938452],[11.127998,59.938487],[11.127494,59.93845],[11.12703,59.938475],[11.126467,59.938341],[11.125981,59.938304],[11.125587,59.93831],[11.125199,59.938397],[11.124693,59.938594],[11.124591,59.938676],[11.124611,59.938721],[11.124722,59.938764],[11.124921,59.938806],[11.125064,59.938795],[11.125306,59.938665],[11.125552,59.938589],[11.125729,59.938568],[11.125856,59.938593],[11.125968,59.938654],[11.126026,59.938734],[11.126353,59.938801],[11.126684,59.938939],[11.126828,59.939233],[11.131927,59.939187],[11.131974,59.939087],[11.131984,59.938961],[11.132104,59.93887],[11.132404,59.938802],[11.132724,59.93877],[11.132977,59.938811],[11.13305,59.938836],[11.133122,59.938835],[11.133173,59.93879],[11.13315,59.938718],[11.132985,59.938649],[11.132801,59.93858],[11.132349,59.938515],[11.132165,59.938437],[11.131952,59.93818],[11.131779,59.937725],[11.131772,59.937609],[11.131837,59.937509],[11.131976,59.937435],[11.132187,59.937377],[11.132364,59.937347],[11.132675,59.93745],[11.132908,59.937455],[11.133053,59.937489],[11.133159,59.93746],[11.133207,59.937379],[11.13302,59.937247],[11.133075,59.936995],[11.133041,59.936744],[11.132926,59.936629],[11.132685,59.936498],[11.132619,59.93631],[11.132688,59.936264],[11.132901,59.936234],[11.132969,59.936179],[11.132946,59.936098],[11.132817,59.936047],[11.132546,59.936006],[11.132315,59.936028],[11.131707,59.936038],[11.131526,59.936014],[11.131412,59.935908],[11.131443,59.935826],[11.131362,59.935684],[11.131126,59.935634],[11.130915,59.935682],[11.1309,59.935736],[11.130958,59.935798],[11.130925,59.935844],[11.130657,59.935848],[11.130439,59.935798],[11.130255,59.935729],[11.13005,59.935597],[11.12979,59.93517],[11.129777,59.934973],[11.129696,59.934831],[11.129436,59.934673],[11.129308,59.934639],[11.129146,59.934624],[11.128935,59.934681],[11.127973,59.934472],[11.127594,59.934424],[11.126772,59.934159],[11.126384,59.933968],[11.126289,59.933888],[11.126246,59.933772],[11.126459,59.933185],[11.126485,59.933032],[11.126442,59.932916],[11.126558,59.932779],[11.126556,59.932752],[11.126501,59.932726],[11.12624,59.932838],[11.126189,59.932893],[11.125752,59.933053],[11.125585,59.933235],[11.124747,59.93385],[11.124598,59.934032],[11.124254,59.934254],[11.124201,59.934272],[11.124129,59.934256],[11.124053,59.934185],[11.124541,59.933701],[11.125162,59.933341],[11.126062,59.932581],[11.126301,59.932406],[11.126331,59.932316],[11.12624,59.932281],[11.126116,59.932301],[11.125977,59.932375],[11.12593,59.932475],[11.125862,59.93253],[11.125475,59.932644],[11.124852,59.932968],[11.12459,59.933072],[11.124325,59.93313],[11.123859,59.933398],[11.123795,59.933515],[11.123871,59.933586],[11.123896,59.933694],[11.124035,59.933907],[11.124058,59.933987],[11.124025,59.934033],[11.123903,59.934089],[11.123849,59.93408],[11.123793,59.934036],[11.123695,59.933903],[11.123754,59.933435],[11.123831,59.933245],[11.123962,59.933055],[11.124194,59.932476],[11.124354,59.931908],[11.124469,59.931744],[11.124588,59.931643],[11.124797,59.93155],[11.125533,59.931314],[11.126433,59.931111],[11.127048,59.930921],[11.127166,59.93082],[11.127214,59.93073],[11.127319,59.930692],[11.12748,59.930689],[11.127657,59.930651],[11.12828,59.930326],[11.128485,59.93017],[11.128635,59.929997],[11.12872,59.929933],[11.128803,59.929833],[11.128815,59.929734],[11.128937,59.929687],[11.129204,59.929656],[11.129273,59.929619],[11.129363,59.929635],[11.129458,59.929714],[11.129393,59.929814],[11.129381,59.929904],[11.129454,59.92993],[11.129613,59.929909],[11.129852,59.929717],[11.129967,59.929562],[11.130243,59.929396],[11.130325,59.929278],[11.130268,59.929225],[11.130179,59.929236],[11.129934,59.929329],[11.129764,59.929458],[11.12968,59.929549],[11.129592,59.929568],[11.129431,59.929571],[11.129303,59.929537],[11.129174,59.929476],[11.129202,59.92935],[11.129266,59.929232],[11.1294,59.929095],[11.129427,59.92896],[11.12979,59.928748],[11.13008,59.928258],[11.130275,59.927393],[11.130582,59.926606],[11.131142,59.925573],[11.131186,59.925429],[11.13114,59.925268],[11.131149,59.925133],[11.131344,59.924824],[11.131464,59.924742],[11.131552,59.924722],[11.132025,59.924831],[11.132239,59.924819],[11.132537,59.924724],[11.132732,59.924703],[11.133042,59.924797],[11.133131,59.924787],[11.133235,59.924731],[11.133195,59.92466],[11.133262,59.924596],[11.133452,59.924494],[11.133415,59.924468],[11.133145,59.924445],[11.13283,59.924549],[11.132653,59.924579],[11.132421,59.924591],[11.132266,59.924684],[11.132142,59.924713],[11.131941,59.924644],[11.131763,59.924665],[11.131653,59.924622],[11.131631,59.924559],[11.131868,59.924349],[11.132237,59.923966],[11.132568,59.923547],[11.132649,59.923402],[11.132959,59.923217],[11.133466,59.92276],[11.133565,59.922624],[11.133839,59.922431],[11.134242,59.92202],[11.134849,59.921166],[11.135368,59.920609],[11.135413,59.920474],[11.135631,59.920246],[11.135786,59.920153],[11.135998,59.920114],[11.136266,59.920101],[11.136535,59.920114],[11.136603,59.920059],[11.13647,59.919945],[11.135814,59.919758],[11.135617,59.919761],[11.135434,59.919692],[11.135254,59.919668],[11.135179,59.919624],[11.135157,59.919553],[11.13524,59.919462],[11.135378,59.919379],[11.135461,59.91927],[11.135399,59.919154],[11.135057,59.918836],[11.13491,59.918766],[11.134728,59.918724],[11.134514,59.918737],[11.134319,59.918758],[11.134161,59.918814],[11.133844,59.918891],[11.133543,59.918932],[11.133059,59.918922],[11.132896,59.918898],[11.132659,59.91883],[11.131952,59.91868],[11.131392,59.91859],[11.131028,59.918497],[11.130935,59.918445],[11.130912,59.918373],[11.131019,59.918353],[11.131238,59.918422],[11.131799,59.918529],[11.13214,59.918542],[11.132752,59.918595],[11.133039,59.918608],[11.133181,59.918597],[11.133269,59.918568],[11.133354,59.918504],[11.133368,59.91845],[11.134038,59.918286],[11.134547,59.918143],[11.13536,59.917708],[11.135554,59.91766],[11.135838,59.91762],[11.136106,59.917615],[11.136393,59.917629],[11.136953,59.917709],[11.137074,59.917653],[11.137052,59.917582],[11.136918,59.917449],[11.136786,59.917344],[11.136603,59.917275],[11.136351,59.917252],[11.135959,59.917276],[11.135797,59.91727],[11.13558,59.917238],[11.135431,59.917132],[11.135369,59.917007],[11.135201,59.916893],[11.135036,59.916833],[11.134835,59.916774],[11.134366,59.916709],[11.133899,59.91669],[11.133685,59.916693],[11.133508,59.916723],[11.133336,59.916825],[11.133196,59.916872],[11.133146,59.916936],[11.133184,59.916971],[11.13335,59.91704],[11.133676,59.917107],[11.13388,59.91722],[11.133903,59.91731],[11.133819,59.917392],[11.133739,59.917537],[11.133546,59.917594],[11.133278,59.917598],[11.132559,59.917547],[11.132168,59.91758],[11.132096,59.917572],[11.132002,59.917511],[11.131958,59.917386],[11.131967,59.917242],[11.131869,59.9171],[11.131546,59.916818],[11.131372,59.916614],[11.131351,59.91656],[11.131511,59.91654],[11.131942,59.916578],[11.132353,59.916571],[11.132495,59.916551],[11.132651,59.916476],[11.133146,59.916379],[11.133281,59.916251],[11.133463,59.916023],[11.133506,59.915861],[11.133498,59.915726],[11.133397,59.915557],[11.133428,59.915476],[11.133388,59.915414],[11.133204,59.915327],[11.133003,59.915258],[11.132781,59.915145],[11.132672,59.915129],[11.131788,59.91473],[11.131712,59.914659],[11.131671,59.914579],[11.131412,59.91444],[11.131321,59.914414],[11.131071,59.914427],[11.130311,59.914296],[11.130205,59.914306],[11.129994,59.914373],[11.129975,59.914355],[11.130074,59.914228],[11.130598,59.913752],[11.130978,59.91353],[11.131049,59.91352],[11.131121,59.913528],[11.131341,59.913614],[11.132192,59.914059],[11.132439,59.914288],[11.132623,59.914366],[11.13285,59.914551],[11.133068,59.91461],[11.133476,59.914837],[11.133676,59.914879],[11.133874,59.914894],[11.134284,59.914878],[11.134515,59.914847],[11.134743,59.91479],[11.134986,59.914669],[11.135068,59.914551],[11.135355,59.914286],[11.135476,59.914221],[11.135508,59.914158],[11.13545,59.914096],[11.135439,59.913925],[11.135358,59.913774],[11.135148,59.913562],[11.132957,59.91287],[11.132758,59.912837],[11.132593,59.912786],[11.132428,59.912708],[11.132201,59.912523],[11.131971,59.912284],[11.131949,59.912221],[11.131983,59.912185],[11.132139,59.912119],[11.13232,59.912143],[11.133322,59.912711],[11.134112,59.913031],[11.135181,59.913525],[11.135383,59.913603],[11.135689,59.913643],[11.135875,59.913748],[11.136113,59.913834],[11.136281,59.913948],[11.136752,59.914039],[11.136919,59.914126],[11.137053,59.914267],[11.137272,59.914336],[11.137386,59.914433],[11.137603,59.914744],[11.137889,59.915017],[11.138052,59.915051],[11.139683,59.91594],[11.139848,59.915992],[11.140027,59.915998],[11.140167,59.915959],[11.140235,59.915904],[11.140307,59.915903],[11.140328,59.915948],[11.140317,59.916065],[11.140526,59.91625],[11.14075,59.91639],[11.141079,59.916502],[11.141174,59.91659],[11.141304,59.91666],[11.141594,59.916718],[11.141669,59.91677],[11.141785,59.916903],[11.141912,59.916937],[11.142056,59.916944],[11.142196,59.916906],[11.142268,59.916913],[11.142381,59.916992],[11.142388,59.917109],[11.14248,59.917152],[11.142716,59.917194],[11.142948,59.917181],[11.143039,59.917215],[11.143245,59.917356],[11.14348,59.917388],[11.144174,59.917619],[11.144252,59.917717],[11.144435,59.917776],[11.144671,59.917826],[11.14557,59.918171],[11.146373,59.918419],[11.146594,59.918523],[11.146794,59.918564],[11.146981,59.918687],[11.147559,59.918776],[11.148562,59.919066],[11.148801,59.91917],[11.149028,59.919363],[11.149194,59.919442],[11.149303,59.919467],[11.149447,59.919473],[11.149535,59.919463],[11.149627,59.919488],[11.149703,59.919568],[11.14983,59.919584],[11.150271,59.919765],[11.150523,59.919788],[11.15085,59.919873],[11.150854,59.919926],[11.150818,59.919936],[11.150366,59.919854],[11.15008,59.919858],[11.149721,59.919837],[11.149614,59.919848],[11.149508,59.919868],[11.14937,59.919942],[11.149328,59.920131],[11.149441,59.92021],[11.14955,59.920235],[11.149874,59.920266],[11.150283,59.920232],[11.150444,59.920239],[11.150571,59.920254],[11.151172,59.920415],[11.151726,59.920415],[11.151852,59.920431],[11.152658,59.920705],[11.152885,59.920908],[11.152933,59.921096],[11.153137,59.921201],[11.153431,59.921322],[11.153545,59.921419],[11.153727,59.921469],[11.154215,59.921542],[11.154379,59.921594],[11.154529,59.921699],[11.154722,59.921911],[11.154891,59.922034],[11.155317,59.922261],[11.155685,59.922417],[11.156157,59.922526],[11.156527,59.922708],[11.156968,59.92289],[11.157061,59.922951],[11.156856,59.923089],[11.156899,59.923196],[11.157009,59.923248],[11.157155,59.923282],[11.157351,59.923279],[11.157493,59.923258],[11.157766,59.923335],[11.158043,59.923456],[11.158285,59.923614],[11.15855,59.923825],[11.15854,59.923951],[11.158711,59.92411],[11.158857,59.924206],[11.167268,59.923062],[11.166932,59.922852],[11.166087,59.922515],[11.165823,59.922313],[11.165669,59.922136],[11.165784,59.92199],[11.165727,59.921938],[11.165146,59.921812],[11.164454,59.921626],[11.164051,59.921471],[11.16318,59.921009],[11.162386,59.920627],[11.162046,59.920363],[11.161075,59.919741],[11.161107,59.919678],[11.161246,59.919604],[11.161168,59.919506],[11.161075,59.919463],[11.16042,59.919294],[11.15955,59.918841],[11.159239,59.918729],[11.158401,59.91851],[11.158217,59.918432],[11.157456,59.918283],[11.157073,59.918163],[11.156633,59.918],[11.156025,59.917731],[11.155603,59.917567],[11.154713,59.917088],[11.152628,59.916107],[11.152533,59.916019],[11.15244,59.915966],[11.152455,59.915921],[11.152522,59.915857],[11.152516,59.915758],[11.152202,59.915611],[11.15201,59.915398],[11.151887,59.915158],[11.151793,59.915087],[11.151788,59.915016],[11.15182,59.914961],[11.151941,59.914896],[11.151952,59.91478],[11.151847,59.914548],[11.151748,59.914397],[11.15161,59.914201],[11.151461,59.914114],[11.151418,59.913998],[11.151197,59.913903],[11.15114,59.913841],[11.151115,59.913733],[11.150826,59.913424],[11.150824,59.913388],[11.151138,59.913544],[11.152273,59.914217],[11.152468,59.914466],[11.153134,59.914805],[11.153397,59.914998],[11.153764,59.915136],[11.154302,59.915433],[11.154378,59.915512],[11.15464,59.915679],[11.154859,59.915756],[11.154966,59.915745],[11.155421,59.915864],[11.155627,59.916013],[11.155812,59.9161],[11.155958,59.916142],[11.156264,59.916173],[11.156438,59.916098],[11.156469,59.916026],[11.156644,59.91596],[11.156844,59.91602],[11.156977,59.916144],[11.157216,59.916238],[11.157597,59.916322],[11.157884,59.916326],[11.158447,59.916461],[11.159,59.916712],[11.15987,59.917156],[11.160149,59.917322],[11.160942,59.917686],[11.161102,59.917675],[11.161092,59.917522],[11.161177,59.917458],[11.161249,59.917466],[11.161301,59.917438],[11.161312,59.91733],[11.161145,59.917234],[11.161018,59.917209],[11.160768,59.917213],[11.160601,59.917126],[11.160646,59.916991],[11.160746,59.916881],[11.160616,59.916803],[11.160455,59.916796],[11.160348,59.916816],[11.160279,59.916853],[11.160208,59.916854],[11.160134,59.916819],[11.160002,59.916714],[11.159803,59.916672],[11.159746,59.916628],[11.159471,59.916525],[11.159292,59.916519],[11.159074,59.916469],[11.158913,59.91648],[11.158803,59.916437],[11.158551,59.916405],[11.158489,59.91628],[11.157929,59.916191],[11.15739,59.916155],[11.157097,59.916052],[11.157073,59.915962],[11.156979,59.915892],[11.156689,59.915834],[11.156513,59.915873],[11.156285,59.915948],[11.156218,59.916012],[11.156111,59.916032],[11.155985,59.916007],[11.155765,59.91593],[11.155459,59.91562],[11.154874,59.915163],[11.153474,59.914252],[11.152768,59.91385],[11.15232,59.91357],[11.152103,59.91352],[11.151717,59.913373],[11.15125,59.913066],[11.150674,59.912725],[11.150353,59.912461],[11.150141,59.91224],[11.149698,59.912023],[11.14898,59.911433],[11.148756,59.911275],[11.148442,59.911136],[11.148024,59.910748],[11.147382,59.90995],[11.147248,59.908712],[11.147248,59.908434],[11.147304,59.907903],[11.147456,59.907496],[11.148081,59.906372],[11.148343,59.90573],[11.148736,59.905167],[11.148845,59.904905],[11.148841,59.904851],[11.148911,59.904832],[11.149053,59.905081],[11.149128,59.905412],[11.149298,59.905831],[11.149334,59.906109],[11.149255,59.906281],[11.149155,59.906391],[11.149109,59.906499],[11.149034,59.906734],[11.149085,59.906967],[11.149055,59.907057],[11.148858,59.907321],[11.148882,59.907428],[11.148868,59.907482],[11.148786,59.907591],[11.148741,59.907727],[11.14887,59.907788],[11.148993,59.907759],[11.14903,59.907767],[11.148947,59.908154],[11.148949,59.90846],[11.148811,59.908543],[11.148814,59.908588],[11.148837,59.908668],[11.148993,59.908863],[11.149004,59.909025],[11.149048,59.909159],[11.149143,59.909247],[11.14929,59.909299],[11.149466,59.909269],[11.149571,59.909222],[11.149655,59.909149],[11.14972,59.909049],[11.149826,59.909021],[11.149897,59.909019],[11.15006,59.909044],[11.150129,59.909007],[11.150235,59.909256],[11.15037,59.909416],[11.150574,59.909529],[11.15074,59.909598],[11.150995,59.909675],[11.151218,59.909806],[11.151724,59.910166],[11.151734,59.91031],[11.151828,59.91038],[11.152198,59.910572],[11.152552,59.91079],[11.152932,59.911144],[11.153095,59.911446],[11.153272,59.911686],[11.153384,59.911756],[11.153528,59.911772],[11.153632,59.911734],[11.153683,59.911679],[11.153809,59.911695],[11.153846,59.911713],[11.153836,59.911838],[11.153951,59.911962],[11.15394,59.912061],[11.153907,59.912107],[11.153786,59.912172],[11.153754,59.912226],[11.153918,59.912547],[11.154112,59.912777],[11.154133,59.91284],[11.154104,59.912939],[11.154162,59.91301],[11.154348,59.913106],[11.154801,59.913206],[11.154981,59.913221],[11.155159,59.913209],[11.155413,59.913268],[11.15573,59.91346],[11.155856,59.913476],[11.155963,59.913465],[11.156083,59.913383],[11.156273,59.91329],[11.156339,59.913199],[11.156398,59.913009],[11.156252,59.912958],[11.1565,59.912918],[11.157336,59.912572],[11.15787,59.912257],[11.157986,59.912112],[11.158029,59.911958],[11.157973,59.911914],[11.157881,59.91188],[11.157792,59.91189],[11.157462,59.91204],[11.157253,59.912115],[11.156744,59.912276],[11.156462,59.912334],[11.156176,59.912339],[11.15594,59.91228],[11.155721,59.912212],[11.155571,59.912106],[11.155443,59.912073],[11.155231,59.912112],[11.155059,59.912223],[11.154862,59.912217],[11.154824,59.912182],[11.155256,59.91195],[11.155307,59.911895],[11.155267,59.911833],[11.155175,59.911799],[11.155103,59.911791],[11.154872,59.911812],[11.154799,59.911796],[11.154797,59.91176],[11.154964,59.911577],[11.154903,59.911462],[11.154703,59.91142],[11.154697,59.91133],[11.155323,59.911042],[11.155464,59.911021],[11.155636,59.910911],[11.155704,59.910847],[11.155715,59.910748],[11.155658,59.910695],[11.155495,59.910671],[11.155108,59.910758],[11.154766,59.910736],[11.154518,59.910776],[11.15419,59.910952],[11.154081,59.910918],[11.153909,59.91075],[11.153903,59.91067],[11.153826,59.910581],[11.153665,59.910575],[11.153532,59.91046],[11.153413,59.910273],[11.152867,59.909851],[11.152592,59.909757],[11.152383,59.909563],[11.152086,59.909397],[11.151813,59.90932],[11.151645,59.909206],[11.151151,59.909035],[11.151104,59.908874],[11.150953,59.908742],[11.150656,59.908585],[11.150548,59.908569],[11.150298,59.908573],[11.150121,59.908602],[11.150016,59.90864],[11.149926,59.908624],[11.14968,59.908421],[11.149665,59.908188],[11.149712,59.908088],[11.149662,59.907595],[11.149584,59.907497],[11.149682,59.907343],[11.149648,59.907092],[11.149694,59.906705],[11.149724,59.906615],[11.14989,59.906423],[11.149919,59.906315],[11.149876,59.906199],[11.14988,59.905992],[11.149779,59.905527],[11.149428,59.904518],[11.149392,59.90424],[11.149738,59.903785],[11.149943,59.903638],[11.150392,59.903397],[11.150636,59.903294],[11.150795,59.903265],[11.151354,59.903337],[11.151587,59.903342],[11.152656,59.903288],[11.15301,59.903229],[11.153274,59.903161],[11.153698,59.903083],[11.153894,59.90307],[11.153809,59.903144],[11.153632,59.903174],[11.153436,59.903186],[11.15326,59.903225],[11.153038,59.90339],[11.152955,59.90349],[11.152894,59.903644],[11.152728,59.903844],[11.15259,59.903918],[11.15224,59.904041],[11.152192,59.904122],[11.152255,59.904274],[11.15203,59.904394],[11.151953,59.904584],[11.152062,59.904888],[11.152153,59.904904],[11.152277,59.904884],[11.152496,59.904683],[11.152599,59.90461],[11.152791,59.904535],[11.152891,59.904434],[11.153147,59.904241],[11.153428,59.904165],[11.153548,59.904073],[11.153647,59.903946],[11.153849,59.903763],[11.154262,59.903505],[11.154687,59.903165],[11.154752,59.903065],[11.154761,59.902922],[11.154829,59.902876],[11.15506,59.902854],[11.155236,59.902806],[11.155287,59.90276],[11.155428,59.902731],[11.155518,59.902739],[11.155634,59.90288],[11.155638,59.902943],[11.155195,59.903283],[11.155181,59.903346],[11.155221,59.903399],[11.155453,59.903404],[11.155544,59.90343],[11.155606,59.903546],[11.155594,59.903636],[11.155299,59.903775],[11.154929,59.903871],[11.154878,59.903899],[11.154811,59.903972],[11.154926,59.904096],[11.154865,59.904258],[11.154711,59.904369],[11.154461,59.904651],[11.154207,59.904871],[11.153984,59.905018],[11.153593,59.905321],[11.153564,59.905438],[11.153607,59.905545],[11.153645,59.90585],[11.153576,59.905896],[11.153416,59.905899],[11.153313,59.905981],[11.153243,59.905992],[11.153009,59.905968],[11.152849,59.905989],[11.15278,59.906026],[11.152766,59.906089],[11.152789,59.906161],[11.152937,59.906239],[11.153046,59.906273],[11.153587,59.906336],[11.153698,59.906397],[11.153859,59.906404],[11.153915,59.906439],[11.153918,59.906474],[11.153798,59.906557],[11.153732,59.906639],[11.153721,59.906747],[11.153802,59.906899],[11.153849,59.907068],[11.154168,59.907297],[11.154245,59.907385],[11.154296,59.907618],[11.154439,59.907625],[11.154509,59.907588],[11.154599,59.907595],[11.154982,59.907715],[11.155052,59.907696],[11.155066,59.907641],[11.154844,59.907528],[11.154803,59.907448],[11.154828,59.907277],[11.154731,59.907162],[11.154488,59.906986],[11.154523,59.906977],[11.154614,59.907002],[11.154703,59.907001],[11.1547,59.906956],[11.154573,59.906931],[11.154481,59.906887],[11.15446,59.906834],[11.154493,59.906788],[11.154648,59.906705],[11.154799,59.90655],[11.154869,59.906531],[11.155014,59.906555],[11.155228,59.906543],[11.155524,59.90643],[11.155702,59.906409],[11.155753,59.906373],[11.155786,59.906327],[11.155638,59.906249],[11.155401,59.906181],[11.155287,59.906075],[11.155334,59.905975],[11.155751,59.905789],[11.155764,59.905717],[11.155689,59.905664],[11.155526,59.905622],[11.155482,59.905497],[11.155754,59.905277],[11.15585,59.905104],[11.155989,59.905039],[11.156072,59.904939],[11.156049,59.904859],[11.156487,59.904447],[11.156714,59.904363],[11.156943,59.904305],[11.157596,59.903899],[11.157842,59.903841],[11.157943,59.903732],[11.15788,59.903598],[11.157786,59.903528],[11.1578,59.903465],[11.157869,59.903428],[11.157899,59.903337],[11.157806,59.903007],[11.157749,59.902963],[11.157817,59.902899],[11.157813,59.902845],[11.157703,59.902793],[11.15755,59.902642],[11.157298,59.90262],[11.157013,59.902642],[11.156924,59.902635],[11.156868,59.9026],[11.156883,59.902563],[11.15699,59.902553],[11.157491,59.902563],[11.157542,59.902526],[11.157522,59.90249],[11.157374,59.902412],[11.157249,59.902414],[11.157002,59.902472],[11.156895,59.902464],[11.156875,59.902438],[11.157067,59.902372],[11.157101,59.902335],[11.157063,59.902309],[11.156973,59.902293],[11.156829,59.902286],[11.156845,59.90225],[11.157002,59.902184],[11.157087,59.90212],[11.157043,59.901995],[11.157273,59.901686],[11.157394,59.901612],[11.157511,59.901493],[11.157525,59.90143],[11.157376,59.901064],[11.157462,59.901018],[11.157869,59.900948],[11.158157,59.90098],[11.158331,59.900905],[11.158346,59.900851],[11.15823,59.900718],[11.158119,59.900657],[11.157718,59.900556],[11.157593,59.900549],[11.157452,59.900578],[11.157345,59.90058],[11.15727,59.900527],[11.157367,59.900373],[11.157354,59.900175],[11.157289,59.899997],[11.156986,59.899454],[11.156864,59.898683],[11.156954,59.898412],[11.156986,59.898088],[11.157561,59.897019],[11.157821,59.896072],[11.158141,59.895501],[11.158206,59.895122],[11.158508,59.893985],[11.15862,59.893238],[11.158584,59.89296],[11.158592,59.892529],[11.158671,59.892096],[11.158779,59.891825],[11.15886,59.891698],[11.159037,59.891668],[11.159183,59.89172],[11.159463,59.891625],[11.159532,59.891579],[11.159654,59.891532],[11.159666,59.891442],[11.1597,59.891424],[11.159789,59.891413],[11.160489,59.891456],[11.160756,59.891442],[11.161961,59.89127],[11.162912,59.891057],[11.164097,59.890858],[11.164871,59.890674],[11.166309,59.890246],[11.16645,59.890208],[11.166503,59.890207],[11.16654,59.890225],[11.166276,59.890552],[11.166205,59.890571],[11.166186,59.890545],[11.166234,59.890454],[11.166197,59.890437],[11.16604,59.890502],[11.166008,59.890566],[11.165957,59.890603],[11.1658,59.890668],[11.165481,59.890709],[11.165078,59.890833],[11.164957,59.890897],[11.164735,59.891045],[11.164755,59.891089],[11.164811,59.891115],[11.165183,59.891064],[11.165237,59.891072],[11.165349,59.891143],[11.165296,59.891161],[11.165264,59.891207],[11.164932,59.891329],[11.164447,59.891562],[11.163797,59.891752],[11.163691,59.891763],[11.163333,59.89175],[11.163263,59.891788],[11.163248,59.891824],[11.163307,59.891904],[11.16331,59.891948],[11.163102,59.892051],[11.16266,59.89213],[11.162249,59.892137],[11.161755,59.892235],[11.161371,59.892376],[11.161016,59.892408],[11.160649,59.892549],[11.160565,59.892622],[11.160483,59.89274],[11.160539,59.892784],[11.160703,59.892827],[11.161348,59.892843],[11.161862,59.892772],[11.16255,59.892644],[11.162781,59.892622],[11.163523,59.892484],[11.163931,59.892432],[11.164194,59.892347],[11.165378,59.89187],[11.165601,59.891722],[11.165754,59.891603],[11.166039,59.891311],[11.166153,59.891138],[11.166205,59.89111],[11.166415,59.891053],[11.166537,59.890997],[11.166622,59.890924],[11.166699,59.890743],[11.167064,59.890306],[11.167165,59.890214],[11.167444,59.890102],[11.167476,59.890039],[11.167731,59.889846],[11.168327,59.889656],[11.168814,59.88946],[11.16934,59.889298],[11.169815,59.889183],[11.170286,59.889004],[11.17153,59.888624],[11.172201,59.888488],[11.172678,59.888408],[11.173506,59.888224],[11.174178,59.888114],[11.17467,59.887989],[11.175834,59.887736],[11.176078,59.887642],[11.176376,59.887556],[11.176584,59.887454],[11.177107,59.887257],[11.178047,59.886864],[11.178704,59.88653],[11.179382,59.88624],[11.180386,59.885747],[11.18102,59.885333],[11.181223,59.88515],[11.181305,59.885041],[11.181361,59.884528],[11.181236,59.88426],[11.181142,59.88419],[11.181118,59.884092],[11.181318,59.883873],[11.181388,59.883853],[11.181433,59.883987],[11.181267,59.884179],[11.181289,59.88425],[11.181441,59.884383],[11.181531,59.88439],[11.18147,59.884553],[11.181473,59.884867],[11.181356,59.885273],[11.181438,59.885434],[11.181375,59.88556],[11.181216,59.88559],[11.180947,59.885576],[11.180842,59.885614],[11.180482,59.885836],[11.1797,59.886181],[11.177707,59.887139],[11.177411,59.887252],[11.17729,59.887317],[11.177131,59.887346],[11.176942,59.887466],[11.176894,59.887548],[11.176722,59.887649],[11.176475,59.887698],[11.17637,59.887745],[11.176169,59.887946],[11.175982,59.888084],[11.175774,59.888195],[11.175581,59.888252],[11.175227,59.888303],[11.17503,59.888297],[11.174686,59.888231],[11.174347,59.888237],[11.173555,59.888429],[11.172936,59.88852],[11.172658,59.888642],[11.172355,59.888665],[11.172105,59.88866],[11.171716,59.888729],[11.170629,59.889052],[11.170525,59.889108],[11.170476,59.889181],[11.170304,59.889273],[11.169532,59.889502],[11.1688,59.889783],[11.168646,59.889894],[11.168396,59.890167],[11.168203,59.890512],[11.167888,59.890876],[11.167597,59.891079],[11.166767,59.891514],[11.166667,59.891615],[11.166669,59.891651],[11.166742,59.891677],[11.166832,59.891684],[11.167381,59.891603],[11.167774,59.891597],[11.16854,59.891557],[11.168878,59.891534],[11.169196,59.891483],[11.169712,59.891439],[11.17014,59.891423],[11.170339,59.891456],[11.170395,59.8915],[11.170437,59.891589],[11.170425,59.891679],[11.17034,59.891752],[11.169894,59.892038],[11.169666,59.892105],[11.169388,59.892226],[11.169213,59.892283],[11.169017,59.892304],[11.168565,59.892491],[11.168189,59.892488],[11.168013,59.892518],[11.167907,59.892538],[11.16761,59.89265],[11.167205,59.892738],[11.166528,59.892785],[11.166246,59.892834],[11.165907,59.892858],[11.16521,59.892851],[11.164331,59.892812],[11.163869,59.892856],[11.163625,59.89294],[11.163592,59.892995],[11.163616,59.893084],[11.16379,59.893279],[11.163771,59.893549],[11.163724,59.893648],[11.163082,59.894225],[11.162877,59.894363],[11.162721,59.894437],[11.162546,59.894494],[11.161998,59.894602],[11.161805,59.894659],[11.161614,59.894734],[11.161372,59.894873],[11.161237,59.894983],[11.161138,59.895119],[11.161116,59.895335],[11.161085,59.895398],[11.160847,59.895591],[11.160906,59.89568],[11.161032,59.895696],[11.161246,59.895683],[11.161405,59.895645],[11.161639,59.895668],[11.161802,59.89571],[11.16195,59.895779],[11.162388,59.895916],[11.163334,59.895892],[11.164015,59.895916],[11.165086,59.895899],[11.165267,59.895932],[11.165287,59.895958],[11.1652,59.895996],[11.164851,59.896127],[11.164639,59.896175],[11.164416,59.896314],[11.164333,59.896405],[11.164373,59.896476],[11.164448,59.896529],[11.164612,59.896571],[11.164966,59.89652],[11.165141,59.896464],[11.165213,59.896471],[11.165268,59.896498],[11.165289,59.896542],[11.165273,59.896569],[11.165186,59.896607],[11.165189,59.896651],[11.165319,59.896721],[11.165427,59.896737],[11.166261,59.896643],[11.16668,59.896492],[11.166821,59.896463],[11.166961,59.896407],[11.167289,59.896231],[11.167308,59.896248],[11.167263,59.896375],[11.167301,59.896419],[11.167269,59.896474],[11.167029,59.89663],[11.167017,59.896711],[11.167042,59.896837],[11.167137,59.896916],[11.167197,59.897014],[11.167109,59.897033],[11.166963,59.896982],[11.166746,59.896949],[11.16658,59.896871],[11.166291,59.896831],[11.166168,59.89686],[11.166047,59.896925],[11.166067,59.896951],[11.166193,59.896976],[11.16604,59.897087],[11.166194,59.897264],[11.166287,59.897316],[11.166487,59.897367],[11.166807,59.897343],[11.167134,59.89741],[11.167259,59.897417],[11.167244,59.897453],[11.16712,59.897473],[11.167038,59.897582],[11.166829,59.897675],[11.166371,59.897782],[11.1663,59.897783],[11.166044,59.897697],[11.165756,59.897666],[11.165152,59.897739],[11.16503,59.897786],[11.165018,59.897876],[11.164966,59.897904],[11.164894,59.897896],[11.164803,59.897861],[11.164695,59.897854],[11.16434,59.897887],[11.164053,59.897874],[11.163672,59.897799],[11.163619,59.8978],[11.1635,59.897892],[11.163504,59.897955],[11.163602,59.898097],[11.163749,59.898148],[11.163841,59.898201],[11.164021,59.898207],[11.164358,59.898174],[11.164502,59.898181],[11.164954,59.898263],[11.165116,59.89827],[11.165595,59.898217],[11.165633,59.898261],[11.165511,59.898299],[11.165419,59.898543],[11.165476,59.898596],[11.165657,59.898629],[11.16596,59.898606],[11.16605,59.898622],[11.1662,59.898728],[11.166437,59.898787],[11.166426,59.898895],[11.166466,59.898957],[11.166636,59.899107],[11.166679,59.899214],[11.166648,59.899286],[11.166689,59.899366],[11.166785,59.899464],[11.16679,59.899544],[11.166691,59.899672],[11.166499,59.899747],[11.166314,59.899921],[11.165998,59.900285],[11.165239,59.900711],[11.165126,59.900901],[11.165142,59.901143],[11.165059,59.901253],[11.164922,59.901345],[11.164893,59.901444],[11.164973,59.901569],[11.165099,59.901593],[11.165228,59.901645],[11.165496,59.901641],[11.165602,59.901621],[11.165689,59.901584],[11.165895,59.901446],[11.165964,59.901417],[11.166018,59.901417],[11.166055,59.901434],[11.166022,59.901488],[11.165884,59.901554],[11.16587,59.901617],[11.16589,59.901652],[11.165967,59.901732],[11.166223,59.901817],[11.166316,59.901879],[11.166625,59.902233],[11.166666,59.902313],[11.166435,59.902604],[11.166421,59.902668],[11.166484,59.90281],[11.166322,59.903073],[11.166295,59.9032],[11.166225,59.903228],[11.166142,59.903319],[11.166201,59.903399],[11.1661,59.903499],[11.166106,59.903589],[11.16628,59.903793],[11.166238,59.903973],[11.166277,59.904026],[11.166371,59.904088],[11.167435,59.904232],[11.167546,59.904284],[11.168231,59.904362],[11.168391,59.904351],[11.168549,59.904312],[11.168774,59.904201],[11.168885,59.904253],[11.169155,59.904284],[11.169194,59.904329],[11.169089,59.904366],[11.169127,59.904402],[11.1692,59.904418],[11.169342,59.904398],[11.169452,59.90445],[11.169474,59.904504],[11.169602,59.904555],[11.169857,59.904623],[11.170253,59.904661],[11.17036,59.90466],[11.170483,59.904631],[11.170551,59.904576],[11.170727,59.904528],[11.170812,59.904455],[11.170984,59.904353],[11.171145,59.90435],[11.1712,59.904376],[11.171168,59.904431],[11.170718,59.904672],[11.170635,59.904754],[11.170562,59.905007],[11.170587,59.905123],[11.170668,59.905265],[11.17082,59.905398],[11.171061,59.905537],[11.17153,59.905593],[11.171761,59.90558],[11.171836,59.905623],[11.171839,59.905677],[11.171416,59.906035],[11.171424,59.906169],[11.171502,59.906258],[11.172077,59.906581],[11.172062,59.906626],[11.171851,59.906683],[11.171713,59.906757],[11.171545,59.906922],[11.171481,59.90704],[11.171413,59.907095],[11.171291,59.907133],[11.171005,59.907146],[11.170953,59.907174],[11.170993,59.907227],[11.171105,59.907297],[11.171233,59.907349],[11.171932,59.907373],[11.172025,59.907426],[11.172122,59.907541],[11.172148,59.907657],[11.172098,59.907721],[11.171857,59.907869],[11.171665,59.907944],[11.171632,59.90798],[11.171609,59.908178],[11.171787,59.908436],[11.17197,59.908765],[11.17196,59.9089],[11.171982,59.908963],[11.172096,59.90906],[11.172244,59.909129],[11.172297,59.909119],[11.172346,59.909055],[11.172267,59.90894],[11.172178,59.908672],[11.172278,59.908553],[11.172292,59.908499],[11.172244,59.908311],[11.172276,59.908257],[11.172382,59.908228],[11.172471,59.908236],[11.172853,59.908319],[11.173298,59.908564],[11.173389,59.908589],[11.173496,59.908587],[11.173762,59.908547],[11.173834,59.908555],[11.173894,59.908653],[11.173949,59.908679],[11.174056,59.908668],[11.174108,59.90864],[11.174009,59.908498],[11.173954,59.908481],[11.173705,59.908494],[11.173487,59.908453],[11.17343,59.908391],[11.173476,59.908282],[11.173345,59.908195],[11.173268,59.908106],[11.173176,59.908063],[11.172739,59.907953],[11.172718,59.907908],[11.172865,59.90769],[11.172856,59.907547],[11.172777,59.90744],[11.172586,59.907255],[11.172441,59.907221],[11.172179,59.907046],[11.172245,59.906955],[11.172332,59.906918],[11.172721,59.906857],[11.172842,59.906793],[11.17287,59.906675],[11.172848,59.906604],[11.172752,59.906507],[11.172455,59.906341],[11.17221,59.906147],[11.172185,59.906049],[11.172237,59.906012],[11.172325,59.905993],[11.172611,59.905988],[11.172826,59.905993],[11.172952,59.906009],[11.173044,59.906053],[11.173133,59.906051],[11.173203,59.906023],[11.173249,59.905906],[11.173135,59.9058],[11.1729,59.905759],[11.172934,59.905731],[11.173394,59.905652],[11.173798,59.905546],[11.173884,59.905491],[11.173954,59.905472],[11.174222,59.905467],[11.17438,59.90542],[11.174395,59.905375],[11.174156,59.90528],[11.17394,59.905256],[11.17369,59.90527],[11.173476,59.905264],[11.173108,59.905387],[11.17286,59.905418],[11.171968,59.90519],[11.171717,59.905176],[11.171568,59.905089],[11.171423,59.905055],[11.171347,59.904985],[11.17138,59.904948],[11.171558,59.904936],[11.17184,59.904869],[11.171979,59.904804],[11.172133,59.904702],[11.172346,59.904393],[11.172472,59.904409],[11.172685,59.904388],[11.172883,59.904412],[11.173084,59.904471],[11.173517,59.904536],[11.173999,59.904519],[11.174105,59.90449],[11.17412,59.904454],[11.174046,59.90441],[11.173756,59.904361],[11.173516,59.904248],[11.173225,59.904172],[11.172757,59.904126],[11.17243,59.904042],[11.17218,59.904046],[11.171907,59.903979],[11.17176,59.903909],[11.171614,59.903876],[11.171345,59.903853],[11.171182,59.90382],[11.171127,59.903803],[11.171107,59.903767],[11.171138,59.903704],[11.171413,59.903538],[11.171536,59.903221],[11.17162,59.903148],[11.171759,59.903083],[11.171953,59.903044],[11.172164,59.902977],[11.172369,59.902839],[11.172807,59.902688],[11.172965,59.90265],[11.173137,59.902539],[11.173178,59.902359],[11.173167,59.902188],[11.173126,59.902108],[11.173186,59.901927],[11.173253,59.901863],[11.173375,59.901807],[11.173481,59.901788],[11.173637,59.901713],[11.173649,59.901623],[11.173697,59.901542],[11.173816,59.901441],[11.173903,59.901403],[11.174009,59.901384],[11.17413,59.901328],[11.174424,59.900901],[11.174577,59.900773],[11.174767,59.90068],[11.174873,59.900651],[11.174981,59.900658],[11.17518,59.900978],[11.175312,59.901075],[11.175459,59.901144],[11.175567,59.901151],[11.175709,59.901131],[11.175933,59.901011],[11.176168,59.900773],[11.176564,59.900542],[11.17675,59.900377],[11.176799,59.900305],[11.176822,59.900107],[11.176652,59.899966],[11.176629,59.899885],[11.176728,59.899758],[11.176622,59.899517],[11.176637,59.899472],[11.176706,59.899426],[11.177036,59.899286],[11.177104,59.899222],[11.177195,59.898987],[11.177153,59.898889],[11.177094,59.898809],[11.177039,59.898774],[11.176333,59.898642],[11.17624,59.898598],[11.176121,59.898412],[11.176116,59.89834],[11.176193,59.898141],[11.176077,59.898008],[11.175966,59.897956],[11.175872,59.897886],[11.175866,59.897796],[11.176168,59.897225],[11.176159,59.896812],[11.176205,59.896686],[11.176385,59.89644],[11.176465,59.896286],[11.176469,59.896088],[11.176645,59.895762],[11.176946,59.895452],[11.177062,59.895306],[11.177157,59.895116],[11.177325,59.894951],[11.177497,59.894859],[11.177883,59.894745],[11.17802,59.894643],[11.178026,59.894464],[11.177967,59.894384],[11.177936,59.894178],[11.177833,59.893982],[11.17746,59.893746],[11.177143,59.893715],[11.177312,59.893667],[11.177674,59.893455],[11.177687,59.893382],[11.177535,59.893241],[11.177529,59.89316],[11.177684,59.89279],[11.177918,59.892543],[11.178161,59.892431],[11.178229,59.892385],[11.178294,59.892276],[11.178623,59.892118],[11.178827,59.891953],[11.17904,59.891653],[11.179374,59.891298],[11.179578,59.891141],[11.179939,59.890929],[11.180182,59.890817],[11.18044,59.890651],[11.180686,59.890584],[11.180926,59.890436],[11.18129,59.88999],[11.181578,59.889752],[11.182105,59.889608],[11.182426,59.889594],[11.182847,59.889479],[11.183114,59.889457],[11.183184,59.889438],[11.183253,59.889401],[11.183264,59.889284],[11.183414,59.88912],[11.183635,59.889215],[11.183851,59.889238],[11.184115,59.88918],[11.184254,59.889115],[11.184355,59.889023],[11.184851,59.888413],[11.185039,59.888284],[11.185867,59.887821],[11.186007,59.887783],[11.186292,59.887761],[11.186395,59.887705],[11.186825,59.887168],[11.187333,59.886468],[11.187536,59.886303],[11.187734,59.886048],[11.187822,59.886019],[11.188072,59.886015],[11.188213,59.885995],[11.188406,59.885938],[11.188946,59.885722],[11.189308,59.885519],[11.189304,59.885456],[11.189229,59.885412],[11.18928,59.885366],[11.189523,59.885255],[11.189586,59.885128],[11.189548,59.885092],[11.189439,59.885067],[11.189102,59.8851],[11.188506,59.88528],[11.188292,59.885293],[11.188254,59.885258],[11.188229,59.885141],[11.188155,59.885107],[11.187995,59.885127],[11.187904,59.885102],[11.187812,59.885058],[11.187772,59.884987],[11.187641,59.884909],[11.187225,59.884835],[11.186927,59.884642],[11.186782,59.884617],[11.186621,59.884611],[11.18639,59.884624],[11.186285,59.884671],[11.185916,59.884767],[11.185766,59.884922],[11.185778,59.88511],[11.185702,59.885318],[11.185341,59.88554],[11.185203,59.885614],[11.184381,59.885879],[11.184275,59.885899],[11.184168,59.8859],[11.184077,59.885884],[11.184021,59.88584],[11.18398,59.885769],[11.183992,59.885679],[11.18397,59.885616],[11.183895,59.885555],[11.183821,59.88552],[11.183566,59.885452],[11.183063,59.885416],[11.183127,59.885298],[11.183106,59.885253],[11.183012,59.885183],[11.182883,59.885113],[11.182647,59.885063],[11.182392,59.884987],[11.182373,59.884969],[11.182439,59.884887],[11.182667,59.88482],[11.182838,59.884701],[11.182921,59.88461],[11.183077,59.884526],[11.183234,59.884479],[11.183284,59.884424],[11.183331,59.884315],[11.183319,59.884136],[11.183225,59.884066],[11.183185,59.884003],[11.183218,59.883958],[11.183446,59.883891],[11.183602,59.883817],[11.18405,59.883558],[11.184251,59.883357],[11.184281,59.883276],[11.184133,59.883197],[11.184291,59.88288],[11.184357,59.882798],[11.18512,59.882435],[11.185446,59.882232],[11.185685,59.882058],[11.185942,59.881613],[11.185937,59.881541],[11.185898,59.881497],[11.18568,59.881447],[11.18566,59.881402],[11.185887,59.881048],[11.186007,59.880974],[11.186111,59.880937],[11.186342,59.880915],[11.18643,59.880895],[11.186517,59.880849],[11.186904,59.880483],[11.187232,59.880316],[11.187689,59.880201],[11.188009,59.880178],[11.188609,59.88006],[11.188871,59.879966],[11.189026,59.879873],[11.189379,59.879804],[11.189498,59.879722],[11.189536,59.879748],[11.189526,59.879874],[11.18955,59.879963],[11.189607,59.880007],[11.189843,59.880066],[11.18995,59.880073],[11.190356,59.879995],[11.190579,59.879847],[11.19068,59.879756],[11.190782,59.87961],[11.190896,59.879501],[11.190982,59.879185],[11.191084,59.879111],[11.191206,59.879064],[11.191347,59.879035],[11.1917,59.878966],[11.191896,59.878954],[11.191984,59.878935],[11.192324,59.878669],[11.192411,59.878631],[11.192519,59.878638],[11.192623,59.878601],[11.19262,59.878556],[11.192673,59.878537],[11.192727,59.878545],[11.192748,59.87859],[11.192881,59.878713],[11.193105,59.878862],[11.193253,59.878932],[11.19345,59.878946],[11.193591,59.878917],[11.193642,59.878871],[11.193761,59.87851],[11.193996,59.878281],[11.194357,59.87806],[11.195051,59.877743],[11.195375,59.877522],[11.195892,59.877226],[11.196082,59.877133],[11.196309,59.877048],[11.196557,59.877008],[11.196763,59.876888],[11.196795,59.876833],[11.196756,59.87678],[11.196843,59.876743],[11.196968,59.876741],[11.197126,59.876702],[11.197229,59.876629],[11.19742,59.876545],[11.198226,59.876307],[11.198399,59.876223],[11.198592,59.876166],[11.198852,59.876054],[11.199093,59.875915],[11.199484,59.875872],[11.199811,59.875957],[11.199918,59.875964],[11.19997,59.875936],[11.199927,59.87582],[11.20004,59.875639],[11.200294,59.875428],[11.200377,59.875327],[11.200537,59.875325],[11.200653,59.875179],[11.200682,59.87508],[11.200642,59.875018],[11.200672,59.874927],[11.200721,59.874864],[11.200773,59.874836],[11.200763,59.874683],[11.200719,59.874567],[11.200547,59.87439],[11.200269,59.874242],[11.2001,59.874119],[11.200042,59.874049],[11.199946,59.873403],[11.199995,59.87307],[11.200206,59.872743],[11.200414,59.87265],[11.200808,59.872392],[11.200889,59.872265],[11.201072,59.872064],[11.201239,59.871621],[11.201338,59.871494],[11.201351,59.871422],[11.201309,59.871324],[11.201199,59.87128],[11.201175,59.871191],[11.201203,59.871065],[11.201281,59.870902],[11.201256,59.870794],[11.20108,59.870555],[11.200599,59.870042],[11.200607,59.869898],[11.200828,59.869454],[11.20127,59.869114],[11.201478,59.869021],[11.202282,59.868747],[11.202515,59.868761],[11.202639,59.86875],[11.202921,59.868683],[11.203145,59.868562],[11.203177,59.868508],[11.203173,59.868445],[11.203259,59.868398],[11.203382,59.868369],[11.203509,59.868385],[11.2036,59.868411],[11.203694,59.868481],[11.203875,59.868532],[11.204178,59.868518],[11.204323,59.868551],[11.20459,59.868529],[11.204695,59.868491],[11.20509,59.868251],[11.205336,59.868193],[11.20546,59.868182],[11.205586,59.868198],[11.205884,59.868112],[11.206,59.867966],[11.206009,59.86784],[11.206128,59.867749],[11.206252,59.867729],[11.206431,59.867735],[11.206613,59.867785],[11.206756,59.867783],[11.206843,59.867755],[11.206944,59.867663],[11.207275,59.867532],[11.20736,59.867467],[11.207419,59.867287],[11.207507,59.867258],[11.207555,59.867177],[11.207534,59.867123],[11.20746,59.867089],[11.207416,59.866964],[11.207497,59.866845],[11.207957,59.866505],[11.20813,59.866422],[11.2083,59.866284],[11.208447,59.866075],[11.208352,59.866005],[11.208193,59.866025],[11.207854,59.866031],[11.207602,59.865999],[11.207547,59.865973],[11.207469,59.865885],[11.207447,59.865822],[11.207532,59.865758],[11.207758,59.865655],[11.208302,59.865511],[11.208366,59.865394],[11.208249,59.865252],[11.207838,59.86498],[11.207305,59.864747],[11.207155,59.86465],[11.207028,59.864616],[11.206478,59.864671],[11.205939,59.864895],[11.205498,59.864975],[11.20529,59.865068],[11.204847,59.865129],[11.204164,59.865338],[11.204026,59.865403],[11.203743,59.865453],[11.203605,59.865527],[11.203378,59.865603],[11.202612,59.865643],[11.202332,59.865728],[11.202021,59.865877],[11.201898,59.865906],[11.201451,59.865905],[11.201126,59.865847],[11.20093,59.865859],[11.200747,59.865791],[11.200532,59.865516],[11.200383,59.865428],[11.200306,59.86534],[11.200469,59.865104],[11.200392,59.865015],[11.200438,59.864906],[11.200215,59.864775],[11.199961,59.864717],[11.199778,59.864648],[11.199572,59.864499],[11.199409,59.864475],[11.199336,59.864449],[11.199015,59.864454],[11.198905,59.864411],[11.198727,59.864423],[11.198654,59.864397],[11.198617,59.864371],[11.198728,59.864162],[11.198706,59.8641],[11.198792,59.864045],[11.198849,59.864098],[11.199046,59.864103],[11.199301,59.863919],[11.199449,59.863719],[11.199535,59.863673],[11.199802,59.863659],[11.200047,59.863584],[11.200136,59.863582],[11.200206,59.863554],[11.200257,59.863508],[11.200267,59.8634],[11.200351,59.863318],[11.200399,59.862958],[11.200481,59.862849],[11.200751,59.862611],[11.200837,59.862564],[11.2011,59.862488],[11.201564,59.86222],[11.201741,59.86219],[11.201884,59.862187],[11.201989,59.86215],[11.202069,59.862023],[11.20227,59.861813],[11.202478,59.86171],[11.202758,59.861634],[11.203168,59.861618],[11.20326,59.861661],[11.203373,59.861749],[11.203594,59.861844],[11.203959,59.861964],[11.204122,59.861997],[11.204228,59.861987],[11.204362,59.86185],[11.204721,59.861601],[11.204805,59.861519],[11.204777,59.861375],[11.204536,59.861236],[11.204417,59.861058],[11.204412,59.860977],[11.204473,59.860824],[11.204653,59.860578],[11.204877,59.860449],[11.205021,59.860473],[11.205134,59.860561],[11.205365,59.860548],[11.205466,59.860457],[11.205478,59.860358],[11.205557,59.860482],[11.205736,59.860479],[11.205788,59.86046],[11.20611,59.860194],[11.206157,59.860104],[11.206243,59.860048],[11.20649,59.859999],[11.206636,59.860051],[11.206713,59.86013],[11.206624,59.860401],[11.206686,59.860526],[11.206659,59.86067],[11.206684,59.860778],[11.206759,59.86083],[11.206849,59.860838],[11.206973,59.860827],[11.207011,59.860853],[11.206996,59.860898],[11.206721,59.861056],[11.2067,59.861289],[11.206878,59.861538],[11.207459,59.86169],[11.207657,59.861713],[11.207745,59.861685],[11.207869,59.861674],[11.207941,59.861682],[11.208055,59.861788],[11.208033,59.861995],[11.208269,59.862314],[11.208287,59.862862],[11.208346,59.862942],[11.20835,59.863004],[11.2083,59.86305],[11.208411,59.863381],[11.208385,59.863525],[11.208185,59.863753],[11.208081,59.86406],[11.208059,59.864267],[11.208074,59.8645],[11.208292,59.86482],[11.208608,59.865003],[11.208846,59.865089],[11.209299,59.865198],[11.209716,59.86529],[11.210633,59.865382],[11.211043,59.865367],[11.211696,59.865248],[11.212135,59.865133],[11.212621,59.864918],[11.212822,59.864986],[11.212935,59.865074],[11.213071,59.865234],[11.213278,59.865392],[11.213574,59.865558],[11.213794,59.865644],[11.213867,59.86566],[11.213938,59.86565],[11.213963,59.865488],[11.214045,59.865388],[11.214339,59.865239],[11.214879,59.865033],[11.215017,59.864958],[11.215389,59.864638],[11.215489,59.864259],[11.215427,59.864134],[11.215295,59.864038],[11.214971,59.863998],[11.214934,59.863981],[11.214913,59.863927],[11.214982,59.86389],[11.215228,59.863823],[11.215295,59.863759],[11.215616,59.863215],[11.215671,59.862971],[11.215593,59.862874],[11.215313,59.86269],[11.215328,59.862645],[11.215469,59.862624],[11.215543,59.862659],[11.215648,59.86263],[11.215834,59.862465],[11.216234,59.862315],[11.216401,59.862133],[11.216463,59.861997],[11.216457,59.861898],[11.216364,59.861846],[11.216239,59.861839],[11.216183,59.861813],[11.216217,59.861776],[11.217126,59.861492],[11.217421,59.861361],[11.217648,59.861285],[11.218106,59.861188],[11.218244,59.861113],[11.218346,59.861031],[11.218555,59.860946],[11.218976,59.860841],[11.219613,59.860749],[11.219859,59.860691],[11.21991,59.860645],[11.219964,59.860653],[11.220004,59.860715],[11.220173,59.860838],[11.220352,59.860853],[11.220553,59.860922],[11.220748,59.860892],[11.220682,59.860704],[11.220604,59.860615],[11.220597,59.860508],[11.220805,59.860145],[11.220842,59.859893],[11.220759,59.859724],[11.220588,59.859574],[11.220386,59.859478],[11.219864,59.859424],[11.21958,59.859447],[11.219507,59.859421],[11.219521,59.859367],[11.219797,59.859219],[11.220148,59.859123],[11.220494,59.858965],[11.220699,59.858817],[11.221035,59.858497],[11.221523,59.858318],[11.221572,59.858255],[11.221601,59.858155],[11.22187,59.857814],[11.222231,59.857687],[11.222376,59.857729],[11.222429,59.857719],[11.222427,59.857692],[11.222316,59.857631],[11.222289,59.857488],[11.222212,59.857408],[11.222308,59.857245],[11.222377,59.857199],[11.222787,59.857192],[11.223116,59.857043],[11.223224,59.857059],[11.223663,59.857204],[11.223733,59.857185],[11.223785,59.857157],[11.2238,59.857121],[11.223805,59.856932],[11.223871,59.856841],[11.224302,59.856619],[11.224471,59.856472],[11.224559,59.856453],[11.224793,59.856485],[11.225003,59.856418],[11.225243,59.856261],[11.225332,59.85626],[11.225585,59.856309],[11.225656,59.856299],[11.225742,59.856253],[11.225946,59.856097],[11.225976,59.856015],[11.225921,59.855989],[11.225813,59.855982],[11.225703,59.855939],[11.225698,59.855858],[11.225748,59.855813],[11.226199,59.855607],[11.226336,59.855515],[11.226436,59.855415],[11.226541,59.855108],[11.22656,59.854865],[11.22662,59.854693],[11.226789,59.854546],[11.227251,59.854242],[11.227578,59.854066],[11.227643,59.853975],[11.227639,59.853903],[11.227823,59.85372],[11.228223,59.853561],[11.228736,59.853229],[11.228855,59.853128],[11.228919,59.853019],[11.227007,59.853007],[11.226711,59.853119],[11.226488,59.853258],[11.22646,59.853366],[11.22638,59.853502],[11.226242,59.853577],[11.226025,59.853805],[11.22549,59.854083],[11.225142,59.854224],[11.225063,59.854378],[11.225109,59.85453],[11.224929,59.854775],[11.224811,59.854876],[11.224448,59.855062],[11.223748,59.855272],[11.223454,59.855411],[11.223387,59.855484],[11.223416,59.855645],[11.223402,59.855709],[11.223352,59.855763],[11.223266,59.85581],[11.223003,59.855886],[11.222745,59.856025],[11.222552,59.856073],[11.222196,59.856097],[11.221984,59.856128],[11.221621,59.856305],[11.220794,59.856759],[11.220566,59.856834],[11.220425,59.856855],[11.220264,59.856848],[11.220119,59.856824],[11.219995,59.856835],[11.219909,59.856881],[11.219858,59.856918],[11.219846,59.857008],[11.219925,59.857124],[11.219898,59.857259],[11.219787,59.857467],[11.219385,59.857869],[11.21908,59.858108],[11.218717,59.858285],[11.218545,59.858395],[11.218246,59.858454],[11.217783,59.85848],[11.217515,59.858485],[11.217298,59.858443],[11.217193,59.858463],[11.217005,59.858601],[11.216741,59.85865],[11.216601,59.858698],[11.216499,59.858771],[11.216336,59.859008],[11.216266,59.859036],[11.216036,59.859067],[11.215984,59.859085],[11.215934,59.85914],[11.215966,59.859346],[11.215883,59.859446],[11.215813,59.859475],[11.215707,59.859485],[11.215581,59.859478],[11.214669,59.859179],[11.214437,59.859183],[11.214191,59.859241],[11.213809,59.859409],[11.213721,59.859429],[11.213594,59.859404],[11.213505,59.859415],[11.213383,59.859453],[11.212884,59.85973],[11.21269,59.859779],[11.212546,59.859754],[11.212362,59.859676],[11.212201,59.85967],[11.212371,59.859541],[11.212403,59.859478],[11.212364,59.859434],[11.212496,59.85927],[11.212598,59.859187],[11.212644,59.859079],[11.212831,59.858932],[11.212986,59.858857],[11.213308,59.858591],[11.213587,59.858488],[11.213724,59.858396],[11.213857,59.85825],[11.213996,59.857924],[11.214074,59.857492],[11.21405,59.857402],[11.213784,59.857155],[11.213779,59.857083],[11.2137,59.856968],[11.213605,59.85688],[11.213364,59.85674],[11.213309,59.856732],[11.213258,59.856769],[11.213205,59.856779],[11.213096,59.856754],[11.213039,59.856701],[11.212963,59.856621],[11.212761,59.856274],[11.212627,59.856142],[11.212564,59.855999],[11.212196,59.855834],[11.212066,59.855756],[11.211986,59.855622],[11.211874,59.855552],[11.21171,59.85551],[11.211581,59.85545],[11.211468,59.855353],[11.210945,59.855011],[11.210835,59.854968],[11.210619,59.854945],[11.210533,59.854982],[11.210372,59.854985],[11.210261,59.854933],[11.210104,59.85472],[11.210057,59.854541],[11.209905,59.8544],[11.209802,59.854195],[11.209763,59.854151],[11.209653,59.854108],[11.209557,59.854001],[11.20935,59.853843],[11.208705,59.85354],[11.208508,59.853534],[11.208279,59.853583],[11.208061,59.853523],[11.207962,59.853372],[11.208338,59.853124],[11.208369,59.853051],[11.208322,59.85289],[11.208334,59.852791],[11.208655,59.852516],[11.209083,59.852249],[11.209612,59.851872],[11.210135,59.851414],[11.210037,59.851281],[11.210006,59.851083],[11.210017,59.850975],[11.20993,59.850483],[11.209889,59.850394],[11.209903,59.850331],[11.209986,59.850248],[11.210317,59.850117],[11.210566,59.850104],[11.21076,59.850065],[11.21097,59.850007],[11.211127,59.849942],[11.211312,59.849777],[11.211454,59.849496],[11.21171,59.849312],[11.212179,59.849116],[11.212319,59.849086],[11.212445,59.849093],[11.212834,59.849042],[11.213079,59.848966],[11.213217,59.848892],[11.21337,59.848503],[11.213568,59.848266],[11.213722,59.848164],[11.213879,59.848108],[11.2148,59.847464],[11.214884,59.847381],[11.214995,59.847173],[11.215004,59.847038],[11.215067,59.846902],[11.215053,59.846696],[11.214992,59.846589],[11.214966,59.846464],[11.214997,59.846391],[11.215064,59.846327],[11.215288,59.846207],[11.215398,59.846241],[11.215407,59.846384],[11.215362,59.84652],[11.215404,59.846609],[11.215499,59.846688],[11.215591,59.846732],[11.216025,59.846823],[11.216168,59.846812],[11.216323,59.846728],[11.216585,59.846652],[11.216885,59.846593],[11.216956,59.846592],[11.217065,59.846617],[11.21732,59.846694],[11.217819,59.846685],[11.218366,59.846586],[11.218615,59.846573],[11.218956,59.846594],[11.219282,59.84667],[11.219465,59.846729],[11.219616,59.846853],[11.219706,59.846869],[11.220275,59.846832],[11.220454,59.846838],[11.220595,59.846818],[11.221121,59.846944],[11.221297,59.846905],[11.221312,59.84686],[11.221199,59.846763],[11.221136,59.846629],[11.221184,59.846269],[11.221143,59.845389],[11.221101,59.8453],[11.221009,59.845257],[11.220845,59.845215],[11.220659,59.845092],[11.220413,59.844881],[11.220328,59.844685],[11.220299,59.844514],[11.220332,59.844208],[11.220415,59.844108],[11.220651,59.843898],[11.220816,59.843706],[11.220884,59.843651],[11.221109,59.84354],[11.221176,59.843476],[11.221185,59.84335],[11.221077,59.842795],[11.221038,59.84275],[11.220909,59.84269],[11.220377,59.842465],[11.220204,59.842279],[11.220171,59.842064],[11.22022,59.841992],[11.219949,59.841673],[11.219977,59.841556],[11.219954,59.841475],[11.219964,59.841367],[11.219904,59.841269],[11.219665,59.841157],[11.219539,59.841141],[11.219321,59.841082],[11.218971,59.840926],[11.218375,59.84055],[11.218242,59.840435],[11.218066,59.840195],[11.217984,59.840035],[11.217958,59.83991],[11.217982,59.839739],[11.218113,59.839557],[11.218169,59.83934],[11.218663,59.838712],[11.218765,59.838639],[11.218887,59.838592],[11.219101,59.838588],[11.21942,59.838547],[11.219683,59.838479],[11.219768,59.838415],[11.219831,59.838288],[11.219743,59.838038],[11.219734,59.837904],[11.219795,59.83775],[11.219845,59.837695],[11.219836,59.83757],[11.219797,59.837507],[11.219705,59.837473],[11.219649,59.837429],[11.219529,59.837242],[11.219378,59.837119],[11.219339,59.837066],[11.21935,59.836958],[11.219516,59.836784],[11.220046,59.836425],[11.22027,59.836305],[11.220618,59.836182],[11.220753,59.836054],[11.220964,59.836005],[11.22133,59.835874],[11.221552,59.835726],[11.221656,59.835679],[11.221955,59.835611],[11.222198,59.835509],[11.222763,59.835149],[11.223006,59.835055],[11.223003,59.835001],[11.222924,59.834894],[11.223029,59.834866],[11.223066,59.834883],[11.223244,59.83488],[11.223312,59.834816],[11.223323,59.834726],[11.223372,59.834653],[11.223555,59.834453],[11.223708,59.834342],[11.223939,59.83432],[11.224338,59.834412],[11.224462,59.83441],[11.2251,59.834337],[11.225223,59.834308],[11.225587,59.834149],[11.22585,59.834072],[11.225936,59.834026],[11.225968,59.833981],[11.225938,59.833792],[11.226057,59.83371],[11.22625,59.833652],[11.226318,59.833606],[11.226487,59.833469],[11.22655,59.833342],[11.226637,59.833305],[11.226959,59.833317],[11.227029,59.833298],[11.227651,59.832982],[11.22796,59.832806],[11.228336,59.832557],[11.228622,59.832292],[11.228779,59.831975],[11.228747,59.831769],[11.22861,59.831582],[11.228797,59.831444],[11.228925,59.831218],[11.228914,59.831056],[11.229036,59.830749],[11.22901,59.830623],[11.228843,59.830536],[11.228795,59.830349],[11.228853,59.83015],[11.228827,59.830025],[11.22903,59.829599],[11.229258,59.829272],[11.22961,59.828934],[11.229773,59.828697],[11.230566,59.828019],[11.230671,59.827981],[11.230919,59.82795],[11.231443,59.828049],[11.231622,59.828055],[11.232065,59.828012],[11.232282,59.828053],[11.232406,59.828051],[11.232493,59.828013],[11.232526,59.827977],[11.232516,59.827824],[11.232618,59.827751],[11.233005,59.827663],[11.233167,59.827687],[11.233223,59.827722],[11.233365,59.827711],[11.233532,59.827546],[11.233574,59.827375],[11.233658,59.827293],[11.233761,59.827237],[11.233938,59.827216],[11.234023,59.827143],[11.234478,59.827009],[11.235123,59.826783],[11.23544,59.826733],[11.235873,59.826806],[11.236176,59.826801],[11.236423,59.826752],[11.236832,59.826727],[11.236884,59.826708],[11.236967,59.826617],[11.237054,59.826579],[11.237932,59.826367],[11.238069,59.826284],[11.238133,59.826184],[11.238144,59.826076],[11.238124,59.826049],[11.238011,59.825961],[11.237644,59.825806],[11.237532,59.825736],[11.237438,59.825657],[11.237413,59.825549],[11.237293,59.825363],[11.236995,59.825179],[11.236919,59.8251],[11.236293,59.824023],[11.236142,59.823891],[11.236153,59.823783],[11.236091,59.823658],[11.23608,59.823497],[11.236018,59.823372],[11.235957,59.823265],[11.235771,59.823143],[11.235652,59.822965],[11.235644,59.822857],[11.235777,59.822442],[11.235959,59.822223],[11.236028,59.822195],[11.236082,59.822194],[11.236228,59.822246],[11.236299,59.822236],[11.23635,59.822208],[11.236456,59.821918],[11.23654,59.821845],[11.236628,59.821556],[11.236876,59.821265],[11.237183,59.821062],[11.23721,59.820927],[11.237261,59.820899],[11.237351,59.820897],[11.237516,59.820975],[11.237586,59.820956],[11.237689,59.820891],[11.237933,59.820546],[11.238088,59.820453],[11.238204,59.820326],[11.238265,59.820163],[11.238232,59.819948],[11.238314,59.819839],[11.238273,59.819759],[11.237895,59.819442],[11.237869,59.819316],[11.23805,59.819089],[11.238152,59.819015],[11.238215,59.818897],[11.238225,59.81878],[11.238499,59.818605],[11.238666,59.818431],[11.238725,59.818251],[11.238687,59.818216],[11.238662,59.818117],[11.238712,59.818062],[11.238884,59.81797],[11.239442,59.817771],[11.239813,59.81772],[11.240706,59.81748],[11.241142,59.817329],[11.241401,59.817199],[11.241687,59.816943],[11.241966,59.816848],[11.242119,59.816738],[11.242343,59.816357],[11.24241,59.816023],[11.242479,59.815986],[11.242655,59.815947],[11.24279,59.815837],[11.24281,59.815343],[11.242749,59.814697],[11.242592,59.814484],[11.242481,59.814162],[11.242276,59.814031],[11.242211,59.813862],[11.242358,59.813392],[11.24268,59.812614],[11.242706,59.81247],[11.242754,59.812379],[11.242837,59.812297],[11.243093,59.812113],[11.24305,59.812006],[11.242912,59.81182],[11.242627,59.811555],[11.24208,59.811106],[11.241893,59.810975],[11.241673,59.810888],[11.241181,59.810735],[11.241105,59.810674],[11.241063,59.810567],[11.240915,59.810488],[11.24064,59.810385],[11.240559,59.810243],[11.240355,59.81012],[11.240043,59.809991],[11.239929,59.809876],[11.239942,59.809804],[11.240007,59.809713],[11.239962,59.809579],[11.24001,59.809497],[11.240096,59.809451],[11.240536,59.809363],[11.240886,59.809258],[11.240987,59.809175],[11.240984,59.809122],[11.240537,59.808842],[11.24042,59.808691],[11.240298,59.808469],[11.240332,59.80819],[11.240366,59.808153],[11.240453,59.808125],[11.240665,59.808094],[11.24068,59.808058],[11.240605,59.807736],[11.240598,59.807359],[11.240806,59.807014],[11.240853,59.806914],[11.240829,59.806825],[11.240878,59.806761],[11.241296,59.80661],[11.241475,59.806616],[11.241931,59.806509],[11.242036,59.806472],[11.242094,59.806282],[11.242144,59.806218],[11.242493,59.806114],[11.242596,59.806058],[11.242674,59.805886],[11.242667,59.805778],[11.242571,59.805681],[11.242641,59.805662],[11.242749,59.805669],[11.242818,59.805641],[11.243138,59.805366],[11.243393,59.804912],[11.24346,59.804848],[11.24353,59.804829],[11.243619,59.804828],[11.243896,59.804958],[11.244112,59.804999],[11.244255,59.804997],[11.244427,59.804913],[11.244692,59.804872],[11.244795,59.804817],[11.244827,59.804762],[11.244774,59.804494],[11.244806,59.804439],[11.244874,59.804402],[11.245035,59.804408],[11.245105,59.804389],[11.245279,59.804314],[11.245385,59.804304],[11.24554,59.804229],[11.245624,59.804147],[11.245654,59.804056],[11.245773,59.803974],[11.245905,59.803819],[11.245918,59.803746],[11.245897,59.803693],[11.245676,59.803598],[11.245524,59.803448],[11.245479,59.803314],[11.245452,59.803189],[11.245464,59.803089],[11.245547,59.802998],[11.245621,59.802781],[11.24554,59.80237],[11.245662,59.802323],[11.245733,59.802321],[11.245824,59.802347],[11.246017,59.802299],[11.2461,59.802216],[11.246221,59.80216],[11.24625,59.802061],[11.246336,59.802015],[11.246706,59.801945],[11.246811,59.801908],[11.246893,59.801807],[11.246818,59.801746],[11.246633,59.801659],[11.246473,59.801662],[11.246076,59.801597],[11.245828,59.801619],[11.245698,59.801531],[11.245711,59.801468],[11.245673,59.801433],[11.24549,59.801355],[11.245448,59.801266],[11.245304,59.801251],[11.245182,59.80128],[11.24511,59.801281],[11.244977,59.801148],[11.244791,59.801044],[11.244595,59.801047],[11.244496,59.801157],[11.24452,59.801246],[11.244467,59.801265],[11.24438,59.801285],[11.244229,59.80117],[11.244162,59.800965],[11.244237,59.800757],[11.244322,59.800693],[11.244495,59.800618],[11.244544,59.800554],[11.244559,59.8005],[11.244499,59.800402],[11.244619,59.800337],[11.244884,59.800297],[11.245294,59.800029],[11.245373,59.799884],[11.245257,59.799751],[11.245112,59.799709],[11.244834,59.799552],[11.24457,59.799341],[11.244384,59.799227],[11.244118,59.79898],[11.243923,59.798741],[11.243919,59.798678],[11.243803,59.798546],[11.243166,59.798341],[11.242964,59.798254],[11.242851,59.798176],[11.242773,59.798069],[11.242768,59.797988],[11.242834,59.797915],[11.242906,59.797663],[11.243107,59.79747],[11.243154,59.797371],[11.243073,59.797228],[11.242729,59.797153],[11.24269,59.7971],[11.242616,59.797057],[11.242436,59.797033],[11.24217,59.797055],[11.24208,59.797039],[11.241947,59.796924],[11.241872,59.796593],[11.24174,59.796497],[11.241807,59.796433],[11.241846,59.796216],[11.241915,59.79617],[11.24208,59.795718],[11.24221,59.794998],[11.242001,59.794794],[11.241939,59.79467],[11.241914,59.794571],[11.241975,59.794409],[11.241879,59.79432],[11.241807,59.794304],[11.241667,59.794333],[11.241165,59.794297],[11.241024,59.794317],[11.240919,59.794355],[11.240817,59.794419],[11.240746,59.794421],[11.24067,59.794359],[11.240612,59.794288],[11.24064,59.794171],[11.2408,59.793908],[11.240952,59.793779],[11.241012,59.793608],[11.24092,59.793573],[11.240846,59.793521],[11.24,59.7934],[11.239834,59.793322],[11.239794,59.79326],[11.23991,59.793123],[11.239903,59.793025],[11.239653,59.79275],[11.239579,59.792446],[11.239644,59.792355],[11.239657,59.792283],[11.239594,59.792141],[11.239464,59.792053],[11.239503,59.791846],[11.23967,59.791672],[11.239928,59.791533],[11.240051,59.791504],[11.240211,59.791501],[11.240333,59.791463],[11.241156,59.790982],[11.241338,59.790772],[11.241362,59.790592],[11.241284,59.790495],[11.241081,59.79039],[11.240854,59.790188],[11.240813,59.790117],[11.240703,59.790065],[11.240505,59.790041],[11.240266,59.789928],[11.239976,59.789852],[11.239901,59.789809],[11.239879,59.789737],[11.239997,59.789645],[11.23994,59.789593],[11.239813,59.789559],[11.239404,59.789566],[11.238999,59.789635],[11.238439,59.789798],[11.238251,59.789909],[11.238092,59.789938],[11.238055,59.789912],[11.238004,59.789688],[11.238028,59.789517],[11.237928,59.789348],[11.237872,59.789313],[11.237657,59.789299],[11.237654,59.789245],[11.237419,59.789195],[11.23738,59.789151],[11.237704,59.789199],[11.237845,59.789179],[11.237914,59.789142],[11.237979,59.789051],[11.238011,59.788997],[11.237915,59.78889],[11.237892,59.78881],[11.237932,59.788612],[11.238099,59.788438],[11.238408,59.788271],[11.238455,59.788172],[11.23841,59.788038],[11.238335,59.787976],[11.238293,59.787887],[11.238303,59.78777],[11.238337,59.787742],[11.238468,59.787839],[11.238541,59.787865],[11.238683,59.787844],[11.238747,59.787744],[11.238833,59.787689],[11.239145,59.787558],[11.239194,59.787494],[11.239114,59.78737],[11.239157,59.787216],[11.239118,59.787154],[11.238909,59.786969],[11.238921,59.786888],[11.23908,59.786598],[11.239075,59.786526],[11.239036,59.786464],[11.238905,59.786376],[11.238687,59.786317],[11.238436,59.786294],[11.238224,59.786316],[11.237844,59.786493],[11.237546,59.78657],[11.237403,59.786564],[11.237292,59.786503],[11.237363,59.786232],[11.237478,59.786095],[11.237547,59.786058],[11.237795,59.786036],[11.237952,59.785988],[11.238108,59.785914],[11.238191,59.785823],[11.2382,59.785688],[11.23814,59.78559],[11.237926,59.785333],[11.237817,59.785299],[11.237779,59.785264],[11.237795,59.785236],[11.237848,59.785227],[11.238054,59.785106],[11.238127,59.784871],[11.2381,59.784728],[11.237895,59.784606],[11.237694,59.78452],[11.237168,59.784394],[11.236848,59.78413],[11.236727,59.783925],[11.236449,59.783768],[11.236322,59.783725],[11.236178,59.783701],[11.23609,59.783729],[11.235972,59.78383],[11.235759,59.783834],[11.235638,59.78389],[11.235511,59.783856],[11.235396,59.783472],[11.23534,59.783428],[11.235194,59.783376],[11.235044,59.783271],[11.235059,59.783226],[11.235111,59.783207],[11.235159,59.783143],[11.235086,59.783109],[11.234991,59.783029],[11.234988,59.782976],[11.235071,59.782884],[11.235318,59.782853],[11.235457,59.782806],[11.235558,59.782714],[11.235868,59.782547],[11.236049,59.782329],[11.236244,59.782316],[11.236382,59.782251],[11.236366,59.781739],[11.236549,59.781548],[11.236576,59.781412],[11.2367,59.781401],[11.236805,59.781373],[11.236955,59.781217],[11.237051,59.781063],[11.237384,59.780707],[11.237525,59.780696],[11.237648,59.780667],[11.237941,59.780518],[11.237974,59.780481],[11.238005,59.780409],[11.23798,59.779502],[11.238101,59.779186],[11.238199,59.779049],[11.238333,59.778921],[11.238693,59.778708],[11.238895,59.778534],[11.239009,59.77838],[11.239095,59.778333],[11.239273,59.77833],[11.239359,59.778284],[11.239413,59.778283],[11.239581,59.778406],[11.239605,59.778486],[11.2397,59.778583],[11.239938,59.778678],[11.240169,59.778665],[11.240255,59.778628],[11.240423,59.778472],[11.240635,59.778172],[11.240725,59.777928],[11.240825,59.777828],[11.241071,59.777779],[11.241348,59.777657],[11.241412,59.777539],[11.241421,59.777413],[11.241489,59.777367],[11.241595,59.777348],[11.241713,59.777256],[11.241747,59.776968],[11.241884,59.776876],[11.241979,59.776694],[11.242021,59.776532],[11.241993,59.77638],[11.241954,59.776326],[11.24159,59.776207],[11.241395,59.776228],[11.24119,59.776357],[11.241121,59.776385],[11.241084,59.776377],[11.241011,59.776082],[11.24095,59.775966],[11.240961,59.775867],[11.241056,59.775695],[11.241124,59.77564],[11.241245,59.775584],[11.241385,59.775554],[11.241557,59.775462],[11.241589,59.775407],[11.241585,59.775344],[11.241767,59.775135],[11.241714,59.774875],[11.241616,59.774742],[11.241645,59.774643],[11.24168,59.774633],[11.241808,59.774676],[11.241862,59.774684],[11.24195,59.774674],[11.242004,59.774691],[11.242082,59.774788],[11.242069,59.774851],[11.242107,59.774895],[11.242292,59.775],[11.242436,59.775276],[11.242425,59.775384],[11.242071,59.775678],[11.242009,59.775813],[11.241891,59.775923],[11.241876,59.775968],[11.241903,59.776103],[11.241999,59.7762],[11.242127,59.776252],[11.242472,59.776353],[11.242885,59.776391],[11.24306,59.776352],[11.243168,59.776359],[11.243799,59.776483],[11.243982,59.776543],[11.244089,59.77655],[11.244283,59.776529],[11.244451,59.776365],[11.244448,59.776329],[11.244533,59.776264],[11.244727,59.776234],[11.245001,59.776068],[11.245336,59.776026],[11.245458,59.775988],[11.24556,59.775905],[11.245556,59.775843],[11.245439,59.775692],[11.245411,59.775549],[11.245292,59.775371],[11.24499,59.775116],[11.244949,59.775027],[11.245015,59.774684],[11.245098,59.774593],[11.245108,59.774485],[11.245171,59.774358],[11.24535,59.774103],[11.245469,59.77376],[11.24569,59.773595],[11.245902,59.773304],[11.245908,59.773133],[11.245812,59.773027],[11.245802,59.772622],[11.245774,59.772461],[11.245711,59.772319],[11.24554,59.77216],[11.245448,59.772126],[11.245087,59.772051],[11.244944,59.772044],[11.244572,59.772078],[11.24421,59.772246],[11.244127,59.772337],[11.244064,59.772464],[11.243948,59.772591],[11.243842,59.772611],[11.243751,59.772577],[11.243414,59.7726],[11.243359,59.772583],[11.24333,59.772404],[11.243378,59.772332],[11.243501,59.772311],[11.24357,59.772274],[11.243617,59.772175],[11.243559,59.772113],[11.243701,59.772101],[11.243734,59.772056],[11.243728,59.771975],[11.24365,59.771869],[11.243682,59.771814],[11.243751,59.771786],[11.243892,59.771766],[11.243938,59.771657],[11.243863,59.771596],[11.243753,59.771553],[11.243446,59.771486],[11.243285,59.771471],[11.243144,59.771491],[11.242989,59.771314],[11.243104,59.771159],[11.243078,59.771043],[11.243141,59.770925],[11.243103,59.770881],[11.243234,59.770708],[11.243747,59.770403],[11.243921,59.770337],[11.244204,59.770305],[11.244294,59.770322],[11.244452,59.770283],[11.244616,59.770074],[11.244627,59.769975],[11.244604,59.769894],[11.244695,59.769659],[11.244671,59.76957],[11.244329,59.769243],[11.244219,59.7692],[11.243918,59.768972],[11.243864,59.768955],[11.24374,59.768966],[11.243575,59.769085],[11.243525,59.768942],[11.243376,59.768846],[11.24316,59.768544],[11.242941,59.768467],[11.24276,59.768434],[11.242529,59.768438],[11.242329,59.76837],[11.242265,59.768218],[11.242274,59.768083],[11.242319,59.767957],[11.242438,59.767874],[11.242578,59.767836],[11.242644,59.767754],[11.24262,59.767664],[11.242453,59.767568],[11.24242,59.767344],[11.24247,59.76729],[11.24248,59.767182],[11.242531,59.767145],[11.242689,59.767106],[11.242756,59.767042],[11.242753,59.766997],[11.242657,59.766891],[11.242685,59.766783],[11.243139,59.766649],[11.243398,59.766519],[11.243482,59.766455],[11.243605,59.766417],[11.243731,59.766442],[11.243939,59.766366],[11.244092,59.766247],[11.244087,59.766175],[11.244136,59.766111],[11.244324,59.765991],[11.244355,59.765919],[11.244358,59.765703],[11.244566,59.765349],[11.244657,59.764845],[11.244706,59.764781],[11.244743,59.764277],[11.244936,59.76396],[11.244963,59.763842],[11.244952,59.763681],[11.24503,59.763509],[11.245054,59.763338],[11.245203,59.763165],[11.24543,59.763098],[11.245641,59.763058],[11.245726,59.763003],[11.245738,59.762913],[11.245802,59.762813],[11.245943,59.762793],[11.246012,59.762747],[11.24606,59.762674],[11.246148,59.762663],[11.246186,59.76269],[11.246183,59.762914],[11.246225,59.763003],[11.246334,59.763047],[11.246424,59.763054],[11.2466,59.763015],[11.246686,59.762969],[11.247091,59.762638],[11.247188,59.762493],[11.247223,59.762483],[11.247296,59.762509],[11.247371,59.762571],[11.247392,59.762615],[11.247394,59.762651],[11.24733,59.762751],[11.247377,59.762921],[11.247527,59.763044],[11.247767,59.763157],[11.247938,59.763325],[11.247965,59.763459],[11.24815,59.763563],[11.248125,59.763717],[11.248147,59.763779],[11.24824,59.76384],[11.248348,59.763865],[11.248514,59.763944],[11.248627,59.76404],[11.248668,59.764112],[11.248688,59.764417],[11.248844,59.764612],[11.249457,59.764987],[11.249518,59.765103],[11.249886,59.765546],[11.249929,59.765653],[11.250006,59.765741],[11.249993,59.765814],[11.250069,59.765884],[11.250272,59.765988],[11.250367,59.766077],[11.250427,59.766166],[11.250502,59.766497],[11.25066,59.766718],[11.250792,59.766833],[11.250894,59.76702],[11.250881,59.767092],[11.25083,59.767129],[11.250799,59.767192],[11.250821,59.767264],[11.251046,59.76743],[11.251133,59.767672],[11.251181,59.76891],[11.251287,59.769151],[11.251364,59.76924],[11.251551,59.76938],[11.251592,59.769451],[11.251903,59.769581],[11.251996,59.769642],[11.252418,59.770075],[11.252491,59.77011],[11.252617,59.770125],[11.252874,59.770238],[11.253566,59.770468],[11.253662,59.770566],[11.253727,59.770744],[11.253695,59.770799],[11.253479,59.771027],[11.253157,59.771526],[11.252854,59.771801],[11.25265,59.771939],[11.25267,59.771975],[11.252989,59.772212],[11.252961,59.772329],[11.253337,59.77261],[11.253462,59.772887],[11.253359,59.773203],[11.253382,59.773283],[11.253438,59.773318],[11.253528,59.773344],[11.253617,59.773342],[11.253807,59.773249],[11.253899,59.773023],[11.253907,59.772879],[11.253902,59.772538],[11.253806,59.772441],[11.253606,59.772121],[11.25358,59.771726],[11.253626,59.771617],[11.253692,59.771544],[11.253866,59.771478],[11.253947,59.77136],[11.254254,59.771157],[11.254591,59.770873],[11.254638,59.770782],[11.254629,59.770648],[11.254662,59.770611],[11.254784,59.770573],[11.254856,59.770572],[11.254965,59.770615],[11.255133,59.770729],[11.255224,59.770754],[11.255311,59.770726],[11.255363,59.770707],[11.25543,59.770643],[11.255444,59.77058],[11.255359,59.770384],[11.255613,59.770182],[11.255734,59.770126],[11.256172,59.770019],[11.256416,59.769943],[11.256539,59.769914],[11.256665,59.76993],[11.256957,59.770042],[11.257015,59.770104],[11.257038,59.770175],[11.257031,59.770346],[11.256891,59.770645],[11.256865,59.770789],[11.256992,59.771083],[11.25718,59.771233],[11.25731,59.771302],[11.257418,59.771319],[11.25756,59.771316],[11.257768,59.771232],[11.257816,59.771159],[11.257603,59.770633],[11.25761,59.77048],[11.257703,59.770272],[11.257785,59.770171],[11.257952,59.769998],[11.258173,59.76985],[11.258187,59.769796],[11.258088,59.769645],[11.258136,59.769564],[11.258343,59.769461],[11.258466,59.769441],[11.258594,59.769484],[11.258717,59.769464],[11.259066,59.76935],[11.259646,59.768972],[11.25975,59.768934],[11.259943,59.768895],[11.260029,59.768839],[11.260105,59.768658],[11.260099,59.768569],[11.259959,59.768337],[11.259954,59.768257],[11.260018,59.768148],[11.260402,59.767773],[11.260644,59.767661],[11.260779,59.767551],[11.261054,59.767402],[11.26136,59.7672],[11.261705,59.767032],[11.262099,59.7668],[11.262684,59.766754],[11.263013,59.766623],[11.263421,59.766329],[11.263646,59.765974],[11.263726,59.765569],[11.263807,59.765451],[11.263924,59.765341],[11.26432,59.765136],[11.265121,59.764871],[11.265377,59.764705],[11.265509,59.764559],[11.265487,59.764487],[11.265286,59.764419],[11.265109,59.76444],[11.265006,59.764487],[11.264854,59.764615],[11.264751,59.764671],[11.264368,59.764803],[11.263796,59.765038],[11.263575,59.765185],[11.263442,59.765322],[11.263288,59.765415],[11.26317,59.765515],[11.263122,59.765597],[11.263068,59.765859],[11.263064,59.766056],[11.262931,59.766202],[11.262639,59.76636],[11.262463,59.76639],[11.262072,59.766397],[11.26198,59.766353],[11.261952,59.766201],[11.261897,59.766184],[11.26181,59.766204],[11.261779,59.766276],[11.261657,59.766314],[11.261551,59.766334],[11.261335,59.766302],[11.261248,59.76633],[11.261165,59.766412],[11.26112,59.766539],[11.261167,59.766709],[11.261153,59.766772],[11.261087,59.766836],[11.260913,59.766902],[11.260718,59.766923],[11.260617,59.767006],[11.260402,59.767252],[11.259959,59.767547],[11.259854,59.767576],[11.259603,59.767553],[11.259614,59.767706],[11.259547,59.76777],[11.259256,59.767945],[11.259056,59.768155],[11.258954,59.768489],[11.258966,59.76866],[11.258918,59.768742],[11.258769,59.768915],[11.258238,59.76922],[11.258095,59.769214],[11.258008,59.769242],[11.257681,59.769419],[11.257488,59.769458],[11.257379,59.769424],[11.25729,59.769425],[11.257063,59.769492],[11.256956,59.769503],[11.256724,59.769489],[11.2564,59.769432],[11.256327,59.769406],[11.256269,59.769344],[11.256178,59.769319],[11.255983,59.769322],[11.255896,59.769359],[11.255768,59.769568],[11.255699,59.769614],[11.255366,59.769683],[11.255333,59.769719],[11.254763,59.76999],[11.254483,59.770066],[11.254162,59.770054],[11.253964,59.77003],[11.253782,59.769971],[11.253341,59.769763],[11.253024,59.769562],[11.252981,59.769454],[11.252991,59.769337],[11.25304,59.769274],[11.253143,59.769209],[11.253644,59.768976],[11.253605,59.768932],[11.253513,59.768888],[11.253388,59.768882],[11.253246,59.768893],[11.252955,59.76906],[11.252832,59.769089],[11.252585,59.76912],[11.252477,59.769104],[11.25242,59.76906],[11.252254,59.768712],[11.252278,59.768263],[11.252251,59.768137],[11.251829,59.767426],[11.251675,59.766989],[11.251626,59.766792],[11.251678,59.766503],[11.251654,59.766414],[11.251581,59.766379],[11.251557,59.76629],[11.251561,59.766083],[11.251522,59.766039],[11.25143,59.765987],[11.251332,59.765862],[11.251364,59.765808],[11.251418,59.765807],[11.251422,59.765609],[11.251509,59.765572],[11.251615,59.765561],[11.251806,59.765495],[11.251874,59.76544],[11.251945,59.765178],[11.251904,59.765098],[11.251828,59.765028],[11.251589,59.764915],[11.251456,59.764791],[11.25134,59.76465],[11.251366,59.764514],[11.251344,59.764452],[11.251234,59.7644],[11.250891,59.764334],[11.250733,59.764364],[11.250626,59.764365],[11.250445,59.764324],[11.250338,59.764317],[11.249947,59.764072],[11.24985,59.763957],[11.249776,59.763383],[11.249813,59.76314],[11.24991,59.762994],[11.249684,59.76281],[11.249503,59.762229],[11.24953,59.762112],[11.249747,59.761883],[11.249749,59.761659],[11.249796,59.761559],[11.249816,59.761334],[11.249914,59.761198],[11.249927,59.761126],[11.249878,59.76092],[11.250014,59.760828],[11.250074,59.760656],[11.24997,59.760433],[11.249983,59.76037],[11.250048,59.760279],[11.250058,59.760162],[11.250137,59.760017],[11.250146,59.759873],[11.250279,59.759736],[11.250404,59.759482],[11.250391,59.759294],[11.250406,59.75924],[11.250473,59.759176],[11.250567,59.758725],[11.250636,59.758697],[11.250693,59.75848],[11.250654,59.758427],[11.250703,59.758364],[11.250876,59.758298],[11.251003,59.758331],[11.251128,59.758338],[11.251376,59.758307],[11.251592,59.758348],[11.25174,59.758436],[11.251902,59.758451],[11.251972,59.758432],[11.252096,59.758429],[11.252348,59.75847],[11.252454,59.758459],[11.252541,59.758431],[11.252763,59.758283],[11.252801,59.758058],[11.25281,59.757393],[11.252871,59.757239],[11.252954,59.757157],[11.253142,59.757046],[11.253204,59.75691],[11.253151,59.756642],[11.253281,59.756199],[11.253331,59.756154],[11.253345,59.75609],[11.253304,59.75601],[11.253318,59.755956],[11.253369,59.755919],[11.253632,59.755852],[11.253979,59.755729],[11.254199,59.755546],[11.254245,59.755446],[11.254263,59.755176],[11.254131,59.755071],[11.254196,59.75498],[11.254155,59.754891],[11.253889,59.754644],[11.253753,59.754484],[11.253767,59.754421],[11.253866,59.754312],[11.253844,59.754249],[11.253893,59.754177],[11.254033,59.754138],[11.254153,59.754082],[11.254238,59.754018],[11.254246,59.753874],[11.254183,59.753731],[11.254067,59.75359],[11.254063,59.753536],[11.254214,59.753399],[11.254225,59.7533],[11.254174,59.753067],[11.254195,59.752851],[11.254028,59.752746],[11.254072,59.752611],[11.254076,59.752404],[11.254002,59.75236],[11.253912,59.752344],[11.253805,59.752346],[11.2537,59.752374],[11.253494,59.752486],[11.253434,59.752648],[11.253277,59.752696],[11.253153,59.752707],[11.253026,59.752682],[11.25287,59.752739],[11.252799,59.75274],[11.252578,59.752636],[11.252489,59.752638],[11.252386,59.752684],[11.252349,59.752676],[11.252293,59.752632],[11.252303,59.752515],[11.252403,59.752415],[11.252531,59.751936],[11.252564,59.7519],[11.252979,59.751713],[11.253405,59.751167],[11.253475,59.751147],[11.253566,59.751173],[11.253636,59.751154],[11.253855,59.75097],[11.25393,59.750771],[11.253938,59.750628],[11.253971,59.750582],[11.254213,59.750479],[11.254389,59.75044],[11.254767,59.750236],[11.25505,59.750222],[11.255294,59.750146],[11.255437,59.750153],[11.255648,59.750113],[11.2558,59.749994],[11.255882,59.749885],[11.256002,59.74982],[11.256127,59.749826],[11.256183,59.749861],[11.25623,59.750022],[11.256321,59.750066],[11.256364,59.750173],[11.256437,59.750198],[11.256526,59.750197],[11.256667,59.750176],[11.257031,59.750035],[11.25715,59.749944],[11.257579,59.749712],[11.258314,59.749519],[11.258599,59.749523],[11.259005,59.749481],[11.259113,59.749497],[11.259297,59.749574],[11.259386,59.749582],[11.25949,59.749544],[11.259622,59.749389],[11.259991,59.749311],[11.260334,59.749116],[11.260542,59.749041],[11.260807,59.749009],[11.261223,59.748841],[11.261376,59.74873],[11.261557,59.74852],[11.261748,59.748445],[11.261815,59.748381],[11.261827,59.748291],[11.261879,59.748272],[11.262147,59.748295],[11.262199,59.748276],[11.262262,59.748149],[11.262315,59.748139],[11.262462,59.748217],[11.262535,59.748234],[11.262783,59.748221],[11.262906,59.748192],[11.263131,59.748098],[11.263343,59.748076],[11.263588,59.748009],[11.263739,59.747881],[11.263843,59.747834],[11.26425,59.7478],[11.26439,59.747771],[11.264493,59.747715],[11.264695,59.747541],[11.264975,59.747464],[11.265353,59.747269],[11.265416,59.747142],[11.265929,59.746837],[11.266144,59.7466],[11.266183,59.746383],[11.266285,59.746319],[11.266933,59.746155],[11.267054,59.746099],[11.267173,59.746016],[11.267202,59.745917],[11.26781,59.745709],[11.267844,59.745672],[11.267806,59.745637],[11.267534,59.74557],[11.267319,59.745555],[11.267062,59.745425],[11.266741,59.745422],[11.266495,59.745471],[11.266192,59.745467],[11.265982,59.745525],[11.265701,59.745574],[11.265251,59.745762],[11.264987,59.745811],[11.264781,59.745914],[11.264783,59.74595],[11.264697,59.745996],[11.264592,59.746016],[11.264448,59.746],[11.264183,59.746023],[11.263728,59.746138],[11.263469,59.74626],[11.263408,59.746413],[11.263271,59.746488],[11.263154,59.746597],[11.263085,59.746626],[11.262288,59.746693],[11.262199,59.746686],[11.261982,59.746636],[11.261745,59.746559],[11.261671,59.746515],[11.261419,59.746475],[11.261398,59.74643],[11.261483,59.746366],[11.261542,59.746185],[11.261676,59.746057],[11.261847,59.745955],[11.26182,59.745821],[11.261556,59.74561],[11.26143,59.745585],[11.26129,59.745623],[11.261182,59.745598],[11.261196,59.745544],[11.261294,59.745417],[11.261576,59.745106],[11.261811,59.744905],[11.261805,59.744815],[11.261782,59.744735],[11.261685,59.74462],[11.261674,59.744449],[11.261631,59.744342],[11.261593,59.744307],[11.26143,59.744265],[11.261252,59.744268],[11.261161,59.744233],[11.261044,59.744083],[11.261068,59.74392],[11.261195,59.743685],[11.261326,59.743521],[11.261344,59.743251],[11.261304,59.743198],[11.261105,59.743147],[11.260683,59.743217],[11.260594,59.743219],[11.260557,59.743193],[11.260553,59.743139],[11.260568,59.743103],[11.260653,59.743038],[11.26073,59.742857],[11.261053,59.742645],[11.261175,59.742598],[11.261275,59.742498],[11.26123,59.742355],[11.261357,59.742128],[11.261424,59.741812],[11.261622,59.741575],[11.261618,59.741521],[11.26156,59.741451],[11.26143,59.741363],[11.261322,59.741356],[11.261079,59.741441],[11.261007,59.741433],[11.260969,59.741389],[11.261018,59.741334],[11.261192,59.741277],[11.261364,59.741185],[11.261342,59.741122],[11.261212,59.741034],[11.261103,59.741],[11.261008,59.740912],[11.260961,59.740751],[11.260924,59.740725],[11.260835,59.740726],[11.260274,59.740853],[11.260168,59.740864],[11.260041,59.74083],[11.259947,59.740751],[11.259867,59.740626],[11.259772,59.740538],[11.259717,59.740512],[11.259628,59.740505],[11.259487,59.740525],[11.259431,59.740499],[11.259393,59.740455],[11.259489,59.740292],[11.259326,59.739998],[11.259371,59.739871],[11.259236,59.739721],[11.259214,59.739658],[11.259386,59.739557],[11.259435,59.739493],[11.259448,59.739421],[11.259598,59.739275],[11.259912,59.739188],[11.260177,59.739157],[11.260463,59.739179],[11.260656,59.73914],[11.260725,59.739093],[11.260717,59.738977],[11.260751,59.738958],[11.26084,59.738966],[11.261251,59.739246],[11.261431,59.739279],[11.261507,59.739341],[11.261587,59.739483],[11.261716,59.739553],[11.26197,59.739611],[11.26263,59.739636],[11.262775,59.739678],[11.26288,59.739658],[11.263142,59.739573],[11.263327,59.739417],[11.263357,59.739345],[11.263297,59.739238],[11.263304,59.739085],[11.263279,59.738978],[11.263311,59.738923],[11.263399,59.738904],[11.264079,59.738964],[11.264185,59.738953],[11.264436,59.738976],[11.264523,59.738956],[11.264607,59.738883],[11.264364,59.738698],[11.264393,59.738608],[11.264689,59.738504],[11.264953,59.738464],[11.265062,59.738507],[11.265156,59.738568],[11.265214,59.738639],[11.265396,59.738699],[11.265738,59.738765],[11.266485,59.738752],[11.267156,59.738677],[11.267984,59.738546],[11.268255,59.738353],[11.268355,59.738243],[11.268511,59.738196],[11.268594,59.738104],[11.268573,59.738051],[11.268462,59.737999],[11.268404,59.737919],[11.26839,59.737722],[11.268469,59.737577],[11.268871,59.737201],[11.268866,59.737121],[11.268599,59.736865],[11.268472,59.736831],[11.268434,59.736787],[11.268534,59.736695],[11.268546,59.736605],[11.268518,59.736453],[11.268442,59.736391],[11.268422,59.736347],[11.268488,59.736274],[11.268483,59.736202],[11.268391,59.73615],[11.26821,59.736117],[11.267865,59.736267],[11.267707,59.736305],[11.267371,59.736329],[11.267121,59.736324],[11.266145,59.736099],[11.265572,59.736046],[11.26477,59.736032],[11.264313,59.736112],[11.263772,59.736265],[11.263638,59.736384],[11.263399,59.736541],[11.26335,59.736605],[11.263354,59.736659],[11.263303,59.736696],[11.263146,59.736743],[11.262984,59.736719],[11.262892,59.736676],[11.262713,59.736661],[11.262536,59.736673],[11.26237,59.736586],[11.262362,59.73646],[11.262447,59.736405],[11.262775,59.736255],[11.262911,59.736163],[11.26296,59.7361],[11.262955,59.736028],[11.263127,59.735935],[11.263254,59.735969],[11.2637,59.735988],[11.264229,59.735925],[11.264369,59.735887],[11.264587,59.735685],[11.264651,59.735585],[11.264678,59.73545],[11.264621,59.735146],[11.264722,59.735054],[11.264673,59.734857],[11.264749,59.734658],[11.264891,59.734395],[11.264938,59.734035],[11.265091,59.733934],[11.265117,59.73379],[11.265167,59.733735],[11.265109,59.733412],[11.265049,59.733315],[11.264919,59.733236],[11.264791,59.733184],[11.264573,59.733116],[11.264376,59.733093],[11.264321,59.733067],[11.264054,59.733062],[11.263891,59.733029],[11.263799,59.732986],[11.263773,59.732861],[11.263736,59.732834],[11.263646,59.732827],[11.263561,59.732882],[11.263508,59.732892],[11.263239,59.732852],[11.262936,59.732848],[11.262589,59.732719],[11.262446,59.732713],[11.261955,59.73282],[11.2618,59.732895],[11.261444,59.733152],[11.26126,59.733326],[11.261181,59.733471],[11.261177,59.733669],[11.261244,59.733883],[11.261324,59.734008],[11.261452,59.734059],[11.26167,59.734119],[11.261654,59.734146],[11.261602,59.734165],[11.26144,59.73414],[11.261138,59.734155],[11.260948,59.73423],[11.260745,59.734386],[11.260715,59.734476],[11.260764,59.734673],[11.260615,59.734837],[11.260554,59.734982],[11.260652,59.735115],[11.260549,59.735171],[11.260536,59.735243],[11.26042,59.735371],[11.260352,59.735417],[11.260141,59.735465],[11.260083,59.735646],[11.259928,59.73573],[11.259914,59.735793],[11.259963,59.73598],[11.259913,59.736035],[11.259793,59.736109],[11.259687,59.73612],[11.259544,59.736104],[11.259422,59.736143],[11.259192,59.736164],[11.259014,59.736158],[11.258851,59.736125],[11.258795,59.736072],[11.258704,59.736056],[11.258655,59.736111],[11.258603,59.73613],[11.258479,59.736141],[11.258193,59.736119],[11.25807,59.736148],[11.257933,59.736231],[11.25792,59.736294],[11.25785,59.736322],[11.257743,59.736315],[11.257616,59.736281],[11.257523,59.73622],[11.257386,59.736034],[11.257033,59.735815],[11.256908,59.735808],[11.256853,59.735782],[11.256833,59.735747],[11.25692,59.735718],[11.256971,59.735682],[11.257019,59.7356],[11.256979,59.735538],[11.257013,59.735519],[11.257139,59.735535],[11.257245,59.735524],[11.257314,59.735496],[11.257363,59.735432],[11.257378,59.735387],[11.257354,59.735298],[11.25718,59.735085],[11.257249,59.735057],[11.257357,59.735073],[11.257481,59.735062],[11.257984,59.734874],[11.258051,59.734819],[11.258155,59.734772],[11.258348,59.734724],[11.258378,59.734651],[11.25837,59.734526],[11.258274,59.73442],[11.258144,59.734341],[11.258017,59.734307],[11.257883,59.734166],[11.25788,59.734121],[11.257967,59.734092],[11.258101,59.733973],[11.258111,59.733856],[11.258081,59.733668],[11.258022,59.733588],[11.257743,59.733414],[11.257716,59.73327],[11.257562,59.733093],[11.257435,59.73306],[11.257321,59.732963],[11.257249,59.732946],[11.25709,59.732958],[11.256892,59.732934],[11.256643,59.732929],[11.256539,59.732967],[11.256404,59.733077],[11.256334,59.733087],[11.256133,59.73301],[11.256072,59.732903],[11.255953,59.732196],[11.255915,59.732151],[11.255842,59.732135],[11.25579,59.732154],[11.255573,59.732094],[11.255388,59.731999],[11.255313,59.731937],[11.255283,59.731749],[11.254988,59.731341],[11.254912,59.73127],[11.254927,59.731225],[11.25496,59.731189],[11.255067,59.731187],[11.255118,59.73115],[11.255113,59.731078],[11.255145,59.731033],[11.255178,59.730996],[11.255249,59.730986],[11.255529,59.731188],[11.255628,59.73133],[11.25572,59.731373],[11.256094,59.731376],[11.256469,59.731405],[11.256589,59.731331],[11.256754,59.731149],[11.256694,59.731051],[11.2568,59.73104],[11.25707,59.731081],[11.257246,59.73106],[11.257517,59.731109],[11.257645,59.731161],[11.257909,59.73139],[11.258109,59.731458],[11.258508,59.731559],[11.258669,59.731583],[11.259008,59.731586],[11.259131,59.731566],[11.259648,59.731324],[11.260145,59.731046],[11.260339,59.731006],[11.260389,59.730961],[11.260364,59.730862],[11.260124,59.730732],[11.260063,59.730616],[11.260107,59.73048],[11.260114,59.730319],[11.26009,59.73022],[11.259874,59.729918],[11.259151,59.72923],[11.259053,59.729088],[11.258925,59.729037],[11.258801,59.729048],[11.258493,59.728972],[11.258256,59.728877],[11.257998,59.728747],[11.257728,59.728707],[11.257255,59.728544],[11.257053,59.728458],[11.256874,59.728173],[11.256725,59.727817],[11.256579,59.727756],[11.256294,59.727743],[11.256128,59.727656],[11.255983,59.727353],[11.255813,59.727212],[11.255752,59.727106],[11.255721,59.726909],[11.255627,59.726829],[11.255443,59.726743],[11.255118,59.726659],[11.254491,59.726606],[11.254294,59.726574],[11.253714,59.726422],[11.253247,59.726349],[11.252628,59.726135],[11.252531,59.726029],[11.252522,59.725895],[11.25243,59.725842],[11.252423,59.725735],[11.25263,59.725372],[11.252651,59.725165],[11.252465,59.725042],[11.252197,59.72502],[11.252122,59.724958],[11.252042,59.724834],[11.251816,59.724649],[11.251564,59.724608],[11.251346,59.72454],[11.251169,59.724543],[11.251114,59.724526],[11.251093,59.724473],[11.251126,59.724436],[11.251319,59.724397],[11.251368,59.724333],[11.251365,59.724288],[11.251008,59.723738],[11.250963,59.723604],[11.250887,59.723533],[11.25078,59.723517],[11.250652,59.723474],[11.250536,59.723333],[11.250392,59.723308],[11.250318,59.723273],[11.250279,59.72322],[11.250271,59.723103],[11.250153,59.722926],[11.250201,59.722844],[11.250268,59.722789],[11.250299,59.722717],[11.250201,59.722584],[11.250213,59.722494],[11.250138,59.722441],[11.250047,59.722416],[11.249905,59.722418],[11.249518,59.722479],[11.249452,59.722552],[11.249381,59.722553],[11.24929,59.722527],[11.249177,59.72244],[11.248891,59.722148],[11.248764,59.722114],[11.248628,59.721946],[11.24866,59.721891],[11.24873,59.721863],[11.248942,59.721851],[11.249222,59.721783],[11.24929,59.721737],[11.24932,59.721656],[11.249253,59.721441],[11.249176,59.721362],[11.248956,59.721258],[11.248855,59.72108],[11.248952,59.720934],[11.248978,59.720799],[11.248958,59.720503],[11.249058,59.720393],[11.249019,59.720349],[11.24889,59.720271],[11.248793,59.720155],[11.248722,59.720166],[11.248689,59.720202],[11.248619,59.720212],[11.248512,59.720205],[11.248456,59.720179],[11.248392,59.720019],[11.248361,59.719813],[11.248478,59.719442],[11.248674,59.719178],[11.248669,59.719098],[11.248629,59.719035],[11.248517,59.718956],[11.248476,59.718876],[11.248486,59.718768],[11.248615,59.718568],[11.248771,59.718512],[11.248822,59.718475],[11.248899,59.718294],[11.248883,59.718052],[11.249107,59.717949],[11.249247,59.71792],[11.249386,59.717864],[11.249434,59.717791],[11.249736,59.717777],[11.249891,59.717711],[11.250067,59.717672],[11.250153,59.717635],[11.250203,59.71758],[11.250247,59.717445],[11.250094,59.717286],[11.249672,59.717086],[11.249327,59.716993],[11.249253,59.716941],[11.249269,59.716913],[11.249338,59.716885],[11.249495,59.716847],[11.24964,59.71688],[11.249674,59.716853],[11.24965,59.716772],[11.249719,59.716735],[11.24979,59.716725],[11.249898,59.71675],[11.250021,59.71673],[11.250365,59.716562],[11.250445,59.716426],[11.250419,59.716301],[11.250358,59.716185],[11.250089,59.715893],[11.249907,59.715555],[11.249917,59.715447],[11.249964,59.715356],[11.25005,59.715301],[11.250137,59.715282],[11.250386,59.715277],[11.250565,59.715292],[11.250721,59.715236],[11.250946,59.715142],[11.2511,59.715049],[11.251361,59.714704],[11.251429,59.714658],[11.251534,59.714638],[11.251695,59.714653],[11.252062,59.714557],[11.25234,59.714453],[11.252529,59.714351],[11.252613,59.714278],[11.252751,59.714213],[11.252977,59.714146],[11.253445,59.713967],[11.253857,59.713745],[11.25405,59.713705],[11.254123,59.713731],[11.254179,59.713775],[11.254277,59.713908],[11.254565,59.713966],[11.25589,59.713835],[11.255994,59.713798],[11.256212,59.713596],[11.256726,59.7133],[11.256987,59.713224],[11.257041,59.713232],[11.257079,59.713267],[11.25705,59.713357],[11.257139,59.713365],[11.257227,59.713354],[11.257382,59.71328],[11.257413,59.713216],[11.257597,59.713033],[11.257769,59.71295],[11.257891,59.712921],[11.258142,59.712943],[11.258283,59.712932],[11.258405,59.712894],[11.258619,59.712899],[11.258689,59.712889],[11.25874,59.712852],[11.258702,59.712817],[11.258379,59.712769],[11.258103,59.71263],[11.257924,59.712615],[11.256782,59.712814],[11.256516,59.712828],[11.256376,59.712857],[11.256168,59.712941],[11.25578,59.712984],[11.255639,59.713013],[11.255553,59.71306],[11.255464,59.713052],[11.255126,59.71278],[11.254578,59.712564],[11.254011,59.712592],[11.253476,59.712574],[11.253371,59.712594],[11.253246,59.712596],[11.252975,59.71252],[11.25279,59.712415],[11.252681,59.712381],[11.252591,59.712374],[11.252416,59.712413],[11.252078,59.71241],[11.251771,59.712334],[11.251297,59.712432],[11.251001,59.712527],[11.250778,59.712648],[11.250464,59.712734],[11.250005,59.712787],[11.249879,59.712762],[11.249736,59.712755],[11.249582,59.712839],[11.249494,59.712849],[11.24928,59.712844],[11.249051,59.712875],[11.248852,59.712824],[11.248746,59.712835],[11.248624,59.712873],[11.248356,59.71286],[11.24818,59.712881],[11.247831,59.712985],[11.24773,59.713068],[11.24767,59.713222],[11.247571,59.71334],[11.247574,59.713385],[11.24747,59.713423],[11.247372,59.713559],[11.247395,59.71364],[11.247374,59.713856],[11.247292,59.713956],[11.247278,59.71401],[11.247128,59.714156],[11.247067,59.71431],[11.247105,59.714354],[11.247072,59.714391],[11.247036,59.714382],[11.246941,59.714285],[11.246938,59.714249],[11.246955,59.714231],[11.247042,59.714212],[11.247136,59.714021],[11.247133,59.713977],[11.247035,59.713929],[11.246982,59.713844],[11.247009,59.713718],[11.247041,59.713664],[11.247162,59.713608],[11.247549,59.713287],[11.247582,59.713241],[11.247543,59.713188],[11.247413,59.713109],[11.247249,59.713049],[11.247159,59.713033],[11.247019,59.713062],[11.246912,59.713055],[11.24674,59.713148],[11.246707,59.713184],[11.246687,59.713158],[11.246772,59.713093],[11.246836,59.712994],[11.246759,59.712905],[11.246525,59.712855],[11.246161,59.712727],[11.245983,59.712739],[11.24536,59.712722],[11.245323,59.712705],[11.245127,59.712699],[11.245036,59.712665],[11.244924,59.712586],[11.244726,59.712554],[11.244652,59.71251],[11.244613,59.712457],[11.244316,59.712273],[11.244259,59.712211],[11.244131,59.712159],[11.244023,59.712134],[11.243704,59.712158],[11.243614,59.712141],[11.243505,59.712107],[11.24341,59.712019],[11.243354,59.711706],[11.243273,59.711554],[11.243303,59.711473],[11.243166,59.711287],[11.243158,59.711179],[11.243355,59.710933],[11.24349,59.710814],[11.243439,59.71059],[11.243536,59.710445],[11.243473,59.710293],[11.243586,59.71013],[11.243411,59.709908],[11.243444,59.709872],[11.243404,59.7098],[11.24304,59.709672],[11.242927,59.709584],[11.242769,59.709344],[11.24276,59.709209],[11.242915,59.708605],[11.242838,59.708507],[11.24271,59.708456],[11.2425,59.708244],[11.242412,59.707994],[11.242392,59.707698],[11.242195,59.706884],[11.24231,59.706738],[11.242315,59.706549],[11.241709,59.706254],[11.241545,59.706203],[11.241439,59.706205],[11.241139,59.706246],[11.241049,59.706229],[11.240931,59.706061],[11.240944,59.70598],[11.241009,59.705889],[11.241005,59.705835],[11.24087,59.705676],[11.240867,59.705622],[11.2409,59.705585],[11.241004,59.705547],[11.241053,59.705484],[11.241481,59.704713],[11.24158,59.704585],[11.241733,59.704493],[11.241855,59.704446],[11.241961,59.704444],[11.242016,59.704461],[11.242243,59.704673],[11.242333,59.704689],[11.242724,59.704683],[11.242776,59.704673],[11.242879,59.704617],[11.242876,59.704563],[11.242816,59.704475],[11.242806,59.704322],[11.242666,59.704091],[11.242678,59.703992],[11.242857,59.703746],[11.242995,59.70369],[11.243097,59.703625],[11.243177,59.703489],[11.243264,59.703452],[11.243369,59.703432],[11.243449,59.703296],[11.243806,59.703065],[11.243838,59.703011],[11.243815,59.702921],[11.243828,59.702858],[11.243894,59.702785],[11.243924,59.702695],[11.243806,59.702257],[11.244004,59.702038],[11.244456,59.701877],[11.244892,59.701753],[11.245063,59.701651],[11.245111,59.70157],[11.245094,59.701327],[11.245053,59.701238],[11.244977,59.701168],[11.244869,59.701143],[11.244686,59.701065],[11.244628,59.701003],[11.244745,59.700893],[11.244774,59.700794],[11.244749,59.700678],[11.243722,59.700471],[11.243463,59.700322],[11.243404,59.700242],[11.2434,59.70018],[11.243486,59.700133],[11.243556,59.700123],[11.2437,59.700148],[11.243789,59.700146],[11.243823,59.700127],[11.24399,59.699963],[11.244033,59.699818],[11.244176,59.699825],[11.244245,59.699788],[11.244277,59.699733],[11.244196,59.699582],[11.244033,59.699019],[11.243882,59.698878],[11.243837,59.698744],[11.243729,59.698728],[11.243674,59.698702],[11.24365,59.698603],[11.243671,59.698387],[11.243463,59.697933],[11.243391,59.697925],[11.2432,59.697982],[11.243062,59.698052],[11.242955,59.69804],[11.242917,59.698014],[11.242908,59.69787],[11.243397,59.697206],[11.243367,59.697036],[11.243215,59.696886],[11.243218,59.696661],[11.243247,59.696571],[11.243226,59.696517],[11.243116,59.696465],[11.242975,59.696477],[11.242853,59.696515],[11.242715,59.69658],[11.242648,59.696644],[11.242172,59.696967],[11.242086,59.697004],[11.241997,59.697015],[11.241943,59.696998],[11.241941,59.696962],[11.242084,59.696717],[11.2422,59.69658],[11.242419,59.696415],[11.242558,59.696367],[11.242626,59.696321],[11.242741,59.696175],[11.24291,59.696047],[11.242976,59.695965],[11.243135,59.695684],[11.243233,59.695287],[11.243392,59.695014],[11.243539,59.694823],[11.24381,59.694612],[11.243931,59.694565],[11.244019,59.694555],[11.244163,59.694588],[11.24427,59.694586],[11.244322,59.694567],[11.244667,59.694148],[11.244731,59.694039],[11.244758,59.693922],[11.244968,59.693595],[11.245069,59.693513],[11.245496,59.693263],[11.245539,59.6931],[11.245498,59.69302],[11.24553,59.692966],[11.245652,59.692937],[11.245685,59.692891],[11.245703,59.692639],[11.245627,59.692299],[11.245661,59.692272],[11.245785,59.692261],[11.245901,59.692142],[11.245895,59.692052],[11.246016,59.692005],[11.246094,59.691842],[11.246249,59.691759],[11.24626,59.69166],[11.246185,59.691347],[11.246083,59.691142],[11.2459,59.691064],[11.245877,59.690984],[11.245875,59.690687],[11.245833,59.690598],[11.245776,59.690536],[11.245667,59.690502],[11.245469,59.690469],[11.24541,59.69039],[11.245387,59.6903],[11.245416,59.69021],[11.245417,59.689958],[11.245358,59.689869],[11.245283,59.689817],[11.244999,59.689813],[11.24499,59.689687],[11.245277,59.689458],[11.245381,59.68942],[11.245453,59.689428],[11.245528,59.689489],[11.245616,59.689479],[11.24572,59.689432],[11.246137,59.689299],[11.246325,59.689188],[11.246389,59.689088],[11.246527,59.689023],[11.246713,59.688885],[11.246989,59.688755],[11.247056,59.6887],[11.247235,59.688445],[11.247384,59.688281],[11.247393,59.688155],[11.247475,59.688046],[11.247592,59.687936],[11.247917,59.68776],[11.24819,59.687584],[11.248372,59.687384],[11.248386,59.687329],[11.248366,59.687294],[11.248206,59.687297],[11.247837,59.687357],[11.247669,59.687431],[11.247469,59.687435],[11.247354,59.687311],[11.247333,59.687258],[11.247359,59.687113],[11.247301,59.687051],[11.246799,59.68671],[11.246347,59.686331],[11.246191,59.686127],[11.246043,59.68604],[11.245935,59.686015],[11.245828,59.686017],[11.24532,59.686124],[11.245117,59.686271],[11.244996,59.686327],[11.244452,59.686427],[11.244177,59.686557],[11.243921,59.686723],[11.243782,59.68677],[11.243443,59.68674],[11.243302,59.686761],[11.24292,59.686632],[11.242761,59.686644],[11.242559,59.68654],[11.242433,59.686515],[11.242236,59.6865],[11.241997,59.68637],[11.241939,59.686299],[11.241933,59.686218],[11.241982,59.686154],[11.242222,59.686024],[11.242272,59.685979],[11.242284,59.68588],[11.242331,59.685789],[11.242667,59.685496],[11.242821,59.685152],[11.242983,59.684916],[11.2431,59.684806],[11.243273,59.68447],[11.243284,59.684371],[11.243251,59.684147],[11.24335,59.684029],[11.24372,59.683448],[11.243727,59.683286],[11.24393,59.682869],[11.244115,59.682713],[11.244127,59.682632],[11.244262,59.682513],[11.244509,59.68223],[11.244648,59.681914],[11.244832,59.681749],[11.244873,59.681568],[11.24485,59.681488],[11.245234,59.681122],[11.245411,59.68085],[11.245469,59.680651],[11.245565,59.680497],[11.245654,59.680495],[11.245968,59.680409],[11.24614,59.680325],[11.246239,59.680207],[11.246307,59.6799],[11.246191,59.679498],[11.246182,59.679363],[11.246288,59.679083],[11.246464,59.678792],[11.246741,59.678419],[11.246926,59.678272],[11.247088,59.678306],[11.247229,59.678285],[11.247424,59.678282],[11.247681,59.678403],[11.247896,59.678426],[11.24802,59.678424],[11.248111,59.67845],[11.247937,59.678507],[11.247869,59.678553],[11.247838,59.678625],[11.247958,59.678821],[11.248271,59.678986],[11.248608,59.679241],[11.248952,59.679603],[11.249015,59.679746],[11.249062,59.679916],[11.249064,59.680751],[11.249146,59.680911],[11.24917,59.68101],[11.249126,59.681145],[11.249209,59.681324],[11.2493,59.681358],[11.249534,59.681399],[11.249572,59.681434],[11.249541,59.681506],[11.249634,59.681568],[11.249869,59.681627],[11.250325,59.681798],[11.250542,59.681858],[11.250889,59.682004],[11.25094,59.681968],[11.250952,59.681886],[11.251153,59.681694],[11.251174,59.681487],[11.25124,59.681405],[11.251395,59.681331],[11.251641,59.6813],[11.251777,59.681208],[11.251858,59.68108],[11.25185,59.680703],[11.252063,59.680439],[11.252285,59.680301],[11.252493,59.680234],[11.252544,59.680188],[11.252621,59.680016],[11.25269,59.679979],[11.253059,59.679919],[11.253127,59.679873],[11.253124,59.679837],[11.253032,59.679794],[11.252431,59.67957],[11.252102,59.679163],[11.252058,59.679038],[11.252251,59.678478],[11.252184,59.678272],[11.252213,59.678173],[11.252294,59.678055],[11.252866,59.677578],[11.252739,59.677274],[11.252787,59.677193],[11.252905,59.677101],[11.252933,59.676984],[11.252889,59.676598],[11.252796,59.676546],[11.252707,59.676529],[11.25223,59.676574],[11.252156,59.676521],[11.252114,59.676432],[11.252256,59.67616],[11.252372,59.676041],[11.252508,59.675949],[11.252597,59.675956],[11.252725,59.676008],[11.252814,59.676016],[11.252919,59.675996],[11.253005,59.675949],[11.253052,59.67585],[11.253075,59.67567],[11.253035,59.675599],[11.253051,59.675571],[11.253154,59.675516],[11.253202,59.675443],[11.253229,59.675317],[11.253358,59.675126],[11.253281,59.675037],[11.253173,59.675003],[11.252977,59.674998],[11.252464,59.675033],[11.252359,59.675062],[11.25226,59.675163],[11.252187,59.675137],[11.252098,59.675138],[11.252026,59.675122],[11.252038,59.675041],[11.251832,59.674874],[11.251563,59.674842],[11.251459,59.674871],[11.251356,59.674927],[11.251267,59.674928],[11.251211,59.674893],[11.251226,59.674839],[11.25113,59.674733],[11.251088,59.674644],[11.251119,59.67458],[11.251334,59.674343],[11.251381,59.674244],[11.251412,59.674171],[11.251404,59.674054],[11.251445,59.673874],[11.251562,59.673773],[11.251738,59.673483],[11.25204,59.673217],[11.252222,59.673007],[11.252104,59.672848],[11.251756,59.672683],[11.251699,59.67263],[11.251677,59.672568],[11.251706,59.672468],[11.251552,59.672291],[11.250986,59.672067],[11.250966,59.672032],[11.25098,59.671978],[11.251065,59.671913],[11.25148,59.671753],[11.2516,59.671689],[11.25165,59.671634],[11.251676,59.671499],[11.251776,59.671398],[11.251746,59.67121],[11.25166,59.670996],[11.251499,59.670711],[11.25171,59.670142],[11.251682,59.669998],[11.251729,59.669899],[11.251706,59.669818],[11.251481,59.669642],[11.251371,59.669599],[11.251239,59.669476],[11.250852,59.669267],[11.25051,59.669201],[11.249462,59.66894],[11.249086,59.668893],[11.248551,59.668857],[11.248369,59.668789],[11.248025,59.668696],[11.248059,59.668659],[11.248432,59.668662],[11.248712,59.668603],[11.249314,59.668575],[11.249453,59.668536],[11.249823,59.668485],[11.250037,59.668499],[11.250325,59.668557],[11.250503,59.668563],[11.251917,59.668476],[11.252989,59.668296],[11.253985,59.668063],[11.254087,59.667999],[11.254136,59.667935],[11.254198,59.667799],[11.254328,59.667617],[11.254413,59.667292],[11.25453,59.667192],[11.25465,59.667118],[11.254944,59.667005],[11.255686,59.666426],[11.256646,59.665915],[11.256908,59.665839],[11.257207,59.665798],[11.257437,59.665794],[11.25767,59.665826],[11.257902,59.665831],[11.258378,59.665796],[11.258588,59.665738],[11.25883,59.665644],[11.259146,59.665585],[11.259337,59.665528],[11.259699,59.66536],[11.260064,59.665246],[11.260238,59.665198],[11.260449,59.665167],[11.260641,59.66511],[11.261052,59.664887],[11.261389,59.664882],[11.26153,59.664861],[11.261727,59.664894],[11.261832,59.664874],[11.261952,59.664809],[11.262201,59.664553],[11.262266,59.664462],[11.262277,59.664363],[11.262327,59.664317],[11.262379,59.66429],[11.262625,59.664249],[11.262757,59.664112],[11.262812,59.663869],[11.262891,59.663724],[11.262898,59.663562],[11.262817,59.66315],[11.262737,59.663026],[11.262532,59.662868],[11.262096,59.662471],[11.261969,59.662419],[11.261788,59.662377],[11.261715,59.662343],[11.261657,59.662281],[11.261165,59.662092],[11.261021,59.662058],[11.260755,59.662063],[11.260397,59.662015],[11.26034,59.661962],[11.260313,59.661828],[11.26055,59.661662],[11.260739,59.66156],[11.261067,59.661429],[11.261187,59.661364],[11.261777,59.660886],[11.261881,59.660849],[11.262092,59.660818],[11.262755,59.660654],[11.263011,59.660497],[11.263111,59.660405],[11.263223,59.660224],[11.263372,59.660068],[11.263426,59.660076],[11.263464,59.660112],[11.26345,59.660166],[11.263564,59.660272],[11.26399,59.660534],[11.264173,59.660612],[11.264569,59.660694],[11.264714,59.660746],[11.265211,59.660998],[11.265319,59.661032],[11.265442,59.661012],[11.265475,59.660966],[11.265459,59.660733],[11.265526,59.660669],[11.265484,59.660571],[11.265404,59.660446],[11.265294,59.660394],[11.26514,59.660218],[11.265253,59.660054],[11.265233,59.660018],[11.265194,59.659965],[11.265032,59.659932],[11.26492,59.659853],[11.26483,59.659828],[11.264741,59.659829],[11.264673,59.659866],[11.264566,59.659868],[11.264475,59.659834],[11.264381,59.659745],[11.264261,59.659559],[11.26425,59.659128],[11.264177,59.659102],[11.264106,59.659103],[11.263774,59.659172],[11.263618,59.659229],[11.263547,59.65923],[11.263227,59.658966],[11.263241,59.658903],[11.26322,59.658858],[11.263131,59.658851],[11.263079,59.65887],[11.262934,59.658836],[11.26224,59.658273],[11.261802,59.657841],[11.260125,59.656657],[11.260033,59.656605],[11.259888,59.656562],[11.259568,59.656559],[11.259511,59.656506],[11.259561,59.65646],[11.259701,59.656431],[11.26021,59.656341],[11.260386,59.65632],[11.260511,59.656327],[11.26062,59.65637],[11.260717,59.656485],[11.261007,59.656579],[11.261139,59.656684],[11.261414,59.656814],[11.261747,59.657024],[11.262039,59.657145],[11.262564,59.657289],[11.2637,59.657556],[11.263842,59.657554],[11.263965,59.657534],[11.264277,59.657421],[11.264492,59.657453],[11.264632,59.657414],[11.264572,59.657326],[11.264604,59.657271],[11.264774,59.657152],[11.264659,59.657028],[11.264458,59.656941],[11.264077,59.656831],[11.263881,59.656808],[11.26365,59.656812],[11.26344,59.65686],[11.263052,59.656894],[11.262871,59.656843],[11.26249,59.656724],[11.262307,59.656637],[11.262231,59.656567],[11.262009,59.656436],[11.261811,59.656394],[11.261678,59.656262],[11.261651,59.656127],[11.261541,59.656067],[11.261272,59.656026],[11.261161,59.655956],[11.260967,59.655717],[11.2609,59.655521],[11.260927,59.655394],[11.261064,59.655311],[11.261366,59.655054],[11.261379,59.654982],[11.261353,59.654857],[11.260939,59.654253],[11.260847,59.653931],[11.260622,59.653756],[11.260614,59.653639],[11.260797,59.653456],[11.261038,59.653353],[11.261105,59.65328],[11.261483,59.653103],[11.261606,59.653083],[11.26177,59.653143],[11.261858,59.653133],[11.261962,59.653095],[11.262081,59.653021],[11.262247,59.652847],[11.263436,59.652315],[11.263846,59.652083],[11.264031,59.651936],[11.264132,59.651845],[11.264206,59.651628],[11.264176,59.651449],[11.264136,59.651386],[11.264151,59.651341],[11.264357,59.651239],[11.264439,59.65113],[11.264721,59.649795],[11.26484,59.649712],[11.264987,59.649521],[11.265212,59.649436],[11.265407,59.649433],[11.265458,59.649405],[11.265473,59.649369],[11.265362,59.64929],[11.265252,59.649247],[11.265153,59.649087],[11.265124,59.648665],[11.265014,59.648344],[11.264933,59.648202],[11.264982,59.648129],[11.264943,59.648076],[11.26458,59.647965],[11.264517,59.647813],[11.264676,59.647541],[11.264647,59.64738],[11.264748,59.647037],[11.264687,59.646921],[11.264436,59.64662],[11.26455,59.646465],[11.264435,59.646333],[11.264429,59.645991],[11.264372,59.645669],[11.264418,59.64556],[11.264609,59.645503],[11.264727,59.645411],[11.264668,59.645323],[11.264867,59.644852],[11.264862,59.644771],[11.264551,59.644372],[11.264559,59.644228],[11.264518,59.644148],[11.264223,59.643983],[11.264198,59.643875],[11.264213,59.64383],[11.264174,59.643786],[11.264102,59.643769],[11.264018,59.643834],[11.26393,59.643844],[11.263821,59.64381],[11.26378,59.64373],[11.263695,59.643516],[11.263666,59.643355],[11.263725,59.643183],[11.263807,59.643074],[11.264009,59.642908],[11.263646,59.642937],[11.263456,59.643259],[11.263376,59.643809],[11.263471,59.644175],[11.262873,59.644222],[11.263376,59.644581],[11.263496,59.644777],[11.263448,59.644859],[11.263567,59.645045],[11.263574,59.645144],[11.263508,59.645217],[11.263352,59.645282],[11.263195,59.645321],[11.262753,59.645347],[11.262649,59.645384],[11.262617,59.64543],[11.262729,59.645509],[11.262679,59.645563],[11.262718,59.645617],[11.262791,59.645651],[11.263129,59.645664],[11.263385,59.645767],[11.263426,59.645847],[11.263565,59.64659],[11.263748,59.646937],[11.263696,59.647226],[11.263583,59.647389],[11.263609,59.647506],[11.263709,59.647675],[11.2637,59.64807],[11.263802,59.648796],[11.263714,59.649067],[11.263594,59.649132],[11.263242,59.649183],[11.262711,59.649201],[11.262222,59.649317],[11.261945,59.649421],[11.261821,59.649423],[11.261713,59.649398],[11.261608,59.649418],[11.261302,59.649621],[11.261181,59.649677],[11.261005,59.649689],[11.260656,59.649776],[11.260363,59.649906],[11.260187,59.649936],[11.260044,59.649921],[11.258302,59.65014],[11.258142,59.650133],[11.257618,59.649999],[11.257174,59.649988],[11.25654,59.650071],[11.256278,59.650138],[11.255749,59.650174],[11.255465,59.650179],[11.254802,59.650092],[11.252638,59.649581],[11.252347,59.649478],[11.252217,59.649391],[11.252002,59.64935],[11.251502,59.649313],[11.251144,59.649265],[11.249457,59.648989],[11.249061,59.648897],[11.248967,59.648827],[11.248805,59.648785],[11.248662,59.648778],[11.248521,59.648789],[11.248138,59.648895],[11.247891,59.648926],[11.247325,59.648945],[11.245895,59.648799],[11.245161,59.648694],[11.244694,59.648613],[11.244073,59.648614],[11.243769,59.648592],[11.24325,59.64852],[11.243038,59.648533],[11.242827,59.648573],[11.242568,59.648667],[11.242278,59.648852],[11.242174,59.648889],[11.241648,59.648979],[11.241458,59.649054],[11.240874,59.649352],[11.240554,59.649609],[11.240373,59.649827],[11.24022,59.64992],[11.240035,59.650076],[11.239748,59.650557],[11.239736,59.650656],[11.239642,59.650837],[11.239688,59.650998],[11.239642,59.651106],[11.2397,59.651177],[11.239707,59.651276],[11.239467,59.651945],[11.239185,59.652237],[11.238554,59.652356],[11.23845,59.652393],[11.238015,59.652796],[11.237171,59.653448],[11.237005,59.653622],[11.236974,59.653685],[11.236768,59.653788],[11.236645,59.653799],[11.236369,59.653929],[11.236246,59.653949],[11.236075,59.654042],[11.235923,59.654152],[11.235622,59.654436],[11.235392,59.654718],[11.2354,59.654835],[11.23544,59.654906],[11.235627,59.655047],[11.235747,59.655242],[11.23577,59.655332],[11.235739,59.655395],[11.235555,59.65556],[11.235482,59.655534],[11.235546,59.655434],[11.235541,59.655354],[11.235461,59.65522],[11.235335,59.655195],[11.235086,59.655191],[11.234956,59.655094],[11.234883,59.655068],[11.234777,59.655079],[11.234468,59.655228],[11.23431,59.655258],[11.234225,59.655322],[11.234129,59.655476],[11.23373,59.655609],[11.233611,59.655701],[11.233547,59.655801],[11.233554,59.655908],[11.233489,59.65599],[11.233334,59.656065],[11.233252,59.656174],[11.233192,59.656337],[11.233036,59.656393],[11.232594,59.656679],[11.232404,59.656754],[11.23193,59.656834],[11.231843,59.656872],[11.231317,59.657231],[11.230955,59.657399],[11.23071,59.657448],[11.230574,59.65754],[11.230436,59.657605],[11.23028,59.657653],[11.229963,59.657694],[11.229556,59.657989],[11.229431,59.657973],[11.229357,59.657929],[11.229337,59.657885],[11.229207,59.657806],[11.229064,59.65779],[11.228994,59.65781],[11.228859,59.657911],[11.228787,59.657903],[11.228694,59.657824],[11.228546,59.657745],[11.228475,59.657738],[11.228387,59.657757],[11.228319,59.657803],[11.22819,59.657994],[11.228088,59.658328],[11.228112,59.658426],[11.228054,59.658616],[11.227952,59.65869],[11.227861,59.658655],[11.227821,59.658584],[11.227691,59.658496],[11.227562,59.658436],[11.227456,59.658429],[11.227211,59.658487],[11.22709,59.658543],[11.226992,59.65867],[11.226922,59.65868],[11.226849,59.658654],[11.226772,59.658566],[11.22669,59.658397],[11.226636,59.65838],[11.226547,59.65839],[11.226415,59.658536],[11.22641,59.658725],[11.226249,59.658979],[11.226113,59.659062],[11.225937,59.659083],[11.225394,59.6592],[11.225349,59.659318],[11.225512,59.659369],[11.225645,59.659501],[11.225638,59.659672],[11.225507,59.660106],[11.225371,59.660189],[11.225021,59.660267],[11.224682,59.660236],[11.224461,59.660123],[11.224024,59.659951],[11.223499,59.659807],[11.223266,59.659766],[11.222716,59.659776],[11.22247,59.659816],[11.222027,59.659823],[11.221119,59.659794],[11.220441,59.659733],[11.219549,59.659676],[11.217547,59.659468],[11.215565,59.659286],[11.21428,59.659191],[11.213743,59.659119],[11.213369,59.659098],[11.213189,59.659056],[11.212986,59.658952],[11.212626,59.658877],[11.211455,59.658888],[11.211292,59.658828],[11.211059,59.658805],[11.210688,59.65882],[11.210348,59.65879],[11.209954,59.658734],[11.209737,59.658665],[11.209289,59.65861],[11.209004,59.658597],[11.208914,59.658572],[11.208839,59.658519],[11.2088,59.658457],[11.20879,59.658313],[11.208484,59.657968],[11.208337,59.657899],[11.208175,59.657865],[11.208027,59.657778],[11.207793,59.657719],[11.207488,59.65767],[11.20731,59.657664],[11.207166,59.657631],[11.206874,59.657519],[11.206696,59.657504],[11.206465,59.657508],[11.206392,59.657482],[11.206,59.657462],[11.205839,59.657438],[11.20562,59.657351],[11.205447,59.657148],[11.205336,59.657069],[11.205245,59.657043],[11.205139,59.657054],[11.20507,59.657082],[11.204971,59.657201],[11.204798,59.657257],[11.204529,59.657217],[11.204363,59.65713],[11.204251,59.657042],[11.204123,59.656981],[11.203851,59.656896],[11.203618,59.656855],[11.203466,59.656714],[11.203357,59.656671],[11.203123,59.656621],[11.203102,59.656567],[11.203195,59.656368],[11.203202,59.656206],[11.203123,59.656091],[11.203029,59.656003],[11.203139,59.655785],[11.203147,59.655632],[11.203088,59.655552],[11.203084,59.65549],[11.203011,59.655455],[11.202922,59.655456],[11.2028,59.655485],[11.202646,59.655569],[11.202476,59.655698],[11.202394,59.655789],[11.202156,59.655954],[11.201139,59.656412],[11.201034,59.65644],[11.20091,59.656442],[11.200748,59.6564],[11.200343,59.656452],[11.200014,59.656583],[11.199925,59.656576],[11.199744,59.656525],[11.198167,59.656569],[11.197774,59.65654],[11.197164,59.656442],[11.196702,59.656423],[11.19645,59.656373],[11.195886,59.656167],[11.195636,59.656136],[11.195336,59.656177],[11.195197,59.656215],[11.194861,59.656238],[11.194361,59.656193],[11.194021,59.656145],[11.19381,59.656175],[11.193667,59.65616],[11.193082,59.6559],[11.192669,59.655826],[11.192371,59.655894],[11.192213,59.655914],[11.191522,59.655935],[11.191293,59.655966],[11.191169,59.655968],[11.190793,59.655911],[11.190504,59.655844],[11.190006,59.655817],[11.189687,59.655831],[11.189523,59.655762],[11.189535,59.655672],[11.189439,59.655566],[11.189295,59.655532],[11.1891,59.655544],[11.188385,59.655466],[11.188072,59.65557],[11.187948,59.655572],[11.187697,59.655532],[11.187487,59.655571],[11.187167,59.655567],[11.187009,59.655597],[11.186044,59.655496],[11.185743,59.655501],[11.184853,59.655462],[11.184333,59.65539],[11.1839,59.655281],[11.183445,59.655108],[11.183205,59.65496],[11.183014,59.654756],[11.18285,59.654696],[11.182473,59.654622],[11.182081,59.654601],[11.18181,59.654534],[11.181628,59.654465],[11.181273,59.654183],[11.180848,59.653939],[11.18063,59.653862],[11.180306,59.653777],[11.179997,59.653666],[11.179756,59.653517],[11.178446,59.653018],[11.178194,59.652968],[11.178013,59.652908],[11.177554,59.652673],[11.177165,59.652428],[11.176792,59.652147],[11.176542,59.651846],[11.176091,59.651467],[11.175833,59.65131],[11.175449,59.651145],[11.175352,59.651021],[11.175225,59.650969],[11.175045,59.650927],[11.174785,59.650752],[11.174548,59.650657],[11.174114,59.650539],[11.173817,59.650337],[11.173757,59.65023],[11.173629,59.650178],[11.172461,59.649946],[11.17206,59.649791],[11.172191,59.652358],[11.172246,59.652384],[11.172378,59.652508],[11.172382,59.65257],[11.172421,59.652624],[11.172549,59.652675],[11.172832,59.652671],[11.172959,59.652705],[11.173257,59.652924],[11.173368,59.652994],[11.173495,59.653037],[11.173884,59.653291],[11.174093,59.653494],[11.174116,59.653584],[11.174085,59.653647],[11.174104,59.653674],[11.174285,59.653716],[11.174304,59.653742],[11.174235,59.65377],[11.174281,59.653931],[11.174221,59.654103],[11.17426,59.654156],[11.174482,59.654305],[11.174804,59.654345],[11.174988,59.654441],[11.175134,59.654492],[11.175277,59.654517],[11.175401,59.654515],[11.175457,59.654559],[11.175443,59.654613],[11.175541,59.654764],[11.175676,59.654923],[11.17597,59.65508],[11.176152,59.65514],[11.176385,59.655172],[11.17671,59.655265],[11.176804,59.655345],[11.17757,59.655664],[11.17784,59.655714],[11.178088,59.655719],[11.178286,59.655751],[11.179162,59.656163],[11.179355,59.656353],[11.179559,59.656503],[11.180632,59.656889],[11.180791,59.656877],[11.181104,59.656782],[11.181744,59.65652],[11.181815,59.656528],[11.181921,59.656517],[11.181988,59.656453],[11.182577,59.656228],[11.182736,59.656216],[11.182897,59.65624],[11.183008,59.656301],[11.183427,59.656474],[11.183751,59.656532],[11.18409,59.656571],[11.184357,59.656576],[11.184619,59.656517],[11.184706,59.656489],[11.184702,59.656417],[11.184841,59.65637],[11.18493,59.656386],[11.185063,59.65651],[11.185458,59.656584],[11.18581,59.656533],[11.186,59.656458],[11.186213,59.656455],[11.186445,59.656478],[11.186536,59.656512],[11.186841,59.656552],[11.186897,59.656596],[11.187555,59.656621],[11.188751,59.656727],[11.189075,59.656793],[11.189484,59.656804],[11.189731,59.656773],[11.190231,59.656819],[11.190441,59.656779],[11.190585,59.656813],[11.19071,59.65682],[11.190886,59.656799],[11.191066,59.656832],[11.19127,59.656972],[11.191523,59.65704],[11.191842,59.657034],[11.192113,59.657102],[11.192467,59.657087],[11.192791,59.657153],[11.193039,59.657149],[11.193254,59.657182],[11.193697,59.657165],[11.193943,59.657125],[11.194377,59.656983],[11.194483,59.656972],[11.194717,59.657013],[11.195324,59.657066],[11.195505,59.657126],[11.196097,59.657215],[11.196221,59.657213],[11.196474,59.65728],[11.19685,59.657328],[11.197212,59.657448],[11.197415,59.657561],[11.1977,59.657565],[11.197843,59.65759],[11.198063,59.657694],[11.198137,59.657747],[11.198142,59.657818],[11.198108,59.658115],[11.198023,59.658171],[11.197991,59.658225],[11.19798,59.658324],[11.198021,59.658404],[11.198151,59.658501],[11.198278,59.658544],[11.19835,59.65856],[11.198472,59.658522],[11.19856,59.658512],[11.198614,59.65852],[11.198653,59.658564],[11.198549,59.65888],[11.198338,59.659189],[11.198191,59.659372],[11.197806,59.659737],[11.197759,59.659837],[11.197817,59.659899],[11.197907,59.659924],[11.198172,59.659902],[11.198433,59.659826],[11.198605,59.659733],[11.198817,59.65972],[11.199079,59.659662],[11.199165,59.659607],[11.199196,59.659543],[11.199249,59.659273],[11.199319,59.659254],[11.199444,59.65927],[11.199554,59.659313],[11.199679,59.659329],[11.199856,59.659326],[11.200206,59.659239],[11.200447,59.659136],[11.200761,59.65905],[11.201189,59.659079],[11.20163,59.659035],[11.201825,59.659032],[11.202004,59.659056],[11.202098,59.659135],[11.202568,59.659253],[11.20271,59.65926],[11.202885,59.659212],[11.203145,59.659118],[11.203317,59.659034],[11.203572,59.658868],[11.203654,59.658768],[11.203665,59.65866],[11.203622,59.658544],[11.203599,59.658203],[11.203614,59.658158],[11.203667,59.658148],[11.203721,59.658165],[11.203796,59.658226],[11.203886,59.658243],[11.203959,59.658278],[11.204075,59.658419],[11.204207,59.658534],[11.204464,59.658664],[11.204862,59.658783],[11.205332,59.658901],[11.2056,59.658933],[11.205746,59.658993],[11.206338,59.659082],[11.206772,59.659209],[11.207256,59.659273],[11.207455,59.659342],[11.20767,59.659365],[11.207792,59.659336],[11.208078,59.659367],[11.208368,59.659452],[11.208496,59.659504],[11.208571,59.659565],[11.208644,59.659591],[11.208927,59.659586],[11.209018,59.659621],[11.209038,59.659647],[11.209181,59.659672],[11.20943,59.659677],[11.209912,59.659714],[11.210717,59.659808],[11.21136,59.65986],[11.211559,59.659928],[11.211648,59.659927],[11.211717,59.65989],[11.211859,59.659887],[11.212024,59.659965],[11.212575,59.659983],[11.212757,59.660052],[11.213366,59.66014],[11.213597,59.660136],[11.213618,59.66019],[11.213782,59.66025],[11.214139,59.66028],[11.214261,59.660251],[11.214364,59.660186],[11.21477,59.660153],[11.215825,59.66027],[11.216127,59.660273],[11.216309,59.660333],[11.216757,59.660406],[11.216974,59.660466],[11.21753,59.660546],[11.218811,59.660587],[11.219225,59.660679],[11.22105,59.660891],[11.221284,59.660941],[11.221521,59.661027],[11.221723,59.661131],[11.221798,59.661192],[11.22182,59.661255],[11.221893,59.66129],[11.222052,59.661278],[11.222717,59.661401],[11.223185,59.661501],[11.223457,59.661578],[11.224209,59.661951],[11.224334,59.661958],[11.224456,59.66192],[11.224615,59.661908],[11.225258,59.661969],[11.225547,59.662045],[11.226148,59.662269],[11.226169,59.662322],[11.226283,59.662428],[11.22641,59.662471],[11.226517,59.662478],[11.22664,59.662458],[11.22673,59.662474],[11.226768,59.662519],[11.226754,59.662573],[11.22667,59.662646],[11.226659,59.662754],[11.226574,59.662809],[11.226544,59.662882],[11.226568,59.66298],[11.226741,59.663184],[11.226941,59.663252],[11.227084,59.663268],[11.227189,59.663248],[11.22736,59.663146],[11.227578,59.662954],[11.227631,59.662953],[11.227762,59.663041],[11.227763,59.663068],[11.227712,59.663095],[11.227696,59.663132],[11.227717,59.663176],[11.227828,59.663246],[11.227851,59.663318],[11.227999,59.663414],[11.228038,59.663467],[11.227954,59.663531],[11.227931,59.663729],[11.228012,59.663872],[11.228158,59.663932],[11.228181,59.664004],[11.22813,59.664041],[11.227888,59.664143],[11.22777,59.664235],[11.227738,59.66429],[11.22778,59.664397],[11.227672,59.664641],[11.227664,59.664785],[11.227725,59.66517],[11.227563,59.665407],[11.227486,59.665579],[11.227241,59.665906],[11.227166,59.666114],[11.227243,59.666194],[11.227391,59.66629],[11.227648,59.66642],[11.227757,59.666454],[11.227814,59.666507],[11.227855,59.666596],[11.22772,59.666697],[11.227597,59.666718],[11.22745,59.666648],[11.227374,59.66656],[11.227265,59.666526],[11.227196,59.666563],[11.227132,59.666672],[11.226689,59.666949],[11.226395,59.66707],[11.226307,59.667081],[11.226181,59.667047],[11.225849,59.667134],[11.225679,59.667253],[11.225525,59.667606],[11.225568,59.667713],[11.225553,59.667758],[11.225432,59.667805],[11.225279,59.668176],[11.225162,59.668295],[11.22511,59.668314],[11.224966,59.66828],[11.224755,59.668041],[11.224729,59.667925],[11.224881,59.667806],[11.224943,59.66767],[11.224748,59.667404],[11.224693,59.667378],[11.224586,59.667361],[11.224339,59.667384],[11.22377,59.667375],[11.223464,59.667309],[11.223336,59.667257],[11.223149,59.667125],[11.22311,59.667063],[11.223125,59.667018],[11.223067,59.666956],[11.222864,59.666843],[11.222806,59.666763],[11.222569,59.666668],[11.222481,59.666688],[11.222222,59.6668],[11.222192,59.666872],[11.222141,59.666909],[11.222071,59.666928],[11.221946,59.666921],[11.221871,59.666851],[11.221762,59.666817],[11.221655,59.666809],[11.22153,59.666811],[11.221308,59.666932],[11.221095,59.666936],[11.221009,59.666982],[11.220521,59.667116],[11.220434,59.667153],[11.220322,59.667326],[11.220184,59.667391],[11.220135,59.667464],[11.220158,59.667544],[11.220235,59.667624],[11.220287,59.667884],[11.220264,59.668064],[11.220286,59.668135],[11.220456,59.668285],[11.220567,59.668346],[11.220675,59.668371],[11.220781,59.66836],[11.221095,59.668283],[11.221167,59.6683],[11.221441,59.668412],[11.221847,59.668648],[11.221924,59.668727],[11.221948,59.668826],[11.221901,59.668916],[11.221949,59.669104],[11.222041,59.669156],[11.222131,59.669182],[11.222238,59.669189],[11.222349,59.66925],[11.22233,59.669493],[11.222593,59.669722],[11.222658,59.669892],[11.222614,59.670036],[11.222563,59.670064],[11.222492,59.670074],[11.22226,59.67006],[11.222152,59.670035],[11.221799,59.669798],[11.221584,59.669766],[11.221392,59.669823],[11.221361,59.669886],[11.221207,59.66997],[11.221015,59.670027],[11.220892,59.670047],[11.220841,59.670075],[11.220809,59.670129],[11.220846,59.670156],[11.220918,59.670164],[11.220973,59.67019],[11.221012,59.670243],[11.221043,59.670449],[11.221155,59.670528],[11.221158,59.670573],[11.220952,59.670944],[11.220956,59.671016],[11.221032,59.671078],[11.221016,59.671114],[11.220931,59.671169],[11.220903,59.671278],[11.220889,59.67161],[11.220932,59.671726],[11.221266,59.672206],[11.22129,59.672295],[11.221364,59.672339],[11.221454,59.672364],[11.221475,59.672418],[11.221397,59.672841],[11.221317,59.672977],[11.221294,59.673166],[11.221206,59.673177],[11.221152,59.67316],[11.220891,59.672976],[11.220838,59.672977],[11.220683,59.67306],[11.220617,59.673133],[11.220623,59.673223],[11.220521,59.673287],[11.220425,59.673451],[11.220507,59.67362],[11.220656,59.673725],[11.220778,59.673948],[11.220787,59.674091],[11.22089,59.674305],[11.220866,59.674485],[11.220584,59.674786],[11.220259,59.674972],[11.220189,59.674982],[11.220152,59.674964],[11.220128,59.674866],[11.22009,59.674831],[11.22,59.674814],[11.219878,59.674843],[11.219824,59.674835],[11.219751,59.67481],[11.219528,59.674661],[11.219439,59.674653],[11.219386,59.674663],[11.219318,59.674709],[11.219268,59.674755],[11.219273,59.674836],[11.219229,59.674971],[11.219114,59.675108],[11.219273,59.675375],[11.219288,59.67559],[11.219228,59.675762],[11.219094,59.675881],[11.218955,59.675937],[11.218907,59.67601],[11.218735,59.676093],[11.218705,59.676184],[11.218537,59.67633],[11.218469,59.676367],[11.218381,59.676387],[11.218134,59.676409],[11.218017,59.676528],[11.21774,59.676901],[11.217518,59.677039],[11.217345,59.677096],[11.217259,59.677142],[11.217176,59.677234],[11.217145,59.677306],[11.217122,59.677495],[11.217147,59.677593],[11.217093,59.677594],[11.217056,59.677559],[11.216983,59.677533],[11.216948,59.677543],[11.216907,59.677723],[11.216696,59.678032],[11.21672,59.678122],[11.216829,59.678165],[11.216813,59.678192],[11.216779,59.67821],[11.216532,59.678233],[11.216498,59.678269],[11.216485,59.678332],[11.216523,59.678376],[11.216527,59.678439],[11.216498,59.678539],[11.216607,59.678573],[11.216732,59.67858],[11.216769,59.678606],[11.216791,59.678668],[11.216937,59.67872],[11.217231,59.678876],[11.2174,59.679008],[11.217764,59.679146],[11.217981,59.679205],[11.218183,59.679292],[11.218275,59.679344],[11.218427,59.679494],[11.218459,59.679718],[11.218398,59.679863],[11.218251,59.680054],[11.218165,59.6801],[11.217882,59.680114],[11.217726,59.68018],[11.217349,59.680384],[11.216649,59.680548],[11.216325,59.680751],[11.216088,59.680935],[11.216075,59.680998],[11.215978,59.681152],[11.215591,59.681473],[11.215498,59.681682],[11.215521,59.681762],[11.21547,59.68179],[11.215361,59.681765],[11.215298,59.681874],[11.215163,59.681993],[11.215025,59.682049],[11.214975,59.682095],[11.214928,59.682194],[11.214933,59.682275],[11.215087,59.682452],[11.215035,59.682471],[11.214927,59.682455],[11.214822,59.682474],[11.214652,59.682594],[11.214621,59.682658],[11.214665,59.682792],[11.214651,59.682846],[11.214564,59.682874],[11.214422,59.682876],[11.214354,59.682914],[11.214256,59.683041],[11.214169,59.683069],[11.213954,59.683055],[11.213902,59.683065],[11.213869,59.683101],[11.21393,59.683217],[11.214005,59.683279],[11.214115,59.68334],[11.214286,59.6834],[11.214358,59.683515],[11.21447,59.683594],[11.214579,59.683637],[11.214867,59.683695],[11.214905,59.683731],[11.214954,59.683927],[11.215182,59.684427],[11.215238,59.684462],[11.215327,59.684469],[11.21543,59.684423],[11.215484,59.684422],[11.215539,59.684448],[11.215578,59.684501],[11.215743,59.684588],[11.215645,59.684715],[11.215658,59.684913],[11.215764,59.685162],[11.215945,59.685222],[11.216177,59.685236],[11.216251,59.68528],[11.21634,59.685287],[11.216395,59.685313],[11.216381,59.685359],[11.216401,59.685403],[11.216787,59.685594],[11.216914,59.685628],[11.217037,59.685617],[11.217109,59.685625],[11.217382,59.685728],[11.217568,59.685851],[11.21774,59.686036],[11.217725,59.686081],[11.217691,59.6861],[11.217567,59.686102],[11.21743,59.686185],[11.217314,59.686574],[11.217391,59.686671],[11.217414,59.686743],[11.217356,59.686941],[11.217369,59.687148],[11.217225,59.687384],[11.216697,59.687725],[11.216669,59.687833],[11.216618,59.687879],[11.216462,59.687935],[11.216249,59.688208],[11.21618,59.688237],[11.215898,59.688277],[11.21581,59.688279],[11.215487,59.68823],[11.215273,59.688225],[11.214709,59.688288],[11.214478,59.688301],[11.214321,59.688331],[11.213275,59.688375],[11.212927,59.68848],[11.212859,59.688526],[11.212828,59.688599],[11.212888,59.688975],[11.212909,59.689019],[11.212982,59.689054],[11.213091,59.689088],[11.213501,59.689108],[11.213717,59.68915],[11.213826,59.689184],[11.214066,59.689323],[11.214266,59.689383],[11.214532,59.689378],[11.215158,59.689449],[11.215196,59.689484],[11.215205,59.689609],[11.215116,59.689889],[11.215154,59.689925],[11.215192,59.689951],[11.215245,59.68995],[11.215577,59.689864],[11.215649,59.68988],[11.215651,59.689907],[11.215511,59.689946],[11.215409,59.690019],[11.215026,59.690143],[11.214976,59.690188],[11.214882,59.690378],[11.214921,59.690432],[11.215013,59.690484],[11.215141,59.690527],[11.215197,59.690571],[11.215219,59.690633],[11.215176,59.690796],[11.215044,59.690951],[11.215152,59.691236],[11.215109,59.69139],[11.215128,59.691686],[11.215159,59.691874],[11.215246,59.692115],[11.215067,59.69237],[11.215072,59.69245],[11.215152,59.692575],[11.215245,59.692636],[11.215235,59.692762],[11.215334,59.692922],[11.215461,59.692947],[11.2158,59.692968],[11.215926,59.692993],[11.216,59.693037],[11.216114,59.69316],[11.216261,59.693499],[11.216269,59.693885],[11.216083,59.694032],[11.216091,59.694149],[11.216211,59.694353],[11.216229,59.694623],[11.216268,59.694676],[11.216223,59.694802],[11.21612,59.694858],[11.216106,59.694921],[11.216109,59.694966],[11.216188,59.695081],[11.215719,59.695512],[11.21537,59.695886],[11.21524,59.696068],[11.215215,59.696221],[11.215265,59.696436],[11.215256,59.69657],[11.21519,59.696652],[11.215176,59.696716],[11.21529,59.696821],[11.215364,59.697126],[11.215536,59.697311],[11.215664,59.697372],[11.215687,59.697452],[11.215674,59.697516],[11.21547,59.697663],[11.215427,59.697816],[11.215419,59.698239],[11.215472,59.698498],[11.215564,59.69855],[11.215522,59.698722],[11.215405,59.698823],[11.215439,59.699083],[11.215374,59.699165],[11.215377,59.699479],[11.21542,59.699586],[11.215513,59.699656],[11.215659,59.699717],[11.215766,59.699715],[11.21582,59.699732],[11.215851,59.699938],[11.215917,59.700117],[11.215991,59.700169],[11.216015,59.700259],[11.215862,59.700369],[11.215783,59.700514],[11.215613,59.700625],[11.214813,59.700899],[11.214623,59.700983],[11.214469,59.701075],[11.214331,59.70141],[11.214376,59.701544],[11.214563,59.701684],[11.214608,59.701836],[11.214686,59.701943],[11.214948,59.702136],[11.214955,59.702244],[11.214787,59.70239],[11.2147,59.702688],[11.21455,59.702843],[11.214447,59.702899],[11.214381,59.702963],[11.214388,59.703071],[11.214339,59.703135],[11.214272,59.703198],[11.213894,59.703403],[11.213778,59.703521],[11.213747,59.703594],[11.213514,59.703831],[11.213393,59.703896],[11.213219,59.703944],[11.212898,59.704201],[11.212782,59.704329],[11.212672,59.704546],[11.212631,59.704726],[11.212038,59.705446],[11.211715,59.705937],[11.211598,59.706316],[11.211581,59.706595],[11.211741,59.70687],[11.211948,59.707038],[11.212113,59.707116],[11.212639,59.707277],[11.213232,59.707366],[11.213607,59.707396],[11.213891,59.707391],[11.214158,59.707404],[11.214211,59.707386],[11.214265,59.707403],[11.214232,59.707448],[11.214298,59.707636],[11.214253,59.707753],[11.214132,59.707818],[11.214085,59.7079],[11.214066,59.708161],[11.21411,59.708286],[11.214119,59.70842],[11.214291,59.708597],[11.214383,59.708658],[11.214475,59.708693],[11.214563,59.708682],[11.214649,59.708645],[11.215142,59.708565],[11.215302,59.708562],[11.215582,59.708503],[11.216033,59.708334],[11.216156,59.708305],[11.216194,59.70834],[11.2162,59.708439],[11.216153,59.70853],[11.21598,59.708604],[11.215315,59.709038],[11.215112,59.709194],[11.214948,59.709403],[11.214709,59.709542],[11.214678,59.709614],[11.214667,59.709722],[11.214744,59.709811],[11.214909,59.70988],[11.215335,59.710142],[11.21543,59.71024],[11.215472,59.710338],[11.215341,59.710771],[11.215159,59.710981],[11.215038,59.711028],[11.21494,59.711155],[11.214838,59.711229],[11.214735,59.711293],[11.214596,59.711341],[11.214386,59.71138],[11.214155,59.711384],[11.213624,59.711429],[11.213232,59.711409],[11.212435,59.711467],[11.21199,59.711456],[11.211811,59.711432],[11.211299,59.711486],[11.210732,59.711513],[11.210574,59.711543],[11.210127,59.711775],[11.209953,59.711832],[11.209546,59.712135],[11.208641,59.712968],[11.207959,59.71342],[11.207356,59.713717],[11.207114,59.713811],[11.20578,59.714085],[11.205585,59.714097],[11.20527,59.714166],[11.204143,59.714328],[11.203651,59.714426],[11.203439,59.714439],[11.203263,59.714478],[11.203143,59.714534],[11.203026,59.714661],[11.202871,59.714736],[11.203,59.714806],[11.203145,59.714839],[11.203289,59.714863],[11.203536,59.714841],[11.203786,59.714855],[11.204131,59.714957],[11.204274,59.714982],[11.204471,59.714996],[11.205253,59.714983],[11.20536,59.71499],[11.205666,59.715057],[11.206002,59.715016],[11.206773,59.715119],[11.207007,59.715169],[11.207396,59.715396],[11.207758,59.715498],[11.207865,59.715496],[11.20797,59.715468],[11.208272,59.715193],[11.208466,59.715172],[11.208657,59.715097],[11.208954,59.71502],[11.209042,59.715009],[11.209523,59.715028],[11.209778,59.715114],[11.20987,59.715166],[11.209947,59.715246],[11.210056,59.715289],[11.210131,59.71535],[11.210268,59.715537],[11.210416,59.715624],[11.210455,59.715668],[11.210527,59.715963],[11.210608,59.716115],[11.210755,59.716175],[11.211153,59.716285],[11.211404,59.716317],[11.21151,59.716306],[11.211716,59.716186],[11.211805,59.716184],[11.212166,59.716268],[11.212299,59.716401],[11.21234,59.71649],[11.212602,59.716683],[11.212711,59.716708],[11.212782,59.716707],[11.212851,59.716679],[11.21305,59.716469],[11.213188,59.716395],[11.213414,59.716319],[11.213429,59.716274],[11.21363,59.716091],[11.213803,59.716025],[11.214196,59.715506],[11.214298,59.715442],[11.214507,59.715375],[11.214721,59.715381],[11.215126,59.71532],[11.215249,59.715291],[11.215421,59.715207],[11.215509,59.715197],[11.215763,59.715273],[11.215975,59.715512],[11.216486,59.715719],[11.216616,59.71582],[11.216533,59.71588],[11.216502,59.715953],[11.216293,59.716028],[11.216247,59.716137],[11.216346,59.716288],[11.216637,59.716382],[11.216694,59.716443],[11.216765,59.716442],[11.216856,59.716468],[11.216916,59.716574],[11.216874,59.716737],[11.217055,59.717327],[11.216835,59.71831],[11.216785,59.718355],[11.216742,59.718509],[11.216763,59.718553],[11.216979,59.718603],[11.216986,59.718702],[11.216918,59.718748],[11.216739,59.718733],[11.216515,59.718845],[11.216375,59.718874],[11.216323,59.718902],[11.216308,59.718938],[11.216294,59.718992],[11.21636,59.71918],[11.216391,59.719386],[11.216472,59.719537],[11.216498,59.719654],[11.216538,59.719725],[11.216785,59.719963],[11.216826,59.720052],[11.216813,59.720115],[11.216599,59.72038],[11.216505,59.72057],[11.216308,59.720825],[11.216085,59.720945],[11.215786,59.720995],[11.2157,59.721042],[11.2156,59.721142],[11.21553,59.721152],[11.21533,59.721093],[11.215224,59.721103],[11.215155,59.721132],[11.214747,59.721426],[11.214283,59.721658],[11.213925,59.721898],[11.21373,59.72218],[11.213686,59.722315],[11.213496,59.722399],[11.213394,59.722482],[11.213116,59.722567],[11.212797,59.722591],[11.2125,59.722676],[11.212041,59.722729],[11.211937,59.722767],[11.211959,59.722829],[11.212095,59.723007],[11.21208,59.723312],[11.212136,59.723365],[11.212196,59.723463],[11.212181,59.723499],[11.212238,59.723561],[11.212224,59.723606],[11.212031,59.723655],[11.211946,59.723719],[11.21197,59.723808],[11.212026,59.723852],[11.212029,59.723888],[11.211945,59.72397],[11.211874,59.723963],[11.211686,59.723822],[11.211664,59.723751],[11.211587,59.723662],[11.211496,59.723637],[11.211388,59.723611],[11.211196,59.723669],[11.21084,59.723666],[11.210768,59.723649],[11.21059,59.723643],[11.210346,59.723719],[11.210093,59.723939],[11.209512,59.724299],[11.209415,59.724444],[11.209386,59.724534],[11.209393,59.724642],[11.20957,59.725178],[11.209631,59.725294],[11.20982,59.725452],[11.209967,59.725531],[11.210043,59.725601],[11.210162,59.725788],[11.21015,59.725878],[11.209997,59.725988],[11.209788,59.726055],[11.20972,59.726101],[11.209698,59.726308],[11.209616,59.726408],[11.209389,59.726466],[11.209264,59.726468],[11.208921,59.726393],[11.208401,59.726321],[11.207992,59.726337],[11.207795,59.726313],[11.207689,59.726315],[11.207497,59.726372],[11.207395,59.726454],[11.207182,59.726718],[11.206987,59.727009],[11.206912,59.727217],[11.206809,59.727273],[11.206704,59.727301],[11.206552,59.72743],[11.206521,59.727493],[11.206348,59.727559],[11.206177,59.72767],[11.206079,59.727797],[11.205938,59.728096],[11.206198,59.728262],[11.206258,59.72836],[11.206263,59.728432],[11.206321,59.728512],[11.206471,59.728617],[11.20669,59.728712],[11.20678,59.728719],[11.206892,59.728798],[11.207038,59.729128],[11.207045,59.729236],[11.207216,59.729404],[11.207383,59.7295],[11.20795,59.729742],[11.20833,59.729834],[11.208545,59.729866],[11.208974,59.729886],[11.209292,59.729854],[11.209866,59.729656],[11.21012,59.729463],[11.21019,59.729444],[11.210385,59.729431],[11.210885,59.729459],[11.211255,59.729417],[11.21136,59.729379],[11.211668,59.729203],[11.2121,59.729007],[11.212304,59.728869],[11.21248,59.72883],[11.212533,59.728829],[11.212502,59.728902],[11.212522,59.728937],[11.212653,59.729034],[11.21261,59.729187],[11.212639,59.729357],[11.212571,59.729403],[11.212508,59.729521],[11.21253,59.729584],[11.212661,59.729689],[11.212898,59.729775],[11.213205,59.729842],[11.213436,59.729838],[11.213775,59.729859],[11.213986,59.72982],[11.214175,59.729709],[11.214595,59.729342],[11.214992,59.729156],[11.215077,59.729101],[11.215176,59.728982],[11.215329,59.728881],[11.215399,59.728862],[11.21556,59.728868],[11.215754,59.728838],[11.215841,59.728818],[11.215927,59.728772],[11.216035,59.728788],[11.21613,59.728876],[11.216184,59.728884],[11.216255,59.728883],[11.216446,59.728817],[11.216556,59.72886],[11.216475,59.728987],[11.216337,59.729053],[11.216287,59.729107],[11.216258,59.729207],[11.216377,59.729384],[11.216346,59.729457],[11.216278,59.729512],[11.21614,59.729577],[11.216095,59.729694],[11.215749,59.730113],[11.215563,59.73053],[11.215525,59.730755],[11.215492,59.7308],[11.215404,59.73082],[11.215094,59.730969],[11.21484,59.731171],[11.214775,59.731253],[11.214644,59.731704],[11.214493,59.731832],[11.214463,59.731923],[11.214395,59.731969],[11.214115,59.732036],[11.214044,59.732038],[11.213828,59.732005],[11.213591,59.731911],[11.213482,59.731885],[11.213303,59.731861],[11.213161,59.731873],[11.213091,59.731892],[11.212902,59.731994],[11.212796,59.731996],[11.212622,59.732062],[11.212299,59.732283],[11.212219,59.732419],[11.212234,59.732652],[11.212303,59.732884],[11.212455,59.733035],[11.212621,59.733122],[11.212711,59.733138],[11.213013,59.733124],[11.213082,59.733096],[11.213173,59.733121],[11.21323,59.733183],[11.213285,59.733209],[11.213357,59.733217],[11.213412,59.733243],[11.213469,59.733296],[11.213616,59.733644],[11.213574,59.733806],[11.213584,59.733959],[11.2137,59.734101],[11.213685,59.734137],[11.213463,59.734284],[11.213436,59.73441],[11.213334,59.734484],[11.213209,59.734477],[11.213134,59.734415],[11.213111,59.734344],[11.213138,59.734209],[11.213263,59.733946],[11.213302,59.733739],[11.21327,59.733524],[11.213207,59.733372],[11.212933,59.73326],[11.212663,59.73322],[11.212362,59.733243],[11.211988,59.733231],[11.210572,59.733345],[11.210345,59.733402],[11.210091,59.733604],[11.209949,59.733616],[11.209699,59.733593],[11.209536,59.73356],[11.209315,59.733438],[11.208866,59.733113],[11.208446,59.73294],[11.207794,59.732772],[11.207522,59.732686],[11.207216,59.732638],[11.206733,59.732592],[11.206138,59.732485],[11.205514,59.73246],[11.205374,59.732489],[11.205375,59.732516],[11.20545,59.732568],[11.205668,59.732637],[11.20653,59.732757],[11.207052,59.732856],[11.207293,59.732996],[11.207383,59.733012],[11.207566,59.73309],[11.207623,59.733143],[11.207517,59.733163],[11.20732,59.733139],[11.207214,59.733141],[11.207004,59.733207],[11.206988,59.733225],[11.206933,59.733208],[11.206894,59.733146],[11.206996,59.733072],[11.207008,59.732991],[11.206861,59.732913],[11.206697,59.732862],[11.206535,59.732838],[11.206429,59.73284],[11.206307,59.732877],[11.206253,59.732878],[11.20582,59.732778],[11.205643,59.732799],[11.205488,59.732873],[11.205454,59.732901],[11.20548,59.733017],[11.205465,59.733062],[11.205397,59.733108],[11.205291,59.733119],[11.205275,59.733155],[11.20524,59.733165],[11.205115,59.733149],[11.204904,59.733197],[11.204689,59.733174],[11.204512,59.733177],[11.204282,59.733208],[11.204177,59.733237],[11.204095,59.733337],[11.2041,59.733409],[11.20403,59.733428],[11.203958,59.733411],[11.203798,59.733423],[11.203694,59.733451],[11.203643,59.733497],[11.203583,59.73366],[11.203749,59.734025],[11.203776,59.734169],[11.203773,59.734654],[11.203834,59.734778],[11.203752,59.734888],[11.203726,59.735023],[11.203374,59.735352],[11.203286,59.735363],[11.203164,59.735401],[11.202829,59.735721],[11.202547,59.73604],[11.202557,59.736183],[11.202484,59.736696],[11.202491,59.736813],[11.202427,59.736922],[11.202459,59.737137],[11.202291,59.737293],[11.202289,59.737517],[11.202208,59.737644],[11.202105,59.737709],[11.202001,59.737747],[11.201789,59.737759],[11.201631,59.737798],[11.201259,59.737831],[11.201121,59.737896],[11.201034,59.737915],[11.200731,59.737912],[11.200503,59.737969],[11.200434,59.737997],[11.200333,59.73808],[11.200323,59.738197],[11.200362,59.738259],[11.200508,59.738311],[11.200687,59.738335],[11.201291,59.738306],[11.201522,59.738312],[11.201608,59.738256],[11.201995,59.738196],[11.202191,59.738202],[11.202371,59.738226],[11.202459,59.738215],[11.202528,59.738178],[11.202679,59.738041],[11.203125,59.737782],[11.203324,59.737563],[11.203453,59.737372],[11.203461,59.73721],[11.203492,59.737147],[11.203526,59.737128],[11.203615,59.737127],[11.204645,59.73737],[11.206113,59.737767],[11.206328,59.737791],[11.206599,59.737858],[11.206707,59.737874],[11.206937,59.737852],[11.207006,59.737815],[11.207254,59.737802],[11.207345,59.737828],[11.207495,59.737951],[11.207503,59.738076],[11.207562,59.738156],[11.207568,59.738246],[11.207663,59.738334],[11.207685,59.738397],[11.207551,59.738525],[11.207611,59.738623],[11.207598,59.738704],[11.207702,59.738926],[11.207928,59.739111],[11.207937,59.739246],[11.207827,59.739472],[11.207663,59.739682],[11.207506,59.739729],[11.207452,59.739721],[11.207396,59.739686],[11.207093,59.739673],[11.206893,59.739605],[11.206731,59.73959],[11.206474,59.739468],[11.206312,59.739444],[11.206208,59.739482],[11.206155,59.739482],[11.206101,59.739474],[11.205916,59.73937],[11.205609,59.739294],[11.205181,59.739283],[11.204508,59.739339],[11.204244,59.73938],[11.203473,59.739563],[11.203143,59.739686],[11.202846,59.739763],[11.202597,59.739776],[11.202372,59.739869],[11.202097,59.740018],[11.201674,59.740339],[11.201486,59.740459],[11.201314,59.740552],[11.200847,59.740757],[11.200643,59.740913],[11.200614,59.741013],[11.200581,59.74104],[11.200236,59.741208],[11.200118,59.741317],[11.199938,59.741554],[11.199882,59.741788],[11.199819,59.741915],[11.199494,59.74237],[11.199182,59.742501],[11.199044,59.742575],[11.198961,59.742657],[11.198875,59.742704],[11.198717,59.742742],[11.198617,59.742843],[11.198411,59.742954],[11.197887,59.743106],[11.197517,59.743167],[11.197019,59.743166],[11.196661,59.743136],[11.196263,59.743044],[11.196117,59.742983],[11.19549,59.742931],[11.194983,59.742787],[11.194727,59.742692],[11.194424,59.742679],[11.193895,59.742751],[11.19336,59.742733],[11.193201,59.742763],[11.192951,59.742749],[11.192899,59.742759],[11.192848,59.742795],[11.192874,59.742921],[11.19295,59.743],[11.192937,59.743072],[11.192996,59.743161],[11.193088,59.743205],[11.193267,59.74322],[11.193693,59.743203],[11.194132,59.743106],[11.19424,59.743131],[11.194332,59.743184],[11.194606,59.743287],[11.194933,59.743389],[11.19531,59.743437],[11.195691,59.743538],[11.195924,59.74357],[11.196071,59.74364],[11.196361,59.743725],[11.196544,59.743803],[11.196601,59.743847],[11.19681,59.74405],[11.196851,59.74413],[11.196676,59.744456],[11.196492,59.744639],[11.196399,59.744838],[11.196449,59.745071],[11.196487,59.745106],[11.196873,59.745288],[11.196948,59.74535],[11.196901,59.745441],[11.196831,59.74546],[11.19651,59.745447],[11.196227,59.74547],[11.195859,59.745557],[11.195774,59.745621],[11.19567,59.745668],[11.195586,59.745741],[11.195538,59.745823],[11.19553,59.745975],[11.195464,59.746048],[11.195179,59.746053],[11.195035,59.746029],[11.194822,59.746032],[11.194843,59.746077],[11.194917,59.74612],[11.195062,59.746172],[11.195065,59.746217],[11.195013,59.746227],[11.194922,59.746201],[11.194725,59.746186],[11.194409,59.746246],[11.193942,59.74646],[11.19391,59.746515],[11.193965,59.746541],[11.194197,59.746546],[11.194303,59.746526],[11.194569,59.746512],[11.194638,59.746493],[11.194706,59.746429],[11.194989,59.746416],[11.195297,59.746491],[11.19541,59.746588],[11.195414,59.746651],[11.195644,59.746629],[11.195712,59.746583],[11.195824,59.746384],[11.195978,59.746291],[11.196105,59.746056],[11.196383,59.745961],[11.196469,59.745906],[11.196591,59.745868],[11.19691,59.745845],[11.197,59.74587],[11.197054,59.745869],[11.197124,59.74585],[11.197425,59.745836],[11.197657,59.745572],[11.197688,59.745499],[11.197683,59.745418],[11.197539,59.745133],[11.197426,59.745027],[11.197366,59.74493],[11.197415,59.744866],[11.197554,59.744819],[11.197761,59.744716],[11.197828,59.744652],[11.197961,59.744507],[11.198024,59.744389],[11.198018,59.744299],[11.198101,59.744199],[11.198155,59.744207],[11.198175,59.744242],[11.198451,59.744382],[11.198596,59.744415],[11.198743,59.744493],[11.198944,59.744571],[11.199499,59.744615],[11.199835,59.744592],[11.200399,59.744502],[11.200859,59.744458],[11.201054,59.744446],[11.201233,59.74447],[11.201428,59.744449],[11.201533,59.744429],[11.201653,59.744364],[11.202022,59.744286],[11.20216,59.744221],[11.202406,59.744172],[11.202654,59.744149],[11.202871,59.744209],[11.203055,59.744295],[11.203484,59.744324],[11.203614,59.744403],[11.203861,59.744641],[11.203935,59.744685],[11.204007,59.744702],[11.204311,59.744724],[11.204628,59.744673],[11.205014,59.744586],[11.205245,59.744582],[11.205318,59.744608],[11.205375,59.744661],[11.205502,59.744703],[11.205683,59.744745],[11.205879,59.744751],[11.206182,59.744746],[11.206322,59.744717],[11.206461,59.74466],[11.20663,59.744532],[11.206769,59.744476],[11.206818,59.744412],[11.206888,59.744402],[11.207036,59.74448],[11.207095,59.744569],[11.207151,59.744604],[11.20726,59.744638],[11.207563,59.744642],[11.207792,59.744611],[11.20788,59.744592],[11.207948,59.744546],[11.208116,59.74439],[11.208359,59.744305],[11.20843,59.744304],[11.208509,59.74441],[11.208734,59.744586],[11.208686,59.744677],[11.208447,59.744825],[11.208333,59.744845],[11.208021,59.744841],[11.207814,59.744943],[11.207853,59.744996],[11.207801,59.745015],[11.207692,59.744981],[11.207387,59.744941],[11.207194,59.744981],[11.206711,59.745222],[11.206627,59.745295],[11.206615,59.745385],[11.206395,59.74556],[11.206284,59.745759],[11.206274,59.745885],[11.206228,59.745985],[11.206291,59.746137],[11.20624,59.746173],[11.206244,59.746227],[11.206319,59.746289],[11.206339,59.746324],[11.206322,59.746343],[11.206287,59.746352],[11.206233,59.746344],[11.206051,59.746284],[11.205927,59.746286],[11.205821,59.746297],[11.205506,59.746383],[11.205355,59.746521],[11.205252,59.746576],[11.20517,59.746676],[11.205137,59.746722],[11.205152,59.746816],[11.205039,59.746858],[11.204921,59.746959],[11.204818,59.747015],[11.204669,59.747179],[11.204601,59.747225],[11.204503,59.747361],[11.204545,59.747459],[11.204515,59.747541],[11.204381,59.747669],[11.204353,59.747795],[11.204136,59.748284],[11.204125,59.748374],[11.203883,59.748486],[11.203817,59.748567],[11.203753,59.748676],[11.203701,59.748965],[11.203758,59.749027],[11.204001,59.749193],[11.204232,59.749468],[11.204284,59.749718],[11.204083,59.749901],[11.204115,59.750125],[11.20405,59.750216],[11.20398,59.750227],[11.203747,59.750204],[11.203553,59.750234],[11.203418,59.750353],[11.203405,59.750425],[11.203428,59.750505],[11.203609,59.750547],[11.203779,59.750697],[11.203942,59.750739],[11.204249,59.751066],[11.204415,59.751154],[11.204615,59.751231],[11.204997,59.751341],[11.20557,59.751664],[11.205752,59.751733],[11.206186,59.751833],[11.206534,59.75198],[11.207024,59.752116],[11.207317,59.752246],[11.207392,59.752307],[11.207529,59.752493],[11.207497,59.752548],[11.207377,59.752622],[11.207383,59.752703],[11.207545,59.752727],[11.207709,59.752796],[11.207979,59.752836],[11.208156,59.752824],[11.208313,59.752777],[11.208364,59.75274],[11.208378,59.752677],[11.208497,59.752594],[11.20878,59.752562],[11.209029,59.752558],[11.209262,59.752581],[11.209535,59.752675],[11.209679,59.7527],[11.210233,59.752736],[11.21045,59.752777],[11.211113,59.752846],[11.211291,59.752844],[11.211569,59.752749],[11.211703,59.752612],[11.211825,59.752583],[11.21195,59.75259],[11.212021,59.75258],[11.212342,59.752323],[11.212355,59.752242],[11.21253,59.752203],[11.212561,59.75213],[11.212614,59.752121],[11.212742,59.752172],[11.212849,59.752179],[11.212937,59.752169],[11.21306,59.75214],[11.21332,59.752037],[11.213605,59.752032],[11.213937,59.751946],[11.214226,59.752013],[11.214739,59.751959],[11.214935,59.751956],[11.215116,59.751998],[11.21519,59.752041],[11.215443,59.752109],[11.215653,59.752042],[11.215718,59.751951],[11.215676,59.751853],[11.215977,59.751561],[11.216047,59.751551],[11.216134,59.751513],[11.216277,59.751529],[11.216771,59.751458],[11.216925,59.751356],[11.217006,59.751247],[11.217125,59.751164],[11.217504,59.750969],[11.217554,59.750914],[11.217597,59.750761],[11.217774,59.750471],[11.217866,59.750253],[11.217934,59.750198],[11.218107,59.750133],[11.21814,59.750087],[11.218209,59.750059],[11.218262,59.750049],[11.218371,59.750083],[11.218412,59.750163],[11.218578,59.750259],[11.218794,59.750292],[11.219057,59.750233],[11.219125,59.750178],[11.219233,59.750194],[11.219253,59.75023],[11.21915,59.750295],[11.21916,59.750438],[11.219008,59.750557],[11.219011,59.750611],[11.21905,59.750665],[11.219352,59.750911],[11.219515,59.750962],[11.219761,59.750904],[11.220118,59.750656],[11.220292,59.750599],[11.220626,59.75053],[11.220852,59.750454],[11.221057,59.750316],[11.22126,59.75016],[11.221439,59.749914],[11.221518,59.749752],[11.22168,59.749515],[11.222051,59.749213],[11.222066,59.749167],[11.222312,59.749118],[11.222366,59.749126],[11.222388,59.749189],[11.222532,59.749213],[11.222553,59.749258],[11.22252,59.749303],[11.22271,59.74948],[11.22277,59.749587],[11.222795,59.749685],[11.222749,59.749794],[11.222838,59.750071],[11.222814,59.750251],[11.222651,59.750469],[11.222548,59.750525],[11.22246,59.750535],[11.222409,59.750572],[11.22241,59.750599],[11.222344,59.750672],[11.222259,59.750736],[11.222156,59.750783],[11.222124,59.750837],[11.22215,59.750963],[11.222206,59.750997],[11.222311,59.751238],[11.222298,59.751319],[11.222004,59.75172],[11.222163,59.751968],[11.222193,59.752148],[11.222361,59.75227],[11.222376,59.752486],[11.222506,59.752573],[11.222687,59.752615],[11.222903,59.752926],[11.22294,59.753213],[11.222899,59.753402],[11.222922,59.753474],[11.223073,59.753597],[11.223114,59.753686],[11.22311,59.753893],[11.222994,59.75402],[11.222751,59.754123],[11.222669,59.754223],[11.222708,59.754277],[11.222713,59.754349],[11.222558,59.754432],[11.222275,59.754724],[11.222213,59.754869],[11.222194,59.755112],[11.222127,59.755176],[11.222018,59.755142],[11.222002,59.755169],[11.222023,59.755223],[11.22199,59.75525],[11.22183,59.755262],[11.221694,59.755354],[11.221358,59.755925],[11.221222,59.756027],[11.221117,59.756046],[11.220732,59.756421],[11.220641,59.756665],[11.220404,59.757118],[11.220274,59.7573],[11.220243,59.757373],[11.220239,59.757579],[11.220207,59.757625],[11.220198,59.75776],[11.220083,59.757914],[11.21998,59.757961],[11.219901,59.758115],[11.219891,59.758232],[11.219931,59.758294],[11.220004,59.758329],[11.220044,59.758391],[11.220118,59.758435],[11.220366,59.758421],[11.220436,59.758402],[11.220526,59.758419],[11.22053,59.758473],[11.220636,59.758453],[11.220722,59.758416],[11.220795,59.758441],[11.220646,59.758614],[11.220389,59.759032],[11.220328,59.759186],[11.220323,59.759383],[11.22028,59.759528],[11.220076,59.759684],[11.219851,59.759778],[11.219888,59.760073],[11.219857,59.760137],[11.219611,59.760455],[11.219524,59.760493],[11.219341,59.760676],[11.219219,59.760992],[11.218879,59.761231],[11.218648,59.761514],[11.218634,59.761568],[11.218677,59.761675],[11.21871,59.761899],[11.218844,59.762049],[11.219028,59.762127],[11.219065,59.762162],[11.219086,59.762198],[11.219035,59.762235],[11.219042,59.762351],[11.218839,59.762508],[11.218681,59.762807],[11.218631,59.762852],[11.218526,59.76289],[11.218477,59.762954],[11.218273,59.763101],[11.217779,59.763442],[11.217589,59.763526],[11.217539,59.763572],[11.217479,59.763743],[11.217217,59.764089],[11.217013,59.764236],[11.216517,59.764819],[11.216345,59.765182],[11.216275,59.76547],[11.216191,59.765544],[11.216112,59.765689],[11.215927,59.765862],[11.215704,59.765983],[11.215605,59.76611],[11.21556,59.766237],[11.215512,59.766588],[11.215384,59.766797],[11.215232,59.767195],[11.214881,59.767811],[11.214854,59.767947],[11.214775,59.768101],[11.214707,59.768138],[11.214548,59.768158],[11.214226,59.768146],[11.213961,59.768177],[11.21377,59.768252],[11.213473,59.768338],[11.212864,59.768555],[11.212796,59.768592],[11.212767,59.7687],[11.212887,59.769165],[11.21293,59.769282],[11.213027,59.769406],[11.213194,59.769771],[11.213175,59.770014],[11.213198,59.770094],[11.212803,59.770586],[11.212577,59.77094],[11.212458,59.771023],[11.212257,59.771224],[11.21181,59.771735],[11.211715,59.771916],[11.211648,59.77198],[11.211355,59.772129],[11.211138,59.772348],[11.210984,59.772449],[11.210481,59.772646],[11.210003,59.77296],[11.209635,59.773316],[11.209506,59.773525],[11.209236,59.773736],[11.208941,59.773858],[11.208401,59.774047],[11.208101,59.774079],[11.207716,59.774193],[11.207558,59.774223],[11.207309,59.774236],[11.207075,59.774195],[11.206984,59.77416],[11.206894,59.774153],[11.206648,59.774202],[11.206474,59.774259],[11.206242,59.774254],[11.206134,59.774238],[11.206007,59.774204],[11.205932,59.774151],[11.205797,59.773992],[11.205693,59.773769],[11.205456,59.773683],[11.205418,59.773639],[11.205413,59.773576],[11.205318,59.773479],[11.204912,59.773261],[11.203949,59.772981],[11.203802,59.772911],[11.203465,59.772656],[11.203205,59.772499],[11.202842,59.772397],[11.202281,59.772272],[11.20206,59.772159],[11.201985,59.772097],[11.201805,59.771804],[11.201779,59.771679],[11.20183,59.771363],[11.201815,59.771139],[11.201751,59.770987],[11.201655,59.770872],[11.201339,59.770698],[11.201035,59.770407],[11.200879,59.769924],[11.20087,59.769798],[11.20099,59.769455],[11.201057,59.769382],[11.201143,59.769336],[11.201212,59.769308],[11.201442,59.769277],[11.201814,59.769253],[11.202217,59.769147],[11.202268,59.769119],[11.2023,59.769056],[11.202225,59.769003],[11.201956,59.768972],[11.201865,59.768946],[11.201644,59.768833],[11.201548,59.768727],[11.201574,59.768583],[11.201654,59.768438],[11.20159,59.768286],[11.201549,59.768206],[11.201415,59.768056],[11.201358,59.768003],[11.201266,59.767968],[11.201212,59.767951],[11.201159,59.767961],[11.201057,59.768026],[11.201027,59.768116],[11.200976,59.768153],[11.20087,59.768173],[11.200733,59.768247],[11.200565,59.768411],[11.20046,59.768709],[11.20041,59.768755],[11.200272,59.76882],[11.19983,59.768873],[11.199383,59.768844],[11.199112,59.768795],[11.198876,59.768727],[11.198621,59.768632],[11.198436,59.768528],[11.198357,59.768412],[11.198353,59.768358],[11.198435,59.76824],[11.198674,59.768092],[11.198689,59.768047],[11.198648,59.767958],[11.198557,59.767933],[11.198449,59.767917],[11.198343,59.767927],[11.197926,59.768087],[11.197663,59.768145],[11.197486,59.768166],[11.196985,59.768139],[11.196767,59.768071],[11.196199,59.767829],[11.19586,59.767547],[11.195698,59.767522],[11.195539,59.767534],[11.19543,59.767509],[11.195409,59.767464],[11.195334,59.767403],[11.194816,59.767106],[11.194708,59.76709],[11.194446,59.767175],[11.194199,59.767197],[11.192539,59.767153],[11.192327,59.767166],[11.192041,59.767161],[11.19161,59.767106],[11.191536,59.767062],[11.191428,59.767037],[11.191033,59.766981],[11.190785,59.766994],[11.190731,59.766986],[11.190709,59.766923],[11.190849,59.766894],[11.190969,59.766838],[11.191071,59.766764],[11.191048,59.766684],[11.190615,59.766323],[11.190037,59.765919],[11.189857,59.765904],[11.189665,59.765961],[11.1894,59.765984],[11.188645,59.76588],[11.188449,59.765874],[11.188105,59.765799],[11.187749,59.765778],[11.186911,59.765765],[11.186785,59.76574],[11.186418,59.765584],[11.186038,59.765222],[11.185934,59.764999],[11.185761,59.764814],[11.185649,59.764726],[11.185372,59.764587],[11.185037,59.764368],[11.184965,59.764351],[11.18485,59.764218],[11.18484,59.764074],[11.185109,59.763818],[11.185103,59.763729],[11.185064,59.763675],[11.184581,59.763369],[11.183685,59.763016],[11.1837,59.762979],[11.183859,59.762959],[11.184074,59.762973],[11.184304,59.76296],[11.184551,59.76292],[11.184726,59.762873],[11.184829,59.762817],[11.184842,59.762736],[11.184803,59.762692],[11.184551,59.762642],[11.184283,59.762628],[11.184066,59.762587],[11.183367,59.762518],[11.183097,59.762459],[11.182819,59.762293],[11.182813,59.762213],[11.182882,59.762167],[11.182897,59.76213],[11.182856,59.76205],[11.182375,59.761771],[11.182318,59.761718],[11.182325,59.761556],[11.182262,59.761404],[11.181676,59.760884],[11.181582,59.760814],[11.181491,59.760779],[11.181314,59.7608],[11.181228,59.760838],[11.181212,59.760865],[11.181238,59.76099],[11.181179,59.76118],[11.181289,59.76151],[11.181256,59.761538],[11.181219,59.761521],[11.181078,59.760993],[11.181088,59.760876],[11.180855,59.760305],[11.180851,59.760251],[11.18095,59.760133],[11.180287,59.759515],[11.180184,59.759301],[11.180189,59.759103],[11.180328,59.759056],[11.180362,59.759029],[11.180324,59.758984],[11.18023,59.758923],[11.179979,59.758882],[11.179386,59.758811],[11.179261,59.758804],[11.179137,59.758815],[11.178887,59.758793],[11.178494,59.758781],[11.178296,59.758739],[11.178294,59.758713],[11.178363,59.758675],[11.179082,59.758511],[11.180089,59.758386],[11.180176,59.758358],[11.180188,59.758277],[11.179934,59.758191],[11.179609,59.758134],[11.179091,59.758106],[11.178931,59.758109],[11.178808,59.758138],[11.178655,59.758248],[11.178355,59.758289],[11.178301,59.758281],[11.178263,59.758246],[11.178297,59.758218],[11.178593,59.758115],[11.17857,59.758034],[11.178299,59.757967],[11.17796,59.757955],[11.17731,59.757822],[11.177087,59.757673],[11.176995,59.757638],[11.176797,59.757606],[11.176547,59.757592],[11.176373,59.757649],[11.176322,59.757685],[11.176319,59.75791],[11.176377,59.757981],[11.176269,59.757965],[11.176084,59.75786],[11.175149,59.757444],[11.17509,59.757355],[11.175046,59.75723],[11.175036,59.757078],[11.174996,59.757016],[11.174922,59.756963],[11.174704,59.756904],[11.174612,59.75686],[11.175003,59.756836],[11.175126,59.756816],[11.175195,59.756788],[11.175228,59.756751],[11.175344,59.756336],[11.17516,59.756249],[11.175121,59.756196],[11.175146,59.756034],[11.174988,59.755794],[11.174732,59.755681],[11.174656,59.75562],[11.174803,59.755411],[11.174798,59.755339],[11.174758,59.755268],[11.174645,59.755171],[11.174571,59.755127],[11.174408,59.755085],[11.174314,59.755015],[11.174294,59.75497],[11.174309,59.754925],[11.174393,59.754861],[11.174437,59.754707],[11.174414,59.754627],[11.174304,59.754575],[11.174057,59.754615],[11.173847,59.754672],[11.173743,59.754719],[11.173693,59.754764],[11.173609,59.754847],[11.173513,59.75501],[11.173611,59.755143],[11.173613,59.755188],[11.173545,59.755234],[11.173531,59.755288],[11.173557,59.755413],[11.173454,59.755469],[11.173286,59.755625],[11.173181,59.755653],[11.173243,59.756613],[11.173319,59.756684],[11.173503,59.75678],[11.173524,59.756824],[11.173507,59.756843],[11.173206,59.756857],[11.173257,59.757916],[11.173455,59.757948],[11.173674,59.758035],[11.17384,59.758131],[11.173905,59.7583],[11.173983,59.758416],[11.174209,59.758601],[11.174387,59.758598],[11.174491,59.75856],[11.174715,59.758439],[11.174821,59.75842],[11.174891,59.75841],[11.175196,59.75844],[11.175436,59.758571],[11.175497,59.758696],[11.175506,59.758822],[11.175475,59.758903],[11.175499,59.758992],[11.175637,59.759197],[11.175797,59.759203],[11.176057,59.759082],[11.176303,59.759042],[11.17659,59.759064],[11.177097,59.7592],[11.177792,59.759475],[11.178405,59.7596],[11.178853,59.759637],[11.178963,59.75969],[11.17902,59.759751],[11.178969,59.759788],[11.178899,59.759807],[11.17872,59.759792],[11.178614,59.759803],[11.178492,59.759841],[11.178445,59.759941],[11.178437,59.760085],[11.178369,59.76014],[11.178372,59.760193],[11.17848,59.760201],[11.178519,59.760254],[11.17849,59.760353],[11.178545,59.760388],[11.178672,59.760422],[11.178886,59.760427],[11.178975,59.760417],[11.179061,59.76038],[11.179225,59.760431],[11.179281,59.760475],[11.179441,59.760751],[11.179407,59.761048],[11.179567,59.761305],[11.179574,59.761422],[11.179384,59.761506],[11.179154,59.761537],[11.17865,59.761725],[11.178316,59.761793],[11.177959,59.761772],[11.177676,59.761804],[11.177539,59.761887],[11.177545,59.761959],[11.177585,59.762021],[11.177658,59.762056],[11.178249,59.762127],[11.178587,59.762121],[11.179577,59.762006],[11.179666,59.762013],[11.179776,59.762057],[11.179797,59.76211],[11.179746,59.762147],[11.179752,59.762237],[11.179778,59.762362],[11.179859,59.762513],[11.179956,59.762628],[11.180144,59.762787],[11.180274,59.762866],[11.180384,59.762918],[11.180656,59.762985],[11.181033,59.763033],[11.181301,59.763046],[11.181568,59.763042],[11.18175,59.763111],[11.181807,59.763164],[11.181945,59.763368],[11.181894,59.763414],[11.181825,59.763442],[11.181648,59.763454],[11.181434,59.76343],[11.181143,59.763336],[11.181054,59.763338],[11.180984,59.763357],[11.180932,59.763385],[11.180917,59.76343],[11.180995,59.763536],[11.18102,59.763635],[11.181004,59.763671],[11.18097,59.763698],[11.180724,59.763748],[11.180331,59.763727],[11.179862,59.763636],[11.179278,59.763412],[11.179201,59.763324],[11.179146,59.763307],[11.179111,59.763316],[11.179061,59.763371],[11.179084,59.763451],[11.179209,59.763728],[11.179304,59.763807],[11.179526,59.763947],[11.179784,59.764077],[11.17993,59.764129],[11.180524,59.764505],[11.180619,59.764594],[11.180876,59.764706],[11.181443,59.765209],[11.181769,59.765563],[11.181881,59.765642],[11.182063,59.76571],[11.182211,59.765789],[11.182362,59.765912],[11.183133,59.766268],[11.183108,59.76643],[11.183027,59.766557],[11.18303,59.766611],[11.183097,59.766807],[11.183216,59.767003],[11.183289,59.767298],[11.183279,59.767424],[11.1832,59.767569],[11.183223,59.76765],[11.18328,59.767711],[11.183828,59.767909],[11.183995,59.768014],[11.184071,59.768085],[11.184131,59.7682],[11.184012,59.768274],[11.183766,59.768332],[11.183649,59.768442],[11.183604,59.768577],[11.18369,59.768809],[11.183782,59.768853],[11.183889,59.768851],[11.184883,59.76852],[11.185396,59.768476],[11.185881,59.768539],[11.186261,59.768632],[11.187182,59.769093],[11.187269,59.769334],[11.187276,59.769442],[11.187097,59.769705],[11.187013,59.769778],[11.186704,59.769954],[11.186581,59.769983],[11.186548,59.77002],[11.186532,59.770047],[11.186586,59.770064],[11.186606,59.77009],[11.186596,59.770207],[11.186522,59.770164],[11.186519,59.770119],[11.186406,59.770031],[11.186134,59.769946],[11.185989,59.769921],[11.185918,59.769922],[11.185868,59.769968],[11.185943,59.770308],[11.186007,59.77046],[11.185957,59.770514],[11.186021,59.770675],[11.186035,59.77089],[11.185883,59.77101],[11.185867,59.771046],[11.186002,59.771196],[11.186024,59.771268],[11.186032,59.771385],[11.185965,59.771457],[11.185968,59.771502],[11.186061,59.771564],[11.186191,59.771912],[11.186328,59.772107],[11.186556,59.772319],[11.186685,59.772389],[11.186848,59.772431],[11.186992,59.772455],[11.187099,59.772454],[11.18715,59.772417],[11.187263,59.772235],[11.187253,59.772083],[11.187351,59.771946],[11.187379,59.771829],[11.187949,59.77129],[11.188575,59.770785],[11.18868,59.770757],[11.189235,59.770801],[11.189463,59.770735],[11.189613,59.770588],[11.189686,59.770605],[11.189796,59.770666],[11.190113,59.770876],[11.190533,59.771031],[11.190714,59.771073],[11.191397,59.771169],[11.191718,59.771173],[11.191845,59.771216],[11.192348,59.771279],[11.192514,59.771366],[11.192552,59.771402],[11.192538,59.771456],[11.192668,59.771535],[11.193223,59.771579],[11.194182,59.771536],[11.194529,59.771674],[11.194551,59.771728],[11.195118,59.77223],[11.195196,59.772328],[11.195184,59.772427],[11.195228,59.772543],[11.195415,59.772683],[11.195531,59.772825],[11.195696,59.773164],[11.195931,59.773492],[11.196024,59.773545],[11.196045,59.773598],[11.196012,59.773644],[11.195893,59.773726],[11.195806,59.773755],[11.195665,59.773775],[11.195289,59.773754],[11.195107,59.773686],[11.194765,59.773628],[11.194603,59.773613],[11.194372,59.773626],[11.19425,59.773655],[11.194094,59.773729],[11.194026,59.773775],[11.193994,59.773839],[11.194091,59.773945],[11.194405,59.774129],[11.194514,59.774163],[11.194577,59.774296],[11.194743,59.774383],[11.194678,59.774483],[11.194618,59.774655],[11.194686,59.774878],[11.194909,59.775009],[11.195061,59.77516],[11.195165,59.775382],[11.195152,59.775463],[11.195067,59.775519],[11.195003,59.775628],[11.195118,59.775752],[11.195088,59.775842],[11.19502,59.775897],[11.195008,59.775978],[11.195014,59.776077],[11.195071,59.77612],[11.195581,59.776292],[11.19596,59.776366],[11.196691,59.776381],[11.196867,59.776342],[11.197281,59.776138],[11.197415,59.776018],[11.19749,59.775802],[11.197479,59.775631],[11.197511,59.775577],[11.197547,59.775585],[11.197681,59.775718],[11.197712,59.775924],[11.197891,59.776208],[11.197966,59.776261],[11.198112,59.776312],[11.198383,59.77638],[11.198741,59.776401],[11.199469,59.77637],[11.199926,59.776273],[11.200332,59.776212],[11.200437,59.776183],[11.200592,59.776109],[11.200912,59.776086],[11.201158,59.776037],[11.201262,59.77599],[11.201259,59.775945],[11.201345,59.775908],[11.201526,59.775941],[11.201636,59.775993],[11.201906,59.776042],[11.202055,59.776138],[11.202353,59.776601],[11.202343,59.776718],[11.20231,59.776754],[11.202237,59.776737],[11.202178,59.776657],[11.201937,59.776509],[11.201737,59.776449],[11.201422,59.776535],[11.201162,59.776647],[11.201012,59.776803],[11.200999,59.776875],[11.201006,59.776973],[11.201047,59.777054],[11.201204,59.777276],[11.201409,59.777685],[11.201589,59.777979],[11.201768,59.778533],[11.202132,59.7792],[11.202259,59.779504],[11.202244,59.77954],[11.202137,59.779542],[11.202022,59.779418],[11.201879,59.779142],[11.201667,59.778903],[11.201592,59.77885],[11.201425,59.778745],[11.201206,59.778659],[11.201021,59.778554],[11.20062,59.778417],[11.200475,59.778384],[11.200241,59.778343],[11.200081,59.778354],[11.198882,59.778545],[11.19874,59.778556],[11.198479,59.778642],[11.198183,59.778476],[11.197891,59.778373],[11.197638,59.778314],[11.197317,59.778311],[11.196855,59.778336],[11.196628,59.778403],[11.196487,59.778423],[11.195603,59.778806],[11.195381,59.778945],[11.195246,59.779055],[11.195161,59.779128],[11.195048,59.77931],[11.195038,59.779418],[11.195068,59.779606],[11.195017,59.779912],[11.194966,59.779958],[11.194896,59.779977],[11.194717,59.779953],[11.194361,59.779968],[11.193991,59.780019],[11.193869,59.780075],[11.193841,59.780183],[11.193922,59.780335],[11.193909,59.780398],[11.193877,59.780461],[11.193719,59.780491],[11.193688,59.780563],[11.193743,59.780589],[11.193958,59.780604],[11.194152,59.780582],[11.194221,59.780545],[11.194327,59.780534],[11.194363,59.780543],[11.194476,59.780631],[11.194554,59.780728],[11.194939,59.780893],[11.195216,59.78105],[11.195761,59.781472],[11.196223,59.781725],[11.196478,59.78181],[11.196534,59.781854],[11.196718,59.781941],[11.196827,59.781975],[11.196936,59.782],[11.197168,59.782005]]}},{"type":"Feature","properties":{"dybde_m":0.0,"innsjonavn":"Øyeren"},"geometry":{"type":"LineString","coordinates":[[11.130879,59.937084],[11.130558,59.937107],[11.130489,59.937135],[11.130458,59.937217],[11.130514,59.937252],[11.130743,59.937194],[11.130851,59.937201],[11.130904,59.937191],[11.131008,59.937136],[11.130879,59.937084]]}},{"type":"Feature","properties":{"dybde_m":0.0,"innsjonavn":"Øyeren"},"geometry":{"type":"LineString","coordinates":[[11.145847,59.917197],[11.145972,59.917203],[11.1461,59.917237],[11.146265,59.917307],[11.146435,59.917438],[11.146565,59.917508],[11.146765,59.917559],[11.147305,59.917891],[11.147345,59.917963],[11.147298,59.918062],[11.147227,59.918072],[11.147064,59.918039],[11.146861,59.917943],[11.146765,59.917837],[11.146504,59.91768],[11.146213,59.917604],[11.145955,59.917482],[11.145481,59.917355],[11.145425,59.91732],[11.145386,59.917267],[11.145438,59.917239],[11.145847,59.917197]]}},{"type":"Feature","properties":{"dybde_m":0.0,"innsjonavn":"Øyeren"},"geometry":{"type":"LineString","coordinates":[[11.129468,59.916492],[11.129222,59.916568],[11.129097,59.916561],[11.129009,59.916589],[11.129047,59.916625],[11.129211,59.916667],[11.129236,59.916783],[11.129275,59.916836],[11.129568,59.916931],[11.129663,59.917028],[11.129668,59.9171],[11.129757,59.917098],[11.129792,59.91708],[11.129824,59.917016],[11.129767,59.916694],[11.129776,59.91655],[11.129721,59.916533],[11.129578,59.916535],[11.129468,59.916492]]}},{"type":"Feature","properties":{"dybde_m":0.0,"innsjonavn":"Øyeren"},"geometry":{"type":"LineString","coordinates":[[11.125655,59.911982],[11.12543,59.912093],[11.125079,59.912197],[11.12483,59.912219],[11.124579,59.912214],[11.124384,59.912245],[11.124032,59.912331],[11.123762,59.912299],[11.123538,59.91215],[11.123467,59.912169],[11.123471,59.912223],[11.123402,59.912269],[11.12326,59.91229],[11.12308,59.912274],[11.122535,59.912131],[11.122066,59.912075],[11.122079,59.912003],[11.122186,59.911992],[11.122199,59.911912],[11.122015,59.911843],[11.121725,59.911784],[11.121403,59.911781],[11.121166,59.911704],[11.121052,59.911598],[11.120926,59.911591],[11.120894,59.911645],[11.120893,59.911906],[11.121155,59.91209],[11.121177,59.912152],[11.121072,59.91219],[11.120807,59.912239],[11.120687,59.912331],[11.120231,59.912464],[11.120025,59.912611],[11.120047,59.912665],[11.119979,59.91272],[11.119817,59.912713],[11.119509,59.912655],[11.119353,59.912721],[11.119357,59.912793],[11.119645,59.912815],[11.120032,59.912997],[11.120249,59.91303],[11.120464,59.913035],[11.120622,59.912997],[11.120744,59.912941],[11.120943,59.912695],[11.121241,59.912601],[11.121308,59.912528],[11.121431,59.91249],[11.121963,59.912427],[11.122125,59.912434],[11.122235,59.912477],[11.122542,59.912526],[11.122694,59.912658],[11.122839,59.912701],[11.123075,59.912742],[11.1232,59.91274],[11.12332,59.912657],[11.123495,59.912609],[11.123729,59.912623],[11.124272,59.912731],[11.124645,59.91268],[11.124714,59.912643],[11.124728,59.912589],[11.124796,59.912525],[11.124901,59.912497],[11.125081,59.912503],[11.125383,59.912471],[11.125911,59.912346],[11.126141,59.912306],[11.126355,59.912294],[11.126862,59.912384],[11.127137,59.912497],[11.127252,59.912611],[11.127451,59.912653],[11.127596,59.912678],[11.127808,59.912638],[11.128097,59.912679],[11.128442,59.912763],[11.128641,59.912796],[11.128783,59.912775],[11.128705,59.912678],[11.128483,59.912565],[11.128382,59.912378],[11.127702,59.912101],[11.126408,59.911161],[11.126085,59.910861],[11.126149,59.910752],[11.126329,59.910767],[11.126524,59.910746],[11.126646,59.91069],[11.126637,59.910555],[11.126394,59.91038],[11.126118,59.910258],[11.125553,59.910106],[11.125365,59.909965],[11.124803,59.909283],[11.124555,59.909044],[11.124473,59.908875],[11.124422,59.908642],[11.124337,59.908428],[11.124368,59.908355],[11.124403,59.908337],[11.124474,59.908327],[11.124773,59.908529],[11.124931,59.908768],[11.125042,59.90883],[11.125114,59.908828],[11.125146,59.908774],[11.124742,59.908044],[11.124733,59.907909],[11.12482,59.907594],[11.124775,59.907451],[11.124659,59.907309],[11.124656,59.907255],[11.124725,59.907218],[11.124813,59.907198],[11.124992,59.907205],[11.125042,59.90715],[11.124963,59.907034],[11.124384,59.906648],[11.123268,59.905975],[11.123282,59.905903],[11.123208,59.905868],[11.122795,59.905848],[11.12265,59.905814],[11.122296,59.905595],[11.121766,59.905406],[11.12128,59.90536],[11.121188,59.905317],[11.121167,59.905281],[11.121501,59.905186],[11.121763,59.905083],[11.121758,59.905002],[11.121846,59.904992],[11.122016,59.905124],[11.122181,59.905193],[11.122527,59.905286],[11.122821,59.905407],[11.123212,59.905661],[11.123255,59.905768],[11.123312,59.905821],[11.123385,59.905838],[11.123456,59.905828],[11.123453,59.905783],[11.123374,59.905668],[11.12339,59.90564],[11.123425,59.905631],[11.123498,59.905657],[11.123653,59.905843],[11.123766,59.905922],[11.124097,59.906069],[11.124727,59.906418],[11.124844,59.906569],[11.125395,59.907063],[11.125676,59.907274],[11.126159,59.907545],[11.12679,59.908191],[11.127348,59.908801],[11.127841,59.909243],[11.128178,59.90948],[11.12835,59.909648],[11.128726,59.909938],[11.128988,59.910113],[11.129244,59.910208],[11.129357,59.910296],[11.129477,59.910483],[11.129666,59.91065],[11.130024,59.910932],[11.130489,59.911212],[11.130776,59.911504],[11.131133,59.912055],[11.131229,59.912143],[11.131256,59.912286],[11.131453,59.91258],[11.131984,59.913047],[11.132205,59.913142],[11.133526,59.913381],[11.134018,59.913526],[11.134336,59.913737],[11.134399,59.913879],[11.134428,59.914058],[11.134402,59.914203],[11.1343,59.914294],[11.134196,59.91435],[11.134,59.914362],[11.133838,59.914337],[11.133618,59.91426],[11.133468,59.914146],[11.132629,59.91362],[11.132388,59.913481],[11.132075,59.913351],[11.131926,59.913255],[11.131559,59.913117],[11.131342,59.913075],[11.130981,59.913018],[11.130659,59.913023],[11.130484,59.91308],[11.130122,59.913293],[11.130023,59.913429],[11.129855,59.913593],[11.129006,59.914308],[11.128929,59.914498],[11.128891,59.914741],[11.128989,59.914883],[11.129192,59.914969],[11.129934,59.915101],[11.13031,59.915113],[11.130825,59.915051],[11.131004,59.915066],[11.131299,59.915196],[11.131302,59.915241],[11.131194,59.915234],[11.131126,59.91528],[11.131171,59.915432],[11.131146,59.915594],[11.13124,59.915673],[11.13135,59.915707],[11.13144,59.915715],[11.131471,59.915651],[11.131428,59.915535],[11.131275,59.915376],[11.131288,59.915295],[11.131376,59.915276],[11.131596,59.915362],[11.131782,59.915476],[11.131859,59.915555],[11.131885,59.915681],[11.131959,59.915715],[11.132282,59.915746],[11.132465,59.915797],[11.132584,59.915921],[11.13241,59.916067],[11.132251,59.916088],[11.131657,59.916034],[11.131134,59.915962],[11.130723,59.915978],[11.130178,59.916121],[11.129945,59.916125],[11.129672,59.916049],[11.129281,59.916082],[11.129244,59.916065],[11.129419,59.916008],[11.129572,59.91588],[11.12951,59.915755],[11.128321,59.914786],[11.128225,59.91468],[11.12797,59.914603],[11.1277,59.914589],[11.127388,59.91446],[11.127171,59.914427],[11.126887,59.91445],[11.126053,59.914562],[11.125476,59.914778],[11.125344,59.914942],[11.125264,59.915087],[11.125312,59.915284],[11.125431,59.91547],[11.125585,59.915629],[11.126161,59.915971],[11.126108,59.915989],[11.126016,59.915946],[11.125715,59.915987],[11.125533,59.915936],[11.12533,59.915849],[11.125233,59.915734],[11.125031,59.915647],[11.124526,59.915575],[11.123916,59.915549],[11.123671,59.915633],[11.123603,59.915688],[11.123479,59.915708],[11.123352,59.915684],[11.123326,59.915558],[11.123233,59.915506],[11.123124,59.915472],[11.122822,59.915503],[11.122579,59.915633],[11.122409,59.91577],[11.12207,59.915776],[11.121833,59.915717],[11.121336,59.915491],[11.120959,59.915462],[11.120251,59.915302],[11.119696,59.915302],[11.119007,59.915161],[11.118578,59.915158],[11.118074,59.915113],[11.117911,59.915088],[11.117766,59.915046],[11.11755,59.915031],[11.117387,59.914989],[11.117184,59.914902],[11.117124,59.914796],[11.11715,59.914642],[11.117047,59.914438],[11.117025,59.914366],[11.117039,59.914312],[11.117126,59.914266],[11.11732,59.914227],[11.117477,59.914161],[11.117611,59.914015],[11.117551,59.913917],[11.117479,59.913919],[11.117392,59.913947],[11.117313,59.914119],[11.117104,59.914212],[11.117034,59.914231],[11.116962,59.914223],[11.116699,59.913751],[11.116825,59.91348],[11.116866,59.913282],[11.116855,59.913102],[11.116787,59.912888],[11.116801,59.912825],[11.116853,59.912788],[11.116975,59.91275],[11.117008,59.912705],[11.116876,59.912599],[11.116836,59.912528],[11.116848,59.912438],[11.116966,59.912328],[11.117928,59.911971],[11.118218,59.91176],[11.118568,59.911637],[11.118689,59.911573],[11.118702,59.911492],[11.118822,59.911418],[11.11943,59.911121],[11.119517,59.911092],[11.119589,59.911091],[11.119646,59.911144],[11.119774,59.911187],[11.119897,59.911167],[11.120169,59.910938],[11.120197,59.910812],[11.121165,59.910293],[11.121248,59.910193],[11.121574,59.909963],[11.121602,59.909846],[11.121653,59.909809],[11.12176,59.909799],[11.121828,59.909753],[11.122263,59.90927],[11.122341,59.909098],[11.12233,59.908918],[11.12223,59.90848],[11.12191,59.907676],[11.121599,59.907286],[11.121497,59.907081],[11.121303,59.906851],[11.121248,59.906546],[11.121278,59.906456],[11.121583,59.906182],[11.121465,59.906022],[11.120904,59.905914],[11.120344,59.905833],[11.11957,59.905747],[11.119212,59.905744],[11.118938,59.905658],[11.118614,59.905349],[11.118469,59.905315],[11.118271,59.905292],[11.118128,59.905294],[11.117989,59.90535],[11.117904,59.905432],[11.117879,59.905594],[11.117828,59.90564],[11.117705,59.905669],[11.117198,59.905569],[11.116829,59.905396],[11.116698,59.905299],[11.116636,59.905165],[11.11663,59.905076],[11.11676,59.904876],[11.116679,59.904724],[11.116777,59.90457],[11.116898,59.904514],[11.116986,59.904495],[11.117149,59.904528],[11.117193,59.904644],[11.117305,59.904723],[11.117313,59.904849],[11.117426,59.904946],[11.117571,59.904962],[11.11805,59.904909],[11.11842,59.904822],[11.118635,59.904828],[11.118816,59.90487],[11.119611,59.904992],[11.119824,59.904961],[11.119819,59.904881],[11.119647,59.904722],[11.119567,59.904579],[11.11929,59.904449],[11.118981,59.904364],[11.11837,59.90432],[11.118026,59.904254],[11.11783,59.904257],[11.11772,59.904223],[11.117701,59.904205],[11.117715,59.904142],[11.118046,59.904011],[11.118277,59.903989],[11.118511,59.904003],[11.119092,59.904138],[11.119693,59.904308],[11.119769,59.904378],[11.120816,59.904811],[11.12082,59.904882],[11.120773,59.904982],[11.120634,59.905047],[11.120353,59.905124],[11.120032,59.905138],[11.119749,59.905187],[11.119699,59.905251],[11.119756,59.905304],[11.119921,59.905364],[11.120029,59.90538],[11.120263,59.905403],[11.12046,59.9054],[11.120737,59.905548],[11.120902,59.905609],[11.121301,59.905692],[11.121759,59.905864],[11.122017,59.905977],[11.122165,59.906064],[11.122872,59.906206],[11.122965,59.906267],[11.123422,59.9067],[11.123741,59.906928],[11.123762,59.906991],[11.123603,59.907568],[11.12353,59.908387],[11.123562,59.90862],[11.123706,59.909183],[11.123845,59.909406],[11.123853,59.909522],[11.123892,59.909585],[11.124081,59.909734],[11.124207,59.910038],[11.124726,59.910586],[11.125063,59.911111],[11.125483,59.911526],[11.125839,59.911772],[11.126024,59.911868],[11.126334,59.911971],[11.126336,59.911998],[11.126248,59.912017],[11.126015,59.912003],[11.125868,59.911951],[11.125774,59.911881],[11.125722,59.9119],[11.125726,59.911962],[11.125655,59.911982]]}},{"type":"Feature","properties":{"dybde_m":0.0,"innsjonavn":"Øyeren"},"geometry":{"type":"LineString","coordinates":[[11.146082,59.892033],[11.145833,59.892055],[11.145572,59.892158],[11.14549,59.892267],[11.145285,59.892414],[11.144785,59.892709],[11.144535,59.892983],[11.144197,59.893285],[11.143651,59.893977],[11.143489,59.894231],[11.143321,59.894404],[11.142964,59.894679],[11.142579,59.89482],[11.142552,59.894956],[11.142468,59.895029],[11.142311,59.895094],[11.141903,59.895146],[11.141781,59.895193],[11.140777,59.895981],[11.140603,59.896056],[11.140424,59.89605],[11.140297,59.896025],[11.140191,59.896045],[11.139983,59.896147],[11.13989,59.896364],[11.13967,59.896565],[11.139496,59.896631],[11.139153,59.896861],[11.138885,59.897413],[11.13859,59.89784],[11.138448,59.898418],[11.138379,59.898446],[11.13827,59.898429],[11.138196,59.898386],[11.138146,59.898162],[11.138021,59.898164],[11.137971,59.898219],[11.137739,59.898779],[11.137626,59.899527],[11.137551,59.899753],[11.137353,59.900007],[11.137162,59.9001],[11.137021,59.900138],[11.1369,59.900203],[11.136852,59.900285],[11.136857,59.900644],[11.13648,59.900893],[11.136449,59.900965],[11.136424,59.901145],[11.136483,59.901225],[11.136633,59.90133],[11.13678,59.9014],[11.137052,59.901728],[11.137022,59.901818],[11.136933,59.90182],[11.136803,59.90175],[11.136723,59.901616],[11.136498,59.901458],[11.136425,59.901433],[11.136335,59.901425],[11.136158,59.901446],[11.136021,59.901538],[11.135843,59.901837],[11.13582,59.902314],[11.135779,59.902503],[11.13561,59.902667],[11.135403,59.902788],[11.134773,59.902995],[11.134105,59.903455],[11.133753,59.90382],[11.133464,59.90405],[11.133132,59.904181],[11.13283,59.904213],[11.132659,59.904332],[11.132555,59.904379],[11.132361,59.904427],[11.132275,59.904482],[11.132262,59.904554],[11.132228,59.904582],[11.13212,59.904574],[11.132081,59.904521],[11.132055,59.904387],[11.132018,59.904378],[11.131948,59.904397],[11.131989,59.904581],[11.132025,59.904634],[11.132183,59.904708],[11.132374,59.904912],[11.132829,59.905299],[11.133293,59.90557],[11.134039,59.906052],[11.134675,59.906482],[11.134846,59.906641],[11.135068,59.906754],[11.135802,59.907048],[11.136698,59.907357],[11.138636,59.908277],[11.139027,59.908531],[11.13923,59.908618],[11.139772,59.908978],[11.140437,59.909308],[11.140655,59.909367],[11.14108,59.909576],[11.141535,59.909703],[11.141719,59.909772],[11.142053,59.909964],[11.142161,59.909981],[11.142233,59.909979],[11.142335,59.909906],[11.142468,59.909742],[11.143131,59.90921],[11.143356,59.908811],[11.143475,59.908432],[11.143523,59.908072],[11.143699,59.907476],[11.143891,59.907123],[11.14409,59.906599],[11.145235,59.904667],[11.14536,59.904395],[11.145427,59.903496],[11.145304,59.903247],[11.145172,59.902862],[11.14487,59.902346],[11.144272,59.901655],[11.144197,59.901603],[11.144105,59.901577],[11.143861,59.901662],[11.143665,59.901674],[11.14356,59.901712],[11.143586,59.901846],[11.143546,59.902053],[11.143742,59.90232],[11.143709,59.902365],[11.143567,59.902377],[11.143366,59.90203],[11.14329,59.901689],[11.14332,59.90159],[11.143419,59.901472],[11.143625,59.901334],[11.143837,59.901303],[11.143871,59.901267],[11.143866,59.901186],[11.142904,59.899854],[11.142742,59.899569],[11.142594,59.899482],[11.142536,59.89942],[11.142496,59.899358],[11.142576,59.899213],[11.142534,59.899106],[11.142453,59.898963],[11.1422,59.898653],[11.142228,59.898527],[11.142238,59.898131],[11.142342,59.897519],[11.142427,59.897167],[11.142581,59.896787],[11.142909,59.896324],[11.143636,59.895405],[11.144127,59.894975],[11.144604,59.894617],[11.144913,59.894414],[11.145795,59.89396],[11.145829,59.893923],[11.145827,59.893896],[11.145771,59.893861],[11.145575,59.893873],[11.145062,59.893675],[11.144894,59.893561],[11.144939,59.893426],[11.145045,59.893415],[11.145136,59.893431],[11.145289,59.893591],[11.145563,59.893685],[11.145907,59.893742],[11.146223,59.893656],[11.146378,59.893564],[11.146518,59.893526],[11.146874,59.893493],[11.146977,59.893437],[11.147145,59.893264],[11.147204,59.893074],[11.147323,59.892974],[11.147355,59.892919],[11.14729,59.892741],[11.14716,59.892671],[11.146746,59.892615],[11.146526,59.892537],[11.146373,59.892387],[11.146363,59.892226],[11.146303,59.892137],[11.146082,59.892033]]}},{"type":"Feature","properties":{"dybde_m":0.0,"innsjonavn":"Øyeren"},"geometry":{"type":"LineString","coordinates":[[11.113611,59.9026],[11.113793,59.902642],[11.113923,59.90273],[11.114168,59.902923],[11.11419,59.902986],[11.114174,59.903013],[11.114067,59.903024],[11.11383,59.902947],[11.113662,59.902842],[11.113544,59.902673],[11.113611,59.9026]]}},{"type":"Feature","properties":{"dybde_m":0.0,"innsjonavn":"Øyeren"},"geometry":{"type":"LineString","coordinates":[[11.153053,59.892018],[11.15247,59.892396],[11.152335,59.892523],[11.152056,59.892914],[11.151377,59.893464],[11.151084,59.89364],[11.150847,59.893832],[11.150631,59.894096],[11.150426,59.894243],[11.149854,59.894522],[11.149206,59.89473],[11.148706,59.895017],[11.148555,59.895163],[11.148309,59.895509],[11.148265,59.895653],[11.148162,59.895727],[11.147833,59.895894],[11.147768,59.895984],[11.147758,59.896119],[11.147817,59.89619],[11.147945,59.896242],[11.14827,59.896282],[11.148931,59.89628],[11.149095,59.896322],[11.149517,59.896504],[11.150857,59.897317],[11.151023,59.897387],[11.151223,59.897446],[11.151583,59.897485],[11.151815,59.897472],[11.152151,59.897422],[11.152546,59.897442],[11.152817,59.897492],[11.153246,59.897485],[11.15365,59.897371],[11.153972,59.897374],[11.154183,59.897317],[11.154334,59.897171],[11.154456,59.897115],[11.154609,59.896996],[11.154618,59.896861],[11.15455,59.896637],[11.154735,59.896463],[11.154846,59.896246],[11.155049,59.896063],[11.155237,59.895925],[11.155461,59.895805],[11.155971,59.895671],[11.156296,59.895441],[11.156447,59.895007],[11.156745,59.893538],[11.156827,59.893429],[11.156914,59.892835],[11.157018,59.89251],[11.157069,59.892195],[11.157163,59.891995],[11.157198,59.891977],[11.157306,59.891984],[11.157313,59.892101],[11.157233,59.892237],[11.157123,59.89276],[11.157016,59.893031],[11.15701,59.893211],[11.156884,59.893761],[11.156801,59.893852],[11.156772,59.894229],[11.156604,59.894951],[11.156527,59.895141],[11.156493,59.895438],[11.156269,59.896402],[11.15611,59.896702],[11.155984,59.897243],[11.155906,59.897415],[11.155792,59.897587],[11.155473,59.897916],[11.155394,59.89807],[11.155348,59.898187],[11.155328,59.898439],[11.15528,59.898521],[11.155284,59.898583],[11.155045,59.898749],[11.154554,59.898901],[11.153943,59.899135],[11.153786,59.899201],[11.153597,59.899312],[11.15342,59.899342],[11.15323,59.899452],[11.152736,59.899541],[11.152595,59.89958],[11.152333,59.899674],[11.152231,59.899756],[11.151788,59.899817],[11.1515,59.899786],[11.151054,59.899802],[11.150717,59.899844],[11.150594,59.899873],[11.150227,59.900013],[11.149411,59.900395],[11.149292,59.900487],[11.14926,59.900541],[11.149351,59.900567],[11.149495,59.900582],[11.149691,59.90057],[11.14985,59.900541],[11.150242,59.900525],[11.150443,59.900585],[11.150539,59.900682],[11.150684,59.900716],[11.150755,59.900705],[11.150806,59.900678],[11.150939,59.900514],[11.151184,59.900438],[11.151609,59.900377],[11.151783,59.900302],[11.151928,59.900327],[11.15216,59.900323],[11.152248,59.900295],[11.152226,59.900232],[11.152278,59.900204],[11.152331,59.900204],[11.15237,59.900248],[11.152462,59.900282],[11.15255,59.900272],[11.152672,59.900225],[11.152758,59.90017],[11.152695,59.900027],[11.152746,59.899981],[11.152851,59.899944],[11.152923,59.899951],[11.152981,59.900013],[11.152967,59.900076],[11.1529,59.900149],[11.15294,59.900212],[11.153032,59.900246],[11.153281,59.900233],[11.153458,59.900203],[11.153548,59.900211],[11.153653,59.900173],[11.153685,59.900119],[11.153676,59.899975],[11.153471,59.899853],[11.153484,59.899772],[11.154587,59.899421],[11.155,59.899163],[11.155211,59.899106],[11.155337,59.899122],[11.15543,59.899183],[11.155495,59.899353],[11.155779,59.899869],[11.155771,59.900031],[11.155668,59.900095],[11.155715,59.900265],[11.155851,59.900434],[11.155953,59.900629],[11.155897,59.900873],[11.155707,59.901244],[11.155509,59.901508],[11.155342,59.901681],[11.155083,59.901829],[11.154667,59.902025],[11.15437,59.902137],[11.153947,59.902234],[11.153174,59.902454],[11.152805,59.90254],[11.15199,59.90267],[11.151758,59.902665],[11.15111,59.902604],[11.150287,59.902599],[11.149434,59.902685],[11.148993,59.902773],[11.148631,59.902707],[11.148391,59.902594],[11.147695,59.901788],[11.147149,59.901357],[11.146813,59.901138],[11.146468,59.900784],[11.146262,59.899521],[11.14628,59.899251],[11.146032,59.898186],[11.145827,59.897498],[11.145817,59.897346],[11.145927,59.897101],[11.146121,59.896793],[11.146263,59.896494],[11.147033,59.895682],[11.147471,59.895271],[11.147816,59.895067],[11.148207,59.894765],[11.148728,59.894523],[11.149864,59.893839],[11.15034,59.893472],[11.151079,59.893002],[11.151265,59.892837],[11.151661,59.892606],[11.151906,59.892531],[11.151958,59.892494],[11.152005,59.892403],[11.152619,59.891935],[11.153156,59.891396],[11.153294,59.891322],[11.153528,59.891067],[11.153579,59.89103],[11.153668,59.89102],[11.153796,59.891062],[11.153764,59.891117],[11.15366,59.891172],[11.15351,59.891337],[11.153391,59.891716],[11.153053,59.892018]]}},{"type":"Feature","properties":{"dybde_m":0.0,"innsjonavn":"Øyeren"},"geometry":{"type":"LineString","coordinates":[[11.124614,59.895129],[11.124568,59.895256],[11.124363,59.895394],[11.123997,59.895552],[11.123787,59.89561],[11.122762,59.895797],[11.12189,59.895874],[11.120917,59.896024],[11.119804,59.89624],[11.119153,59.896403],[11.11861,59.896582],[11.117972,59.896943],[11.117892,59.897097],[11.117936,59.897231],[11.118278,59.89754],[11.118614,59.897768],[11.118659,59.897911],[11.118523,59.898021],[11.117557,59.898575],[11.117478,59.898729],[11.117434,59.898883],[11.117538,59.899115],[11.117807,59.899416],[11.117818,59.899586],[11.117656,59.899849],[11.11745,59.899978],[11.117317,59.900133],[11.117255,59.900296],[11.117312,59.900618],[11.117373,59.900743],[11.117469,59.90084],[11.117819,59.901005],[11.118036,59.901038],[11.118286,59.901043],[11.118516,59.901003],[11.118845,59.900836],[11.118982,59.900735],[11.119174,59.90066],[11.119493,59.90061],[11.119672,59.900616],[11.119747,59.900669],[11.119786,59.900731],[11.119619,59.901183],[11.119469,59.901356],[11.119279,59.901458],[11.118998,59.901543],[11.118233,59.901601],[11.117837,59.901571],[11.117159,59.901591],[11.116932,59.901666],[11.116846,59.901731],[11.116835,59.90183],[11.116895,59.901936],[11.117131,59.901986],[11.117506,59.901989],[11.118009,59.902017],[11.1184,59.901984],[11.119548,59.902037],[11.119977,59.90204],[11.120405,59.902015],[11.121168,59.901922],[11.121521,59.901853],[11.121784,59.901768],[11.122255,59.901581],[11.122664,59.901556],[11.122863,59.901589],[11.123176,59.901737],[11.123396,59.901814],[11.123593,59.90182],[11.123753,59.901799],[11.12391,59.901743],[11.12408,59.901596],[11.124344,59.901251],[11.124553,59.901175],[11.12473,59.901146],[11.124873,59.901143],[11.125365,59.901288],[11.125587,59.901401],[11.125802,59.901694],[11.125776,59.901847],[11.125728,59.901929],[11.125556,59.90204],[11.125478,59.90222],[11.125501,59.902292],[11.125335,59.902492],[11.125228,59.902772],[11.125255,59.902916],[11.125407,59.903057],[11.1257,59.903169],[11.125898,59.903184],[11.126094,59.903172],[11.126393,59.903095],[11.126549,59.903021],[11.126874,59.902791],[11.12709,59.902536],[11.127136,59.902409],[11.127298,59.902155],[11.127324,59.902002],[11.127267,59.901662],[11.126961,59.901352],[11.126421,59.901029],[11.126037,59.900882],[11.125282,59.900544],[11.124928,59.900316],[11.124687,59.900185],[11.124611,59.900115],[11.12466,59.900042],[11.124765,59.900013],[11.125286,59.90005],[11.125611,59.900098],[11.125916,59.90012],[11.126253,59.90007],[11.127016,59.899986],[11.127477,59.899916],[11.12767,59.899859],[11.127791,59.899803],[11.127985,59.899755],[11.128347,59.899551],[11.128957,59.899299],[11.129162,59.899143],[11.129563,59.898984],[11.129943,59.89878],[11.130311,59.898657],[11.130778,59.898425],[11.130997,59.898206],[11.131022,59.898035],[11.131009,59.897838],[11.130858,59.897436],[11.130961,59.897371],[11.131176,59.897368],[11.131232,59.897412],[11.131316,59.897599],[11.131273,59.898049],[11.131211,59.898193],[11.130903,59.898693],[11.130913,59.898845],[11.130752,59.899135],[11.130393,59.899383],[11.130213,59.899647],[11.130175,59.899881],[11.130109,59.899981],[11.129956,59.9001],[11.129315,59.900703],[11.12926,59.900956],[11.129146,59.901128],[11.129152,59.901227],[11.129071,59.901363],[11.128492,59.901813],[11.128349,59.902093],[11.128393,59.902218],[11.12829,59.902283],[11.127934,59.902585],[11.12787,59.902712],[11.12786,59.902829],[11.127903,59.902945],[11.12789,59.903017],[11.127418,59.903752],[11.127068,59.904422],[11.127022,59.904827],[11.126912,59.90535],[11.126865,59.905441],[11.126746,59.90555],[11.126688,59.905758],[11.126693,59.905839],[11.126791,59.905963],[11.126758,59.906017],[11.126688,59.906027],[11.126244,59.905801],[11.125379,59.905141],[11.124686,59.904649],[11.124627,59.904561],[11.124215,59.90428],[11.123283,59.903963],[11.122875,59.903735],[11.122218,59.90353],[11.121384,59.903346],[11.119959,59.903163],[11.119041,59.90307],[11.118644,59.903013],[11.117972,59.902844],[11.11646,59.90241],[11.115578,59.902038],[11.115117,59.901821],[11.114227,59.901315],[11.114036,59.901129],[11.113902,59.9007],[11.113995,59.900474],[11.113968,59.90034],[11.114074,59.900041],[11.114292,59.899813],[11.114413,59.89974],[11.114586,59.899378],[11.114738,59.899231],[11.114825,59.899185],[11.115025,59.898966],[11.115137,59.898758],[11.115332,59.898162],[11.115611,59.89778],[11.116464,59.897138],[11.117151,59.896687],[11.117703,59.896381],[11.11826,59.896139],[11.118877,59.896003],[11.119726,59.895855],[11.120448,59.895681],[11.122005,59.895423],[11.123433,59.895112],[11.124198,59.895046],[11.124447,59.895042],[11.124538,59.895059],[11.124614,59.895129]]}},{"type":"Feature","properties":{"dybde_m":0.0,"innsjonavn":"Øyeren"},"geometry":{"type":"LineString","coordinates":[[11.171233,59.894756],[11.171357,59.894726],[11.171428,59.894725],[11.171516,59.894697],[11.171478,59.894662],[11.171422,59.894636],[11.171006,59.894562],[11.170457,59.894633],[11.170294,59.894609],[11.170039,59.894542],[11.16969,59.894386],[11.169456,59.894363],[11.169332,59.894392],[11.169427,59.894462],[11.169739,59.8946],[11.169964,59.894749],[11.170162,59.894773],[11.170964,59.894733],[11.171074,59.894763],[11.171233,59.894756]]}},{"type":"Feature","properties":{"dybde_m":0.0,"innsjonavn":"Øyeren"},"geometry":{"type":"LineString","coordinates":[[11.142944,59.893269],[11.142791,59.893389],[11.142759,59.893452],[11.142797,59.893487],[11.142868,59.893468],[11.142986,59.893368],[11.143001,59.893313],[11.14298,59.893278],[11.142944,59.893269]]}},{"type":"Feature","properties":{"dybde_m":0.0,"innsjonavn":"Øyeren"},"geometry":{"type":"LineString","coordinates":[[11.155946,59.892518],[11.155773,59.892611],[11.155659,59.892784],[11.155705,59.892944],[11.155833,59.892978],[11.155974,59.892958],[11.156118,59.892695],[11.156075,59.892579],[11.155946,59.892518]]}},{"type":"Feature","properties":{"dybde_m":0.0,"innsjonavn":"Øyeren"},"geometry":{"type":"LineString","coordinates":[[11.148122,59.892341],[11.148018,59.892387],[11.147918,59.892506],[11.147893,59.892668],[11.147757,59.892769],[11.14764,59.892897],[11.147626,59.892969],[11.147646,59.892995],[11.147718,59.893003],[11.1482,59.892708],[11.148277,59.892518],[11.148251,59.892401],[11.148213,59.892357],[11.148122,59.892341]]}},{"type":"Feature","properties":{"dybde_m":0.0,"innsjonavn":"Øyeren"},"geometry":{"type":"LineString","coordinates":[[11.124314,59.891837],[11.124781,59.891866],[11.125,59.891934],[11.125289,59.891983],[11.125454,59.892044],[11.125511,59.892097],[11.125517,59.892186],[11.125469,59.892286],[11.125172,59.89239],[11.125012,59.89241],[11.124192,59.892432],[11.12394,59.892409],[11.123668,59.892351],[11.123374,59.89223],[11.12326,59.892124],[11.123219,59.892035],[11.123372,59.891916],[11.123689,59.891848],[11.124314,59.891837]]}},{"type":"Feature","properties":{"dybde_m":0.0,"innsjonavn":"Øyeren"},"geometry":{"type":"LineString","coordinates":[[11.168485,59.88139],[11.168418,59.881454],[11.16754,59.881702],[11.167191,59.881824],[11.166808,59.881992],[11.166419,59.882052],[11.165292,59.882035],[11.164497,59.881895],[11.163658,59.881909],[11.162875,59.881967],[11.162676,59.881934],[11.162569,59.881936],[11.162447,59.881983],[11.16245,59.882028],[11.162651,59.882087],[11.162689,59.882123],[11.162691,59.882159],[11.162604,59.882187],[11.161052,59.881961],[11.160962,59.881953],[11.160873,59.881964],[11.160663,59.882021],[11.160556,59.882023],[11.160138,59.881922],[11.159994,59.881906],[11.159708,59.881902],[11.159548,59.881914],[11.158517,59.882281],[11.15819,59.882466],[11.158105,59.882539],[11.158073,59.882603],[11.15811,59.88262],[11.158198,59.882601],[11.158977,59.882202],[11.159506,59.882103],[11.159828,59.882098],[11.159954,59.882114],[11.160154,59.882164],[11.160313,59.882144],[11.160527,59.88214],[11.160744,59.882173],[11.160818,59.882216],[11.161109,59.882571],[11.161554,59.882815],[11.161885,59.882953],[11.161925,59.883025],[11.162001,59.883086],[11.161944,59.883312],[11.162094,59.883417],[11.162199,59.883658],[11.162493,59.883779],[11.162693,59.883829],[11.163033,59.883851],[11.163253,59.883928],[11.163327,59.883972],[11.163384,59.884025],[11.163447,59.884167],[11.163749,59.884414],[11.163915,59.884492],[11.163974,59.884581],[11.164082,59.884858],[11.164024,59.885074],[11.164048,59.885155],[11.164223,59.885385],[11.164281,59.885726],[11.164185,59.885898],[11.1641,59.885962],[11.163594,59.88615],[11.163353,59.886298],[11.163245,59.886551],[11.163252,59.886668],[11.163468,59.886961],[11.163724,59.887055],[11.16407,59.887148],[11.164405,59.887349],[11.164642,59.887426],[11.164841,59.887468],[11.165058,59.887491],[11.166198,59.887437],[11.166795,59.887274],[11.166975,59.887298],[11.16743,59.887416],[11.167645,59.887431],[11.168035,59.887371],[11.168191,59.887296],[11.168415,59.887176],[11.168637,59.88701],[11.169173,59.886472],[11.169268,59.886281],[11.169512,59.886187],[11.169575,59.886043],[11.169491,59.885864],[11.169374,59.885705],[11.16888,59.885533],[11.168665,59.885519],[11.16861,59.885502],[11.168515,59.885413],[11.16877,59.88549],[11.169895,59.88575],[11.169985,59.885757],[11.170107,59.88572],[11.17018,59.885727],[11.170253,59.885753],[11.17063,59.886052],[11.170777,59.886122],[11.170942,59.886191],[11.171433,59.886309],[11.171761,59.886411],[11.171921,59.88639],[11.172008,59.886362],[11.17206,59.886334],[11.172109,59.886261],[11.172161,59.886243],[11.172216,59.88626],[11.17233,59.886357],[11.172334,59.886428],[11.172482,59.886507],[11.172646,59.886549],[11.17279,59.886565],[11.17295,59.886553],[11.173023,59.88657],[11.173411,59.886761],[11.173612,59.88683],[11.17372,59.886846],[11.174162,59.886767],[11.174509,59.886617],[11.174774,59.886559],[11.175105,59.886428],[11.17519,59.886363],[11.175346,59.886289],[11.175541,59.886259],[11.175822,59.886191],[11.177145,59.885648],[11.177409,59.88559],[11.177807,59.885386],[11.178208,59.885236],[11.178278,59.885216],[11.17858,59.885184],[11.178921,59.884936],[11.17897,59.884864],[11.17898,59.884747],[11.179273,59.884302],[11.17924,59.884069],[11.179321,59.883942],[11.17933,59.883807],[11.179163,59.883711],[11.178856,59.883662],[11.178635,59.883567],[11.178502,59.883452],[11.17848,59.88339],[11.1787,59.882928],[11.178901,59.882718],[11.179189,59.88248],[11.179258,59.882443],[11.179347,59.882432],[11.179637,59.88249],[11.179751,59.882596],[11.179719,59.88292],[11.179784,59.883099],[11.180003,59.883436],[11.179991,59.883526],[11.180032,59.883606],[11.179856,59.883924],[11.179813,59.884356],[11.179392,59.884749],[11.179086,59.884987],[11.178825,59.8851],[11.178675,59.885273],[11.178521,59.885374],[11.178244,59.885513],[11.177487,59.885957],[11.17709,59.886179],[11.176552,59.886422],[11.175599,59.886886],[11.175108,59.887029],[11.174672,59.887198],[11.173543,59.887424],[11.173049,59.887513],[11.172658,59.887546],[11.170779,59.887801],[11.169863,59.887996],[11.169267,59.888186],[11.169073,59.888225],[11.169004,59.888262],[11.168973,59.888325],[11.169009,59.888334],[11.169436,59.8883],[11.169704,59.888304],[11.16981,59.888276],[11.170164,59.888225],[11.17006,59.88828],[11.169866,59.88832],[11.169691,59.888376],[11.169249,59.888446],[11.168929,59.888479],[11.168176,59.888716],[11.168035,59.888745],[11.167283,59.889009],[11.16723,59.889019],[11.167069,59.889012],[11.166832,59.888935],[11.166443,59.889005],[11.166179,59.889072],[11.16548,59.889308],[11.165307,59.889401],[11.165274,59.889446],[11.16473,59.889599],[11.164539,59.889692],[11.164559,59.889718],[11.164649,59.889735],[11.165283,59.88959],[11.165674,59.889547],[11.165711,59.889565],[11.165006,59.889729],[11.164708,59.889815],[11.163862,59.889999],[11.163601,59.890102],[11.163425,59.890141],[11.163352,59.890124],[11.163315,59.890098],[11.16329,59.889991],[11.163122,59.889895],[11.162855,59.889908],[11.162477,59.889869],[11.162227,59.889864],[11.162084,59.889876],[11.161873,59.889924],[11.161214,59.889953],[11.160656,59.889899],[11.160163,59.889737],[11.159519,59.889451],[11.158976,59.889073],[11.158216,59.888664],[11.157794,59.888491],[11.157667,59.888457],[11.157469,59.888433],[11.157398,59.888452],[11.15737,59.888561],[11.157445,59.888622],[11.15745,59.888703],[11.157547,59.888809],[11.157533,59.888872],[11.157431,59.888955],[11.157285,59.889191],[11.157031,59.889402],[11.15706,59.889572],[11.157213,59.889731],[11.157312,59.889873],[11.157341,59.890043],[11.157241,59.89044],[11.157039,59.890632],[11.156867,59.890734],[11.156797,59.890762],[11.156691,59.890773],[11.156529,59.890766],[11.156393,59.890598],[11.15637,59.890508],[11.156448,59.890058],[11.156235,59.88954],[11.156262,59.889396],[11.156397,59.889277],[11.156429,59.889214],[11.156425,59.88916],[11.156387,59.889116],[11.156332,59.889099],[11.156244,59.889127],[11.156196,59.8892],[11.15622,59.889307],[11.156055,59.889507],[11.155912,59.889788],[11.155936,59.889887],[11.155794,59.890176],[11.155454,59.890442],[11.155478,59.890541],[11.155571,59.890602],[11.156161,59.89088],[11.156491,59.891],[11.156569,59.891107],[11.156624,59.891124],[11.156749,59.891113],[11.156794,59.890986],[11.156827,59.89095],[11.156914,59.890913],[11.157002,59.890893],[11.157129,59.890918],[11.157236,59.890916],[11.157325,59.890906],[11.157535,59.890831],[11.157892,59.890825],[11.158176,59.890802],[11.158964,59.890538],[11.159214,59.890534],[11.159698,59.890562],[11.159876,59.89055],[11.160035,59.89052],[11.160286,59.890534],[11.161341,59.890544],[11.161624,59.890494],[11.162064,59.890379],[11.162384,59.890365],[11.162546,59.89038],[11.162494,59.890408],[11.162227,59.890421],[11.161876,59.890517],[11.161558,59.890576],[11.161347,59.890633],[11.160798,59.890714],[11.160208,59.890715],[11.159763,59.890731],[11.159529,59.890708],[11.159297,59.890712],[11.158871,59.890764],[11.158537,59.890859],[11.158119,59.891028],[11.157964,59.891111],[11.157759,59.891258],[11.157653,59.891278],[11.157493,59.891298],[11.156902,59.891272],[11.156703,59.89123],[11.155806,59.890913],[11.155327,59.890687],[11.154723,59.890481],[11.154684,59.890428],[11.154732,59.890346],[11.154931,59.89037],[11.155001,59.890351],[11.154997,59.890288],[11.154978,59.890271],[11.15487,59.890263],[11.154867,59.890209],[11.155197,59.890069],[11.155299,59.889987],[11.155982,59.889221],[11.156173,59.888859],[11.156397,59.888172],[11.156453,59.887938],[11.156515,59.887236],[11.156547,59.887182],[11.156635,59.887162],[11.156691,59.887197],[11.156685,59.887656],[11.15658,59.887954],[11.156532,59.888332],[11.156421,59.88854],[11.156443,59.888612],[11.156498,59.888629],[11.15657,59.888628],[11.156639,59.8886],[11.156701,59.888446],[11.156857,59.88838],[11.156959,59.888289],[11.156878,59.888147],[11.156892,59.888083],[11.157022,59.887884],[11.157095,59.887362],[11.157015,59.886671],[11.15718,59.886471],[11.157135,59.886319],[11.157056,59.886212],[11.157094,59.885691],[11.15702,59.885378],[11.156875,59.885075],[11.156831,59.884384],[11.15684,59.884249],[11.156919,59.884095],[11.156901,59.883817],[11.156827,59.883773],[11.156807,59.883737],[11.15684,59.883701],[11.156979,59.883636],[11.157268,59.883128],[11.157405,59.883045],[11.157471,59.882963],[11.157485,59.882891],[11.157463,59.882837],[11.157336,59.882812],[11.157298,59.882768],[11.157291,59.88266],[11.15739,59.882533],[11.157867,59.882175],[11.158262,59.881935],[11.158661,59.881749],[11.158839,59.881728],[11.15905,59.881679],[11.159137,59.881642],[11.159261,59.881622],[11.159547,59.881626],[11.159674,59.881651],[11.160119,59.881626],[11.160633,59.881564],[11.161142,59.881429],[11.161393,59.881434],[11.161398,59.881515],[11.161721,59.881528],[11.162198,59.881439],[11.162553,59.881406],[11.162964,59.881409],[11.163248,59.881377],[11.163336,59.881349],[11.163296,59.881286],[11.163045,59.881282],[11.162727,59.881332],[11.162637,59.881333],[11.162636,59.881306],[11.162705,59.881278],[11.163202,59.881216],[11.163611,59.881191],[11.163934,59.881204],[11.164237,59.88119],[11.164679,59.881129],[11.165136,59.881005],[11.165597,59.880952],[11.165932,59.880875],[11.166338,59.880805],[11.166517,59.880802],[11.166728,59.880763],[11.167132,59.880609],[11.167557,59.880574],[11.168625,59.88042],[11.169747,59.880046],[11.170374,59.8799],[11.170829,59.879649],[11.171086,59.879635],[11.171683,59.879753],[11.171715,59.879968],[11.171663,59.880173],[11.171392,59.880308],[11.170904,59.880479],[11.170318,59.880762],[11.169549,59.880903],[11.168918,59.881078],[11.168716,59.881236],[11.168534,59.881326],[11.168485,59.88139]]}},{"type":"Feature","properties":{"dybde_m":0.0,"innsjonavn":"Øyeren"},"geometry":{"type":"LineString","coordinates":[[11.14972,59.888847],[11.149559,59.88885],[11.149472,59.888887],[11.149408,59.889005],[11.149108,59.889333],[11.149078,59.889433],[11.149107,59.889594],[11.149165,59.889674],[11.149336,59.889824],[11.149499,59.889857],[11.149748,59.889835],[11.14985,59.889762],[11.149942,59.889526],[11.14994,59.889212],[11.149879,59.889105],[11.149852,59.888953],[11.149775,59.888873],[11.14972,59.888847]]}},{"type":"Feature","properties":{"dybde_m":0.0,"innsjonavn":"Øyeren"},"geometry":{"type":"LineString","coordinates":[[11.145906,59.882101],[11.14623,59.882131],[11.146474,59.882038],[11.146541,59.881965],[11.146588,59.881856],[11.146788,59.881637],[11.146924,59.881527],[11.147715,59.881047],[11.148309,59.880562],[11.149195,59.879622],[11.15002,59.878827],[11.150193,59.878743],[11.150317,59.878723],[11.150443,59.878748],[11.150518,59.878792],[11.150539,59.878845],[11.150417,59.879162],[11.149964,59.879618],[11.149689,59.879794],[11.149146,59.880234],[11.148864,59.880579],[11.148277,59.881173],[11.147883,59.881718],[11.147585,59.882361],[11.147575,59.882756],[11.147501,59.883],[11.14739,59.883217],[11.147426,59.883495],[11.147264,59.884028],[11.147168,59.884479],[11.14697,59.885021],[11.146849,59.885625],[11.14684,59.885777],[11.146765,59.885994],[11.146755,59.886111],[11.14674,59.886435],[11.146799,59.886524],[11.146909,59.886567],[11.146962,59.886557],[11.147008,59.886439],[11.147099,59.886465],[11.147098,59.886716],[11.147284,59.887387],[11.147333,59.887862],[11.14728,59.888438],[11.147047,59.888981],[11.146885,59.889235],[11.146701,59.889436],[11.146424,59.889575],[11.146288,59.889676],[11.146012,59.889833],[11.145906,59.889853],[11.145763,59.889846],[11.145599,59.889813],[11.145398,59.889744],[11.14525,59.889657],[11.145067,59.889597],[11.144761,59.889557],[11.144565,59.889569],[11.144282,59.88961],[11.143985,59.889722],[11.1438,59.890175],[11.143828,59.890345],[11.143962,59.890747],[11.143959,59.890989],[11.143895,59.891107],[11.143906,59.891269],[11.14404,59.89141],[11.144061,59.891464],[11.144031,59.891545],[11.143843,59.891674],[11.143633,59.891758],[11.143256,59.892007],[11.143242,59.892061],[11.143173,59.892107],[11.142961,59.892137],[11.142888,59.892112],[11.142824,59.891951],[11.142729,59.890767],[11.142846,59.888699],[11.14295,59.88753],[11.143133,59.886485],[11.143453,59.885635],[11.143812,59.884264],[11.143813,59.884012],[11.143842,59.883895],[11.144002,59.883605],[11.144089,59.882184],[11.14401,59.88179],[11.144062,59.880936],[11.14403,59.880721],[11.144103,59.880459],[11.144213,59.880233],[11.144661,59.879696],[11.144748,59.879658],[11.144806,59.87972],[11.144776,59.879811],[11.144785,59.879954],[11.144903,59.880114],[11.14527,59.88027],[11.145419,59.880366],[11.145536,59.880508],[11.145533,59.880751],[11.145557,59.88084],[11.145654,59.880964],[11.145683,59.881404],[11.145653,59.881782],[11.145735,59.881942],[11.145906,59.882101]]}},{"type":"Feature","properties":{"dybde_m":0.0,"innsjonavn":"Øyeren"},"geometry":{"type":"LineString","coordinates":[[11.149938,59.884209],[11.150104,59.884],[11.150126,59.883793],[11.150004,59.88357],[11.150111,59.88329],[11.150122,59.883173],[11.150095,59.883039],[11.14991,59.882655],[11.149955,59.88252],[11.149949,59.88243],[11.149908,59.88235],[11.149854,59.882342],[11.149765,59.882352],[11.149612,59.88275],[11.149562,59.882814],[11.149509,59.883093],[11.149421,59.884226],[11.149472,59.884728],[11.14955,59.885113],[11.149511,59.885608],[11.149635,59.886145],[11.14991,59.886536],[11.150157,59.886756],[11.150314,59.886978],[11.150565,59.887262],[11.150943,59.887579],[11.151108,59.887648],[11.151362,59.887707],[11.151757,59.887727],[11.152023,59.887705],[11.152163,59.887649],[11.152227,59.88754],[11.152349,59.887493],[11.152466,59.887365],[11.152686,59.886895],[11.15264,59.886734],[11.152523,59.886583],[11.152381,59.886334],[11.152207,59.886121],[11.152124,59.885952],[11.152033,59.885639],[11.151879,59.885471],[11.151753,59.885176],[11.151723,59.884997],[11.151807,59.884367],[11.151583,59.883931],[11.151508,59.883887],[11.151437,59.883888],[11.151366,59.883898],[11.151281,59.883971],[11.151371,59.884527],[11.151309,59.884672],[11.151209,59.884781],[11.15113,59.884953],[11.151088,59.885124],[11.15113,59.885222],[11.151112,59.885492],[11.151019,59.885709],[11.151112,59.88578],[11.151167,59.885797],[11.151239,59.885795],[11.151344,59.885776],[11.151464,59.885684],[11.151588,59.885673],[11.151666,59.885771],[11.151883,59.885821],[11.15194,59.885856],[11.152045,59.886106],[11.152161,59.886247],[11.152209,59.886435],[11.152199,59.886552],[11.151987,59.88687],[11.151849,59.887223],[11.151762,59.88726],[11.151655,59.887262],[11.151545,59.887219],[11.151334,59.886998],[11.151269,59.886828],[11.151193,59.886479],[11.150982,59.886258],[11.150814,59.886144],[11.150632,59.886093],[11.150411,59.885989],[11.150243,59.885875],[11.150166,59.885786],[11.150139,59.885661],[11.150151,59.885562],[11.150216,59.885462],[11.15027,59.885192],[11.149924,59.884541],[11.149912,59.884353],[11.149938,59.884209]]}},{"type":"Feature","properties":{"dybde_m":0.0,"innsjonavn":"Øyeren"},"geometry":{"type":"LineString","coordinates":[[11.134091,59.884008],[11.134144,59.884286],[11.134165,59.884609],[11.13431,59.884912],[11.134632,59.885203],[11.134942,59.885567],[11.135768,59.886748],[11.135861,59.8868],[11.135933,59.886817],[11.136005,59.886825],[11.136094,59.886814],[11.136267,59.886722],[11.136362,59.886541],[11.136366,59.886325],[11.136333,59.886083],[11.136232,59.885905],[11.136182,59.885115],[11.136194,59.88419],[11.136121,59.883616],[11.136157,59.883059],[11.136111,59.882898],[11.13603,59.882755],[11.135864,59.882677],[11.135646,59.882618],[11.135447,59.882585],[11.135233,59.882598],[11.134791,59.882668],[11.13463,59.882661],[11.134086,59.882535],[11.133864,59.882422],[11.133675,59.882264],[11.133517,59.882033],[11.133215,59.881768],[11.132916,59.881566],[11.132657,59.881427],[11.132364,59.881324],[11.132161,59.881219],[11.131941,59.881133],[11.13179,59.881019],[11.131673,59.88085],[11.131601,59.880572],[11.131679,59.880401],[11.131831,59.880263],[11.132229,59.88005],[11.132857,59.879816],[11.133082,59.879704],[11.133442,59.879465],[11.133678,59.879236],[11.133755,59.879047],[11.13364,59.878932],[11.13353,59.87888],[11.133368,59.878864],[11.133012,59.878879],[11.132501,59.878995],[11.132083,59.879163],[11.131684,59.87935],[11.130462,59.880088],[11.130311,59.880243],[11.130218,59.88046],[11.130211,59.880631],[11.130256,59.880783],[11.130337,59.880925],[11.13073,59.881206],[11.130926,59.881751],[11.131067,59.882],[11.131183,59.882142],[11.1322,59.882952],[11.132645,59.883205],[11.133199,59.883475],[11.133714,59.8837],[11.133918,59.883814],[11.134091,59.884008]]}},{"type":"Feature","properties":{"dybde_m":0.0,"innsjonavn":"Øyeren"},"geometry":{"type":"LineString","coordinates":[[11.15958,59.876901],[11.159338,59.877031],[11.159233,59.877068],[11.158915,59.877118],[11.1586,59.877222],[11.158292,59.877434],[11.157833,59.877522],[11.157519,59.877635],[11.15738,59.877701],[11.157125,59.877902],[11.15697,59.877995],[11.156605,59.878144],[11.156251,59.878195],[11.156089,59.87818],[11.155961,59.878128],[11.155913,59.87794],[11.156027,59.877768],[11.156003,59.877687],[11.155929,59.877634],[11.155838,59.877609],[11.155625,59.877631],[11.155295,59.877789],[11.155092,59.877954],[11.15489,59.878155],[11.154543,59.878591],[11.154317,59.878954],[11.154362,59.879097],[11.154332,59.879188],[11.154181,59.879343],[11.153991,59.879454],[11.15389,59.879536],[11.153805,59.879888],[11.153516,59.880108],[11.153083,59.880322],[11.152911,59.880433],[11.152391,59.880953],[11.152363,59.88107],[11.15223,59.881234],[11.152171,59.881424],[11.152091,59.88156],[11.152042,59.882198],[11.151994,59.88228],[11.151725,59.882536],[11.151729,59.882608],[11.151806,59.882687],[11.15188,59.882722],[11.151952,59.88273],[11.152074,59.882683],[11.152145,59.882682],[11.152218,59.882707],[11.152293,59.88276],[11.152334,59.882831],[11.15235,59.883092],[11.152442,59.883404],[11.152414,59.883522],[11.152503,59.88379],[11.152601,59.883932],[11.152668,59.884137],[11.152633,59.884416],[11.152673,59.884766],[11.152774,59.885214],[11.153008,59.885803],[11.153264,59.886167],[11.153408,59.886452],[11.15358,59.886907],[11.153546,59.887204],[11.153404,59.887494],[11.153214,59.887605],[11.153148,59.887678],[11.153134,59.88775],[11.153191,59.887794],[11.153497,59.887825],[11.153588,59.887859],[11.153609,59.887895],[11.153593,59.887931],[11.153435,59.887978],[11.153292,59.887981],[11.152938,59.888031],[11.152887,59.888068],[11.152841,59.888186],[11.152649,59.888252],[11.152559,59.888253],[11.152338,59.888149],[11.152195,59.888142],[11.152124,59.888152],[11.152036,59.888181],[11.151985,59.888218],[11.15201,59.888334],[11.152208,59.888627],[11.15243,59.888749],[11.152863,59.888805],[11.153197,59.888719],[11.153666,59.888505],[11.153889,59.888357],[11.154575,59.887645],[11.154776,59.887148],[11.154862,59.886832],[11.154974,59.886067],[11.154874,59.885637],[11.154921,59.885259],[11.154906,59.884478],[11.154952,59.884351],[11.154923,59.883903],[11.154953,59.883534],[11.154994,59.883354],[11.15509,59.883172],[11.155126,59.882893],[11.155228,59.882541],[11.155387,59.882242],[11.15552,59.882079],[11.156141,59.881467],[11.156464,59.88121],[11.156879,59.880996],[11.157141,59.880893],[11.157547,59.880815],[11.157829,59.880765],[11.158312,59.880766],[11.159023,59.880719],[11.160146,59.880673],[11.160893,59.880616],[11.161283,59.880574],[11.162395,59.880358],[11.162534,59.880293],[11.162514,59.880257],[11.162319,59.880278],[11.162214,59.880316],[11.161791,59.880413],[11.161102,59.880523],[11.160711,59.880565],[11.160301,59.880581],[11.160121,59.880566],[11.159976,59.880532],[11.159829,59.880472],[11.159343,59.880139],[11.159233,59.880095],[11.159001,59.88009],[11.158721,59.880185],[11.158615,59.880204],[11.15849,59.880206],[11.158172,59.879996],[11.157917,59.879919],[11.157297,59.879992],[11.157088,59.880086],[11.156456,59.880258],[11.156332,59.880269],[11.156204,59.880235],[11.15611,59.880165],[11.156089,59.880102],[11.156219,59.879902],[11.156738,59.879651],[11.157019,59.879566],[11.157245,59.879472],[11.15745,59.879334],[11.157478,59.879208],[11.157448,59.87902],[11.157496,59.878938],[11.157598,59.878856],[11.157719,59.878791],[11.157947,59.878724],[11.158051,59.878678],[11.158479,59.878662],[11.158803,59.878701],[11.159255,59.878784],[11.159525,59.878815],[11.159704,59.878812],[11.159949,59.878736],[11.16007,59.878672],[11.160284,59.87839],[11.160371,59.878352],[11.16046,59.878342],[11.16073,59.878373],[11.160894,59.878424],[11.161116,59.878538],[11.161435,59.878784],[11.16195,59.879009],[11.162132,59.879051],[11.16247,59.879027],[11.162698,59.87897],[11.162784,59.878905],[11.162861,59.878716],[11.162811,59.878501],[11.162734,59.878421],[11.161895,59.877878],[11.161818,59.877798],[11.161775,59.877691],[11.161787,59.877592],[11.161868,59.877474],[11.162136,59.877182],[11.162147,59.877083],[11.162047,59.876914],[11.161751,59.876767],[11.16157,59.876734],[11.16123,59.876721],[11.161035,59.876742],[11.16063,59.876839],[11.160364,59.87687],[11.160026,59.876894],[11.159899,59.876869],[11.15958,59.876901]]}},{"type":"Feature","properties":{"dybde_m":0.0,"innsjonavn":"Øyeren"},"geometry":{"type":"LineString","coordinates":[[11.155131,59.880495],[11.154776,59.880528],[11.154542,59.880505],[11.15387,59.880614],[11.153337,59.880668],[11.153145,59.880725],[11.152988,59.880791],[11.152851,59.880892],[11.152741,59.881118],[11.152591,59.881291],[11.152598,59.881399],[11.152558,59.881606],[11.152433,59.881878],[11.152457,59.881976],[11.15255,59.882037],[11.152628,59.882126],[11.152632,59.882198],[11.15267,59.882233],[11.152831,59.88223],[11.152934,59.882166],[11.153059,59.882173],[11.153152,59.882216],[11.153266,59.882322],[11.153371,59.882572],[11.153366,59.88277],[11.1532,59.88297],[11.153206,59.88306],[11.153283,59.883148],[11.153412,59.8832],[11.153607,59.88317],[11.153763,59.883095],[11.153865,59.883022],[11.153886,59.882788],[11.153706,59.882216],[11.153692,59.881731],[11.153722,59.881632],[11.153839,59.881513],[11.153993,59.881412],[11.154778,59.881112],[11.155368,59.880841],[11.155461,59.880624],[11.155257,59.880511],[11.155131,59.880495]]}},{"type":"Feature","properties":{"dybde_m":0.0,"innsjonavn":"Øyeren"},"geometry":{"type":"LineString","coordinates":[[11.151551,59.880401],[11.15148,59.880411],[11.151411,59.880448],[11.151327,59.88053],[11.151332,59.880602],[11.151197,59.88073],[11.151118,59.880884],[11.151161,59.881],[11.151342,59.881042],[11.151464,59.880995],[11.151727,59.880632],[11.151716,59.88047],[11.151641,59.880417],[11.151551,59.880401]]}},{"type":"Feature","properties":{"dybde_m":0.0,"innsjonavn":"Øyeren"},"geometry":{"type":"LineString","coordinates":[[11.139442,59.876619],[11.139925,59.876063],[11.13999,59.875972],[11.139984,59.875873],[11.140186,59.87569],[11.140296,59.875455],[11.14034,59.875302],[11.140334,59.875212],[11.140568,59.874948],[11.141094,59.874248],[11.141232,59.874173],[11.141263,59.874092],[11.141198,59.873922],[11.141105,59.873861],[11.140996,59.873836],[11.140889,59.873829],[11.140678,59.873886],[11.140512,59.874086],[11.140517,59.874167],[11.140473,59.874312],[11.14036,59.874493],[11.140206,59.874612],[11.139983,59.874742],[11.139756,59.874826],[11.139136,59.875196],[11.138935,59.875405],[11.13892,59.875451],[11.138993,59.875476],[11.139406,59.875506],[11.139638,59.875502],[11.139748,59.875545],[11.139844,59.875651],[11.139847,59.875687],[11.139732,59.875842],[11.139662,59.875879],[11.1394,59.875964],[11.138708,59.876038],[11.138409,59.876106],[11.138346,59.87625],[11.138427,59.876393],[11.138521,59.876472],[11.138563,59.876561],[11.138521,59.876751],[11.138394,59.876986],[11.138277,59.877114],[11.137951,59.877335],[11.137886,59.877426],[11.137858,59.877543],[11.13785,59.877696],[11.137927,59.877793],[11.138022,59.877881],[11.138187,59.877942],[11.138349,59.877957],[11.138455,59.877946],[11.138732,59.877798],[11.138881,59.877625],[11.138992,59.877408],[11.138989,59.877075],[11.13933,59.876818],[11.139442,59.876619]]}},{"type":"Feature","properties":{"dybde_m":0.0,"innsjonavn":"Øyeren"},"geometry":{"type":"LineString","coordinates":[[11.138941,59.871884],[11.138835,59.871895],[11.138802,59.871949],[11.138826,59.87203],[11.138917,59.872055],[11.139075,59.872026],[11.139092,59.871999],[11.138941,59.871884]]}},{"type":"Feature","properties":{"dybde_m":0.0,"innsjonavn":"Øyeren"},"geometry":{"type":"LineString","coordinates":[[11.146757,59.871461],[11.146632,59.871463],[11.146491,59.871492],[11.146476,59.871537],[11.146515,59.87159],[11.146589,59.871625],[11.146916,59.87171],[11.147077,59.871707],[11.147145,59.871661],[11.14714,59.87158],[11.146993,59.87152],[11.146757,59.871461]]}},{"type":"Feature","properties":{"dybde_m":0.0,"innsjonavn":"Øyeren"},"geometry":{"type":"LineString","coordinates":[[11.206336,59.858155],[11.206212,59.858175],[11.205974,59.858619],[11.205994,59.858664],[11.206107,59.858743],[11.206161,59.85876],[11.206429,59.858755],[11.206533,59.858709],[11.206635,59.858626],[11.206664,59.858527],[11.20675,59.85848],[11.206551,59.858448],[11.206402,59.858351],[11.206362,59.85828],[11.206372,59.858172],[11.206336,59.858155]]}},{"type":"Feature","properties":{"dybde_m":0.0,"innsjonavn":"Øyeren"},"geometry":{"type":"LineString","coordinates":[[11.239597,59.809711],[11.239557,59.809918],[11.239611,59.809927],[11.239663,59.809908],[11.239691,59.809799],[11.239651,59.809719],[11.239597,59.809711]]}},{"type":"Feature","properties":{"dybde_m":0.0,"innsjonavn":"Øyeren"},"geometry":{"type":"LineString","coordinates":[[11.200567,59.783035],[11.200443,59.783307],[11.200511,59.78353],[11.200548,59.783557],[11.20062,59.783564],[11.200617,59.78351],[11.200823,59.78339],[11.200814,59.783256],[11.200669,59.783222],[11.200609,59.783124],[11.200623,59.783061],[11.200567,59.783035]]}},{"type":"Feature","properties":{"dybde_m":0.0,"innsjonavn":"Øyeren"},"geometry":{"type":"LineString","coordinates":[[11.23884,59.776649],[11.238734,59.77666],[11.23872,59.776723],[11.238615,59.776743],[11.238581,59.77677],[11.238764,59.776848],[11.238804,59.77691],[11.238779,59.777063],[11.238852,59.777098],[11.238855,59.777143],[11.238825,59.777215],[11.238757,59.77727],[11.238759,59.777306],[11.2388,59.777386],[11.238909,59.777411],[11.239049,59.777373],[11.239138,59.777111],[11.239116,59.777048],[11.238999,59.776898],[11.239026,59.776762],[11.23884,59.776649]]}},{"type":"Feature","properties":{"dybde_m":0.0,"innsjonavn":"Øyeren"},"geometry":{"type":"LineString","coordinates":[[11.242994,59.770056],[11.24283,59.770266],[11.242745,59.77033],[11.242641,59.770377],[11.242536,59.770397],[11.242463,59.77038],[11.242393,59.77039],[11.24234,59.7704],[11.242306,59.770427],[11.242273,59.770464],[11.24242,59.770533],[11.242527,59.770532],[11.242628,59.770449],[11.242941,59.770336],[11.243054,59.770154],[11.24305,59.7701],[11.242994,59.770056]]}},{"type":"Feature","properties":{"dybde_m":0.0,"innsjonavn":"Øyeren"},"geometry":{"type":"LineString","coordinates":[[11.243567,59.76913],[11.243612,59.769175],[11.2436,59.769265],[11.243565,59.769274],[11.243544,59.76923],[11.243567,59.76913]]}},{"type":"Feature","properties":{"dybde_m":0.0,"innsjonavn":"Øyeren"},"geometry":{"type":"LineString","coordinates":[[11.217546,59.72985],[11.217464,59.729959],[11.217459,59.730138],[11.217481,59.730201],[11.217568,59.730182],[11.217583,59.730145],[11.217623,59.729929],[11.217583,59.729867],[11.217546,59.72985]]}},{"type":"Feature","properties":{"dybde_m":0.0,"innsjonavn":"Øyeren"},"geometry":{"type":"LineString","coordinates":[[11.250794,59.728763],[11.250636,59.728793],[11.250569,59.728848],[11.250491,59.72902],[11.250519,59.729172],[11.250576,59.729216],[11.250681,59.729465],[11.250685,59.729519],[11.250618,59.729583],[11.250677,59.729672],[11.250595,59.729772],[11.250599,59.729826],[11.250622,59.729907],[11.250679,59.72996],[11.250789,59.730003],[11.250863,59.730055],[11.250892,59.730225],[11.250836,59.730442],[11.250861,59.730558],[11.250962,59.730727],[11.250969,59.730835],[11.251077,59.73086],[11.251184,59.730858],[11.25127,59.730821],[11.251418,59.73063],[11.251486,59.730593],[11.251698,59.730571],[11.251771,59.730588],[11.251912,59.730567],[11.252086,59.73051],[11.252166,59.730374],[11.252335,59.730255],[11.252367,59.730191],[11.252453,59.730145],[11.252559,59.730134],[11.252719,59.73014],[11.252828,59.730174],[11.253079,59.730206],[11.253147,59.730151],[11.2532,59.730141],[11.253343,59.730156],[11.253377,59.730138],[11.253375,59.730111],[11.253196,59.730087],[11.253087,59.730053],[11.2525,59.729533],[11.252374,59.729508],[11.251878,59.729274],[11.251727,59.729151],[11.251498,59.728913],[11.251371,59.72887],[11.251212,59.72889],[11.250958,59.728823],[11.250902,59.728779],[11.250794,59.728763]]}},{"type":"Feature","properties":{"dybde_m":0.0,"innsjonavn":"Øyeren"},"geometry":{"type":"LineString","coordinates":[[11.249069,59.724795],[11.248998,59.724796],[11.24893,59.724842],[11.248857,59.725086],[11.248684,59.725152],[11.248466,59.725353],[11.248208,59.725483],[11.248147,59.725637],[11.248208,59.725744],[11.248429,59.725866],[11.248416,59.725938],[11.248365,59.725966],[11.248371,59.726056],[11.248589,59.726133],[11.248663,59.726167],[11.248701,59.726212],[11.248687,59.726257],[11.248449,59.726423],[11.248434,59.726468],[11.248512,59.726565],[11.248675,59.726616],[11.24879,59.72674],[11.248812,59.726803],[11.248678,59.726922],[11.248704,59.727038],[11.249293,59.727342],[11.249399,59.727323],[11.249523,59.72732],[11.249643,59.727246],[11.24948,59.726944],[11.249565,59.726888],[11.249811,59.726839],[11.249844,59.726794],[11.24984,59.726749],[11.249765,59.726678],[11.249619,59.726636],[11.249544,59.726574],[11.249481,59.726432],[11.249505,59.726261],[11.249677,59.725907],[11.249761,59.725834],[11.249773,59.725753],[11.249709,59.725593],[11.249503,59.725434],[11.249421,59.725265],[11.24943,59.725148],[11.24948,59.725084],[11.249362,59.724925],[11.249182,59.724892],[11.249069,59.724795]]}},{"type":"Feature","properties":{"dybde_m":0.0,"innsjonavn":"Øyeren"},"geometry":{"type":"LineString","coordinates":[[11.177227,59.65284],[11.177068,59.652843],[11.176859,59.652909],[11.176739,59.652974],[11.176706,59.653011],[11.176807,59.653207],[11.177081,59.653319],[11.177726,59.653407],[11.177864,59.65336],[11.177915,59.653314],[11.177924,59.653188],[11.177882,59.653081],[11.177932,59.653035],[11.177891,59.652946],[11.177782,59.652903],[11.177601,59.652861],[11.177227,59.65284]]}}]}