{"type":"FeatureCollection","features":[{"type":"Feature","properties":{"fade":1.0,"vegkategori":"F"},"geometry":{"type":"LineString","coordinates":[[10.99153,59.9688],[10.99235,59.96828],[10.99315,59.96757],[10.99375,59.96691],[10.99415,59.9664],[10.99449,59.96575],[10.99475,59.96477],[10.99479,59.96406],[10.99473,59.96241],[10.99442,59.9609],[10.99444,59.96069],[10.99449,59.96049],[10.99467,59.96019],[10.99499,59.9598],[10.99606,59.95791],[10.99653,59.95685],[10.99679,59.9561],[10.99705,59.95578],[10.99727,59.9556],[10.99755,59.95545],[10.99787,59.95532],[10.99824,59.95521],[10.99935,59.95497],[11.00002,59.95478],[11.00049,59.95457],[11.0009,59.95431],[11.00127,59.95398],[11.0017,59.95349],[11.00187,59.95321],[11.00191,59.95295],[11.00187,59.95277],[11.0016,59.95213],[11.00158,59.95199],[11.00167,59.95175],[11.00197,59.95149],[11.00228,59.95135],[11.0026,59.95126]]}},{"type":"Feature","properties":{"fade":1.0,"vegkategori":"F"},"geometry":{"type":"LineString","coordinates":[[10.99714,59.94622],[10.99799,59.94662]]}},{"type":"Feature","properties":{"fade":1.0,"vegkategori":"F"},"geometry":{"type":"LineString","coordinates":[[10.99799,59.94662],[10.99827,59.94672],[10.99902,59.94706]]}},{"type":"Feature","properties":{"fade":1.0,"vegkategori":"F"},"geometry":{"type":"LineString","coordinates":[[10.99799,59.94662],[10.99938,59.94731]]}},{"type":"Feature","properties":{"fade":1.0,"vegkategori":"F"},"geometry":{"type":"LineString","coordinates":[[10.99902,59.94706],[10.99999,59.94756]]}},{"type":"Feature","properties":{"fade":1.0,"vegkategori":"F"},"geometry":{"type":"LineString","coordinates":[[10.99902,59.94706],[10.99909,59.94714],[10.99933,59.94726],[10.99938,59.94731]]}},{"type":"Feature","properties":{"fade":1.0,"vegkategori":"F"},"geometry":{"type":"LineString","coordinates":[[10.99938,59.94731],[10.99999,59.94756]]}},{"type":"Feature","properties":{"fade":1.0,"vegkategori":"F"},"geometry":{"type":"LineString","coordinates":[[10.99999,59.94756],[11.00075,59.94792]]}},{"type":"Feature","properties":{"fade":1.0,"vegkategori":"F"},"geometry":{"type":"LineString","coordinates":[[11.00075,59.94792],[11.00143,59.94821],[11.0016,59.94832]]}},{"type":"Feature","properties":{"fade":1.0,"vegkategori":"F"},"geometry":{"type":"LineString","coordinates":[[11.00075,59.94792],[11.00079,59.94796],[11.00131,59.94823],[11.00149,59.9483],[11.0016,59.94832]]}},{"type":"Feature","properties":{"fade":1.0,"vegkategori":"F"},"geometry":{"type":"LineString","coordinates":[[11.0016,59.94832],[11.00211,59.94854]]}},{"type":"Feature","properties":{"fade":1.0,"vegkategori":"F"},"geometry":{"type":"LineString","coordinates":[[11.00211,59.94854],[11.0022,59.94855],[11.00264,59.94873]]}},{"type":"Feature","properties":{"fade":1.0,"vegkategori":"F"},"geometry":{"type":"LineString","coordinates":[[11.00211,59.94854],[11.00214,59.94859],[11.00249,59.9488]]}},{"type":"Feature","properties":{"fade":1.0,"vegkategori":"F"},"geometry":{"type":"LineString","coordinates":[[11.003,59.94193],[11.0032,59.94228],[11.00352,59.94306],[11.00393,59.9435],[11.00544,59.94478],[11.00587,59.94506],[11.0071,59.94576]]}},{"type":"Feature","properties":{"fade":1.0,"vegkategori":"F"},"geometry":{"type":"LineString","coordinates":[[11.00274,59.94893],[11.00258,59.94891],[11.00251,59.94887],[11.00249,59.9488]]}},{"type":"Feature","properties":{"fade":1.0,"vegkategori":"F"},"geometry":{"type":"LineString","coordinates":[[11.00249,59.9488],[11.00264,59.94873]]}},{"type":"Feature","properties":{"fade":1.0,"vegkategori":"F"},"geometry":{"type":"LineString","coordinates":[[11.00264,59.94873],[11.00269,59.94872]]}},{"type":"Feature","properties":{"fade":1.0,"vegkategori":"F"},"geometry":{"type":"LineString","coordinates":[[11.00269,59.94872],[11.00282,59.94874],[11.00287,59.94877]]}},{"type":"Feature","properties":{"fade":1.0,"vegkategori":"F"},"geometry":{"type":"LineString","coordinates":[[11.00269,59.94872],[11.00306,59.94851],[11.00377,59.94801]]}},{"type":"Feature","properties":{"fade":1.0,"vegkategori":"F"},"geometry":{"type":"LineString","coordinates":[[11.00274,59.94893],[11.00301,59.94903],[11.00544,59.95027]]}},{"type":"Feature","properties":{"fade":1.0,"vegkategori":"F"},"geometry":{"type":"LineString","coordinates":[[11.00288,59.94888],[11.00274,59.94893]]}},{"type":"Feature","properties":{"fade":1.0,"vegkategori":"F"},"geometry":{"type":"LineString","coordinates":[[11.00287,59.94877],[11.0029,59.94882],[11.00288,59.94888]]}},{"type":"Feature","properties":{"fade":1.0,"vegkategori":"F"},"geometry":{"type":"LineString","coordinates":[[11.00287,59.94877],[11.00307,59.94861],[11.0039,59.94805]]}},{"type":"Feature","properties":{"fade":1.0,"vegkategori":"F"},"geometry":{"type":"LineString","coordinates":[[11.00288,59.94888],[11.00539,59.95014],[11.00558,59.95019]]}},{"type":"Feature","properties":{"fade":1.0,"vegkategori":"F"},"geometry":{"type":"LineString","coordinates":[[11.0026,59.95126],[11.00299,59.95123]]}},{"type":"Feature","properties":{"fade":1.0,"vegkategori":"F"},"geometry":{"type":"LineString","coordinates":[[11.0026,59.95126],[11.0029,59.95114]]}},{"type":"Feature","properties":{"fade":1.0,"vegkategori":"F"},"geometry":{"type":"LineString","coordinates":[[11.00299,59.95123],[11.00291,59.95119],[11.0029,59.95114]]}},{"type":"Feature","properties":{"fade":1.0,"vegkategori":"F"},"geometry":{"type":"LineString","coordinates":[[11.0029,59.95114],[11.00301,59.95109],[11.00313,59.9511]]}},{"type":"Feature","properties":{"fade":1.0,"vegkategori":"F"},"geometry":{"type":"LineString","coordinates":[[11.00319,59.95117],[11.00316,59.95121],[11.00308,59.95123],[11.00299,59.95123]]}},{"type":"Feature","properties":{"fade":1.0,"vegkategori":"F"},"geometry":{"type":"LineString","coordinates":[[11.00313,59.9511],[11.00319,59.95117]]}},{"type":"Feature","properties":{"fade":1.0,"vegkategori":"F"},"geometry":{"type":"LineString","coordinates":[[11.00313,59.9511],[11.00347,59.95105]]}},{"type":"Feature","properties":{"fade":1.0,"vegkategori":"F"},"geometry":{"type":"LineString","coordinates":[[11.00319,59.95117],[11.00347,59.95105]]}},{"type":"Feature","properties":{"fade":1.0,"vegkategori":"F"},"geometry":{"type":"LineString","coordinates":[[11.0039,59.94805],[11.00377,59.94801]]}},{"type":"Feature","properties":{"fade":1.0,"vegkategori":"F"},"geometry":{"type":"LineString","coordinates":[[11.00377,59.94801],[11.00378,59.94794],[11.00391,59.9479]]}},{"type":"Feature","properties":{"fade":1.0,"vegkategori":"F"},"geometry":{"type":"LineString","coordinates":[[11.00347,59.95105],[11.00487,59.95063],[11.00523,59.9505]]}},{"type":"Feature","properties":{"fade":1.0,"vegkategori":"F"},"geometry":{"type":"LineString","coordinates":[[11.00391,59.9479],[11.00403,59.94794]]}},{"type":"Feature","properties":{"fade":1.0,"vegkategori":"F"},"geometry":{"type":"LineString","coordinates":[[11.00391,59.9479],[11.00421,59.9477],[11.00431,59.94767]]}},{"type":"Feature","properties":{"fade":1.0,"vegkategori":"F"},"geometry":{"type":"LineString","coordinates":[[11.00403,59.94794],[11.00405,59.94798],[11.00402,59.94803],[11.0039,59.94805]]}},{"type":"Feature","properties":{"fade":1.0,"vegkategori":"F"},"geometry":{"type":"LineString","coordinates":[[11.00403,59.94794],[11.00429,59.94773],[11.00431,59.94767]]}},{"type":"Feature","properties":{"fade":1.0,"vegkategori":"F"},"geometry":{"type":"LineString","coordinates":[[11.00431,59.94767],[11.00443,59.94759]]}},{"type":"Feature","properties":{"fade":1.0,"vegkategori":"F"},"geometry":{"type":"LineString","coordinates":[[11.00443,59.94759],[11.00447,59.94751],[11.00473,59.94735],[11.00482,59.94732]]}},{"type":"Feature","properties":{"fade":1.0,"vegkategori":"F"},"geometry":{"type":"LineString","coordinates":[[11.00443,59.94759],[11.00457,59.94755],[11.00481,59.94738],[11.00482,59.94732]]}},{"type":"Feature","properties":{"fade":1.0,"vegkategori":"F"},"geometry":{"type":"LineString","coordinates":[[11.00482,59.94732],[11.00519,59.94707]]}},{"type":"Feature","properties":{"fade":1.0,"vegkategori":"F"},"geometry":{"type":"LineString","coordinates":[[11.00519,59.94707],[11.00537,59.94691],[11.00561,59.94679]]}},{"type":"Feature","properties":{"fade":1.0,"vegkategori":"F"},"geometry":{"type":"LineString","coordinates":[[11.00519,59.94707],[11.00533,59.94703],[11.00546,59.94694],[11.00561,59.94679]]}},{"type":"Feature","properties":{"fade":1.0,"vegkategori":"F"},"geometry":{"type":"LineString","coordinates":[[11.00561,59.94679],[11.00594,59.94656]]}},{"type":"Feature","properties":{"fade":1.0,"vegkategori":"F"},"geometry":{"type":"LineString","coordinates":[[11.00523,59.9505],[11.00545,59.95034]]}},{"type":"Feature","properties":{"fade":1.0,"vegkategori":"F"},"geometry":{"type":"LineString","coordinates":[[11.00523,59.9505],[11.00559,59.9504]]}},{"type":"Feature","properties":{"fade":1.0,"vegkategori":"F"},"geometry":{"type":"LineString","coordinates":[[11.00545,59.95034],[11.00544,59.95027]]}},{"type":"Feature","properties":{"fade":1.0,"vegkategori":"F"},"geometry":{"type":"LineString","coordinates":[[11.00544,59.95027],[11.00549,59.95022],[11.00558,59.95019]]}},{"type":"Feature","properties":{"fade":1.0,"vegkategori":"F"},"geometry":{"type":"LineString","coordinates":[[11.00559,59.9504],[11.00545,59.95034]]}},{"type":"Feature","properties":{"fade":1.0,"vegkategori":"F"},"geometry":{"type":"LineString","coordinates":[[11.00594,59.94656],[11.00593,59.94652],[11.00602,59.94646],[11.00617,59.94636],[11.00629,59.94632]]}},{"type":"Feature","properties":{"fade":1.0,"vegkategori":"F"},"geometry":{"type":"LineString","coordinates":[[11.00594,59.94656],[11.00601,59.94655],[11.00615,59.94647],[11.00625,59.94639],[11.00629,59.94632]]}},{"type":"Feature","properties":{"fade":1.0,"vegkategori":"F"},"geometry":{"type":"LineString","coordinates":[[11.00558,59.95019],[11.00569,59.95019],[11.00578,59.95021],[11.00587,59.95031]]}},{"type":"Feature","properties":{"fade":1.0,"vegkategori":"F"},"geometry":{"type":"LineString","coordinates":[[11.00718,59.9682],[11.00713,59.96855],[11.00714,59.96881],[11.00732,59.97034],[11.00735,59.97095],[11.00734,59.97131],[11.00719,59.97162],[11.00703,59.97183],[11.00667,59.97216],[11.00625,59.97245],[11.00485,59.97323],[11.00443,59.97354],[11.00409,59.97392],[11.00379,59.97433],[11.00245,59.97629]]}},{"type":"Feature","properties":{"fade":1.0,"vegkategori":"F"},"geometry":{"type":"LineString","coordinates":[[11.00572,59.9504],[11.00567,59.9504],[11.00559,59.9504]]}},{"type":"Feature","properties":{"fade":1.0,"vegkategori":"F"},"geometry":{"type":"LineString","coordinates":[[11.00572,59.9504],[11.00596,59.95043],[11.00715,59.95071],[11.00755,59.95076]]}},{"type":"Feature","properties":{"fade":1.0,"vegkategori":"F"},"geometry":{"type":"LineString","coordinates":[[11.00587,59.95031],[11.00583,59.95036],[11.00572,59.9504]]}},{"type":"Feature","properties":{"fade":1.0,"vegkategori":"F"},"geometry":{"type":"LineString","coordinates":[[11.00629,59.94632],[11.00657,59.94613]]}},{"type":"Feature","properties":{"fade":1.0,"vegkategori":"F"},"geometry":{"type":"LineString","coordinates":[[11.00587,59.95031],[11.00603,59.95037],[11.00702,59.95062]]}},{"type":"Feature","properties":{"fade":1.0,"vegkategori":"F"},"geometry":{"type":"LineString","coordinates":[[11.00657,59.94613],[11.00658,59.94607],[11.0067,59.946],[11.00683,59.94596]]}},{"type":"Feature","properties":{"fade":1.0,"vegkategori":"F"},"geometry":{"type":"LineString","coordinates":[[11.00657,59.94613],[11.00666,59.94611],[11.00683,59.94596]]}},{"type":"Feature","properties":{"fade":1.0,"vegkategori":"F"},"geometry":{"type":"LineString","coordinates":[[11.00683,59.94596],[11.0071,59.94576]]}},{"type":"Feature","properties":{"fade":1.0,"vegkategori":"F"},"geometry":{"type":"LineString","coordinates":[[11.0071,59.94576],[11.01004,59.94741],[11.01052,59.94788]]}},{"type":"Feature","properties":{"fade":1.0,"vegkategori":"F"},"geometry":{"type":"LineString","coordinates":[[11.0071,59.94576],[11.00925,59.94471],[11.0105,59.94437],[11.01255,59.94387],[11.01289,59.94372],[11.01302,59.94361],[11.01311,59.94348],[11.01334,59.94302],[11.01362,59.94263],[11.014,59.94231],[11.0144,59.94206],[11.01465,59.94194],[11.01513,59.94176]]}},{"type":"Feature","properties":{"fade":1.0,"vegkategori":"F"},"geometry":{"type":"LineString","coordinates":[[11.00702,59.95062],[11.00742,59.95069],[11.00805,59.95073]]}},{"type":"Feature","properties":{"fade":1.0,"vegkategori":"F"},"geometry":{"type":"LineString","coordinates":[[11.00702,59.95062],[11.00707,59.95066],[11.0075,59.95073],[11.00755,59.95076]]}},{"type":"Feature","properties":{"fade":1.0,"vegkategori":"F"},"geometry":{"type":"LineString","coordinates":[[11.00755,59.95076],[11.00785,59.95076],[11.00805,59.95073]]}},{"type":"Feature","properties":{"fade":1.0,"vegkategori":"F"},"geometry":{"type":"LineString","coordinates":[[11.00905,59.93928],[11.00918,59.9394]]}},{"type":"Feature","properties":{"fade":1.0,"vegkategori":"F"},"geometry":{"type":"LineString","coordinates":[[11.00918,59.9394],[11.00935,59.93949],[11.00979,59.93963]]}},{"type":"Feature","properties":{"fade":1.0,"vegkategori":"F"},"geometry":{"type":"LineString","coordinates":[[11.00918,59.9394],[11.00962,59.93975]]}},{"type":"Feature","properties":{"fade":1.0,"vegkategori":"F"},"geometry":{"type":"LineString","coordinates":[[11.00805,59.95073],[11.00945,59.95063]]}},{"type":"Feature","properties":{"fade":1.0,"vegkategori":"F"},"geometry":{"type":"LineString","coordinates":[[11.00991,59.93986],[11.00972,59.93984],[11.00962,59.93975]]}},{"type":"Feature","properties":{"fade":1.0,"vegkategori":"F"},"geometry":{"type":"LineString","coordinates":[[11.00962,59.93975],[11.00967,59.93967],[11.00979,59.93963]]}},{"type":"Feature","properties":{"fade":1.0,"vegkategori":"F"},"geometry":{"type":"LineString","coordinates":[[11.00979,59.93963],[11.00998,59.93965],[11.01008,59.93973]]}},{"type":"Feature","properties":{"fade":1.0,"vegkategori":"F"},"geometry":{"type":"LineString","coordinates":[[11.01008,59.93973],[11.01005,59.9398],[11.00991,59.93986]]}},{"type":"Feature","properties":{"fade":1.0,"vegkategori":"F"},"geometry":{"type":"LineString","coordinates":[[11.00991,59.93986],[11.01066,59.93987]]}},{"type":"Feature","properties":{"fade":1.0,"vegkategori":"F"},"geometry":{"type":"LineString","coordinates":[[11.01008,59.93973],[11.01066,59.93987]]}},{"type":"Feature","properties":{"fade":1.0,"vegkategori":"F"},"geometry":{"type":"LineString","coordinates":[[11.00749,59.96794],[11.0073,59.96798],[11.00717,59.96794]]}},{"type":"Feature","properties":{"fade":1.0,"vegkategori":"F"},"geometry":{"type":"LineString","coordinates":[[11.00717,59.96794],[11.00718,59.9682]]}},{"type":"Feature","properties":{"fade":1.0,"vegkategori":"F"},"geometry":{"type":"LineString","coordinates":[[11.00717,59.96794],[11.00714,59.96784],[11.00724,59.96778]]}},{"type":"Feature","properties":{"fade":1.0,"vegkategori":"F"},"geometry":{"type":"LineString","coordinates":[[11.00749,59.96794],[11.00718,59.9682]]}},{"type":"Feature","properties":{"fade":1.0,"vegkategori":"F"},"geometry":{"type":"LineString","coordinates":[[11.0075,59.96757],[11.00724,59.96778]]}},{"type":"Feature","properties":{"fade":1.0,"vegkategori":"F"},"geometry":{"type":"LineString","coordinates":[[11.00724,59.96778],[11.00739,59.96778],[11.0075,59.96781]]}},{"type":"Feature","properties":{"fade":1.0,"vegkategori":"F"},"geometry":{"type":"LineString","coordinates":[[11.01066,59.93987],[11.01108,59.93986],[11.01146,59.93982],[11.01188,59.93982],[11.01222,59.93986],[11.01258,59.93993],[11.01282,59.94],[11.01325,59.94018],[11.01374,59.94049],[11.01402,59.94061]]}},{"type":"Feature","properties":{"fade":1.0,"vegkategori":"F"},"geometry":{"type":"LineString","coordinates":[[11.00945,59.95063],[11.00987,59.9507]]}},{"type":"Feature","properties":{"fade":1.0,"vegkategori":"F"},"geometry":{"type":"LineString","coordinates":[[11.00945,59.95063],[11.00988,59.95058]]}},{"type":"Feature","properties":{"fade":1.0,"vegkategori":"F"},"geometry":{"type":"LineString","coordinates":[[11.0075,59.96757],[11.0075,59.96781]]}},{"type":"Feature","properties":{"fade":1.0,"vegkategori":"F"},"geometry":{"type":"LineString","coordinates":[[11.00896,59.96246],[11.00884,59.96322],[11.00875,59.9648],[11.00859,59.96562],[11.00829,59.9664],[11.0075,59.96757]]}},{"type":"Feature","properties":{"fade":1.0,"vegkategori":"F"},"geometry":{"type":"LineString","coordinates":[[11.0075,59.96781],[11.00754,59.96787],[11.00749,59.96794]]}},{"type":"Feature","properties":{"fade":1.0,"vegkategori":"F"},"geometry":{"type":"LineString","coordinates":[[11.00987,59.9507],[11.00984,59.95063],[11.00988,59.95058]]}},{"type":"Feature","properties":{"fade":1.0,"vegkategori":"F"},"geometry":{"type":"LineString","coordinates":[[11.00988,59.95058],[11.00995,59.95055],[11.01015,59.95055],[11.01024,59.9506],[11.01025,59.95065]]}},{"type":"Feature","properties":{"fade":1.0,"vegkategori":"F"},"geometry":{"type":"LineString","coordinates":[[11.01018,59.95072],[11.01002,59.95074],[11.00987,59.9507]]}},{"type":"Feature","properties":{"fade":1.0,"vegkategori":"F"},"geometry":{"type":"LineString","coordinates":[[11.01052,59.94788],[11.01098,59.9489],[11.01187,59.95114]]}},{"type":"Feature","properties":{"fade":1.0,"vegkategori":"F"},"geometry":{"type":"LineString","coordinates":[[11.01052,59.94788],[11.0199,59.9458]]}},{"type":"Feature","properties":{"fade":1.0,"vegkategori":"F"},"geometry":{"type":"LineString","coordinates":[[11.01018,59.95072],[11.01062,59.95085],[11.01144,59.95136],[11.01163,59.95143]]}},{"type":"Feature","properties":{"fade":1.0,"vegkategori":"F"},"geometry":{"type":"LineString","coordinates":[[11.01025,59.95065],[11.01018,59.95072]]}},{"type":"Feature","properties":{"fade":1.0,"vegkategori":"F"},"geometry":{"type":"LineString","coordinates":[[11.01025,59.95065],[11.01053,59.95073],[11.0107,59.95081],[11.01153,59.95131],[11.01163,59.95143]]}},{"type":"Feature","properties":{"fade":1.0,"vegkategori":"F"},"geometry":{"type":"LineString","coordinates":[[11.0091,59.96223],[11.00898,59.96225],[11.00887,59.96224]]}},{"type":"Feature","properties":{"fade":1.0,"vegkategori":"F"},"geometry":{"type":"LineString","coordinates":[[11.00887,59.96224],[11.00896,59.96246]]}},{"type":"Feature","properties":{"fade":1.0,"vegkategori":"F"},"geometry":{"type":"LineString","coordinates":[[11.00887,59.96224],[11.0088,59.96217],[11.00884,59.96211],[11.00893,59.96207],[11.00908,59.96209]]}},{"type":"Feature","properties":{"fade":1.0,"vegkategori":"F"},"geometry":{"type":"LineString","coordinates":[[11.0091,59.96223],[11.00896,59.96246]]}},{"type":"Feature","properties":{"fade":1.0,"vegkategori":"F"},"geometry":{"type":"LineString","coordinates":[[11.00908,59.96209],[11.00916,59.96218]]}},{"type":"Feature","properties":{"fade":1.0,"vegkategori":"F"},"geometry":{"type":"LineString","coordinates":[[11.00945,59.96198],[11.00908,59.96209]]}},{"type":"Feature","properties":{"fade":1.0,"vegkategori":"F"},"geometry":{"type":"LineString","coordinates":[[11.00916,59.96218],[11.0091,59.96223]]}},{"type":"Feature","properties":{"fade":1.0,"vegkategori":"F"},"geometry":{"type":"LineString","coordinates":[[11.00945,59.96198],[11.00916,59.96218]]}},{"type":"Feature","properties":{"fade":1.0,"vegkategori":"F"},"geometry":{"type":"LineString","coordinates":[[11.0161,59.95766],[11.01654,59.95797],[11.0166,59.95811],[11.01655,59.95827],[11.01635,59.95847],[11.01565,59.95885],[11.01547,59.95897],[11.01535,59.95908],[11.015,59.95957],[11.01485,59.95971],[11.01447,59.95996],[11.01362,59.96032],[11.01329,59.96044],[11.00945,59.96198]]}},{"type":"Feature","properties":{"fade":1.0,"vegkategori":"F"},"geometry":{"type":"LineString","coordinates":[[11.01163,59.95143],[11.01203,59.95172]]}},{"type":"Feature","properties":{"fade":1.0,"vegkategori":"F"},"geometry":{"type":"LineString","coordinates":[[11.01187,59.95114],[11.01182,59.95127],[11.01166,59.95138],[11.01163,59.95143]]}},{"type":"Feature","properties":{"fade":1.0,"vegkategori":"F"},"geometry":{"type":"LineString","coordinates":[[11.01187,59.95114],[11.01193,59.95125],[11.01191,59.95131],[11.01182,59.95139],[11.01163,59.95143]]}},{"type":"Feature","properties":{"fade":1.0,"vegkategori":"F"},"geometry":{"type":"LineString","coordinates":[[11.01203,59.95172],[11.01211,59.95176],[11.01219,59.95191],[11.01223,59.95202],[11.0122,59.95208]]}},{"type":"Feature","properties":{"fade":1.0,"vegkategori":"F"},"geometry":{"type":"LineString","coordinates":[[11.01203,59.95172],[11.01199,59.95177],[11.01213,59.95204],[11.0122,59.95208]]}},{"type":"Feature","properties":{"fade":1.0,"vegkategori":"F"},"geometry":{"type":"LineString","coordinates":[[11.0122,59.95208],[11.01231,59.95236]]}},{"type":"Feature","properties":{"fade":1.0,"vegkategori":"F"},"geometry":{"type":"LineString","coordinates":[[11.01231,59.95236],[11.01242,59.95245],[11.01255,59.95273]]}},{"type":"Feature","properties":{"fade":1.0,"vegkategori":"F"},"geometry":{"type":"LineString","coordinates":[[11.01231,59.95236],[11.01229,59.95246],[11.01236,59.95276]]}},{"type":"Feature","properties":{"fade":1.0,"vegkategori":"F"},"geometry":{"type":"LineString","coordinates":[[11.0124,59.95295],[11.01231,59.9529],[11.01228,59.95285],[11.01236,59.95276]]}},{"type":"Feature","properties":{"fade":1.0,"vegkategori":"F"},"geometry":{"type":"LineString","coordinates":[[11.01236,59.95276],[11.01255,59.95273]]}},{"type":"Feature","properties":{"fade":1.0,"vegkategori":"F"},"geometry":{"type":"LineString","coordinates":[[11.01268,59.95293],[11.01255,59.95296],[11.0124,59.95295]]}},{"type":"Feature","properties":{"fade":1.0,"vegkategori":"F"},"geometry":{"type":"LineString","coordinates":[[11.0124,59.95295],[11.01273,59.95321]]}},{"type":"Feature","properties":{"fade":1.0,"vegkategori":"F"},"geometry":{"type":"LineString","coordinates":[[11.01255,59.95273],[11.01271,59.95279]]}},{"type":"Feature","properties":{"fade":1.0,"vegkategori":"F"},"geometry":{"type":"LineString","coordinates":[[11.01402,59.94061],[11.01404,59.94066],[11.01432,59.94078]]}},{"type":"Feature","properties":{"fade":1.0,"vegkategori":"F"},"geometry":{"type":"LineString","coordinates":[[11.01402,59.94061],[11.01409,59.94061],[11.01438,59.94069]]}},{"type":"Feature","properties":{"fade":1.0,"vegkategori":"F"},"geometry":{"type":"LineString","coordinates":[[11.01268,59.95293],[11.01273,59.95321]]}},{"type":"Feature","properties":{"fade":1.0,"vegkategori":"F"},"geometry":{"type":"LineString","coordinates":[[11.01272,59.95289],[11.01268,59.95293]]}},{"type":"Feature","properties":{"fade":1.0,"vegkategori":"F"},"geometry":{"type":"LineString","coordinates":[[11.01271,59.95279],[11.01289,59.95281],[11.01311,59.95286]]}},{"type":"Feature","properties":{"fade":1.0,"vegkategori":"F"},"geometry":{"type":"LineString","coordinates":[[11.01271,59.95279],[11.01272,59.95289]]}},{"type":"Feature","properties":{"fade":1.0,"vegkategori":"F"},"geometry":{"type":"LineString","coordinates":[[11.01272,59.95289],[11.01311,59.95286]]}},{"type":"Feature","properties":{"fade":1.0,"vegkategori":"F"},"geometry":{"type":"LineString","coordinates":[[11.01273,59.95321],[11.01323,59.95406],[11.01339,59.95472],[11.01357,59.95501],[11.01458,59.95634],[11.01475,59.95651],[11.01498,59.95665]]}},{"type":"Feature","properties":{"fade":1.0,"vegkategori":"F"},"geometry":{"type":"LineString","coordinates":[[11.01441,59.94083],[11.01432,59.94078]]}},{"type":"Feature","properties":{"fade":1.0,"vegkategori":"F"},"geometry":{"type":"LineString","coordinates":[[11.01432,59.94078],[11.01438,59.94069]]}},{"type":"Feature","properties":{"fade":1.0,"vegkategori":"F"},"geometry":{"type":"LineString","coordinates":[[11.01438,59.94069],[11.01445,59.94068]]}},{"type":"Feature","properties":{"fade":1.0,"vegkategori":"F"},"geometry":{"type":"LineString","coordinates":[[11.01462,59.94079],[11.01457,59.94082],[11.01448,59.94084],[11.01441,59.94083]]}},{"type":"Feature","properties":{"fade":1.0,"vegkategori":"F"},"geometry":{"type":"LineString","coordinates":[[11.01441,59.94083],[11.01442,59.9409],[11.01452,59.94099]]}},{"type":"Feature","properties":{"fade":1.0,"vegkategori":"F"},"geometry":{"type":"LineString","coordinates":[[11.01445,59.94068],[11.01457,59.94069],[11.01464,59.94077]]}},{"type":"Feature","properties":{"fade":1.0,"vegkategori":"F"},"geometry":{"type":"LineString","coordinates":[[11.01445,59.94068],[11.01473,59.94055],[11.01481,59.94055]]}},{"type":"Feature","properties":{"fade":1.0,"vegkategori":"F"},"geometry":{"type":"LineString","coordinates":[[11.01452,59.94099],[11.0146,59.94114],[11.01513,59.94176]]}},{"type":"Feature","properties":{"fade":1.0,"vegkategori":"F"},"geometry":{"type":"LineString","coordinates":[[11.01462,59.94079],[11.01458,59.94094],[11.01452,59.94099]]}},{"type":"Feature","properties":{"fade":1.0,"vegkategori":"F"},"geometry":{"type":"LineString","coordinates":[[11.01311,59.95286],[11.01436,59.95312],[11.01505,59.95317],[11.01544,59.95317],[11.01701,59.95298],[11.01781,59.95284],[11.01941,59.95261],[11.02099,59.95232],[11.02226,59.95197],[11.02253,59.95192],[11.02312,59.95186],[11.02365,59.95189],[11.02408,59.95196],[11.02509,59.95219],[11.02576,59.95229],[11.02642,59.95233],[11.02706,59.95231]]}},{"type":"Feature","properties":{"fade":1.0,"vegkategori":"F"},"geometry":{"type":"LineString","coordinates":[[11.01464,59.94077],[11.01462,59.94079]]}},{"type":"Feature","properties":{"fade":1.0,"vegkategori":"F"},"geometry":{"type":"LineString","coordinates":[[11.01464,59.94077],[11.01482,59.94058],[11.01481,59.94055]]}},{"type":"Feature","properties":{"fade":1.0,"vegkategori":"F"},"geometry":{"type":"LineString","coordinates":[[11.01481,59.94055],[11.01535,59.94007]]}},{"type":"Feature","properties":{"fade":1.0,"vegkategori":"F"},"geometry":{"type":"LineString","coordinates":[[11.01566,59.93983],[11.01551,59.93986],[11.01533,59.93981]]}},{"type":"Feature","properties":{"fade":1.0,"vegkategori":"F"},"geometry":{"type":"LineString","coordinates":[[11.01535,59.94007],[11.01533,59.93981]]}},{"type":"Feature","properties":{"fade":1.0,"vegkategori":"F"},"geometry":{"type":"LineString","coordinates":[[11.01533,59.93981],[11.01531,59.93971],[11.01537,59.93967],[11.01556,59.93965]]}},{"type":"Feature","properties":{"fade":1.0,"vegkategori":"F"},"geometry":{"type":"LineString","coordinates":[[11.01513,59.94176],[11.01544,59.94215],[11.01563,59.94277],[11.0159,59.9431],[11.01626,59.94338],[11.01692,59.94373],[11.01868,59.94455],[11.01896,59.94471],[11.01918,59.94487],[11.01937,59.94505],[11.01994,59.94573]]}},{"type":"Feature","properties":{"fade":1.0,"vegkategori":"F"},"geometry":{"type":"LineString","coordinates":[[11.01535,59.94007],[11.0155,59.94001],[11.01566,59.93983]]}},{"type":"Feature","properties":{"fade":1.0,"vegkategori":"F"},"geometry":{"type":"LineString","coordinates":[[11.01556,59.93965],[11.01568,59.93969],[11.01572,59.93974],[11.0157,59.9398]]}},{"type":"Feature","properties":{"fade":1.0,"vegkategori":"F"},"geometry":{"type":"LineString","coordinates":[[11.01556,59.93965],[11.01611,59.93955]]}},{"type":"Feature","properties":{"fade":1.0,"vegkategori":"F"},"geometry":{"type":"LineString","coordinates":[[11.0157,59.9398],[11.01566,59.93983]]}},{"type":"Feature","properties":{"fade":1.0,"vegkategori":"F"},"geometry":{"type":"LineString","coordinates":[[11.0157,59.9398],[11.01611,59.93955]]}},{"type":"Feature","properties":{"fade":1.0,"vegkategori":"F"},"geometry":{"type":"LineString","coordinates":[[11.01611,59.93955],[11.01751,59.93904],[11.01771,59.93894],[11.01839,59.93835],[11.01886,59.93804]]}},{"type":"Feature","properties":{"fade":1.0,"vegkategori":"F"},"geometry":{"type":"LineString","coordinates":[[11.01498,59.95665],[11.01558,59.95692],[11.01616,59.95714]]}},{"type":"Feature","properties":{"fade":1.0,"vegkategori":"F"},"geometry":{"type":"LineString","coordinates":[[11.01498,59.95665],[11.01527,59.95684],[11.01609,59.95722]]}},{"type":"Feature","properties":{"fade":1.0,"vegkategori":"F"},"geometry":{"type":"LineString","coordinates":[[11.01611,59.95724],[11.01609,59.95722]]}},{"type":"Feature","properties":{"fade":1.0,"vegkategori":"F"},"geometry":{"type":"LineString","coordinates":[[11.01609,59.95722],[11.01616,59.95714]]}},{"type":"Feature","properties":{"fade":1.0,"vegkategori":"F"},"geometry":{"type":"LineString","coordinates":[[11.01628,59.95729],[11.01617,59.95728],[11.01611,59.95724]]}},{"type":"Feature","properties":{"fade":1.0,"vegkategori":"F"},"geometry":{"type":"LineString","coordinates":[[11.01611,59.95724],[11.01597,59.95747],[11.01596,59.95755],[11.01603,59.95764],[11.0161,59.95766]]}},{"type":"Feature","properties":{"fade":1.0,"vegkategori":"F"},"geometry":{"type":"LineString","coordinates":[[11.01628,59.95729],[11.0161,59.95745],[11.0161,59.95766]]}},{"type":"Feature","properties":{"fade":1.0,"vegkategori":"F"},"geometry":{"type":"LineString","coordinates":[[11.01616,59.95714],[11.01626,59.95712],[11.01636,59.95714],[11.01643,59.95719]]}},{"type":"Feature","properties":{"fade":1.0,"vegkategori":"F"},"geometry":{"type":"LineString","coordinates":[[11.01635,59.95728],[11.01628,59.95729]]}},{"type":"Feature","properties":{"fade":1.0,"vegkategori":"F"},"geometry":{"type":"LineString","coordinates":[[11.01713,59.95736],[11.01635,59.95728]]}},{"type":"Feature","properties":{"fade":1.0,"vegkategori":"F"},"geometry":{"type":"LineString","coordinates":[[11.01643,59.95719],[11.01642,59.95724],[11.01635,59.95728]]}},{"type":"Feature","properties":{"fade":1.0,"vegkategori":"F"},"geometry":{"type":"LineString","coordinates":[[11.01713,59.95736],[11.01643,59.95719]]}},{"type":"Feature","properties":{"fade":1.0,"vegkategori":"F"},"geometry":{"type":"LineString","coordinates":[[11.01886,59.93804],[11.01888,59.93799],[11.01904,59.93789],[11.01996,59.93768]]}},{"type":"Feature","properties":{"fade":1.0,"vegkategori":"F"},"geometry":{"type":"LineString","coordinates":[[11.01886,59.93804],[11.01893,59.93804],[11.01913,59.93794],[11.01951,59.93785],[11.01997,59.9378]]}},{"type":"Feature","properties":{"fade":1.0,"vegkategori":"F"},"geometry":{"type":"LineString","coordinates":[[11.03347,59.95762],[11.03075,59.9574],[11.0233,59.95673],[11.02222,59.95668],[11.02115,59.95678],[11.01922,59.95703],[11.01852,59.95716],[11.01787,59.95735],[11.01739,59.9574],[11.01713,59.95736]]}},{"type":"Feature","properties":{"fade":1.0,"vegkategori":"F"},"geometry":{"type":"LineString","coordinates":[[11.01997,59.9378],[11.01992,59.93772],[11.01996,59.93768]]}},{"type":"Feature","properties":{"fade":1.0,"vegkategori":"F"},"geometry":{"type":"LineString","coordinates":[[11.01996,59.93768],[11.02005,59.93765]]}},{"type":"Feature","properties":{"fade":1.0,"vegkategori":"F"},"geometry":{"type":"LineString","coordinates":[[11.02027,59.93771],[11.02022,59.9378],[11.02004,59.93782],[11.01997,59.9378]]}},{"type":"Feature","properties":{"fade":1.0,"vegkategori":"F"},"geometry":{"type":"LineString","coordinates":[[11.02005,59.93765],[11.02031,59.9375],[11.0205,59.93745]]}},{"type":"Feature","properties":{"fade":1.0,"vegkategori":"F"},"geometry":{"type":"LineString","coordinates":[[11.02005,59.93765],[11.02016,59.93765],[11.02027,59.93771]]}},{"type":"Feature","properties":{"fade":1.0,"vegkategori":"F"},"geometry":{"type":"LineString","coordinates":[[11.02027,59.93771],[11.0205,59.93745]]}},{"type":"Feature","properties":{"fade":1.0,"vegkategori":"F"},"geometry":{"type":"LineString","coordinates":[[11.0205,59.93745],[11.02206,59.9369]]}},{"type":"Feature","properties":{"fade":1.0,"vegkategori":"F"},"geometry":{"type":"LineString","coordinates":[[11.02008,59.94576],[11.02007,59.9458],[11.02001,59.94582],[11.0199,59.9458]]}},{"type":"Feature","properties":{"fade":1.0,"vegkategori":"F"},"geometry":{"type":"LineString","coordinates":[[11.0199,59.9458],[11.01989,59.94576],[11.01994,59.94573]]}},{"type":"Feature","properties":{"fade":1.0,"vegkategori":"F"},"geometry":{"type":"LineString","coordinates":[[11.01994,59.94573],[11.02003,59.94573],[11.02008,59.94576]]}},{"type":"Feature","properties":{"fade":1.0,"vegkategori":"F"},"geometry":{"type":"LineString","coordinates":[[11.02008,59.94576],[11.02055,59.94568],[11.02127,59.94564],[11.02175,59.94564],[11.0233,59.94576],[11.02388,59.94578],[11.02475,59.94576],[11.02569,59.94568]]}},{"type":"Feature","properties":{"fade":1.0,"vegkategori":"F"},"geometry":{"type":"LineString","coordinates":[[11.02206,59.9369],[11.02262,59.93669]]}},{"type":"Feature","properties":{"fade":1.0,"vegkategori":"F"},"geometry":{"type":"LineString","coordinates":[[11.02206,59.9369],[11.02271,59.93674],[11.02308,59.93662],[11.02336,59.93649]]}},{"type":"Feature","properties":{"fade":1.0,"vegkategori":"F"},"geometry":{"type":"LineString","coordinates":[[11.02262,59.93669],[11.02324,59.93647],[11.02408,59.93602]]}},{"type":"Feature","properties":{"fade":1.0,"vegkategori":"F"},"geometry":{"type":"LineString","coordinates":[[11.02262,59.93669],[11.02273,59.93668],[11.02311,59.93654],[11.02336,59.93649]]}},{"type":"Feature","properties":{"fade":1.0,"vegkategori":"F"},"geometry":{"type":"LineString","coordinates":[[11.02336,59.93649],[11.02371,59.93631],[11.02408,59.93602]]}},{"type":"Feature","properties":{"fade":1.0,"vegkategori":"F"},"geometry":{"type":"LineString","coordinates":[[11.02408,59.93602],[11.0244,59.93576],[11.02458,59.93558],[11.02491,59.93513],[11.02509,59.93456],[11.02506,59.93413]]}},{"type":"Feature","properties":{"fade":1.0,"vegkategori":"F"},"geometry":{"type":"LineString","coordinates":[[11.02506,59.93413],[11.02499,59.934]]}},{"type":"Feature","properties":{"fade":1.0,"vegkategori":"F"},"geometry":{"type":"LineString","coordinates":[[11.02506,59.93413],[11.02503,59.93399]]}},{"type":"Feature","properties":{"fade":1.0,"vegkategori":"F"},"geometry":{"type":"LineString","coordinates":[[11.02569,59.94568],[11.0259,59.9459]]}},{"type":"Feature","properties":{"fade":1.0,"vegkategori":"F"},"geometry":{"type":"LineString","coordinates":[[11.02569,59.94568],[11.02597,59.94566]]}},{"type":"Feature","properties":{"fade":1.0,"vegkategori":"F"},"geometry":{"type":"LineString","coordinates":[[11.0259,59.9459],[11.02594,59.9466],[11.02599,59.94684],[11.02645,59.94768],[11.02727,59.94856],[11.02742,59.94879],[11.02763,59.9493],[11.0278,59.94949],[11.02837,59.94998],[11.02856,59.95026],[11.02866,59.95096],[11.02886,59.95132],[11.02882,59.95195]]}},{"type":"Feature","properties":{"fade":1.0,"vegkategori":"F"},"geometry":{"type":"LineString","coordinates":[[11.02597,59.94566],[11.02594,59.94587],[11.0259,59.9459]]}},{"type":"Feature","properties":{"fade":1.0,"vegkategori":"F"},"geometry":{"type":"LineString","coordinates":[[11.02597,59.94566],[11.0281,59.94545],[11.02913,59.94544],[11.02997,59.94548],[11.03032,59.94553],[11.0306,59.9456],[11.03118,59.94578],[11.03169,59.94598],[11.0325,59.94637],[11.03277,59.94646],[11.03301,59.9465],[11.03324,59.94651],[11.03355,59.94651],[11.03383,59.94648],[11.03525,59.94616],[11.0373,59.94584],[11.03763,59.94581],[11.03797,59.94581],[11.03854,59.94591]]}},{"type":"Feature","properties":{"fade":1.0,"vegkategori":"F"},"geometry":{"type":"LineString","coordinates":[[11.02706,59.95231],[11.02726,59.95233],[11.02831,59.95229],[11.02863,59.95227],[11.02873,59.95223]]}},{"type":"Feature","properties":{"fade":1.0,"vegkategori":"F"},"geometry":{"type":"LineString","coordinates":[[11.02706,59.95231],[11.02862,59.9522],[11.02873,59.95223]]}},{"type":"Feature","properties":{"fade":1.0,"vegkategori":"F"},"geometry":{"type":"LineString","coordinates":[[11.02958,59.9329],[11.03095,59.9328],[11.03126,59.93275],[11.03157,59.93265],[11.03194,59.93247],[11.03209,59.93234],[11.03222,59.93217],[11.03227,59.93202],[11.03224,59.93142],[11.03239,59.93095]]}},{"type":"Feature","properties":{"fade":1.0,"vegkategori":"F"},"geometry":{"type":"LineString","coordinates":[[11.02873,59.95217],[11.0289,59.95222]]}},{"type":"Feature","properties":{"fade":1.0,"vegkategori":"F"},"geometry":{"type":"LineString","coordinates":[[11.02873,59.95217],[11.02873,59.95223]]}},{"type":"Feature","properties":{"fade":1.0,"vegkategori":"F"},"geometry":{"type":"LineString","coordinates":[[11.02882,59.95195],[11.02873,59.95217]]}},{"type":"Feature","properties":{"fade":1.0,"vegkategori":"F"},"geometry":{"type":"LineString","coordinates":[[11.02873,59.95223],[11.0289,59.95222]]}},{"type":"Feature","properties":{"fade":1.0,"vegkategori":"F"},"geometry":{"type":"LineString","coordinates":[[11.02882,59.95195],[11.02894,59.95222]]}},{"type":"Feature","properties":{"fade":1.0,"vegkategori":"F"},"geometry":{"type":"LineString","coordinates":[[11.0289,59.95222],[11.02904,59.95224]]}},{"type":"Feature","properties":{"fade":1.0,"vegkategori":"F"},"geometry":{"type":"LineString","coordinates":[[11.0289,59.95222],[11.02894,59.95222]]}},{"type":"Feature","properties":{"fade":1.0,"vegkategori":"F"},"geometry":{"type":"LineString","coordinates":[[11.02894,59.95222],[11.02904,59.95224]]}},{"type":"Feature","properties":{"fade":1.0,"vegkategori":"F"},"geometry":{"type":"LineString","coordinates":[[11.02894,59.95222],[11.02908,59.95218],[11.03034,59.95215],[11.03167,59.95217],[11.03185,59.95218]]}},{"type":"Feature","properties":{"fade":1.0,"vegkategori":"F"},"geometry":{"type":"LineString","coordinates":[[11.02904,59.95224],[11.0291,59.95225],[11.03041,59.95222]]}},{"type":"Feature","properties":{"fade":1.0,"vegkategori":"F"},"geometry":{"type":"LineString","coordinates":[[11.02904,59.95224],[11.03023,59.95221],[11.03041,59.95222]]}},{"type":"Feature","properties":{"fade":1.0,"vegkategori":"F"},"geometry":{"type":"LineString","coordinates":[[11.03041,59.95222],[11.03165,59.95221],[11.03185,59.95218]]}},{"type":"Feature","properties":{"fade":1.0,"vegkategori":"F"},"geometry":{"type":"LineString","coordinates":[[11.03458,59.92942],[11.03463,59.92947]]}},{"type":"Feature","properties":{"fade":1.0,"vegkategori":"F"},"geometry":{"type":"LineString","coordinates":[[11.03185,59.95218],[11.03358,59.95217],[11.03401,59.95215],[11.03459,59.95209]]}},{"type":"Feature","properties":{"fade":1.0,"vegkategori":"F"},"geometry":{"type":"LineString","coordinates":[[11.03463,59.92947],[11.03474,59.9295],[11.03502,59.92965],[11.03511,59.92968]]}},{"type":"Feature","properties":{"fade":1.0,"vegkategori":"F"},"geometry":{"type":"LineString","coordinates":[[11.03463,59.92947],[11.03484,59.92976]]}},{"type":"Feature","properties":{"fade":1.0,"vegkategori":"F"},"geometry":{"type":"LineString","coordinates":[[11.03419,59.9576],[11.03371,59.95763],[11.03347,59.95762]]}},{"type":"Feature","properties":{"fade":1.0,"vegkategori":"F"},"geometry":{"type":"LineString","coordinates":[[11.03415,59.9575],[11.03399,59.95754],[11.03347,59.95762]]}},{"type":"Feature","properties":{"fade":1.0,"vegkategori":"F"},"geometry":{"type":"LineString","coordinates":[[11.03459,59.95209],[11.03471,59.95209],[11.03524,59.952],[11.03574,59.95187]]}},{"type":"Feature","properties":{"fade":1.0,"vegkategori":"F"},"geometry":{"type":"LineString","coordinates":[[11.03459,59.95209],[11.03466,59.95205],[11.03506,59.95197]]}},{"type":"Feature","properties":{"fade":1.0,"vegkategori":"F"},"geometry":{"type":"LineString","coordinates":[[11.03419,59.9576],[11.03414,59.95756],[11.03415,59.9575]]}},{"type":"Feature","properties":{"fade":1.0,"vegkategori":"F"},"geometry":{"type":"LineString","coordinates":[[11.03415,59.9575],[11.03425,59.95745]]}},{"type":"Feature","properties":{"fade":1.0,"vegkategori":"F"},"geometry":{"type":"LineString","coordinates":[[11.03446,59.95747],[11.0345,59.95755],[11.03444,59.9576],[11.03432,59.95763],[11.03419,59.9576]]}},{"type":"Feature","properties":{"fade":1.0,"vegkategori":"F"},"geometry":{"type":"LineString","coordinates":[[11.03475,59.95716],[11.03438,59.95733],[11.03425,59.95745]]}},{"type":"Feature","properties":{"fade":1.0,"vegkategori":"F"},"geometry":{"type":"LineString","coordinates":[[11.03425,59.95745],[11.03436,59.95744],[11.03446,59.95747]]}},{"type":"Feature","properties":{"fade":1.0,"vegkategori":"F"},"geometry":{"type":"LineString","coordinates":[[11.03506,59.95197],[11.03551,59.95184]]}},{"type":"Feature","properties":{"fade":1.0,"vegkategori":"F"},"geometry":{"type":"LineString","coordinates":[[11.03506,59.95197],[11.03533,59.95195],[11.03559,59.95188],[11.03574,59.95187]]}},{"type":"Feature","properties":{"fade":1.0,"vegkategori":"F"},"geometry":{"type":"LineString","coordinates":[[11.03475,59.95716],[11.0345,59.95736],[11.03446,59.95747]]}},{"type":"Feature","properties":{"fade":1.0,"vegkategori":"F"},"geometry":{"type":"LineString","coordinates":[[11.0353,59.95695],[11.03475,59.95716]]}},{"type":"Feature","properties":{"fade":1.0,"vegkategori":"F"},"geometry":{"type":"LineString","coordinates":[[11.03551,59.95184],[11.03604,59.95164]]}},{"type":"Feature","properties":{"fade":1.0,"vegkategori":"F"},"geometry":{"type":"LineString","coordinates":[[11.03551,59.95184],[11.03576,59.95179],[11.03616,59.95164]]}},{"type":"Feature","properties":{"fade":1.0,"vegkategori":"F"},"geometry":{"type":"LineString","coordinates":[[11.03574,59.95187],[11.03579,59.95196],[11.03585,59.952],[11.03612,59.95202],[11.03622,59.95199],[11.03662,59.95177]]}},{"type":"Feature","properties":{"fade":1.0,"vegkategori":"F"},"geometry":{"type":"LineString","coordinates":[[11.03574,59.95187],[11.03603,59.95174],[11.03635,59.95165]]}},{"type":"Feature","properties":{"fade":1.0,"vegkategori":"F"},"geometry":{"type":"LineString","coordinates":[[11.04054,59.95496],[11.03976,59.9552],[11.03872,59.95558],[11.03616,59.95656],[11.03539,59.95688],[11.0353,59.95695]]}},{"type":"Feature","properties":{"fade":1.0,"vegkategori":"F"},"geometry":{"type":"LineString","coordinates":[[11.04054,59.95496],[11.0405,59.955],[11.03907,59.95553],[11.03545,59.95692],[11.0353,59.95695]]}},{"type":"Feature","properties":{"fade":1.0,"vegkategori":"F"},"geometry":{"type":"LineString","coordinates":[[11.03604,59.95164],[11.03662,59.95143],[11.03668,59.95144]]}},{"type":"Feature","properties":{"fade":1.0,"vegkategori":"F"},"geometry":{"type":"LineString","coordinates":[[11.03604,59.95164],[11.03616,59.95164]]}},{"type":"Feature","properties":{"fade":1.0,"vegkategori":"F"},"geometry":{"type":"LineString","coordinates":[[11.03616,59.95164],[11.03619,59.95163],[11.03631,59.95165]]}},{"type":"Feature","properties":{"fade":1.0,"vegkategori":"F"},"geometry":{"type":"LineString","coordinates":[[11.03616,59.95164],[11.03616,59.95164],[11.03631,59.95165]]}},{"type":"Feature","properties":{"fade":1.0,"vegkategori":"F"},"geometry":{"type":"LineString","coordinates":[[11.03631,59.95165],[11.03636,59.95165]]}},{"type":"Feature","properties":{"fade":1.0,"vegkategori":"F"},"geometry":{"type":"LineString","coordinates":[[11.03631,59.95165],[11.03635,59.95165]]}},{"type":"Feature","properties":{"fade":1.0,"vegkategori":"F"},"geometry":{"type":"LineString","coordinates":[[11.03635,59.95165],[11.03644,59.95167]]}},{"type":"Feature","properties":{"fade":1.0,"vegkategori":"F"},"geometry":{"type":"LineString","coordinates":[[11.03635,59.95165],[11.03636,59.95165]]}},{"type":"Feature","properties":{"fade":1.0,"vegkategori":"F"},"geometry":{"type":"LineString","coordinates":[[11.03636,59.95165],[11.03644,59.95167]]}},{"type":"Feature","properties":{"fade":1.0,"vegkategori":"F"},"geometry":{"type":"LineString","coordinates":[[11.03636,59.95165],[11.03668,59.95144]]}},{"type":"Feature","properties":{"fade":1.0,"vegkategori":"F"},"geometry":{"type":"LineString","coordinates":[[11.03644,59.95167],[11.03662,59.95177]]}},{"type":"Feature","properties":{"fade":1.0,"vegkategori":"F"},"geometry":{"type":"LineString","coordinates":[[11.03662,59.95177],[11.0395,59.95342]]}},{"type":"Feature","properties":{"fade":1.0,"vegkategori":"F"},"geometry":{"type":"LineString","coordinates":[[11.03662,59.95177],[11.03695,59.95162],[11.03757,59.95147],[11.03765,59.95143],[11.03768,59.95132],[11.03759,59.95122]]}},{"type":"Feature","properties":{"fade":1.0,"vegkategori":"F"},"geometry":{"type":"LineString","coordinates":[[11.03668,59.95144],[11.03759,59.95122]]}},{"type":"Feature","properties":{"fade":1.0,"vegkategori":"F"},"geometry":{"type":"LineString","coordinates":[[11.03759,59.95122],[11.03805,59.9511],[11.03842,59.95093],[11.03955,59.95014],[11.03987,59.94997],[11.04035,59.94979],[11.04075,59.94968],[11.04135,59.94958],[11.04264,59.94952],[11.04364,59.94951]]}},{"type":"Feature","properties":{"fade":1.0,"vegkategori":"F"},"geometry":{"type":"LineString","coordinates":[[11.03854,59.94591],[11.03887,59.94596]]}},{"type":"Feature","properties":{"fade":1.0,"vegkategori":"F"},"geometry":{"type":"LineString","coordinates":[[11.03854,59.94591],[11.03861,59.94594],[11.03902,59.94604],[11.03935,59.94606],[11.0396,59.94605]]}},{"type":"Feature","properties":{"fade":1.0,"vegkategori":"F"},"geometry":{"type":"LineString","coordinates":[[11.03887,59.94596],[11.03943,59.946],[11.03993,59.94595]]}},{"type":"Feature","properties":{"fade":1.0,"vegkategori":"F"},"geometry":{"type":"LineString","coordinates":[[11.03887,59.94596],[11.03908,59.94601],[11.0396,59.94605]]}},{"type":"Feature","properties":{"fade":1.0,"vegkategori":"F"},"geometry":{"type":"LineString","coordinates":[[11.0396,59.94605],[11.03984,59.946],[11.03993,59.94595]]}},{"type":"Feature","properties":{"fade":1.0,"vegkategori":"F"},"geometry":{"type":"LineString","coordinates":[[11.03993,59.94595],[11.04075,59.94565],[11.04262,59.94476]]}},{"type":"Feature","properties":{"fade":1.0,"vegkategori":"F"},"geometry":{"type":"LineString","coordinates":[[11.0395,59.95342],[11.03988,59.95359],[11.04142,59.95443]]}},{"type":"Feature","properties":{"fade":1.0,"vegkategori":"F"},"geometry":{"type":"LineString","coordinates":[[11.0395,59.95342],[11.03962,59.95352],[11.04049,59.95398],[11.04133,59.9545]]}},{"type":"Feature","properties":{"fade":1.0,"vegkategori":"F"},"geometry":{"type":"LineString","coordinates":[[11.04101,59.95479],[11.04054,59.95496]]}},{"type":"Feature","properties":{"fade":1.0,"vegkategori":"F"},"geometry":{"type":"LineString","coordinates":[[11.04135,59.95457],[11.04101,59.95479]]}},{"type":"Feature","properties":{"fade":1.0,"vegkategori":"F"},"geometry":{"type":"LineString","coordinates":[[11.04154,59.95464],[11.04101,59.95479]]}},{"type":"Feature","properties":{"fade":1.0,"vegkategori":"F"},"geometry":{"type":"LineString","coordinates":[[11.04135,59.95457],[11.04133,59.9545]]}},{"type":"Feature","properties":{"fade":1.0,"vegkategori":"F"},"geometry":{"type":"LineString","coordinates":[[11.04133,59.9545],[11.04142,59.95443]]}},{"type":"Feature","properties":{"fade":1.0,"vegkategori":"F"},"geometry":{"type":"LineString","coordinates":[[11.04154,59.95464],[11.04141,59.95461],[11.04135,59.95457]]}},{"type":"Feature","properties":{"fade":1.0,"vegkategori":"F"},"geometry":{"type":"LineString","coordinates":[[11.04142,59.95443],[11.04159,59.95441],[11.04175,59.95446]]}},{"type":"Feature","properties":{"fade":1.0,"vegkategori":"F"},"geometry":{"type":"LineString","coordinates":[[11.04321,59.94446],[11.04326,59.94455],[11.0432,59.94461],[11.04282,59.94478],[11.04278,59.94479],[11.04262,59.94476]]}},{"type":"Feature","properties":{"fade":1.0,"vegkategori":"F"},"geometry":{"type":"LineString","coordinates":[[11.04262,59.94476],[11.04298,59.9446],[11.04321,59.94446]]}},{"type":"Feature","properties":{"fade":1.0,"vegkategori":"F"},"geometry":{"type":"LineString","coordinates":[[11.04179,59.95454],[11.04169,59.95462],[11.04154,59.95464]]}},{"type":"Feature","properties":{"fade":1.0,"vegkategori":"F"},"geometry":{"type":"LineString","coordinates":[[11.04175,59.95446],[11.04179,59.95454]]}},{"type":"Feature","properties":{"fade":1.0,"vegkategori":"F"},"geometry":{"type":"LineString","coordinates":[[11.04494,59.95417],[11.04418,59.95405],[11.04401,59.95405],[11.04301,59.95421],[11.04175,59.95446]]}},{"type":"Feature","properties":{"fade":1.0,"vegkategori":"F"},"geometry":{"type":"LineString","coordinates":[[11.04487,59.95427],[11.04431,59.95416],[11.04397,59.95413],[11.04204,59.95448],[11.04179,59.95454]]}},{"type":"Feature","properties":{"fade":1.0,"vegkategori":"F"},"geometry":{"type":"LineString","coordinates":[[11.04321,59.94446],[11.04339,59.9443],[11.04369,59.94377],[11.04385,59.94361],[11.04405,59.9435],[11.04482,59.94319],[11.04577,59.9427],[11.04609,59.94258],[11.04629,59.94254],[11.04658,59.94251],[11.04755,59.94248]]}},{"type":"Feature","properties":{"fade":1.0,"vegkategori":"F"},"geometry":{"type":"LineString","coordinates":[[11.04364,59.94951],[11.04422,59.94948]]}},{"type":"Feature","properties":{"fade":1.0,"vegkategori":"F"},"geometry":{"type":"LineString","coordinates":[[11.04364,59.94951],[11.04384,59.94946],[11.04405,59.94935]]}},{"type":"Feature","properties":{"fade":1.0,"vegkategori":"F"},"geometry":{"type":"LineString","coordinates":[[11.04497,59.94886],[11.04469,59.94903],[11.04442,59.94914]]}},{"type":"Feature","properties":{"fade":1.0,"vegkategori":"F"},"geometry":{"type":"LineString","coordinates":[[11.04497,59.94886],[11.04481,59.94919],[11.0448,59.94929]]}},{"type":"Feature","properties":{"fade":1.0,"vegkategori":"F"},"geometry":{"type":"LineString","coordinates":[[11.04881,59.94557],[11.0475,59.94653],[11.04497,59.94886]]}},{"type":"Feature","properties":{"fade":1.0,"vegkategori":"F"},"geometry":{"type":"LineString","coordinates":[[11.04494,59.9543],[11.04487,59.95427]]}},{"type":"Feature","properties":{"fade":1.0,"vegkategori":"F"},"geometry":{"type":"LineString","coordinates":[[11.04487,59.95427],[11.04486,59.95421],[11.04494,59.95417]]}},{"type":"Feature","properties":{"fade":1.0,"vegkategori":"F"},"geometry":{"type":"LineString","coordinates":[[11.04494,59.95417],[11.04505,59.95418]]}},{"type":"Feature","properties":{"fade":1.0,"vegkategori":"F"},"geometry":{"type":"LineString","coordinates":[[11.0451,59.95427],[11.04503,59.9543],[11.04499,59.9543],[11.04494,59.9543]]}},{"type":"Feature","properties":{"fade":1.0,"vegkategori":"F"},"geometry":{"type":"LineString","coordinates":[[11.04494,59.9543],[11.04521,59.95451]]}},{"type":"Feature","properties":{"fade":1.0,"vegkategori":"F"},"geometry":{"type":"LineString","coordinates":[[11.04505,59.95418],[11.04511,59.95425]]}},{"type":"Feature","properties":{"fade":1.0,"vegkategori":"F"},"geometry":{"type":"LineString","coordinates":[[11.04596,59.95413],[11.04505,59.95418]]}},{"type":"Feature","properties":{"fade":1.0,"vegkategori":"F"},"geometry":{"type":"LineString","coordinates":[[11.0451,59.95427],[11.04521,59.95451]]}},{"type":"Feature","properties":{"fade":1.0,"vegkategori":"F"},"geometry":{"type":"LineString","coordinates":[[11.04511,59.95425],[11.0451,59.95427]]}},{"type":"Feature","properties":{"fade":1.0,"vegkategori":"F"},"geometry":{"type":"LineString","coordinates":[[11.04596,59.95413],[11.04511,59.95425]]}},{"type":"Feature","properties":{"fade":1.0,"vegkategori":"F"},"geometry":{"type":"LineString","coordinates":[[11.04521,59.95451],[11.04727,59.95696],[11.04797,59.958],[11.04806,59.95805],[11.04816,59.95806],[11.04873,59.95799]]}},{"type":"Feature","properties":{"fade":1.0,"vegkategori":"F"},"geometry":{"type":"LineString","coordinates":[[11.04913,59.95455],[11.04898,59.95446],[11.04876,59.9544],[11.04747,59.9542],[11.04665,59.95412],[11.04596,59.95413]]}},{"type":"Feature","properties":{"fade":1.0,"vegkategori":"F"},"geometry":{"type":"LineString","coordinates":[[11.04755,59.94248],[11.0477,59.94249],[11.04821,59.94246],[11.04825,59.94244]]}},{"type":"Feature","properties":{"fade":1.0,"vegkategori":"F"},"geometry":{"type":"LineString","coordinates":[[11.04755,59.94248],[11.04779,59.94244],[11.04819,59.94242],[11.04825,59.94244]]}},{"type":"Feature","properties":{"fade":1.0,"vegkategori":"F"},"geometry":{"type":"LineString","coordinates":[[11.04671,59.95102],[11.04709,59.95113],[11.04779,59.95145],[11.04929,59.95207],[11.04971,59.95231]]}},{"type":"Feature","properties":{"fade":1.0,"vegkategori":"F"},"geometry":{"type":"LineString","coordinates":[[11.04703,59.95091],[11.04723,59.95108],[11.04813,59.95149],[11.0487,59.95172]]}},{"type":"Feature","properties":{"fade":1.0,"vegkategori":"F"},"geometry":{"type":"LineString","coordinates":[[11.04825,59.94244],[11.04927,59.94238],[11.05041,59.9421]]}},{"type":"Feature","properties":{"fade":1.0,"vegkategori":"F"},"geometry":{"type":"LineString","coordinates":[[11.05049,59.94463],[11.05042,59.94464],[11.04936,59.94516],[11.04881,59.94557]]}},{"type":"Feature","properties":{"fade":1.0,"vegkategori":"F"},"geometry":{"type":"LineString","coordinates":[[11.05049,59.94463],[11.05048,59.94467],[11.04973,59.94504],[11.04916,59.9454],[11.04881,59.94557]]}},{"type":"Feature","properties":{"fade":1.0,"vegkategori":"F"},"geometry":{"type":"LineString","coordinates":[[11.0487,59.95172],[11.04938,59.95201],[11.04995,59.95235],[11.05032,59.95269],[11.05064,59.95331]]}},{"type":"Feature","properties":{"fade":1.0,"vegkategori":"F"},"geometry":{"type":"LineString","coordinates":[[11.0487,59.95172],[11.04884,59.95185],[11.0494,59.95209],[11.04968,59.95225],[11.04971,59.95231]]}},{"type":"Feature","properties":{"fade":1.0,"vegkategori":"F"},"geometry":{"type":"LineString","coordinates":[[11.05041,59.9421],[11.05116,59.94175]]}},{"type":"Feature","properties":{"fade":1.0,"vegkategori":"F"},"geometry":{"type":"LineString","coordinates":[[11.05041,59.9421],[11.05078,59.94199],[11.05116,59.94175]]}},{"type":"Feature","properties":{"fade":1.0,"vegkategori":"F"},"geometry":{"type":"LineString","coordinates":[[11.04938,59.95466],[11.04913,59.95455]]}},{"type":"Feature","properties":{"fade":1.0,"vegkategori":"F"},"geometry":{"type":"LineString","coordinates":[[11.04917,59.95469],[11.0491,59.9546],[11.04913,59.95455]]}},{"type":"Feature","properties":{"fade":1.0,"vegkategori":"F"},"geometry":{"type":"LineString","coordinates":[[11.04873,59.95799],[11.0522,59.96573],[11.05224,59.96591],[11.0522,59.96628],[11.0519,59.96684]]}},{"type":"Feature","properties":{"fade":1.0,"vegkategori":"F"},"geometry":{"type":"LineString","coordinates":[[11.04999,59.95785],[11.04873,59.95799]]}},{"type":"Feature","properties":{"fade":1.0,"vegkategori":"F"},"geometry":{"type":"LineString","coordinates":[[11.04929,59.95484],[11.04918,59.95482],[11.04913,59.95478],[11.04917,59.95469]]}},{"type":"Feature","properties":{"fade":1.0,"vegkategori":"F"},"geometry":{"type":"LineString","coordinates":[[11.04917,59.95469],[11.04924,59.95466],[11.04938,59.95466]]}},{"type":"Feature","properties":{"fade":1.0,"vegkategori":"F"},"geometry":{"type":"LineString","coordinates":[[11.06157,59.93947],[11.06136,59.93972],[11.06026,59.94129],[11.05997,59.94152],[11.05954,59.94176],[11.05882,59.94206],[11.05805,59.94231],[11.05754,59.94242],[11.05683,59.94252],[11.05632,59.94264],[11.05591,59.94279],[11.05519,59.94311],[11.05489,59.94321],[11.05281,59.94364],[11.05228,59.94376],[11.05188,59.94389],[11.05137,59.94412],[11.05049,59.94463]]}},{"type":"Feature","properties":{"fade":1.0,"vegkategori":"F"},"geometry":{"type":"LineString","coordinates":[[11.04929,59.95484],[11.04952,59.955]]}},{"type":"Feature","properties":{"fade":1.0,"vegkategori":"F"},"geometry":{"type":"LineString","coordinates":[[11.04944,59.95482],[11.04929,59.95484]]}},{"type":"Feature","properties":{"fade":1.0,"vegkategori":"F"},"geometry":{"type":"LineString","coordinates":[[11.04938,59.95466],[11.04945,59.95469]]}},{"type":"Feature","properties":{"fade":1.0,"vegkategori":"F"},"geometry":{"type":"LineString","coordinates":[[11.04971,59.95231],[11.05003,59.95256],[11.05025,59.95283],[11.05037,59.95308],[11.05038,59.9533]]}},{"type":"Feature","properties":{"fade":1.0,"vegkategori":"F"},"geometry":{"type":"LineString","coordinates":[[11.04945,59.95469],[11.04949,59.95478]]}},{"type":"Feature","properties":{"fade":1.0,"vegkategori":"F"},"geometry":{"type":"LineString","coordinates":[[11.04998,59.95463],[11.04945,59.95469]]}},{"type":"Feature","properties":{"fade":1.0,"vegkategori":"F"},"geometry":{"type":"LineString","coordinates":[[11.04944,59.95482],[11.04951,59.95494],[11.04952,59.955]]}},{"type":"Feature","properties":{"fade":1.0,"vegkategori":"F"},"geometry":{"type":"LineString","coordinates":[[11.04949,59.95478],[11.04944,59.95482]]}},{"type":"Feature","properties":{"fade":1.0,"vegkategori":"F"},"geometry":{"type":"LineString","coordinates":[[11.04998,59.95463],[11.04991,59.95467],[11.04949,59.95478]]}},{"type":"Feature","properties":{"fade":1.0,"vegkategori":"F"},"geometry":{"type":"LineString","coordinates":[[11.04952,59.955],[11.05048,59.95619]]}},{"type":"Feature","properties":{"fade":1.0,"vegkategori":"F"},"geometry":{"type":"LineString","coordinates":[[11.05116,59.94175],[11.05222,59.94122],[11.05259,59.94099],[11.0533,59.94048],[11.05345,59.9403],[11.05347,59.94023]]}},{"type":"Feature","properties":{"fade":1.0,"vegkategori":"F"},"geometry":{"type":"LineString","coordinates":[[11.05056,59.95381],[11.05059,59.95414],[11.05052,59.95433],[11.05027,59.95453],[11.04998,59.95463]]}},{"type":"Feature","properties":{"fade":1.0,"vegkategori":"F"},"geometry":{"type":"LineString","coordinates":[[11.05037,59.95348],[11.05029,59.95343],[11.05028,59.95337],[11.05038,59.9533]]}},{"type":"Feature","properties":{"fade":1.0,"vegkategori":"F"},"geometry":{"type":"LineString","coordinates":[[11.05038,59.9533],[11.05048,59.95328],[11.05064,59.95331]]}},{"type":"Feature","properties":{"fade":1.0,"vegkategori":"F"},"geometry":{"type":"LineString","coordinates":[[11.05062,59.95348],[11.05049,59.9535],[11.05037,59.95348]]}},{"type":"Feature","properties":{"fade":1.0,"vegkategori":"F"},"geometry":{"type":"LineString","coordinates":[[11.05037,59.95348],[11.05056,59.95381]]}},{"type":"Feature","properties":{"fade":1.0,"vegkategori":"F"},"geometry":{"type":"LineString","coordinates":[[11.05151,59.95771],[11.05025,59.95786],[11.05006,59.95787],[11.04999,59.95785]]}},{"type":"Feature","properties":{"fade":1.0,"vegkategori":"F"},"geometry":{"type":"LineString","coordinates":[[11.0515,59.95764],[11.0508,59.95774],[11.05011,59.95781],[11.04999,59.95785]]}},{"type":"Feature","properties":{"fade":1.0,"vegkategori":"F"},"geometry":{"type":"LineString","coordinates":[[11.05062,59.95348],[11.05056,59.95381]]}},{"type":"Feature","properties":{"fade":1.0,"vegkategori":"F"},"geometry":{"type":"LineString","coordinates":[[11.05064,59.95331],[11.05071,59.95338],[11.05062,59.95348]]}},{"type":"Feature","properties":{"fade":1.0,"vegkategori":"F"},"geometry":{"type":"LineString","coordinates":[[11.05048,59.95619],[11.05092,59.95674]]}},{"type":"Feature","properties":{"fade":1.0,"vegkategori":"F"},"geometry":{"type":"LineString","coordinates":[[11.07153,59.95601],[11.06061,59.95475],[11.05928,59.95462],[11.05904,59.95462],[11.05843,59.95474],[11.05553,59.95514],[11.05048,59.95619]]}},{"type":"Feature","properties":{"fade":1.0,"vegkategori":"F"},"geometry":{"type":"LineString","coordinates":[[11.05092,59.95674],[11.05106,59.95682],[11.05112,59.95698]]}},{"type":"Feature","properties":{"fade":1.0,"vegkategori":"F"},"geometry":{"type":"LineString","coordinates":[[11.05092,59.95674],[11.051,59.95692],[11.05112,59.95698]]}},{"type":"Feature","properties":{"fade":1.0,"vegkategori":"F"},"geometry":{"type":"LineString","coordinates":[[11.05112,59.95698],[11.05147,59.95742]]}},{"type":"Feature","properties":{"fade":1.0,"vegkategori":"F"},"geometry":{"type":"LineString","coordinates":[[11.05347,59.94023],[11.05347,59.93996],[11.05351,59.9398],[11.05388,59.9394]]}},{"type":"Feature","properties":{"fade":1.0,"vegkategori":"F"},"geometry":{"type":"LineString","coordinates":[[11.05347,59.94023],[11.0536,59.93982],[11.05388,59.9394]]}},{"type":"Feature","properties":{"fade":1.0,"vegkategori":"F"},"geometry":{"type":"LineString","coordinates":[[11.05147,59.95742],[11.05157,59.95745],[11.05166,59.95757]]}},{"type":"Feature","properties":{"fade":1.0,"vegkategori":"F"},"geometry":{"type":"LineString","coordinates":[[11.05147,59.95742],[11.05145,59.95744],[11.05155,59.9576]]}},{"type":"Feature","properties":{"fade":1.0,"vegkategori":"F"},"geometry":{"type":"LineString","coordinates":[[11.05151,59.95771],[11.0515,59.95764]]}},{"type":"Feature","properties":{"fade":1.0,"vegkategori":"F"},"geometry":{"type":"LineString","coordinates":[[11.0515,59.95764],[11.05155,59.9576]]}},{"type":"Feature","properties":{"fade":1.0,"vegkategori":"F"},"geometry":{"type":"LineString","coordinates":[[11.05166,59.95757],[11.05182,59.95759],[11.05187,59.95763],[11.05187,59.95771],[11.05182,59.95774],[11.05167,59.95776],[11.05151,59.95771]]}},{"type":"Feature","properties":{"fade":1.0,"vegkategori":"F"},"geometry":{"type":"LineString","coordinates":[[11.05155,59.9576],[11.05166,59.95757]]}},{"type":"Feature","properties":{"fade":1.0,"vegkategori":"F"},"geometry":{"type":"LineString","coordinates":[[11.05388,59.9394],[11.05408,59.9392]]}},{"type":"Feature","properties":{"fade":1.0,"vegkategori":"F"},"geometry":{"type":"LineString","coordinates":[[11.05408,59.9392],[11.05447,59.93869],[11.05482,59.93841]]}},{"type":"Feature","properties":{"fade":1.0,"vegkategori":"F"},"geometry":{"type":"LineString","coordinates":[[11.05408,59.9392],[11.05461,59.93867],[11.05482,59.93841]]}},{"type":"Feature","properties":{"fade":1.0,"vegkategori":"F"},"geometry":{"type":"LineString","coordinates":[[11.05482,59.93841],[11.05494,59.93828]]}},{"type":"Feature","properties":{"fade":1.0,"vegkategori":"F"},"geometry":{"type":"LineString","coordinates":[[11.05494,59.93828],[11.0553,59.93793],[11.05552,59.93777],[11.05602,59.93748],[11.05656,59.93722]]}},{"type":"Feature","properties":{"fade":1.0,"vegkategori":"F"},"geometry":{"type":"LineString","coordinates":[[11.05494,59.93828],[11.05554,59.93784],[11.05636,59.93736],[11.05656,59.93722]]}},{"type":"Feature","properties":{"fade":1.0,"vegkategori":"F"},"geometry":{"type":"LineString","coordinates":[[11.0519,59.96684],[11.05197,59.96695],[11.05195,59.96708],[11.05202,59.96722],[11.05232,59.96738],[11.05279,59.96756]]}},{"type":"Feature","properties":{"fade":1.0,"vegkategori":"F"},"geometry":{"type":"LineString","coordinates":[[11.0519,59.96684],[11.05182,59.96693],[11.05181,59.96702],[11.05191,59.96725],[11.05222,59.96746],[11.0527,59.96763]]}},{"type":"Feature","properties":{"fade":1.0,"vegkategori":"F"},"geometry":{"type":"LineString","coordinates":[[11.05656,59.93722],[11.05764,59.93633],[11.05852,59.93535],[11.06002,59.93442],[11.06015,59.93431],[11.06039,59.93402]]}},{"type":"Feature","properties":{"fade":1.0,"vegkategori":"F"},"geometry":{"type":"LineString","coordinates":[[11.06039,59.93402],[11.06063,59.93403],[11.06104,59.93411]]}},{"type":"Feature","properties":{"fade":1.0,"vegkategori":"F"},"geometry":{"type":"LineString","coordinates":[[11.06039,59.93402],[11.06048,59.9339]]}},{"type":"Feature","properties":{"fade":1.0,"vegkategori":"F"},"geometry":{"type":"LineString","coordinates":[[11.06048,59.9339],[11.06104,59.93411]]}},{"type":"Feature","properties":{"fade":1.0,"vegkategori":"F"},"geometry":{"type":"LineString","coordinates":[[11.06048,59.9339],[11.06075,59.93346],[11.06079,59.93333],[11.06074,59.93301],[11.06035,59.93201],[11.06031,59.9318],[11.06049,59.9306],[11.06047,59.92931],[11.06134,59.92787],[11.06152,59.92741],[11.06151,59.9271],[11.06143,59.92688],[11.06088,59.92613],[11.06084,59.92584],[11.06088,59.92571],[11.06106,59.92547],[11.06124,59.92535],[11.06158,59.9252],[11.06376,59.92453],[11.06514,59.92404],[11.06759,59.92334],[11.0679,59.92324],[11.06926,59.92266],[11.06973,59.92249],[11.07052,59.92225],[11.07127,59.92205]]}},{"type":"Feature","properties":{"fade":1.0,"vegkategori":"F"},"geometry":{"type":"LineString","coordinates":[[11.06104,59.93411],[11.06153,59.93438],[11.0617,59.93459],[11.06181,59.93482],[11.06182,59.93506],[11.06157,59.93572],[11.06153,59.93614],[11.06155,59.93635],[11.06167,59.93675],[11.06205,59.93743],[11.06208,59.93762],[11.06185,59.93868],[11.06189,59.93891]]}},{"type":"Feature","properties":{"fade":1.0,"vegkategori":"F"},"geometry":{"type":"LineString","coordinates":[[11.06202,59.93914],[11.06171,59.93932],[11.06159,59.93941],[11.06157,59.93947]]}},{"type":"Feature","properties":{"fade":1.0,"vegkategori":"F"},"geometry":{"type":"LineString","coordinates":[[11.06222,59.93915],[11.0621,59.93919],[11.06168,59.93944],[11.06157,59.93947]]}},{"type":"Feature","properties":{"fade":1.0,"vegkategori":"F"},"geometry":{"type":"LineString","coordinates":[[11.06189,59.93891],[11.06198,59.93892],[11.06221,59.93906]]}},{"type":"Feature","properties":{"fade":1.0,"vegkategori":"F"},"geometry":{"type":"LineString","coordinates":[[11.06189,59.93891],[11.06186,59.93896],[11.06202,59.93914]]}},{"type":"Feature","properties":{"fade":1.0,"vegkategori":"F"},"geometry":{"type":"LineString","coordinates":[[11.06202,59.93914],[11.06222,59.93915]]}},{"type":"Feature","properties":{"fade":1.0,"vegkategori":"F"},"geometry":{"type":"LineString","coordinates":[[11.06221,59.93906],[11.06202,59.93914]]}},{"type":"Feature","properties":{"fade":1.0,"vegkategori":"F"},"geometry":{"type":"LineString","coordinates":[[11.06221,59.93906],[11.06222,59.93915]]}},{"type":"Feature","properties":{"fade":1.0,"vegkategori":"F"},"geometry":{"type":"LineString","coordinates":[[11.06445,59.93842],[11.06301,59.93882],[11.06221,59.93906]]}},{"type":"Feature","properties":{"fade":1.0,"vegkategori":"F"},"geometry":{"type":"LineString","coordinates":[[11.06445,59.93842],[11.06402,59.93859],[11.06313,59.93885],[11.06222,59.93915]]}},{"type":"Feature","properties":{"fade":1.0,"vegkategori":"F"},"geometry":{"type":"LineString","coordinates":[[11.05941,59.9632],[11.05955,59.96322],[11.0615,59.96377],[11.06256,59.96409],[11.06313,59.96434]]}},{"type":"Feature","properties":{"fade":1.0,"vegkategori":"F"},"geometry":{"type":"LineString","coordinates":[[11.0596,59.96311],[11.05978,59.9632],[11.06037,59.96339],[11.06253,59.964]]}},{"type":"Feature","properties":{"fade":1.0,"vegkategori":"F"},"geometry":{"type":"LineString","coordinates":[[11.07364,59.92248],[11.07331,59.92347],[11.07254,59.9247],[11.07217,59.92562],[11.07014,59.92765],[11.07004,59.9278],[11.06994,59.92817],[11.07001,59.92906],[11.06995,59.92939],[11.06967,59.92982],[11.06841,59.93131],[11.06817,59.93162],[11.06806,59.93185],[11.06804,59.93221],[11.06839,59.9331],[11.06845,59.93346],[11.06788,59.93599],[11.06772,59.93649],[11.06752,59.93673],[11.06737,59.93684],[11.06593,59.93775],[11.06523,59.93811],[11.06445,59.93842]]}},{"type":"Feature","properties":{"fade":1.0,"vegkategori":"F"},"geometry":{"type":"LineString","coordinates":[[11.06253,59.964],[11.0628,59.96409],[11.06329,59.96431],[11.0637,59.96456],[11.06372,59.96461]]}},{"type":"Feature","properties":{"fade":1.0,"vegkategori":"F"},"geometry":{"type":"LineString","coordinates":[[11.06253,59.964],[11.06259,59.96407],[11.06309,59.96428],[11.06313,59.96434]]}},{"type":"Feature","properties":{"fade":1.0,"vegkategori":"F"},"geometry":{"type":"LineString","coordinates":[[11.06313,59.96434],[11.06372,59.96461]]}},{"type":"Feature","properties":{"fade":1.0,"vegkategori":"F"},"geometry":{"type":"LineString","coordinates":[[11.06372,59.96461],[11.06416,59.96492],[11.06436,59.96516],[11.06463,59.96559],[11.0648,59.96596]]}},{"type":"Feature","properties":{"fade":1.0,"vegkategori":"F"},"geometry":{"type":"LineString","coordinates":[[11.07316,59.92177],[11.07309,59.92189],[11.07297,59.92195],[11.07174,59.92217],[11.07152,59.92217],[11.07127,59.92205]]}},{"type":"Feature","properties":{"fade":1.0,"vegkategori":"F"},"geometry":{"type":"LineString","coordinates":[[11.07127,59.92205],[11.07208,59.92186],[11.07284,59.92176]]}},{"type":"Feature","properties":{"fade":1.0,"vegkategori":"F"},"geometry":{"type":"LineString","coordinates":[[11.07284,59.92176],[11.07316,59.92177]]}},{"type":"Feature","properties":{"fade":1.0,"vegkategori":"F"},"geometry":{"type":"LineString","coordinates":[[11.07284,59.92176],[11.07316,59.92172]]}},{"type":"Feature","properties":{"fade":1.0,"vegkategori":"F"},"geometry":{"type":"LineString","coordinates":[[11.07316,59.92172],[11.07316,59.92177]]}},{"type":"Feature","properties":{"fade":1.0,"vegkategori":"F"},"geometry":{"type":"LineString","coordinates":[[11.07316,59.92172],[11.07368,59.92172]]}},{"type":"Feature","properties":{"fade":1.0,"vegkategori":"F"},"geometry":{"type":"LineString","coordinates":[[11.07316,59.92177],[11.07362,59.92184]]}},{"type":"Feature","properties":{"fade":1.0,"vegkategori":"F"},"geometry":{"type":"LineString","coordinates":[[11.07366,59.92187],[11.07362,59.92184]]}},{"type":"Feature","properties":{"fade":1.0,"vegkategori":"F"},"geometry":{"type":"LineString","coordinates":[[11.07362,59.92184],[11.0736,59.92178],[11.07368,59.92172]]}},{"type":"Feature","properties":{"fade":1.0,"vegkategori":"F"},"geometry":{"type":"LineString","coordinates":[[11.07392,59.9219],[11.07382,59.92191],[11.07366,59.92187]]}},{"type":"Feature","properties":{"fade":1.0,"vegkategori":"F"},"geometry":{"type":"LineString","coordinates":[[11.07366,59.92187],[11.07369,59.92222],[11.07364,59.92248]]}},{"type":"Feature","properties":{"fade":1.0,"vegkategori":"F"},"geometry":{"type":"LineString","coordinates":[[11.07368,59.92172],[11.07373,59.9217]]}},{"type":"Feature","properties":{"fade":1.0,"vegkategori":"F"},"geometry":{"type":"LineString","coordinates":[[11.07392,59.9219],[11.07364,59.92248]]}},{"type":"Feature","properties":{"fade":1.0,"vegkategori":"F"},"geometry":{"type":"LineString","coordinates":[[11.07411,59.92131],[11.07373,59.9217]]}},{"type":"Feature","properties":{"fade":1.0,"vegkategori":"F"},"geometry":{"type":"LineString","coordinates":[[11.07373,59.9217],[11.07386,59.9217],[11.07398,59.92173]]}},{"type":"Feature","properties":{"fade":1.0,"vegkategori":"F"},"geometry":{"type":"LineString","coordinates":[[11.07398,59.92173],[11.07403,59.92182],[11.07392,59.9219]]}},{"type":"Feature","properties":{"fade":1.0,"vegkategori":"F"},"geometry":{"type":"LineString","coordinates":[[11.07411,59.92131],[11.07398,59.92173]]}},{"type":"Feature","properties":{"fade":1.0,"vegkategori":"F"},"geometry":{"type":"LineString","coordinates":[[11.08192,59.9146],[11.08195,59.91555],[11.08191,59.91566],[11.08175,59.91586],[11.08146,59.91607],[11.07995,59.91685],[11.07926,59.91738],[11.07843,59.91782],[11.07819,59.91803],[11.07805,59.91826],[11.07802,59.9185],[11.07822,59.91917],[11.07816,59.91938],[11.07798,59.91958],[11.07762,59.91984],[11.07671,59.92027],[11.07627,59.92041],[11.07518,59.92063],[11.07482,59.92076],[11.07455,59.92094],[11.07411,59.92131]]}},{"type":"Feature","properties":{"fade":1.0,"vegkategori":"F"},"geometry":{"type":"LineString","coordinates":[[11.07213,59.9562],[11.07205,59.95614],[11.07186,59.95607],[11.07161,59.95604],[11.07153,59.95601]]}},{"type":"Feature","properties":{"fade":1.0,"vegkategori":"F"},"geometry":{"type":"LineString","coordinates":[[11.07231,59.95609],[11.07168,59.95599],[11.07153,59.95601]]}},{"type":"Feature","properties":{"fade":1.0,"vegkategori":"F"},"geometry":{"type":"LineString","coordinates":[[11.11129,59.6328],[11.11416,59.63256],[11.11502,59.63255],[11.11552,59.63261],[11.11571,59.63267],[11.1159,59.63274],[11.11657,59.63312],[11.11679,59.63318],[11.11706,59.63321],[11.11737,59.63322],[11.11917,59.63303],[11.12327,59.63217],[11.12377,59.6321],[11.1241,59.6321],[11.12442,59.63212],[11.12476,59.63218],[11.12505,59.63227],[11.12533,59.63238],[11.13248,59.63559],[11.13279,59.63571],[11.13333,59.63583],[11.134,59.63591],[11.13543,59.63591],[11.13575,59.63594],[11.13607,59.63599],[11.13647,59.63612],[11.13676,59.63626],[11.13703,59.63644],[11.13756,59.63687],[11.13985,59.63888],[11.14018,59.63904],[11.14125,59.63934],[11.14155,59.63951],[11.14176,59.63974],[11.14206,59.64133],[11.14212,59.6419],[11.14211,59.64209],[11.142,59.64235],[11.14164,59.64282],[11.14162,59.64301],[11.1417,59.64349],[11.14163,59.64382],[11.14138,59.64452],[11.14134,59.64477],[11.14138,59.64501],[11.1417,59.64641],[11.14181,59.64676],[11.14491,59.65255],[11.14496,59.6527],[11.14496,59.65296],[11.14452,59.65386],[11.14447,59.65411],[11.14457,59.65441],[11.14507,59.65506],[11.14531,59.65586],[11.14538,59.65596],[11.14566,59.65616],[11.14812,59.65716],[11.14841,59.65729],[11.14878,59.65751],[11.14906,59.65776],[11.15112,59.66009],[11.15133,59.66028],[11.15176,59.66057],[11.15206,59.66073],[11.15287,59.66107],[11.15333,59.66123]]}},{"type":"Feature","properties":{"fade":1.0,"vegkategori":"F"},"geometry":{"type":"LineString","coordinates":[[11.08234,59.91335],[11.0821,59.9136],[11.08185,59.91405],[11.08183,59.91427],[11.08192,59.9146]]}},{"type":"Feature","properties":{"fade":1.0,"vegkategori":"F"},"geometry":{"type":"LineString","coordinates":[[11.08234,59.91335],[11.082,59.91411],[11.08192,59.9146]]}},{"type":"Feature","properties":{"fade":1.0,"vegkategori":"F"},"geometry":{"type":"LineString","coordinates":[[11.08939,59.90914],[11.08932,59.90956],[11.08924,59.90978],[11.08914,59.90993],[11.08877,59.91023],[11.08858,59.91032],[11.08821,59.91045],[11.08792,59.91052],[11.08684,59.91069],[11.0861,59.91086],[11.08431,59.91136],[11.08385,59.91151],[11.0835,59.91168],[11.08328,59.91183],[11.08312,59.912],[11.08234,59.91335]]}},{"type":"Feature","properties":{"fade":1.0,"vegkategori":"F"},"geometry":{"type":"LineString","coordinates":[[11.08945,59.90871],[11.08936,59.90908],[11.08939,59.90914]]}},{"type":"Feature","properties":{"fade":1.0,"vegkategori":"F"},"geometry":{"type":"LineString","coordinates":[[11.08995,59.90813],[11.08939,59.90914]]}},{"type":"Feature","properties":{"fade":1.0,"vegkategori":"F"},"geometry":{"type":"LineString","coordinates":[[11.09002,59.90758],[11.08982,59.9081],[11.08945,59.90871]]}},{"type":"Feature","properties":{"fade":1.0,"vegkategori":"F"},"geometry":{"type":"LineString","coordinates":[[11.08995,59.90813],[11.08982,59.90818],[11.08955,59.90863],[11.08945,59.90871]]}},{"type":"Feature","properties":{"fade":1.0,"vegkategori":"F"},"geometry":{"type":"LineString","coordinates":[[11.09007,59.90626],[11.09002,59.90758]]}},{"type":"Feature","properties":{"fade":1.0,"vegkategori":"F"},"geometry":{"type":"LineString","coordinates":[[11.09076,59.90491],[11.09065,59.90497],[11.09023,59.9054],[11.09013,59.90555],[11.09002,59.9059],[11.09004,59.90622],[11.09007,59.90626]]}},{"type":"Feature","properties":{"fade":1.0,"vegkategori":"F"},"geometry":{"type":"LineString","coordinates":[[11.09076,59.90491],[11.09023,59.90565],[11.09012,59.90622],[11.09007,59.90626]]}},{"type":"Feature","properties":{"fade":1.0,"vegkategori":"F"},"geometry":{"type":"LineString","coordinates":[[11.09002,59.90758],[11.09007,59.9077],[11.08995,59.90813]]}},{"type":"Feature","properties":{"fade":1.0,"vegkategori":"F"},"geometry":{"type":"LineString","coordinates":[[11.09184,59.90362],[11.09076,59.90491]]}},{"type":"Feature","properties":{"fade":1.0,"vegkategori":"F"},"geometry":{"type":"LineString","coordinates":[[11.09195,59.90332],[11.09182,59.90357],[11.09184,59.90362]]}},{"type":"Feature","properties":{"fade":1.0,"vegkategori":"F"},"geometry":{"type":"LineString","coordinates":[[11.09239,59.90302],[11.09191,59.90359],[11.09184,59.90362]]}},{"type":"Feature","properties":{"fade":1.0,"vegkategori":"F"},"geometry":{"type":"LineString","coordinates":[[11.0925,59.90283],[11.09232,59.90293],[11.09195,59.90332]]}},{"type":"Feature","properties":{"fade":1.0,"vegkategori":"F"},"geometry":{"type":"LineString","coordinates":[[11.09239,59.90302],[11.09229,59.90307],[11.09218,59.90321],[11.09195,59.90332]]}},{"type":"Feature","properties":{"fade":1.0,"vegkategori":"F"},"geometry":{"type":"LineString","coordinates":[[11.0925,59.90283],[11.09239,59.90302]]}},{"type":"Feature","properties":{"fade":1.0,"vegkategori":"F"},"geometry":{"type":"LineString","coordinates":[[11.09478,59.89996],[11.0925,59.90283]]}},{"type":"Feature","properties":{"fade":1.0,"vegkategori":"F"},"geometry":{"type":"LineString","coordinates":[[11.09566,59.89884],[11.09556,59.89889],[11.09476,59.89991],[11.09478,59.89996]]}},{"type":"Feature","properties":{"fade":1.0,"vegkategori":"F"},"geometry":{"type":"LineString","coordinates":[[11.09566,59.89884],[11.09568,59.8989],[11.09563,59.89897],[11.09487,59.89992],[11.09478,59.89996]]}},{"type":"Feature","properties":{"fade":1.0,"vegkategori":"F"},"geometry":{"type":"LineString","coordinates":[[11.09605,59.89836],[11.09566,59.89884]]}},{"type":"Feature","properties":{"fade":1.0,"vegkategori":"F"},"geometry":{"type":"LineString","coordinates":[[11.09688,59.89731],[11.09602,59.89831],[11.09605,59.89836]]}},{"type":"Feature","properties":{"fade":1.0,"vegkategori":"F"},"geometry":{"type":"LineString","coordinates":[[11.09688,59.89731],[11.09626,59.89817],[11.09613,59.89832],[11.09605,59.89836]]}},{"type":"Feature","properties":{"fade":1.0,"vegkategori":"F"},"geometry":{"type":"LineString","coordinates":[[11.14218,59.83793],[11.14046,59.83833],[11.13989,59.83856],[11.13939,59.83897],[11.13884,59.83952],[11.13829,59.8399],[11.13756,59.84028],[11.13602,59.84094],[11.13568,59.84112],[11.13469,59.84178],[11.13444,59.84192],[11.13413,59.84206],[11.13383,59.84216],[11.13186,59.84273],[11.13087,59.84313],[11.13054,59.84329],[11.12914,59.84407],[11.12726,59.84515],[11.12633,59.84566],[11.12602,59.8458],[11.12538,59.846],[11.12374,59.84639],[11.12262,59.84671],[11.12111,59.84727],[11.12019,59.84758],[11.11862,59.84819],[11.11804,59.84837],[11.11756,59.8485],[11.11608,59.84863],[11.11526,59.84873],[11.11474,59.84884],[11.11377,59.84912],[11.11218,59.84971],[11.1113,59.84997],[11.11034,59.85018],[11.11005,59.85027],[11.10968,59.85047],[11.10937,59.85078],[11.10903,59.85102],[11.10847,59.85126],[11.10736,59.85163],[11.10694,59.85174],[11.10395,59.85227],[11.10337,59.85239],[11.10287,59.85253],[11.10241,59.85271],[11.10045,59.85371],[11.09959,59.8541],[11.09905,59.85428],[11.09814,59.85453],[11.09777,59.85469],[11.0976,59.85485],[11.09743,59.85556],[11.09688,59.85649],[11.09678,59.85679],[11.09615,59.85968],[11.09594,59.86022],[11.09548,59.86091],[11.09106,59.86651],[11.0906,59.86692],[11.08961,59.86759],[11.08947,59.86775],[11.08928,59.86836],[11.0892,59.86848],[11.08909,59.86858],[11.08867,59.86884],[11.08742,59.86926],[11.08704,59.86934],[11.08679,59.86937],[11.08636,59.86938],[11.08559,59.86927],[11.08508,59.86925],[11.08481,59.86927],[11.08451,59.86932],[11.08424,59.86941],[11.08393,59.86958],[11.08376,59.86972],[11.08362,59.86988],[11.08356,59.87021],[11.08361,59.8705],[11.08508,59.87529],[11.08521,59.87591],[11.08529,59.87703],[11.08575,59.87802],[11.08588,59.87823],[11.08613,59.87841],[11.08643,59.87855],[11.08742,59.87884],[11.08767,59.87892],[11.08813,59.87914],[11.08865,59.87949],[11.08903,59.87985],[11.08926,59.88022],[11.08948,59.88084],[11.08959,59.88101],[11.09037,59.88177],[11.09196,59.88354],[11.09219,59.88391],[11.09248,59.88455],[11.09258,59.88542],[11.09265,59.88557],[11.09286,59.8858],[11.09311,59.88595],[11.09347,59.88609],[11.09521,59.88648],[11.09562,59.8866],[11.096,59.88675],[11.09895,59.88807],[11.09933,59.88827],[11.09986,59.88867],[11.10019,59.88906],[11.10029,59.88925],[11.10039,59.88957],[11.10037,59.89004],[11.09897,59.8945],[11.09875,59.89493],[11.09688,59.89731]]}},{"type":"Feature","properties":{"fade":1.0,"vegkategori":"F"},"geometry":{"type":"LineString","coordinates":[[11.15333,59.66123],[11.15172,59.66223],[11.15133,59.66255],[11.15107,59.66273],[11.15057,59.66294],[11.15009,59.66309],[11.14942,59.66346],[11.14871,59.66371],[11.14834,59.66379],[11.14714,59.66385],[11.1467,59.66385],[11.14541,59.66376],[11.14504,59.66375],[11.14473,59.66377],[11.14186,59.66416],[11.14143,59.66425],[11.14092,59.66447],[11.13914,59.66552],[11.13806,59.666],[11.13779,59.6662],[11.13749,59.66651],[11.13723,59.66688]]}},{"type":"Feature","properties":{"fade":1.0,"vegkategori":"F"},"geometry":{"type":"LineString","coordinates":[[11.11157,59.94525],[11.11201,59.94534]]}},{"type":"Feature","properties":{"fade":1.0,"vegkategori":"F"},"geometry":{"type":"LineString","coordinates":[[11.11174,59.94512],[11.11201,59.94534]]}},{"type":"Feature","properties":{"fade":1.0,"vegkategori":"F"},"geometry":{"type":"LineString","coordinates":[[11.11201,59.94534],[11.1122,59.94544],[11.11099,59.94617],[11.11058,59.94633],[11.1097,59.94656],[11.10937,59.94667],[11.10533,59.949],[11.10474,59.94932],[11.10392,59.94969],[11.10264,59.95016],[11.10235,59.95038],[11.10226,59.95049],[11.1022,59.95077],[11.10225,59.95093],[11.10235,59.95107],[11.10288,59.95146],[11.10361,59.95209],[11.10789,59.95506],[11.10807,59.95502],[11.10825,59.95503],[11.10857,59.95517],[11.10985,59.95547],[11.11106,59.95596],[11.11131,59.95602],[11.11157,59.95605],[11.11187,59.95601],[11.11205,59.95594],[11.11217,59.95583],[11.11422,59.95249],[11.11449,59.95225],[11.11563,59.95149],[11.11606,59.95116],[11.1172,59.94989],[11.11734,59.94966],[11.11734,59.94944],[11.11719,59.94902],[11.11736,59.94841],[11.11736,59.94827],[11.11715,59.94785],[11.11671,59.94719],[11.11657,59.94689],[11.11647,59.94578],[11.11648,59.9452],[11.11655,59.94493],[11.11675,59.94452],[11.11771,59.94291],[11.11786,59.9424],[11.11793,59.94231],[11.11816,59.94221],[11.11846,59.94222],[11.12453,59.94311],[11.12594,59.94328],[11.12649,59.94329],[11.12689,59.94325],[11.12776,59.94304],[11.12962,59.94245],[11.13054,59.94209],[11.13079,59.94196],[11.13119,59.94171],[11.13165,59.94138],[11.13217,59.94095],[11.13261,59.94049],[11.13276,59.94023],[11.13301,59.9396],[11.13316,59.93937],[11.13383,59.93881],[11.13415,59.9385],[11.13419,59.93841],[11.13421,59.93832],[11.13414,59.93816],[11.134,59.93803],[11.13346,59.9377]]}},{"type":"Feature","properties":{"fade":1.0,"vegkategori":"F"},"geometry":{"type":"LineString","coordinates":[[11.13592,59.74175],[11.13705,59.74338],[11.13764,59.74416],[11.13856,59.74515],[11.13909,59.74552],[11.1398,59.74586],[11.14081,59.74627],[11.14142,59.74659],[11.14187,59.7469],[11.14206,59.74706],[11.14231,59.74734],[11.1425,59.74765],[11.14266,59.74806],[11.14271,59.7487],[11.14263,59.74991],[11.14252,59.75465],[11.14267,59.75512],[11.14281,59.75535],[11.14299,59.75557],[11.14399,59.7564],[11.14421,59.75663],[11.14436,59.75688],[11.1444,59.75707]]}},{"type":"Feature","properties":{"fade":1.0,"vegkategori":"F"},"geometry":{"type":"LineString","coordinates":[[11.14541,59.76146],[11.14517,59.76153],[11.14486,59.76169],[11.14464,59.76175],[11.14299,59.76193],[11.14142,59.76225],[11.14111,59.76234],[11.14076,59.76253],[11.14056,59.7626],[11.14018,59.76266],[11.13947,59.7627],[11.13875,59.76268],[11.13715,59.76243],[11.13688,59.76242],[11.13667,59.76244],[11.13629,59.76253],[11.1355,59.76283],[11.1345,59.7634]]}},{"type":"Feature","properties":{"fade":1.0,"vegkategori":"F"},"geometry":{"type":"LineString","coordinates":[[11.15333,59.66123],[11.15446,59.66159],[11.15495,59.66179],[11.15515,59.66194],[11.15547,59.66237],[11.15577,59.66254],[11.15603,59.66265],[11.15664,59.66275],[11.15746,59.6628],[11.1581,59.66287],[11.16101,59.66336],[11.16155,59.66339],[11.16276,59.66342],[11.16311,59.66346],[11.16337,59.66351],[11.16375,59.66364],[11.16415,59.66381],[11.16484,59.66414],[11.16561,59.66456],[11.16645,59.66496],[11.16702,59.66515],[11.16762,59.6653],[11.16873,59.66552],[11.16936,59.66559],[11.17094,59.66569],[11.17143,59.6657],[11.17182,59.66567],[11.17251,59.66556],[11.17275,59.66556],[11.17496,59.66574],[11.17633,59.66577],[11.17704,59.66587],[11.17855,59.66627],[11.17929,59.66644],[11.1797,59.6665],[11.18014,59.66653],[11.181,59.66654],[11.18136,59.6665],[11.18249,59.66626],[11.18273,59.66618],[11.1833,59.66587],[11.18419,59.66554],[11.18503,59.66519],[11.18524,59.66513],[11.1855,59.66509],[11.18583,59.6651],[11.18643,59.66522],[11.18866,59.66577],[11.1892,59.66596],[11.19045,59.66654],[11.19082,59.66667],[11.19114,59.66676],[11.19155,59.66683],[11.1923,59.66686],[11.19442,59.66672],[11.19494,59.66673],[11.1952,59.66676],[11.1993,59.66754],[11.20113,59.66784],[11.20271,59.6682],[11.20351,59.66833],[11.20397,59.66834],[11.20447,59.66829],[11.20568,59.66805],[11.20636,59.66795],[11.20688,59.66796],[11.20734,59.66803],[11.20784,59.66819],[11.20876,59.66871],[11.20909,59.66884],[11.20939,59.66887],[11.21019,59.66883],[11.2111,59.66885],[11.21218,59.66905],[11.21238,59.66912],[11.21253,59.6692],[11.21274,59.66937],[11.21295,59.6696],[11.21311,59.66982],[11.2133,59.67018],[11.21338,59.67048],[11.21339,59.67074],[11.21331,59.67098],[11.21312,59.6713],[11.21286,59.6716],[11.2125,59.67189],[11.21181,59.67229],[11.21149,59.67262],[11.21126,59.67301],[11.21114,59.67334],[11.21123,59.67447],[11.21121,59.67476],[11.21116,59.6749],[11.21093,59.67522],[11.21032,59.67581],[11.21001,59.67604],[11.2095,59.67634],[11.20932,59.67648],[11.20911,59.67693],[11.20878,59.67792],[11.20815,59.6789],[11.20778,59.67927],[11.20698,59.67972],[11.20682,59.67986],[11.20678,59.67998],[11.20673,59.68058],[11.20607,59.6815],[11.2057,59.68193],[11.2055,59.68207],[11.20523,59.6822],[11.20418,59.68264],[11.20403,59.68274],[11.20377,59.68297],[11.20281,59.68422],[11.20228,59.68516],[11.20115,59.6863],[11.20101,59.68648],[11.20093,59.68673],[11.20094,59.68715],[11.2009,59.68733],[11.2,59.68878],[11.19975,59.68974],[11.19943,59.69021],[11.19934,59.69058],[11.19936,59.69089],[11.19944,59.69119],[11.19962,59.69159],[11.19963,59.69181],[11.19941,59.69296],[11.19936,59.69425],[11.19945,59.69448],[11.19962,59.69464],[11.20005,59.69491],[11.20013,59.695],[11.2002,59.69522],[11.20014,59.69536],[11.19962,59.69606],[11.1993,59.69662],[11.19917,59.69678],[11.19837,59.69737],[11.19803,59.6977],[11.19765,59.69815],[11.19726,59.6987],[11.19702,59.69918],[11.19697,59.69982],[11.19688,59.70006],[11.19634,59.70047],[11.19508,59.70129],[11.19377,59.70241],[11.19292,59.70301],[11.19244,59.7034],[11.19209,59.70359],[11.19164,59.70374],[11.19112,59.70385],[11.19029,59.70392],[11.18976,59.70392],[11.18806,59.70376],[11.18728,59.70371],[11.1865,59.70376],[11.18607,59.70383],[11.18582,59.70391],[11.1856,59.70403],[11.18525,59.70445],[11.18498,59.70466],[11.18468,59.70481],[11.18375,59.70517],[11.18352,59.70529],[11.18319,59.70554],[11.18305,59.70583],[11.18303,59.70612],[11.18308,59.70624],[11.18334,59.70658],[11.18339,59.70671],[11.18336,59.70682],[11.18315,59.70722],[11.1831,59.7076],[11.18303,59.70773],[11.18231,59.70844],[11.18184,59.70905],[11.18172,59.70929],[11.18169,59.70966],[11.18156,59.70985],[11.18129,59.71004],[11.17998,59.71068],[11.17984,59.71078],[11.17976,59.71089],[11.1797,59.71171],[11.17962,59.71195],[11.1786,59.71391],[11.1785,59.7143],[11.17849,59.71477],[11.17845,59.71504],[11.17819,59.71571],[11.17816,59.71612],[11.17825,59.71648],[11.17877,59.71738],[11.17878,59.71775],[11.17866,59.71813],[11.17829,59.71878],[11.17808,59.71908],[11.17786,59.71932],[11.17765,59.71946],[11.17746,59.71954],[11.17675,59.71972],[11.17664,59.71977],[11.17653,59.71989],[11.17655,59.72002],[11.17674,59.72022],[11.1772,59.7205],[11.17806,59.72095],[11.17819,59.72104],[11.17834,59.72124],[11.17836,59.72142],[11.1782,59.72237],[11.17813,59.72258],[11.17779,59.72324],[11.17762,59.72394],[11.17748,59.72434],[11.17691,59.72556],[11.17641,59.72609],[11.17627,59.72631],[11.17626,59.72649],[11.17637,59.72668],[11.17667,59.72696],[11.17703,59.72723],[11.17721,59.72743],[11.17726,59.72761],[11.17723,59.72784],[11.17707,59.72808],[11.17681,59.72831],[11.17585,59.72892],[11.17516,59.72947],[11.17488,59.7296],[11.17403,59.72987],[11.17369,59.73005],[11.17349,59.7302],[11.17309,59.73056],[11.17276,59.73099],[11.17258,59.73166],[11.17245,59.73183],[11.17206,59.7321],[11.17084,59.73279],[11.1705,59.73294],[11.16997,59.7331],[11.16971,59.73321],[11.16948,59.73343],[11.16905,59.73426],[11.16889,59.73445]]}},{"type":"Feature","properties":{"fade":1.0,"vegkategori":"F"},"geometry":{"type":"LineString","coordinates":[[11.16437,59.60779],[11.16318,59.60853],[11.16297,59.60872],[11.16251,59.60934],[11.16211,59.6102],[11.16191,59.61038],[11.16158,59.61053],[11.16052,59.61091],[11.16015,59.61109],[11.16007,59.61121],[11.16021,59.61209],[11.1602,59.61246],[11.15958,59.61373],[11.15934,59.61436],[11.15931,59.6146],[11.15952,59.61507],[11.15956,59.6153],[11.15952,59.6154],[11.15943,59.6155],[11.15902,59.61575],[11.15895,59.61593],[11.15939,59.617],[11.15938,59.6172],[11.15927,59.61731],[11.15906,59.61741],[11.158,59.61763],[11.15784,59.61771],[11.1577,59.61781],[11.15764,59.61794],[11.15764,59.61822],[11.15775,59.61909],[11.1577,59.6193],[11.1574,59.61972],[11.15737,59.62014],[11.15727,59.62058],[11.15692,59.62145],[11.15687,59.62188],[11.1569,59.6221],[11.15721,59.623],[11.15724,59.62367],[11.15731,59.62397],[11.1574,59.62412],[11.15753,59.6242],[11.15812,59.62447],[11.15837,59.62467],[11.15909,59.62588],[11.15927,59.62607],[11.15957,59.62626],[11.15982,59.62637],[11.16018,59.62649],[11.16148,59.62674],[11.16202,59.62687],[11.16445,59.62755],[11.16513,59.62781],[11.16641,59.6285],[11.16699,59.62888],[11.16828,59.63007],[11.16844,59.63032],[11.16848,59.63049],[11.16845,59.63075],[11.16831,59.6311],[11.1681,59.63143],[11.16779,59.63177],[11.16693,59.63238],[11.16665,59.63262],[11.1663,59.63283],[11.16562,59.63315],[11.16519,59.63347],[11.16486,59.63366],[11.16161,59.63495],[11.16115,59.63516],[11.16084,59.63532],[11.16039,59.63562],[11.15989,59.63605],[11.15949,59.63625],[11.15888,59.63641],[11.15862,59.63646],[11.15835,59.63648],[11.15701,59.63653],[11.15665,59.63664],[11.15629,59.63683]]}},{"type":"Feature","properties":{"fade":1.0,"vegkategori":"F"},"geometry":{"type":"LineString","coordinates":[[11.1444,59.75707],[11.14446,59.75713],[11.14445,59.75722],[11.14443,59.75732],[11.14437,59.75737]]}},{"type":"Feature","properties":{"fade":1.0,"vegkategori":"F"},"geometry":{"type":"LineString","coordinates":[[11.1444,59.75707],[11.14435,59.75712],[11.14433,59.75731],[11.14437,59.75737]]}},{"type":"Feature","properties":{"fade":1.0,"vegkategori":"F"},"geometry":{"type":"LineString","coordinates":[[11.14437,59.75737],[11.1443,59.75777],[11.1443,59.75798],[11.14435,59.7582],[11.14459,59.75863],[11.14478,59.75883],[11.14509,59.75908],[11.14537,59.75923],[11.14572,59.75934],[11.14683,59.75956],[11.14718,59.75967],[11.14738,59.75977],[11.1476,59.76002],[11.14762,59.76016],[11.14748,59.76037],[11.14734,59.76046],[11.14714,59.76054],[11.14616,59.76071],[11.14586,59.76079],[11.14574,59.76085],[11.14557,59.76099],[11.14547,59.76118],[11.14541,59.76146]]}},{"type":"Feature","properties":{"fade":1.0,"vegkategori":"F"},"geometry":{"type":"LineString","coordinates":[[11.14541,59.76146],[11.14539,59.7621],[11.14547,59.76224],[11.14606,59.76287],[11.14609,59.76305],[11.14605,59.76333]]}},{"type":"Feature","properties":{"fade":1.0,"vegkategori":"F"},"geometry":{"type":"LineString","coordinates":[[11.14596,59.76366],[11.14595,59.76375]]}},{"type":"Feature","properties":{"fade":1.0,"vegkategori":"F"},"geometry":{"type":"LineString","coordinates":[[11.14605,59.76333],[11.14595,59.76353],[11.14596,59.76366]]}},{"type":"Feature","properties":{"fade":1.0,"vegkategori":"F"},"geometry":{"type":"LineString","coordinates":[[11.14605,59.76333],[11.14607,59.76341],[11.14603,59.7636],[11.14596,59.76366]]}},{"type":"Feature","properties":{"fade":1.0,"vegkategori":"F"},"geometry":{"type":"LineString","coordinates":[[11.14658,59.7637],[11.14628,59.76367],[11.14596,59.76366]]}},{"type":"Feature","properties":{"fade":1.0,"vegkategori":"F"},"geometry":{"type":"LineString","coordinates":[[11.14595,59.76375],[11.14595,59.7642],[11.14603,59.7645],[11.14888,59.7705],[11.14928,59.77113],[11.14971,59.77152],[11.15017,59.77179],[11.15053,59.77193],[11.1509,59.77202],[11.15132,59.77209],[11.15318,59.77226],[11.15506,59.77238],[11.15548,59.77242],[11.15601,59.77253],[11.15659,59.77275],[11.1568,59.77285],[11.15708,59.77307],[11.15783,59.77377],[11.15811,59.77399],[11.15844,59.77418],[11.15913,59.77448],[11.15968,59.77482],[11.16361,59.77817],[11.16418,59.77856],[11.16443,59.77868],[11.16485,59.77884],[11.1653,59.77895],[11.16592,59.77904],[11.17105,59.77934],[11.17159,59.7794],[11.17209,59.77952],[11.1723,59.77959],[11.17286,59.7799],[11.1734,59.78037],[11.17359,59.78061],[11.17374,59.78097],[11.17379,59.7813],[11.17378,59.78147],[11.1736,59.78184],[11.1728,59.78301],[11.17278,59.78315],[11.17284,59.7833],[11.17305,59.7836],[11.17349,59.78399],[11.17386,59.78426],[11.17428,59.7845],[11.17557,59.78503],[11.17776,59.78587],[11.17811,59.78608],[11.17855,59.78639],[11.18196,59.78901],[11.18219,59.78921],[11.18257,59.78964],[11.18285,59.79004],[11.1831,59.79047],[11.1832,59.79077],[11.18316,59.79109],[11.18285,59.79147],[11.18271,59.79174],[11.18276,59.79201],[11.18291,59.79219],[11.18308,59.7923],[11.18436,59.79282],[11.18515,59.79322],[11.18548,59.79331],[11.18634,59.79342],[11.18661,59.79353],[11.18735,59.79413],[11.18753,59.79431],[11.1877,59.79463],[11.18774,59.79503],[11.18766,59.79556],[11.18768,59.79577],[11.18781,59.79612],[11.1884,59.79716],[11.18845,59.79741],[11.18843,59.79752],[11.18749,59.79923],[11.18732,59.79942],[11.18713,59.79956],[11.1868,59.7997],[11.18633,59.79974],[11.18592,59.79974],[11.18552,59.7997],[11.18503,59.79971],[11.18479,59.79977],[11.18459,59.79984],[11.18432,59.80011],[11.18361,59.80098],[11.18357,59.8013],[11.18414,59.80257],[11.18431,59.80339],[11.18426,59.80396],[11.1841,59.80453],[11.18391,59.805],[11.18364,59.80527],[11.18316,59.80566],[11.18219,59.80679],[11.18173,59.80708],[11.18063,59.80756],[11.18042,59.80767],[11.18024,59.80785],[11.18016,59.80814],[11.18034,59.81119],[11.18029,59.81205],[11.18012,59.81253],[11.17981,59.81318],[11.17931,59.81398],[11.17901,59.81428],[11.17833,59.81477],[11.17492,59.81698],[11.17404,59.81748],[11.17307,59.81787],[11.16372,59.82136]]}},{"type":"Feature","properties":{"fade":1.0,"vegkategori":"F"},"geometry":{"type":"LineString","coordinates":[[11.14658,59.7637],[11.14595,59.76375]]}},{"type":"Feature","properties":{"fade":1.0,"vegkategori":"F"},"geometry":{"type":"LineString","coordinates":[[11.14732,59.7639],[11.147,59.7639],[11.14687,59.76388],[11.14658,59.7637]]}},{"type":"Feature","properties":{"fade":1.0,"vegkategori":"F"},"geometry":{"type":"LineString","coordinates":[[11.16889,59.73445],[11.16891,59.73494],[11.16901,59.73544],[11.16926,59.73571],[11.16977,59.73616],[11.16994,59.73635],[11.1704,59.7372],[11.17055,59.7374],[11.1712,59.73805],[11.17126,59.73819],[11.17125,59.73842],[11.17113,59.73869],[11.17097,59.7389],[11.17017,59.73969],[11.1699,59.74032],[11.16917,59.74136],[11.16855,59.74185],[11.16815,59.74226],[11.16787,59.74289],[11.16765,59.74377],[11.16761,59.74425],[11.1677,59.7444],[11.1684,59.74498],[11.16889,59.7453],[11.17197,59.74661],[11.17247,59.74673],[11.17277,59.74677],[11.17546,59.747],[11.17591,59.74709],[11.17611,59.74716],[11.17624,59.74727],[11.17632,59.74744],[11.17637,59.74806],[11.17658,59.74903],[11.17673,59.74924],[11.17733,59.74962],[11.17745,59.74983],[11.17748,59.75067],[11.17758,59.75085],[11.17786,59.751],[11.17892,59.75125],[11.18139,59.75194],[11.18213,59.75211],[11.18272,59.75219],[11.18302,59.75226],[11.18326,59.75239],[11.18373,59.75282],[11.18431,59.75329],[11.18437,59.75338],[11.18434,59.75345],[11.18311,59.75425],[11.18284,59.75447],[11.1819,59.7555],[11.18158,59.7558],[11.18108,59.75613],[11.18074,59.75629],[11.17999,59.75653],[11.17957,59.75659],[11.17872,59.75665],[11.17658,59.75663],[11.1742,59.75657],[11.17361,59.7566],[11.17295,59.75671],[11.17197,59.75697],[11.17113,59.75723],[11.17067,59.75732],[11.16993,59.75737],[11.16955,59.75736],[11.16835,59.75729],[11.16712,59.75739],[11.16685,59.75745],[11.16674,59.7575],[11.1666,59.75763],[11.16656,59.75784],[11.1666,59.75819],[11.16655,59.75834],[11.16631,59.75851],[11.16603,59.75859],[11.1657,59.75864],[11.16367,59.75875],[11.16289,59.75875],[11.16254,59.75869],[11.16173,59.75848],[11.16148,59.75846],[11.16109,59.75849],[11.16064,59.75865],[11.15901,59.75961],[11.15867,59.75977],[11.15749,59.76018],[11.15373,59.76101],[11.15295,59.76114],[11.15181,59.76127],[11.15113,59.76142],[11.15087,59.7615],[11.15053,59.76165],[11.14975,59.7621],[11.14846,59.76307],[11.14784,59.76349],[11.14748,59.76364],[11.14725,59.76369],[11.14658,59.7637]]}},{"type":"Feature","properties":{"fade":1.0,"vegkategori":"F"},"geometry":{"type":"LineString","coordinates":[[11.14727,59.92152],[11.14656,59.92057],[11.14634,59.92038],[11.14481,59.91944],[11.14437,59.91923],[11.14373,59.91899],[11.13689,59.91665],[11.1363,59.9164],[11.13162,59.91409],[11.13113,59.91394],[11.13036,59.9138]]}},{"type":"Feature","properties":{"fade":1.0,"vegkategori":"F"},"geometry":{"type":"LineString","coordinates":[[11.14237,59.83768],[11.14218,59.83793]]}},{"type":"Feature","properties":{"fade":1.0,"vegkategori":"F"},"geometry":{"type":"LineString","coordinates":[[11.14265,59.83778],[11.14218,59.83793]]}},{"type":"Feature","properties":{"fade":1.0,"vegkategori":"F"},"geometry":{"type":"LineString","coordinates":[[11.14237,59.83768],[11.14265,59.83778]]}},{"type":"Feature","properties":{"fade":1.0,"vegkategori":"F"},"geometry":{"type":"LineString","coordinates":[[11.14275,59.83729],[11.1427,59.83739],[11.14237,59.83768]]}},{"type":"Feature","properties":{"fade":1.0,"vegkategori":"F"},"geometry":{"type":"LineString","coordinates":[[11.15377,59.82885],[11.15287,59.83062],[11.15185,59.83205],[11.15165,59.83228],[11.15125,59.83263],[11.1504,59.83313],[11.14965,59.8335],[11.14838,59.83397],[11.14796,59.8342],[11.14763,59.83459],[11.1472,59.83519],[11.14676,59.83572],[11.14645,59.83598],[11.14621,59.83613],[11.14529,59.83657],[11.14418,59.83716],[11.14321,59.83759],[11.14265,59.83778]]}},{"type":"Feature","properties":{"fade":1.0,"vegkategori":"F"},"geometry":{"type":"LineString","coordinates":[[11.1564,59.73437],[11.15947,59.735],[11.16056,59.73513],[11.16139,59.73516],[11.16215,59.73512],[11.16295,59.73503],[11.16698,59.73452],[11.16737,59.7345],[11.16855,59.7345],[11.1688,59.73448],[11.16889,59.73445]]}},{"type":"Feature","properties":{"fade":1.0,"vegkategori":"F"},"geometry":{"type":"LineString","coordinates":[[11.13346,59.9377],[11.1331,59.93742],[11.13253,59.93659],[11.1323,59.93637],[11.13197,59.93612],[11.13139,59.93583],[11.12755,59.93407],[11.12715,59.93386],[11.12695,59.93371],[11.12673,59.93339],[11.12666,59.93305],[11.12672,59.93263],[11.12696,59.93225],[11.12747,59.93181],[11.13101,59.9291],[11.13473,59.92618],[11.13575,59.92547],[11.1372,59.92462],[11.13826,59.92408],[11.13919,59.92368],[11.14021,59.92328],[11.14065,59.92314],[11.14046,59.92296],[11.14233,59.92236],[11.14403,59.92193],[11.14535,59.92169],[11.14634,59.92157],[11.14727,59.92152]]}},{"type":"Feature","properties":{"fade":1.0,"vegkategori":"F"},"geometry":{"type":"LineString","coordinates":[[11.13346,59.9377],[11.13365,59.93754],[11.13376,59.93739],[11.13381,59.93722],[11.13379,59.93706],[11.13341,59.93539],[11.13299,59.93442],[11.13299,59.93423],[11.13305,59.93402],[11.1333,59.93369],[11.13355,59.93354],[11.13388,59.9334],[11.13445,59.93325],[11.13594,59.933]]}},{"type":"Feature","properties":{"fade":1.0,"vegkategori":"F"},"geometry":{"type":"LineString","coordinates":[[11.13594,59.933],[11.13647,59.93293],[11.13665,59.93294],[11.13685,59.933]]}},{"type":"Feature","properties":{"fade":1.0,"vegkategori":"F"},"geometry":{"type":"LineString","coordinates":[[11.13594,59.933],[11.13649,59.93299],[11.13688,59.93305]]}},{"type":"Feature","properties":{"fade":1.0,"vegkategori":"F"},"geometry":{"type":"LineString","coordinates":[[11.13685,59.933],[11.13688,59.93305]]}},{"type":"Feature","properties":{"fade":1.0,"vegkategori":"F"},"geometry":{"type":"LineString","coordinates":[[11.13685,59.933],[11.13703,59.93288],[11.13724,59.93281],[11.13771,59.93274],[11.13776,59.93275]]}},{"type":"Feature","properties":{"fade":1.0,"vegkategori":"F"},"geometry":{"type":"LineString","coordinates":[[11.13688,59.93305],[11.13713,59.93288],[11.13724,59.93284],[11.13776,59.93275]]}},{"type":"Feature","properties":{"fade":1.0,"vegkategori":"F"},"geometry":{"type":"LineString","coordinates":[[11.13776,59.93275],[11.13795,59.93274],[11.13832,59.93277],[11.13844,59.9328],[11.13863,59.93287],[11.13885,59.93305]]}},{"type":"Feature","properties":{"fade":1.0,"vegkategori":"F"},"geometry":{"type":"LineString","coordinates":[[11.13885,59.93305],[11.13906,59.93319],[11.13907,59.93326]]}},{"type":"Feature","properties":{"fade":1.0,"vegkategori":"F"},"geometry":{"type":"LineString","coordinates":[[11.13885,59.93305],[11.13889,59.93322],[11.13907,59.93326]]}},{"type":"Feature","properties":{"fade":1.0,"vegkategori":"F"},"geometry":{"type":"LineString","coordinates":[[11.13907,59.93326],[11.13983,59.93316],[11.14022,59.93315],[11.14188,59.93326],[11.14813,59.9335]]}},{"type":"Feature","properties":{"fade":1.0,"vegkategori":"F"},"geometry":{"type":"LineString","coordinates":[[11.17812,59.60851],[11.17854,59.60889],[11.17857,59.60909],[11.17849,59.60926],[11.17835,59.6094],[11.178,59.60965],[11.1778,59.60984],[11.17773,59.61004],[11.17775,59.61013],[11.17799,59.61055],[11.17814,59.61068],[11.17857,59.61095],[11.17868,59.61108],[11.17871,59.61122],[11.17866,59.61174],[11.17869,59.61187],[11.17935,59.61288],[11.17944,59.61312],[11.17945,59.61324],[11.17934,59.61348],[11.17892,59.6142],[11.17892,59.61429],[11.17898,59.61441],[11.17909,59.6145],[11.17971,59.61485],[11.17985,59.61498],[11.17991,59.6151],[11.17997,59.6156],[11.18005,59.61582],[11.18016,59.61595],[11.18042,59.61613],[11.18069,59.61625],[11.18136,59.61644],[11.18177,59.61659],[11.18233,59.61692],[11.18354,59.61775],[11.18363,59.61795],[11.18365,59.61824],[11.18374,59.61843],[11.18402,59.61878],[11.18458,59.61918],[11.18474,59.61934],[11.18503,59.62005],[11.18595,59.62075],[11.18682,59.62122],[11.18703,59.62137],[11.18721,59.6216],[11.18733,59.62263],[11.18712,59.62403],[11.18704,59.62417],[11.18673,59.62444],[11.18645,59.62474],[11.18631,59.62494],[11.18625,59.62508],[11.18624,59.62528],[11.18635,59.62597],[11.18635,59.62647],[11.18638,59.62659],[11.18653,59.62677],[11.1869,59.62697],[11.18803,59.62733],[11.18917,59.62766],[11.19014,59.62808],[11.19045,59.62825]]}},{"type":"Feature","properties":{"fade":1.0,"vegkategori":"F"},"geometry":{"type":"LineString","coordinates":[[11.15398,59.82841],[11.15386,59.82853],[11.15376,59.82879],[11.15377,59.82885]]}},{"type":"Feature","properties":{"fade":1.0,"vegkategori":"F"},"geometry":{"type":"LineString","coordinates":[[11.15398,59.82841],[11.15397,59.82854],[11.15377,59.82885]]}},{"type":"Feature","properties":{"fade":1.0,"vegkategori":"F"},"geometry":{"type":"LineString","coordinates":[[11.15431,59.82802],[11.15422,59.82806],[11.15397,59.82836],[11.15398,59.82841]]}},{"type":"Feature","properties":{"fade":1.0,"vegkategori":"F"},"geometry":{"type":"LineString","coordinates":[[11.15431,59.82802],[11.15405,59.82837],[11.15398,59.82841]]}},{"type":"Feature","properties":{"fade":1.0,"vegkategori":"F"},"geometry":{"type":"LineString","coordinates":[[11.16372,59.82136],[11.16227,59.8219],[11.16206,59.82199],[11.16179,59.82218],[11.16161,59.82245],[11.1614,59.82334],[11.16131,59.82354],[11.1612,59.82374],[11.16079,59.82406],[11.15876,59.82531],[11.15476,59.82768],[11.15431,59.82802]]}},{"type":"Feature","properties":{"fade":1.0,"vegkategori":"F"},"geometry":{"type":"LineString","coordinates":[[11.14727,59.92152],[11.14899,59.9215],[11.15052,59.92154],[11.15117,59.92159],[11.15202,59.92175],[11.15313,59.922],[11.15365,59.92213],[11.15465,59.92244],[11.15606,59.92294],[11.15754,59.92359],[11.15803,59.92385],[11.15805,59.92391],[11.15783,59.92412],[11.15808,59.92439],[11.15812,59.92458],[11.15799,59.92472],[11.15771,59.92481]]}},{"type":"Feature","properties":{"fade":1.0,"vegkategori":"F"},"geometry":{"type":"LineString","coordinates":[[11.14813,59.9335],[11.14827,59.93353],[11.14888,59.93357],[11.1496,59.93367],[11.15,59.93378]]}},{"type":"Feature","properties":{"fade":1.0,"vegkategori":"F"},"geometry":{"type":"LineString","coordinates":[[11.14813,59.9335],[11.14825,59.93348],[11.14888,59.93352],[11.15009,59.93368]]}},{"type":"Feature","properties":{"fade":1.0,"vegkategori":"F"},"geometry":{"type":"LineString","coordinates":[[11.15044,59.93388],[11.15029,59.93391],[11.15016,59.9339],[11.15006,59.93386],[11.15,59.93378]]}},{"type":"Feature","properties":{"fade":1.0,"vegkategori":"F"},"geometry":{"type":"LineString","coordinates":[[11.15,59.93378],[11.15009,59.93368]]}},{"type":"Feature","properties":{"fade":1.0,"vegkategori":"F"},"geometry":{"type":"LineString","coordinates":[[11.15009,59.93368],[11.15027,59.93365],[11.15037,59.93366],[11.15047,59.9337],[11.15053,59.93377]]}},{"type":"Feature","properties":{"fade":1.0,"vegkategori":"F"},"geometry":{"type":"LineString","coordinates":[[11.16338,59.82176],[11.16384,59.8216],[11.16388,59.82156],[11.16385,59.82146],[11.16372,59.82136]]}},{"type":"Feature","properties":{"fade":1.0,"vegkategori":"F"},"geometry":{"type":"LineString","coordinates":[[11.15044,59.93388],[11.15097,59.93394]]}},{"type":"Feature","properties":{"fade":1.0,"vegkategori":"F"},"geometry":{"type":"LineString","coordinates":[[11.15053,59.93377],[11.15044,59.93388]]}},{"type":"Feature","properties":{"fade":1.0,"vegkategori":"F"},"geometry":{"type":"LineString","coordinates":[[11.15053,59.93377],[11.15097,59.93394]]}},{"type":"Feature","properties":{"fade":1.0,"vegkategori":"F"},"geometry":{"type":"LineString","coordinates":[[11.19045,59.62825],[11.18986,59.62853],[11.18974,59.62862],[11.18948,59.62889],[11.18903,59.62951],[11.18885,59.62969],[11.18863,59.62983],[11.18836,59.62991],[11.18796,59.63],[11.18714,59.6301],[11.18678,59.63017],[11.18609,59.6304],[11.18575,59.63057]]}},{"type":"Feature","properties":{"fade":1.0,"vegkategori":"F"},"geometry":{"type":"LineString","coordinates":[[11.15097,59.93394],[11.15235,59.93423],[11.15334,59.93435]]}},{"type":"Feature","properties":{"fade":1.0,"vegkategori":"F"},"geometry":{"type":"LineString","coordinates":[[11.15334,59.93435],[11.15365,59.9344],[11.15451,59.9344],[11.15569,59.93426]]}},{"type":"Feature","properties":{"fade":1.0,"vegkategori":"F"},"geometry":{"type":"LineString","coordinates":[[11.15334,59.93435],[11.15424,59.93433]]}},{"type":"Feature","properties":{"fade":1.0,"vegkategori":"F"},"geometry":{"type":"LineString","coordinates":[[11.15424,59.93433],[11.15452,59.93434],[11.15541,59.93424],[11.15569,59.93426]]}},{"type":"Feature","properties":{"fade":1.0,"vegkategori":"F"},"geometry":{"type":"LineString","coordinates":[[11.15424,59.93433],[11.15492,59.93428],[11.15645,59.93403],[11.15663,59.93403]]}},{"type":"Feature","properties":{"fade":1.0,"vegkategori":"F"},"geometry":{"type":"LineString","coordinates":[[11.20774,59.62293],[11.20646,59.62318],[11.20484,59.6236],[11.20458,59.62372],[11.2044,59.62383],[11.20401,59.62433],[11.20359,59.6247],[11.20329,59.62485],[11.20293,59.62498],[11.20256,59.62506],[11.20216,59.62509],[11.1997,59.62517],[11.1993,59.62522],[11.1989,59.62532],[11.19832,59.62557],[11.19787,59.62565],[11.19741,59.62565],[11.19692,59.6256],[11.19489,59.62538],[11.1945,59.62536],[11.19427,59.6254],[11.19418,59.62545],[11.19414,59.62551],[11.19418,59.62596],[11.19408,59.6261],[11.19394,59.62616],[11.19368,59.62623],[11.19343,59.62626],[11.19268,59.62629],[11.19247,59.62633],[11.19232,59.6264],[11.19217,59.62653],[11.19094,59.62797],[11.19074,59.62812],[11.19045,59.62825]]}},{"type":"Feature","properties":{"fade":1.0,"vegkategori":"F"},"geometry":{"type":"LineString","coordinates":[[11.15569,59.93426],[11.15663,59.93403]]}},{"type":"Feature","properties":{"fade":1.0,"vegkategori":"F"},"geometry":{"type":"LineString","coordinates":[[11.15695,59.92469],[11.15717,59.92486]]}},{"type":"Feature","properties":{"fade":1.0,"vegkategori":"F"},"geometry":{"type":"LineString","coordinates":[[11.15717,59.92486],[11.15726,59.92493]]}},{"type":"Feature","properties":{"fade":1.0,"vegkategori":"F"},"geometry":{"type":"LineString","coordinates":[[11.15733,59.92484],[11.15717,59.92486]]}},{"type":"Feature","properties":{"fade":1.0,"vegkategori":"F"},"geometry":{"type":"LineString","coordinates":[[11.15724,59.92467],[11.15733,59.92484]]}},{"type":"Feature","properties":{"fade":1.0,"vegkategori":"F"},"geometry":{"type":"LineString","coordinates":[[11.15726,59.92493],[11.15744,59.92508],[11.15761,59.92517]]}},{"type":"Feature","properties":{"fade":1.0,"vegkategori":"F"},"geometry":{"type":"LineString","coordinates":[[11.15739,59.92491],[11.15726,59.92493]]}},{"type":"Feature","properties":{"fade":1.0,"vegkategori":"F"},"geometry":{"type":"LineString","coordinates":[[11.15733,59.92484],[11.15739,59.92491]]}},{"type":"Feature","properties":{"fade":1.0,"vegkategori":"F"},"geometry":{"type":"LineString","coordinates":[[11.15771,59.92481],[11.15733,59.92484]]}},{"type":"Feature","properties":{"fade":1.0,"vegkategori":"F"},"geometry":{"type":"LineString","coordinates":[[11.15739,59.92491],[11.15761,59.92517]]}},{"type":"Feature","properties":{"fade":1.0,"vegkategori":"F"},"geometry":{"type":"LineString","coordinates":[[11.15771,59.92481],[11.15739,59.92491]]}},{"type":"Feature","properties":{"fade":1.0,"vegkategori":"F"},"geometry":{"type":"LineString","coordinates":[[11.15761,59.92517],[11.15793,59.92531],[11.15853,59.92544],[11.1587,59.92549],[11.15881,59.92556],[11.15891,59.92568],[11.15897,59.92622],[11.1592,59.92657],[11.15944,59.9268],[11.1596,59.92687],[11.1609,59.92727],[11.16419,59.9284],[11.16455,59.92858],[11.16512,59.92905]]}},{"type":"Feature","properties":{"fade":1.0,"vegkategori":"F"},"geometry":{"type":"LineString","coordinates":[[11.15663,59.93403],[11.15883,59.93364],[11.15924,59.93353],[11.15981,59.93328],[11.16002,59.93314],[11.16029,59.93288],[11.1607,59.93201],[11.16092,59.93175],[11.16119,59.93153],[11.16175,59.93122],[11.163,59.93072],[11.16398,59.93013],[11.16484,59.92972]]}},{"type":"Feature","properties":{"fade":1.0,"vegkategori":"F"},"geometry":{"type":"LineString","coordinates":[[11.16917,59.92222],[11.16887,59.92209],[11.16874,59.922],[11.16866,59.92192],[11.16859,59.92175],[11.16877,59.92063],[11.16889,59.92018],[11.16893,59.91932],[11.16899,59.91913],[11.16913,59.91892],[11.16961,59.91841],[11.16984,59.91807],[11.17013,59.91706],[11.17033,59.91659],[11.17058,59.91624],[11.17067,59.91605],[11.17058,59.91563],[11.17027,59.915],[11.17003,59.91486],[11.16972,59.91478],[11.16828,59.91453],[11.16602,59.91417],[11.1659,59.91414],[11.16579,59.91406],[11.1658,59.91348],[11.16564,59.91293],[11.16565,59.91277],[11.16579,59.91237],[11.16576,59.91201],[11.16556,59.91162],[11.16463,59.91044],[11.1645,59.91021],[11.16445,59.90996],[11.16449,59.90914],[11.16456,59.90891],[11.16479,59.90863],[11.165,59.90848],[11.1656,59.90814],[11.16577,59.90799],[11.16597,59.90757],[11.16601,59.9073],[11.16592,59.90716],[11.16583,59.90713],[11.16539,59.90708],[11.16321,59.90656],[11.16276,59.90643],[11.16251,59.90633],[11.16156,59.90583],[11.16136,59.9057],[11.16122,59.90554],[11.1612,59.90533],[11.16131,59.90506],[11.16186,59.90438],[11.16209,59.90356],[11.16212,59.90326],[11.1623,59.90278],[11.16226,59.90241],[11.16205,59.90158],[11.16194,59.90076]]}},{"type":"Feature","properties":{"fade":1.0,"vegkategori":"F"},"geometry":{"type":"LineString","coordinates":[[11.19569,59.61168],[11.19826,59.61779],[11.19854,59.61822],[11.19882,59.6185],[11.19953,59.61903],[11.2004,59.61951],[11.20774,59.62293]]}},{"type":"Feature","properties":{"fade":1.0,"vegkategori":"F"},"geometry":{"type":"LineString","coordinates":[[11.16484,59.92972],[11.16506,59.92957],[11.1651,59.92952]]}},{"type":"Feature","properties":{"fade":1.0,"vegkategori":"F"},"geometry":{"type":"LineString","coordinates":[[11.16484,59.92972],[11.16524,59.92961]]}},{"type":"Feature","properties":{"fade":1.0,"vegkategori":"F"},"geometry":{"type":"LineString","coordinates":[[11.16512,59.92905],[11.1653,59.92917],[11.16549,59.9294]]}},{"type":"Feature","properties":{"fade":1.0,"vegkategori":"F"},"geometry":{"type":"LineString","coordinates":[[11.16512,59.92905],[11.16525,59.9293],[11.1652,59.92939]]}},{"type":"Feature","properties":{"fade":1.0,"vegkategori":"F"},"geometry":{"type":"LineString","coordinates":[[11.16524,59.92961],[11.16514,59.92957],[11.1651,59.92952]]}},{"type":"Feature","properties":{"fade":1.0,"vegkategori":"F"},"geometry":{"type":"LineString","coordinates":[[11.1651,59.92952],[11.16512,59.92944],[11.1652,59.92939]]}},{"type":"Feature","properties":{"fade":1.0,"vegkategori":"F"},"geometry":{"type":"LineString","coordinates":[[11.1652,59.92939],[11.16535,59.92937],[11.16549,59.9294]]}},{"type":"Feature","properties":{"fade":1.0,"vegkategori":"F"},"geometry":{"type":"LineString","coordinates":[[11.16545,59.92961],[11.16536,59.92962],[11.16524,59.92961]]}},{"type":"Feature","properties":{"fade":1.0,"vegkategori":"F"},"geometry":{"type":"LineString","coordinates":[[11.16545,59.92961],[11.16582,59.92969]]}},{"type":"Feature","properties":{"fade":1.0,"vegkategori":"F"},"geometry":{"type":"LineString","coordinates":[[11.16559,59.92951],[11.16554,59.92957],[11.16545,59.92961]]}},{"type":"Feature","properties":{"fade":1.0,"vegkategori":"F"},"geometry":{"type":"LineString","coordinates":[[11.16549,59.9294],[11.16555,59.92943],[11.16559,59.92951]]}},{"type":"Feature","properties":{"fade":1.0,"vegkategori":"F"},"geometry":{"type":"LineString","coordinates":[[11.16559,59.92951],[11.16582,59.92969]]}},{"type":"Feature","properties":{"fade":1.0,"vegkategori":"F"},"geometry":{"type":"LineString","coordinates":[[11.16582,59.92969],[11.16597,59.9298],[11.16607,59.92998],[11.16599,59.93025],[11.16585,59.93044],[11.16494,59.93138],[11.16478,59.93161],[11.16466,59.93183],[11.16423,59.93297],[11.16435,59.93399],[11.16423,59.93471],[11.16425,59.93557],[11.16401,59.93691],[11.16404,59.9375],[11.16398,59.93854],[11.16404,59.93898],[11.16441,59.93991],[11.16438,59.94097],[11.16448,59.9412],[11.16484,59.94181]]}},{"type":"Feature","properties":{"fade":1.0,"vegkategori":"F"},"geometry":{"type":"LineString","coordinates":[[11.16977,59.92237],[11.16917,59.92222]]}},{"type":"Feature","properties":{"fade":1.0,"vegkategori":"F"},"geometry":{"type":"LineString","coordinates":[[11.16917,59.92222],[11.16893,59.92236],[11.16914,59.92243],[11.16936,59.92248],[11.16954,59.92248],[11.16977,59.92237]]}},{"type":"Feature","properties":{"fade":1.0,"vegkategori":"F"},"geometry":{"type":"LineString","coordinates":[[11.17024,59.92261],[11.1701,59.92249],[11.16977,59.92237]]}},{"type":"Feature","properties":{"fade":1.0,"vegkategori":"F"},"geometry":{"type":"LineString","coordinates":[[11.17015,59.92304],[11.17021,59.92324]]}},{"type":"Feature","properties":{"fade":1.0,"vegkategori":"F"},"geometry":{"type":"LineString","coordinates":[[11.17018,59.92281],[11.17024,59.92261]]}},{"type":"Feature","properties":{"fade":1.0,"vegkategori":"F"},"geometry":{"type":"LineString","coordinates":[[11.17036,59.92282],[11.17033,59.92269],[11.17029,59.92262],[11.17024,59.92261]]}},{"type":"Feature","properties":{"fade":1.0,"vegkategori":"F"},"geometry":{"type":"LineString","coordinates":[[11.17021,59.92324],[11.16999,59.92348],[11.16988,59.92368],[11.16992,59.92406],[11.16999,59.92423],[11.17009,59.92436],[11.17023,59.92447],[11.17052,59.92461],[11.17077,59.92468],[11.17158,59.92485],[11.1719,59.925],[11.17202,59.92513],[11.17218,59.92555],[11.17235,59.92576],[11.17346,59.92656],[11.17383,59.92692],[11.17415,59.92733],[11.175,59.92801],[11.17546,59.92833],[11.1757,59.92844],[11.17604,59.92852],[11.17697,59.92869],[11.17728,59.92878],[11.17763,59.92893],[11.17838,59.92928],[11.17901,59.92961],[11.17932,59.92982],[11.18052,59.93084],[11.18082,59.93097],[11.18113,59.93106],[11.1821,59.93126],[11.18236,59.93136],[11.18261,59.93153],[11.18284,59.93163],[11.18304,59.93165],[11.18339,59.93161],[11.1847,59.93119],[11.18495,59.93117],[11.1852,59.93123],[11.18532,59.93134],[11.18534,59.93141],[11.18524,59.93157],[11.18507,59.93168],[11.18456,59.93192],[11.18444,59.93204],[11.18445,59.93219],[11.1846,59.93229],[11.18474,59.93234],[11.18635,59.93254],[11.18668,59.93254],[11.18727,59.93248],[11.18754,59.93249],[11.18792,59.93259],[11.18824,59.93275],[11.18841,59.93294],[11.18845,59.93305],[11.18837,59.934],[11.18857,59.93657]]}},{"type":"Feature","properties":{"fade":1.0,"vegkategori":"F"},"geometry":{"type":"LineString","coordinates":[[11.17036,59.92303],[11.17028,59.92321],[11.17021,59.92324]]}},{"type":"Feature","properties":{"fade":1.0,"vegkategori":"F"},"geometry":{"type":"LineString","coordinates":[[11.22694,59.63482],[11.22399,59.63716],[11.22347,59.6375],[11.22259,59.638],[11.2223,59.63815],[11.22191,59.63828],[11.2186,59.63916],[11.21837,59.63925],[11.21774,59.6397],[11.21745,59.63982],[11.2147,59.64068],[11.21364,59.64119],[11.21353,59.64127],[11.2135,59.64131],[11.21353,59.64159],[11.21349,59.64169],[11.2134,59.64177],[11.21305,59.64183],[11.21227,59.64186],[11.21202,59.64191],[11.21173,59.64206],[11.21127,59.6425],[11.21102,59.64265],[11.2105,59.64286],[11.20974,59.64303],[11.20943,59.64314],[11.20929,59.64323],[11.20918,59.64336],[11.20909,59.64352],[11.2091,59.64367],[11.2092,59.64382],[11.20921,59.64392],[11.20907,59.64405],[11.20886,59.64409],[11.20839,59.64402],[11.20761,59.64402],[11.20739,59.64398],[11.20696,59.64383],[11.20668,59.64378],[11.20647,59.64381],[11.20621,59.64391],[11.20606,59.64407],[11.20601,59.64438],[11.20587,59.64464],[11.20548,59.64504],[11.20491,59.64553],[11.20458,59.64612],[11.20397,59.64684],[11.20361,59.64709],[11.20331,59.64725],[11.20278,59.64744]]}},{"type":"Feature","properties":{"fade":1.0,"vegkategori":"F"},"geometry":{"type":"LineString","coordinates":[[11.20774,59.62293],[11.21089,59.6244]]}},{"type":"Feature","properties":{"fade":1.0,"vegkategori":"F"},"geometry":{"type":"LineString","coordinates":[[11.20989,59.62154],[11.20968,59.62192],[11.20957,59.62206],[11.20941,59.62217],[11.20878,59.62247],[11.2082,59.62279],[11.20774,59.62293]]}},{"type":"Feature","properties":{"fade":1.0,"vegkategori":"F"},"geometry":{"type":"LineString","coordinates":[[11.1839,59.92231],[11.18424,59.92237],[11.18432,59.92236]]}},{"type":"Feature","properties":{"fade":1.0,"vegkategori":"F"},"geometry":{"type":"LineString","coordinates":[[11.18392,59.9224],[11.18583,59.92265]]}},{"type":"Feature","properties":{"fade":1.0,"vegkategori":"F"},"geometry":{"type":"LineString","coordinates":[[11.18397,59.92222],[11.18432,59.92236]]}},{"type":"Feature","properties":{"fade":1.0,"vegkategori":"F"},"geometry":{"type":"LineString","coordinates":[[11.18432,59.92236],[11.18583,59.92265]]}},{"type":"Feature","properties":{"fade":1.0,"vegkategori":"F"},"geometry":{"type":"LineString","coordinates":[[11.18583,59.92265],[11.18601,59.9227],[11.18633,59.92275]]}},{"type":"Feature","properties":{"fade":1.0,"vegkategori":"F"},"geometry":{"type":"LineString","coordinates":[[11.18583,59.92265],[11.18587,59.92265],[11.18633,59.92275]]}},{"type":"Feature","properties":{"fade":1.0,"vegkategori":"F"},"geometry":{"type":"LineString","coordinates":[[11.18633,59.92275],[11.18995,59.92336],[11.19138,59.92356],[11.19285,59.9237],[11.19463,59.92375]]}},{"type":"Feature","properties":{"fade":1.0,"vegkategori":"F"},"geometry":{"type":"LineString","coordinates":[[11.18857,59.93657],[11.18878,59.9371],[11.19144,59.94171],[11.19182,59.94226],[11.19222,59.94262],[11.19667,59.9458],[11.19757,59.9465],[11.19815,59.94702],[11.20052,59.94956],[11.20096,59.94985],[11.20217,59.95052],[11.20253,59.9508],[11.20288,59.95121],[11.20303,59.95149],[11.20314,59.95187],[11.20321,59.95583],[11.20324,59.95632],[11.20383,59.959],[11.20399,59.95927],[11.20427,59.95952],[11.20511,59.95991],[11.2053,59.96003],[11.20554,59.96023],[11.20564,59.96041],[11.20568,59.96058],[11.20578,59.96133],[11.20593,59.96167],[11.2061,59.96189],[11.20659,59.96231],[11.20723,59.96267],[11.20791,59.96291],[11.20929,59.96326],[11.20987,59.96347],[11.2105,59.96377],[11.21215,59.96469],[11.21249,59.96483],[11.21302,59.96495],[11.21391,59.96497],[11.21444,59.96502],[11.21483,59.96511],[11.215,59.96519],[11.21531,59.9654],[11.21545,59.96557],[11.21622,59.96671],[11.21647,59.96694],[11.21799,59.96809],[11.21839,59.96847]]}},{"type":"Feature","properties":{"fade":1.0,"vegkategori":"F"},"geometry":{"type":"LineString","coordinates":[[11.18857,59.93657],[11.19205,59.9361],[11.19371,59.93585],[11.19419,59.9358],[11.19473,59.93579],[11.19529,59.93587],[11.19615,59.93616],[11.19649,59.93621],[11.19682,59.9362],[11.19887,59.93602],[11.19973,59.936],[11.20099,59.93603],[11.20139,59.93607],[11.20243,59.93621],[11.20449,59.93666],[11.20496,59.93673],[11.2054,59.93677],[11.2073,59.93678],[11.20747,59.93683],[11.20753,59.9369],[11.20755,59.93717],[11.20748,59.93769],[11.20731,59.9384],[11.20735,59.9388],[11.20756,59.93931],[11.20766,59.93946],[11.2083,59.9401],[11.2084,59.94024],[11.20857,59.94058],[11.20869,59.94114],[11.20864,59.94178],[11.20874,59.9421],[11.20894,59.94232],[11.20916,59.94251],[11.20955,59.94278],[11.21005,59.94308],[11.21028,59.94326],[11.21086,59.94417],[11.21109,59.94445],[11.21159,59.94479],[11.21188,59.94503],[11.21277,59.94618],[11.21369,59.94782],[11.21386,59.94798],[11.21431,59.94831],[11.21605,59.94933],[11.21626,59.94951],[11.21636,59.94966],[11.21632,59.95023],[11.21601,59.95175],[11.21587,59.95226],[11.21542,59.95323],[11.21526,59.95371],[11.21518,59.95427],[11.21523,59.95453],[11.21547,59.95486],[11.21614,59.9556],[11.21645,59.9562],[11.21665,59.95648],[11.21696,59.9568],[11.21768,59.95742],[11.21818,59.95812],[11.21896,59.95894],[11.21988,59.95965],[11.22035,59.96012],[11.22061,59.96043],[11.22104,59.96108],[11.22155,59.9624],[11.22157,59.96265],[11.2214,59.96324],[11.22131,59.9646],[11.22116,59.96478],[11.22081,59.96504],[11.22035,59.96532],[11.21924,59.96586],[11.21898,59.96601],[11.21878,59.96617],[11.21864,59.96645],[11.21865,59.96669],[11.21934,59.96769],[11.2194,59.96791],[11.21931,59.9681],[11.2191,59.96824],[11.21867,59.9684],[11.21839,59.96847]]}},{"type":"Feature","properties":{"fade":1.0,"vegkategori":"F"},"geometry":{"type":"LineString","coordinates":[[11.22401,59.63355],[11.22694,59.63482]]}},{"type":"Feature","properties":{"fade":1.0,"vegkategori":"F"},"geometry":{"type":"LineString","coordinates":[[11.22694,59.63482],[11.23328,59.63758]]}},{"type":"Feature","properties":{"fade":1.0,"vegkategori":"F"},"geometry":{"type":"LineString","coordinates":[[11.19463,59.92375],[11.19516,59.92379],[11.1955,59.92386]]}},{"type":"Feature","properties":{"fade":1.0,"vegkategori":"F"},"geometry":{"type":"LineString","coordinates":[[11.19463,59.92375],[11.19534,59.92367],[11.19546,59.92363]]}},{"type":"Feature","properties":{"fade":1.0,"vegkategori":"F"},"geometry":{"type":"LineString","coordinates":[[11.1955,59.92386],[11.1954,59.92374],[11.19546,59.92363]]}},{"type":"Feature","properties":{"fade":1.0,"vegkategori":"F"},"geometry":{"type":"LineString","coordinates":[[11.19546,59.92363],[11.19563,59.92356],[11.19581,59.92355],[11.1959,59.92357],[11.19606,59.92364]]}},{"type":"Feature","properties":{"fade":1.0,"vegkategori":"F"},"geometry":{"type":"LineString","coordinates":[[11.19607,59.92381],[11.19596,59.92388],[11.19579,59.92391],[11.19561,59.92389],[11.1955,59.92386]]}},{"type":"Feature","properties":{"fade":1.0,"vegkategori":"F"},"geometry":{"type":"LineString","coordinates":[[11.19606,59.92364],[11.19611,59.92371],[11.19607,59.92381]]}},{"type":"Feature","properties":{"fade":1.0,"vegkategori":"F"},"geometry":{"type":"LineString","coordinates":[[11.19606,59.92364],[11.19668,59.92365],[11.19675,59.92368]]}},{"type":"Feature","properties":{"fade":1.0,"vegkategori":"F"},"geometry":{"type":"LineString","coordinates":[[11.19607,59.92381],[11.19668,59.92371],[11.19675,59.92368]]}},{"type":"Feature","properties":{"fade":1.0,"vegkategori":"F"},"geometry":{"type":"LineString","coordinates":[[11.19675,59.92368],[11.20113,59.92341],[11.20216,59.92337],[11.20316,59.92337],[11.20429,59.92343],[11.20561,59.92358],[11.20674,59.92378],[11.20814,59.92408]]}},{"type":"Feature","properties":{"fade":1.0,"vegkategori":"F"},"geometry":{"type":"LineString","coordinates":[[11.23457,59.63846],[11.23428,59.63854],[11.23417,59.63859],[11.23417,59.63862],[11.23467,59.63961],[11.23478,59.63996],[11.23488,59.64059],[11.23496,59.6408],[11.23491,59.64106],[11.23474,59.64125],[11.234,59.6419],[11.2333,59.64265],[11.23308,59.64278],[11.23266,59.64294],[11.23242,59.64314],[11.23233,59.64345],[11.23241,59.64391],[11.23219,59.64442],[11.23216,59.64469],[11.23207,59.64481],[11.23193,59.64489],[11.23181,59.64492],[11.23125,59.645],[11.23102,59.64506],[11.22999,59.64575],[11.22926,59.64612],[11.22894,59.64632],[11.22836,59.64701],[11.22806,59.64772],[11.22785,59.64812],[11.22734,59.64877],[11.22674,59.64944],[11.22682,59.64977],[11.22823,59.65323],[11.2284,59.65399],[11.22855,59.65429],[11.22866,59.65446],[11.22884,59.65463],[11.22888,59.65474],[11.22876,59.65497],[11.22849,59.65525],[11.22844,59.65541],[11.22846,59.65556],[11.22873,59.65614],[11.22871,59.65625],[11.22846,59.6565],[11.22798,59.6572],[11.22776,59.65786],[11.22756,59.65824],[11.22736,59.65835],[11.22721,59.65836],[11.22698,59.65835]]}},{"type":"Feature","properties":{"fade":1.0,"vegkategori":"F"},"geometry":{"type":"LineString","coordinates":[[11.22994,59.63229],[11.23013,59.6334],[11.23031,59.63382],[11.23067,59.63423],[11.23208,59.63607],[11.23292,59.63707],[11.23328,59.63758]]}},{"type":"Feature","properties":{"fade":1.0,"vegkategori":"F"},"geometry":{"type":"LineString","coordinates":[[11.23328,59.63758],[11.2336,59.63773],[11.23397,59.63795],[11.23457,59.63846]]}},{"type":"Feature","properties":{"fade":1.0,"vegkategori":"F"},"geometry":{"type":"LineString","coordinates":[[11.23457,59.63846],[11.23511,59.63896],[11.23536,59.63914],[11.23574,59.63932],[11.23611,59.63942],[11.2365,59.63949],[11.24236,59.6402],[11.24273,59.64027],[11.24295,59.64035],[11.24316,59.6405],[11.24368,59.64117],[11.24393,59.6414],[11.24419,59.64151],[11.24512,59.64173],[11.24556,59.64188],[11.2459,59.64208],[11.2466,59.64257],[11.247,59.64275],[11.24741,59.64285],[11.24861,59.64305],[11.25016,59.64335],[11.25149,59.64356],[11.25237,59.64379],[11.25303,59.64404],[11.25346,59.64425],[11.25481,59.6451],[11.25537,59.64539],[11.25573,59.64553],[11.25749,59.64607],[11.2588,59.64643],[11.25927,59.64654],[11.26064,59.64678],[11.26118,59.64693],[11.26154,59.6471],[11.26182,59.64726],[11.26211,59.64749],[11.26232,59.64772],[11.26263,59.6483],[11.26286,59.64845],[11.26301,59.6485],[11.26327,59.64852],[11.26343,59.64848],[11.26352,59.6484],[11.26353,59.64828],[11.26338,59.64788],[11.2634,59.64783],[11.26349,59.64776],[11.26373,59.64772],[11.26532,59.64765],[11.26582,59.64771],[11.266,59.64776],[11.26616,59.64783],[11.26628,59.64795],[11.26632,59.64808],[11.26629,59.6485],[11.26639,59.64859],[11.26657,59.64865],[11.26687,59.64863],[11.26775,59.64832],[11.26846,59.64816],[11.27173,59.64778],[11.27295,59.64753],[11.27351,59.64738],[11.27383,59.64725],[11.27395,59.64718],[11.27454,59.64663],[11.27485,59.64643],[11.27549,59.64616],[11.27671,59.64578],[11.27708,59.64562],[11.27738,59.64539],[11.27827,59.64447],[11.27931,59.64379],[11.27966,59.6436],[11.28045,59.64334],[11.28255,59.64279],[11.28315,59.64259],[11.28401,59.64226],[11.28471,59.64208],[11.28534,59.64198],[11.28669,59.6419],[11.2875,59.64182],[11.28827,59.64165],[11.28865,59.64148],[11.28987,59.6407],[11.29064,59.6403],[11.29143,59.64004],[11.29217,59.63988],[11.29304,59.63972]]}},{"type":"Feature","properties":{"fade":1.0,"vegkategori":"F"},"geometry":{"type":"LineString","coordinates":[[11.2206,59.87945],[11.22102,59.87943]]}},{"type":"Feature","properties":{"fade":1.0,"vegkategori":"F"},"geometry":{"type":"LineString","coordinates":[[11.22067,59.87933],[11.22102,59.87943]]}},{"type":"Feature","properties":{"fade":1.0,"vegkategori":"F"},"geometry":{"type":"LineString","coordinates":[[11.22102,59.87943],[11.22177,59.87945],[11.22228,59.87942],[11.22267,59.87937],[11.22321,59.87927],[11.22482,59.87885],[11.22543,59.87876],[11.22589,59.87873],[11.22659,59.87873],[11.22728,59.8788],[11.22776,59.87889],[11.22908,59.87926],[11.2295,59.87935],[11.23007,59.87943],[11.2306,59.87947],[11.23125,59.87946],[11.23175,59.87942],[11.23222,59.87934],[11.23366,59.87905],[11.23435,59.87898],[11.23516,59.87898],[11.23686,59.87911]]}},{"type":"Feature","properties":{"fade":1.0,"vegkategori":"F"},"geometry":{"type":"LineString","coordinates":[[11.28791,59.68202],[11.28343,59.68148],[11.28323,59.6814],[11.28318,59.68132],[11.28321,59.68119],[11.28387,59.6799],[11.28399,59.67962],[11.28399,59.67953],[11.28322,59.67921],[11.28009,59.67803],[11.27973,59.67788],[11.27946,59.67775],[11.27826,59.67686],[11.27756,59.67631],[11.27705,59.67597],[11.27492,59.67438],[11.27441,59.67403],[11.27356,59.6735],[11.273,59.6732],[11.27273,59.67313],[11.27207,59.67303],[11.26863,59.67219],[11.26713,59.6718],[11.26603,59.67147],[11.26522,59.67133],[11.26355,59.67116],[11.26276,59.67111],[11.26225,59.67103],[11.26037,59.67056],[11.25845,59.6702],[11.257,59.66977],[11.2567,59.66971],[11.25629,59.66976],[11.25598,59.66971],[11.25463,59.66928],[11.25407,59.66919],[11.25156,59.66892],[11.25075,59.66878],[11.25032,59.66866]]}},{"type":"Feature","properties":{"fade":1.0,"vegkategori":"F"},"geometry":{"type":"LineString","coordinates":[[11.21839,59.96847],[11.21867,59.96886],[11.21932,59.97017],[11.21946,59.97037],[11.21979,59.97067],[11.22018,59.97086],[11.22071,59.97103],[11.22334,59.97152],[11.2236,59.97161],[11.22382,59.97171],[11.22423,59.972],[11.22489,59.97263],[11.22531,59.97316],[11.22644,59.9752],[11.22684,59.97563],[11.22717,59.97584],[11.22948,59.97696],[11.2299,59.97713],[11.23024,59.97721],[11.23061,59.97726],[11.23098,59.97728],[11.23259,59.97728],[11.23311,59.9773],[11.23362,59.97735],[11.23461,59.97751],[11.23714,59.97806],[11.23767,59.97811],[11.23902,59.97818],[11.23932,59.97823],[11.23957,59.97829],[11.23997,59.97848],[11.24009,59.97858],[11.24021,59.97877],[11.24023,59.979],[11.24006,59.97965]]}},{"type":"Feature","properties":{"fade":1.0,"vegkategori":"F"},"geometry":{"type":"LineString","coordinates":[[11.29173,59.75794],[11.29119,59.75795],[11.29067,59.75801],[11.28897,59.75852],[11.28861,59.75857],[11.28844,59.75855],[11.28682,59.75802],[11.2844,59.75708],[11.28368,59.75674],[11.28341,59.75666],[11.28304,59.75659],[11.28266,59.75657],[11.28248,59.75659],[11.2822,59.75667],[11.2815,59.75707],[11.28071,59.75743],[11.28047,59.7575],[11.28012,59.75755],[11.27989,59.75752],[11.27968,59.75745],[11.27886,59.75691],[11.27854,59.75677],[11.27805,59.7567],[11.27687,59.75671],[11.27616,59.75675],[11.27526,59.75692],[11.27475,59.75709],[11.27409,59.75744],[11.2737,59.75751],[11.27183,59.75746],[11.27063,59.75754],[11.26855,59.75773],[11.26432,59.7577],[11.26009,59.75779]]}},{"type":"Feature","properties":{"fade":1.0,"vegkategori":"F"},"geometry":{"type":"LineString","coordinates":[[11.23792,59.98543],[11.23818,59.98559]]}},{"type":"Feature","properties":{"fade":1.0,"vegkategori":"F"},"geometry":{"type":"LineString","coordinates":[[11.23792,59.98543],[11.23793,59.98554],[11.23803,59.98564]]}},{"type":"Feature","properties":{"fade":1.0,"vegkategori":"F"},"geometry":{"type":"LineString","coordinates":[[11.23991,59.98026],[11.23966,59.98121],[11.23958,59.9817],[11.23949,59.98294],[11.23942,59.98327],[11.2391,59.98381],[11.23847,59.98438],[11.23792,59.98508],[11.23788,59.98534],[11.23792,59.98543]]}},{"type":"Feature","properties":{"fade":1.0,"vegkategori":"F"},"geometry":{"type":"LineString","coordinates":[[11.23823,59.98577],[11.23813,59.98577],[11.23805,59.98574],[11.23802,59.9857],[11.23803,59.98564]]}},{"type":"Feature","properties":{"fade":1.0,"vegkategori":"F"},"geometry":{"type":"LineString","coordinates":[[11.23803,59.98564],[11.23818,59.98559]]}},{"type":"Feature","properties":{"fade":1.0,"vegkategori":"F"},"geometry":{"type":"LineString","coordinates":[[11.23818,59.98559],[11.23833,59.98562],[11.23837,59.9857]]}},{"type":"Feature","properties":{"fade":1.0,"vegkategori":"F"},"geometry":{"type":"LineString","coordinates":[[11.23823,59.98577],[11.23866,59.98586]]}},{"type":"Feature","properties":{"fade":1.0,"vegkategori":"F"},"geometry":{"type":"LineString","coordinates":[[11.23837,59.9857],[11.23833,59.98574],[11.23823,59.98577]]}},{"type":"Feature","properties":{"fade":1.0,"vegkategori":"F"},"geometry":{"type":"LineString","coordinates":[[11.23837,59.9857],[11.23866,59.98586]]}},{"type":"Feature","properties":{"fade":1.0,"vegkategori":"F"},"geometry":{"type":"LineString","coordinates":[[11.23866,59.98586],[11.23889,59.98592],[11.23989,59.98608],[11.24202,59.9863],[11.24567,59.98678],[11.24639,59.98685],[11.24707,59.98689],[11.24835,59.98688],[11.24924,59.98683],[11.25044,59.98667]]}},{"type":"Feature","properties":{"fade":1.0,"vegkategori":"F"},"geometry":{"type":"LineString","coordinates":[[11.24006,59.97965],[11.24,59.97968],[11.23996,59.97977],[11.23991,59.98026]]}},{"type":"Feature","properties":{"fade":1.0,"vegkategori":"F"},"geometry":{"type":"LineString","coordinates":[[11.24006,59.97965],[11.24009,59.9797],[11.23991,59.98026]]}},{"type":"Feature","properties":{"fade":1.0,"vegkategori":"F"},"geometry":{"type":"LineString","coordinates":[[11.24384,60.00959],[11.24521,60.00928],[11.24586,60.0091],[11.24801,60.00827],[11.24837,60.00816],[11.24895,60.00805],[11.24982,60.00798],[11.25654,60.00788],[11.25946,60.00776]]}},{"type":"Feature","properties":{"fade":1.0,"vegkategori":"F"},"geometry":{"type":"LineString","coordinates":[[11.25044,59.98667],[11.25083,59.98653]]}},{"type":"Feature","properties":{"fade":1.0,"vegkategori":"F"},"geometry":{"type":"LineString","coordinates":[[11.25044,59.98667],[11.25091,59.98663]]}},{"type":"Feature","properties":{"fade":1.0,"vegkategori":"F"},"geometry":{"type":"LineString","coordinates":[[11.25091,59.98663],[11.25084,59.98659],[11.25083,59.98653]]}},{"type":"Feature","properties":{"fade":1.0,"vegkategori":"F"},"geometry":{"type":"LineString","coordinates":[[11.25083,59.98653],[11.2509,59.98648]]}},{"type":"Feature","properties":{"fade":1.0,"vegkategori":"F"},"geometry":{"type":"LineString","coordinates":[[11.2509,59.98648],[11.25095,59.98628]]}},{"type":"Feature","properties":{"fade":1.0,"vegkategori":"F"},"geometry":{"type":"LineString","coordinates":[[11.2509,59.98648],[11.25107,59.98647]]}},{"type":"Feature","properties":{"fade":1.0,"vegkategori":"F"},"geometry":{"type":"LineString","coordinates":[[11.25116,59.9866],[11.25103,59.98664],[11.25091,59.98663]]}},{"type":"Feature","properties":{"fade":1.0,"vegkategori":"F"},"geometry":{"type":"LineString","coordinates":[[11.25107,59.98647],[11.25095,59.98628]]}},{"type":"Feature","properties":{"fade":1.0,"vegkategori":"F"},"geometry":{"type":"LineString","coordinates":[[11.25095,59.98628],[11.25098,59.98609],[11.25108,59.98593],[11.25126,59.98576],[11.25383,59.98385],[11.25444,59.98335]]}},{"type":"Feature","properties":{"fade":1.0,"vegkategori":"F"},"geometry":{"type":"LineString","coordinates":[[11.25107,59.98647],[11.25113,59.98649]]}},{"type":"Feature","properties":{"fade":1.0,"vegkategori":"F"},"geometry":{"type":"LineString","coordinates":[[11.25161,59.98652],[11.25113,59.98649]]}},{"type":"Feature","properties":{"fade":1.0,"vegkategori":"F"},"geometry":{"type":"LineString","coordinates":[[11.25113,59.98649],[11.25118,59.98654],[11.25116,59.9866]]}},{"type":"Feature","properties":{"fade":1.0,"vegkategori":"F"},"geometry":{"type":"LineString","coordinates":[[11.25161,59.98652],[11.25116,59.9866]]}},{"type":"Feature","properties":{"fade":1.0,"vegkategori":"F"},"geometry":{"type":"LineString","coordinates":[[11.26192,60.00672],[11.26275,60.00116],[11.26441,59.99059],[11.26443,59.99025],[11.26433,59.9898],[11.26422,59.9896],[11.264,59.98936],[11.26355,59.98905],[11.26323,59.9889],[11.26271,59.98873],[11.26019,59.98813],[11.25956,59.98796],[11.25913,59.98778],[11.25794,59.9872],[11.2572,59.98693],[11.25624,59.98642],[11.25584,59.98629],[11.25554,59.98622],[11.25516,59.98616],[11.2548,59.98615],[11.25445,59.98616],[11.25385,59.98624],[11.25311,59.9864],[11.25259,59.98649],[11.25217,59.98652],[11.25161,59.98652]]}},{"type":"Feature","properties":{"fade":1.0,"vegkategori":"F"},"geometry":{"type":"LineString","coordinates":[[11.25444,59.98335],[11.25453,59.98311]]}},{"type":"Feature","properties":{"fade":1.0,"vegkategori":"F"},"geometry":{"type":"LineString","coordinates":[[11.25444,59.98335],[11.25479,59.98316]]}},{"type":"Feature","properties":{"fade":1.0,"vegkategori":"F"},"geometry":{"type":"LineString","coordinates":[[11.25479,59.98316],[11.25465,59.98315],[11.25453,59.98311]]}},{"type":"Feature","properties":{"fade":1.0,"vegkategori":"F"},"geometry":{"type":"LineString","coordinates":[[11.25453,59.98311],[11.25447,59.98304],[11.25449,59.98297],[11.25457,59.98291],[11.25473,59.98287]]}},{"type":"Feature","properties":{"fade":1.0,"vegkategori":"F"},"geometry":{"type":"LineString","coordinates":[[11.25473,59.98287],[11.255,59.98268]]}},{"type":"Feature","properties":{"fade":1.0,"vegkategori":"F"},"geometry":{"type":"LineString","coordinates":[[11.25473,59.98287],[11.25481,59.98287],[11.25488,59.98288],[11.25497,59.98291]]}},{"type":"Feature","properties":{"fade":1.0,"vegkategori":"F"},"geometry":{"type":"LineString","coordinates":[[11.25497,59.98291],[11.25505,59.98299],[11.25504,59.98307],[11.25496,59.98313],[11.25479,59.98316]]}},{"type":"Feature","properties":{"fade":1.0,"vegkategori":"F"},"geometry":{"type":"LineString","coordinates":[[11.25497,59.98291],[11.25503,59.98274],[11.255,59.98268]]}},{"type":"Feature","properties":{"fade":1.0,"vegkategori":"F"},"geometry":{"type":"LineString","coordinates":[[11.255,59.98268],[11.25571,59.98157],[11.25594,59.98138],[11.25608,59.9813],[11.25639,59.98119],[11.25678,59.98111],[11.25715,59.98107],[11.2581,59.98105],[11.25909,59.9811],[11.25978,59.98122],[11.2618,59.98167],[11.26236,59.98175],[11.2644,59.98195],[11.2656,59.98211],[11.26671,59.98236],[11.27371,59.98438],[11.27429,59.98461],[11.27504,59.98503],[11.27577,59.98548],[11.27611,59.98563],[11.27636,59.98569],[11.27671,59.98573],[11.2792,59.98583],[11.27981,59.98589],[11.28033,59.98602],[11.28111,59.98637],[11.28155,59.98651],[11.28213,59.98661],[11.28328,59.98675],[11.2838,59.98686],[11.28412,59.98703],[11.28442,59.98724],[11.28492,59.98749],[11.28693,59.98809],[11.28742,59.98817],[11.2884,59.98823],[11.28885,59.98829],[11.29047,59.98876],[11.29068,59.98879],[11.29159,59.9888],[11.29212,59.98887],[11.2936,59.98938],[11.29402,59.98959],[11.29471,59.99021],[11.29567,59.99078],[11.29579,59.99093],[11.296,59.99137],[11.29629,59.99157],[11.2966,59.99167],[11.29717,59.99178],[11.29776,59.99181],[11.29863,59.99181],[11.29898,59.99183],[11.29937,59.9919],[11.29976,59.99201],[11.30005,59.99215],[11.30032,59.99231],[11.30147,59.99313],[11.30181,59.99339],[11.30204,59.99362],[11.30253,59.99454],[11.30251,59.99475],[11.30213,59.99522],[11.302,59.99543],[11.30191,59.9957],[11.30194,59.99606],[11.30211,59.99631]]}},{"type":"Feature","properties":{"fade":1.0,"vegkategori":"F"},"geometry":{"type":"LineString","coordinates":[[11.29593,59.67018],[11.29279,59.67174],[11.29199,59.67211],[11.29165,59.67218],[11.28829,59.67249],[11.2878,59.67257],[11.2878,59.67261],[11.28794,59.67273],[11.28911,59.67343],[11.29001,59.67402],[11.2903,59.67432],[11.29063,59.675]]}},{"type":"Feature","properties":{"fade":1.0,"vegkategori":"F"},"geometry":{"type":"LineString","coordinates":[[11.25946,60.00776],[11.26037,60.00773],[11.26068,60.0077],[11.26104,60.00763],[11.26144,60.0075]]}},{"type":"Feature","properties":{"fade":1.0,"vegkategori":"F"},"geometry":{"type":"LineString","coordinates":[[11.25946,60.00776],[11.26057,60.00764]]}},{"type":"Feature","properties":{"fade":1.0,"vegkategori":"F"},"geometry":{"type":"LineString","coordinates":[[11.26057,60.00764],[11.26103,60.00754],[11.26134,60.00742]]}},{"type":"Feature","properties":{"fade":1.0,"vegkategori":"F"},"geometry":{"type":"LineString","coordinates":[[11.26057,60.00764],[11.26096,60.00759],[11.26141,60.00747]]}},{"type":"Feature","properties":{"fade":1.0,"vegkategori":"F"},"geometry":{"type":"LineString","coordinates":[[11.26134,60.00742],[11.26152,60.00745]]}},{"type":"Feature","properties":{"fade":1.0,"vegkategori":"F"},"geometry":{"type":"LineString","coordinates":[[11.26134,60.00742],[11.26141,60.00747]]}},{"type":"Feature","properties":{"fade":1.0,"vegkategori":"F"},"geometry":{"type":"LineString","coordinates":[[11.26134,60.00742],[11.26157,60.00727],[11.26177,60.00701],[11.26192,60.00672]]}},{"type":"Feature","properties":{"fade":1.0,"vegkategori":"F"},"geometry":{"type":"LineString","coordinates":[[11.26141,60.00747],[11.26144,60.0075]]}},{"type":"Feature","properties":{"fade":1.0,"vegkategori":"F"},"geometry":{"type":"LineString","coordinates":[[11.26141,60.00747],[11.26152,60.00745]]}},{"type":"Feature","properties":{"fade":1.0,"vegkategori":"F"},"geometry":{"type":"LineString","coordinates":[[11.26144,60.0075],[11.26175,60.0076],[11.26191,60.00761]]}},{"type":"Feature","properties":{"fade":1.0,"vegkategori":"F"},"geometry":{"type":"LineString","coordinates":[[11.26144,60.0075],[11.26152,60.00745]]}},{"type":"Feature","properties":{"fade":1.0,"vegkategori":"F"},"geometry":{"type":"LineString","coordinates":[[11.26152,60.00745],[11.26191,60.00758],[11.26191,60.00761]]}},{"type":"Feature","properties":{"fade":1.0,"vegkategori":"F"},"geometry":{"type":"LineString","coordinates":[[11.26152,60.00745],[11.26163,60.0074],[11.26183,60.00719],[11.26192,60.00698],[11.26192,60.00672]]}},{"type":"Feature","properties":{"fade":1.0,"vegkategori":"F"},"geometry":{"type":"LineString","coordinates":[[11.26191,60.00761],[11.26273,60.0076],[11.26338,60.00757],[11.2642,60.00759],[11.26562,60.00784],[11.26769,60.00827],[11.26815,60.00839]]}},{"type":"Feature","properties":{"fade":0.65,"vegkategori":"E"},"geometry":{"type":"LineString","coordinates":[[10.98187,59.96405],[10.98281,59.96442],[10.98402,59.96498]]}},{"type":"Feature","properties":{"fade":0.65,"vegkategori":"E"},"geometry":{"type":"LineString","coordinates":[[10.98196,59.96431],[10.98283,59.96466],[10.98412,59.96529]]}},{"type":"Feature","properties":{"fade":0.65,"vegkategori":"E"},"geometry":{"type":"LineString","coordinates":[[10.99088,59.97394],[10.99141,59.97507],[10.99168,59.97556]]}},{"type":"Feature","properties":{"fade":0.65,"vegkategori":"E"},"geometry":{"type":"LineString","coordinates":[[10.9914,59.97436],[10.99163,59.97491]]}},{"type":"Feature","properties":{"fade":0.65,"vegkategori":"E"},"geometry":{"type":"LineString","coordinates":[[10.99163,59.97491],[10.99178,59.97502],[10.99238,59.97611],[10.99264,59.97651]]}},{"type":"Feature","properties":{"fade":0.65,"vegkategori":"E"},"geometry":{"type":"LineString","coordinates":[[10.99163,59.97491],[10.99247,59.97643]]}},{"type":"Feature","properties":{"fade":0.65,"vegkategori":"E"},"geometry":{"type":"LineString","coordinates":[[10.99168,59.97556],[10.99203,59.97621]]}},{"type":"Feature","properties":{"fade":0.65,"vegkategori":"E"},"geometry":{"type":"LineString","coordinates":[[10.99191,59.97616],[10.99168,59.97568],[10.99168,59.97556]]}},{"type":"Feature","properties":{"fade":0.65,"vegkategori":"E"},"geometry":{"type":"LineString","coordinates":[[10.99644,59.97835],[10.9971,59.97858],[10.99743,59.97862],[10.9979,59.97863]]}},{"type":"Feature","properties":{"fade":0.55,"vegkategori":"E"},"geometry":{"type":"LineString","coordinates":[[10.98003,59.96344],[10.98104,59.96375],[10.98187,59.96405]]}},{"type":"Feature","properties":{"fade":0.55,"vegkategori":"E"},"geometry":{"type":"LineString","coordinates":[[10.98005,59.96365],[10.98086,59.96391],[10.98196,59.96431]]}},{"type":"Feature","properties":{"fade":0.55,"vegkategori":"E"},"geometry":{"type":"LineString","coordinates":[[10.99296,59.97782],[10.99191,59.97616]]}},{"type":"Feature","properties":{"fade":0.55,"vegkategori":"E"},"geometry":{"type":"LineString","coordinates":[[10.99203,59.97621],[10.99235,59.97675],[10.9932,59.97794]]}},{"type":"Feature","properties":{"fade":0.55,"vegkategori":"E"},"geometry":{"type":"LineString","coordinates":[[10.99247,59.97643],[10.99312,59.97744],[10.99372,59.9782]]}},{"type":"Feature","properties":{"fade":0.55,"vegkategori":"E"},"geometry":{"type":"LineString","coordinates":[[10.99264,59.97651],[10.99317,59.97725],[10.99336,59.97744],[10.99376,59.97774],[10.9943,59.97795],[10.99456,59.97801],[10.99571,59.97815],[10.99614,59.97823],[10.99644,59.97835],[10.9965,59.97842],[10.99695,59.9787]]}},{"type":"Feature","properties":{"fade":0.55,"vegkategori":"E"},"geometry":{"type":"LineString","coordinates":[[10.99663,59.97875],[10.99653,59.97857],[10.99632,59.97843],[10.99599,59.9783],[10.99563,59.97824],[10.9953,59.97823],[10.99503,59.97827],[10.99486,59.97832],[10.99474,59.97838],[10.99457,59.9785],[10.99451,59.97859]]}},{"type":"Feature","properties":{"fade":0.35,"vegkategori":"E"},"geometry":{"type":"LineString","coordinates":[[10.97638,59.96247],[10.97821,59.96296]]}},{"type":"Feature","properties":{"fade":0.35,"vegkategori":"E"},"geometry":{"type":"LineString","coordinates":[[10.9764,59.96269],[10.97823,59.96316]]}},{"type":"Feature","properties":{"fade":0.35,"vegkategori":"E"},"geometry":{"type":"LineString","coordinates":[[10.99246,59.98009],[10.99241,59.97999],[10.99246,59.97989],[10.99292,59.97959],[10.99319,59.97928]]}},{"type":"Feature","properties":{"fade":0.35,"vegkategori":"E"},"geometry":{"type":"LineString","coordinates":[[10.99286,59.98022],[10.9931,59.98042],[10.99333,59.9805],[10.99359,59.98052],[10.99387,59.98051],[10.99424,59.98042],[10.99446,59.9803],[10.99458,59.98012],[10.99461,59.97996]]}},{"type":"Feature","properties":{"fade":0.35,"vegkategori":"E"},"geometry":{"type":"LineString","coordinates":[[10.9974,59.98185],[10.99728,59.98185],[10.99582,59.9809],[10.99542,59.98074],[10.99528,59.9807],[10.99465,59.98064],[10.99356,59.98061],[10.99329,59.98057]]}},{"type":"Feature","properties":{"fade":0.35,"vegkategori":"E"},"geometry":{"type":"LineString","coordinates":[[10.99544,59.98036],[10.99625,59.9811],[10.9974,59.98185]]}},{"type":"Feature","properties":{"fade":0.35,"vegkategori":"E"},"geometry":{"type":"LineString","coordinates":[[10.99601,59.98063],[10.99622,59.9808]]}},{"type":"Feature","properties":{"fade":0.35,"vegkategori":"E"},"geometry":{"type":"LineString","coordinates":[[10.99619,59.98072],[10.99622,59.9808]]}},{"type":"Feature","properties":{"fade":0.35,"vegkategori":"E"},"geometry":{"type":"LineString","coordinates":[[10.99622,59.9808],[10.99712,59.98147],[10.99816,59.98214],[10.99881,59.9825],[10.99977,59.98298]]}},{"type":"Feature","properties":{"fade":0.35,"vegkategori":"E"},"geometry":{"type":"LineString","coordinates":[[10.9974,59.98185],[10.9981,59.98228],[10.99902,59.98278]]}},{"type":"Feature","properties":{"fade":0.35,"vegkategori":"E"},"geometry":{"type":"LineString","coordinates":[[11.01053,59.98573],[11.01331,59.98595],[11.01598,59.98609],[11.01853,59.98627],[11.01951,59.98637],[11.02082,59.98653],[11.022,59.98672]]}},{"type":"Feature","properties":{"fade":0.35,"vegkategori":"E"},"geometry":{"type":"LineString","coordinates":[[11.01572,59.9862],[11.01746,59.9863],[11.0186,59.9864],[11.02031,59.98658]]}},{"type":"Feature","properties":{"fade":0.45,"vegkategori":"E"},"geometry":{"type":"LineString","coordinates":[[10.97821,59.96296],[10.98003,59.96344]]}},{"type":"Feature","properties":{"fade":0.45,"vegkategori":"E"},"geometry":{"type":"LineString","coordinates":[[10.97823,59.96316],[10.98005,59.96365]]}},{"type":"Feature","properties":{"fade":0.45,"vegkategori":"E"},"geometry":{"type":"LineString","coordinates":[[10.99319,59.97928],[10.9933,59.97892],[10.99328,59.97863],[10.99316,59.97824],[10.99296,59.97782]]}},{"type":"Feature","properties":{"fade":0.45,"vegkategori":"E"},"geometry":{"type":"LineString","coordinates":[[10.9932,59.97794],[10.99345,59.97828],[10.99386,59.97872]]}},{"type":"Feature","properties":{"fade":0.45,"vegkategori":"E"},"geometry":{"type":"LineString","coordinates":[[10.99372,59.9782],[10.99465,59.97933],[10.99556,59.98024],[10.99601,59.98063]]}},{"type":"Feature","properties":{"fade":0.45,"vegkategori":"E"},"geometry":{"type":"LineString","coordinates":[[10.99386,59.97872],[10.99444,59.97938],[10.99544,59.98036]]}},{"type":"Feature","properties":{"fade":0.45,"vegkategori":"E"},"geometry":{"type":"LineString","coordinates":[[10.99461,59.97996],[10.99459,59.97978],[10.99385,59.9788],[10.99386,59.97872]]}},{"type":"Feature","properties":{"fade":0.45,"vegkategori":"E"},"geometry":{"type":"LineString","coordinates":[[10.99451,59.97859],[10.99449,59.97874],[10.99458,59.979],[10.99486,59.97941],[10.99502,59.9796],[10.99619,59.98072]]}},{"type":"Feature","properties":{"fade":0.25,"vegkategori":"E"},"geometry":{"type":"LineString","coordinates":[[10.97453,59.96178],[10.97492,59.96197],[10.97556,59.96221],[10.97638,59.96247]]}},{"type":"Feature","properties":{"fade":0.25,"vegkategori":"E"},"geometry":{"type":"LineString","coordinates":[[10.97456,59.96203],[10.97501,59.96223],[10.9764,59.96269]]}},{"type":"Feature","properties":{"fade":0.25,"vegkategori":"E"},"geometry":{"type":"LineString","coordinates":[[10.99319,59.98055],[10.99253,59.98044]]}},{"type":"Feature","properties":{"fade":0.25,"vegkategori":"E"},"geometry":{"type":"LineString","coordinates":[[10.99319,59.98055],[10.99256,59.98034]]}},{"type":"Feature","properties":{"fade":0.25,"vegkategori":"E"},"geometry":{"type":"LineString","coordinates":[[10.99329,59.98057],[10.99319,59.98055]]}},{"type":"Feature","properties":{"fade":0.25,"vegkategori":"E"},"geometry":{"type":"LineString","coordinates":[[10.99902,59.98278],[11.00025,59.98337],[11.00191,59.98403],[11.00312,59.98443],[11.00414,59.98473],[11.00617,59.98521],[11.00842,59.9856],[11.01015,59.98582],[11.01241,59.98601],[11.01572,59.9862]]}},{"type":"Feature","properties":{"fade":0.25,"vegkategori":"E"},"geometry":{"type":"LineString","coordinates":[[10.99977,59.98298],[11.00042,59.98329],[11.00134,59.98366],[11.00302,59.98426],[11.00416,59.9846],[11.00621,59.98509],[11.00745,59.98532],[11.0087,59.98552],[11.00982,59.98566],[11.01053,59.98573]]}},{"type":"Feature","properties":{"fade":0.25,"vegkategori":"E"},"geometry":{"type":"LineString","coordinates":[[11.02031,59.98658],[11.02205,59.98686],[11.02321,59.98712],[11.02437,59.98744],[11.02559,59.98786]]}},{"type":"Feature","properties":{"fade":0.25,"vegkategori":"E"},"geometry":{"type":"LineString","coordinates":[[11.022,59.98672],[11.02295,59.98692],[11.02412,59.98722],[11.02487,59.98746],[11.02588,59.98784]]}},{"type":"Feature","properties":{"fade":0.85,"vegkategori":"R"},"geometry":{"type":"LineString","coordinates":[[11.00676,59.9379],[11.00688,59.93795]]}},{"type":"Feature","properties":{"fade":0.85,"vegkategori":"R"},"geometry":{"type":"LineString","coordinates":[[11.00688,59.93795],[11.00829,59.93845]]}},{"type":"Feature","properties":{"fade":0.85,"vegkategori":"R"},"geometry":{"type":"LineString","coordinates":[[11.00823,59.93847],[11.00696,59.93802],[11.00688,59.93795]]}},{"type":"Feature","properties":{"fade":0.85,"vegkategori":"R"},"geometry":{"type":"LineString","coordinates":[[11.00694,59.93784],[11.0078,59.93816],[11.00848,59.93838]]}},{"type":"Feature","properties":{"fade":0.85,"vegkategori":"R"},"geometry":{"type":"LineString","coordinates":[[11.00352,59.97896],[11.0036,59.97897]]}},{"type":"Feature","properties":{"fade":0.85,"vegkategori":"R"},"geometry":{"type":"LineString","coordinates":[[11.00358,59.97897],[11.0036,59.97897]]}},{"type":"Feature","properties":{"fade":0.85,"vegkategori":"R"},"geometry":{"type":"LineString","coordinates":[[11.0036,59.97897],[11.00916,59.97991]]}},{"type":"Feature","properties":{"fade":0.85,"vegkategori":"R"},"geometry":{"type":"LineString","coordinates":[[11.00916,59.97991],[11.00953,59.97994],[11.00992,59.98],[11.01124,59.98027],[11.01184,59.98028]]}},{"type":"Feature","properties":{"fade":0.85,"vegkategori":"R"},"geometry":{"type":"LineString","coordinates":[[11.00916,59.97991],[11.00981,59.98006],[11.01176,59.98044]]}},{"type":"Feature","properties":{"fade":0.85,"vegkategori":"R"},"geometry":{"type":"LineString","coordinates":[[11.01213,59.98038],[11.01205,59.98046],[11.01195,59.98048],[11.01176,59.98044]]}},{"type":"Feature","properties":{"fade":0.85,"vegkategori":"R"},"geometry":{"type":"LineString","coordinates":[[11.01176,59.98044],[11.01172,59.98041],[11.01173,59.98033],[11.01184,59.98028]]}},{"type":"Feature","properties":{"fade":0.85,"vegkategori":"R"},"geometry":{"type":"LineString","coordinates":[[11.01184,59.98028],[11.01192,59.98027]]}},{"type":"Feature","properties":{"fade":0.85,"vegkategori":"R"},"geometry":{"type":"LineString","coordinates":[[11.01192,59.98027],[11.01207,59.9803],[11.01213,59.98038]]}},{"type":"Feature","properties":{"fade":0.85,"vegkategori":"R"},"geometry":{"type":"LineString","coordinates":[[11.01192,59.98027],[11.01209,59.98021]]}},{"type":"Feature","properties":{"fade":0.85,"vegkategori":"R"},"geometry":{"type":"LineString","coordinates":[[11.01213,59.98038],[11.01227,59.98026]]}},{"type":"Feature","properties":{"fade":0.85,"vegkategori":"R"},"geometry":{"type":"LineString","coordinates":[[11.056,59.97425],[11.05616,59.97447],[11.05678,59.97501],[11.05684,59.97511]]}},{"type":"Feature","properties":{"fade":0.85,"vegkategori":"R"},"geometry":{"type":"LineString","coordinates":[[11.29235,59.71923],[11.29352,59.72082]]}},{"type":"Feature","properties":{"fade":0.85,"vegkategori":"R"},"geometry":{"type":"LineString","coordinates":[[11.29466,59.70714],[11.29485,59.70892],[11.29485,59.70927],[11.29474,59.70963],[11.29431,59.7106]]}},{"type":"Feature","properties":{"fade":0.85,"vegkategori":"R"},"geometry":{"type":"LineString","coordinates":[[11.2893,59.76284],[11.29024,59.76266],[11.29082,59.7625],[11.2923,59.76174],[11.29275,59.76157]]}},{"type":"Feature","properties":{"fade":0.85,"vegkategori":"R"},"geometry":{"type":"LineString","coordinates":[[11.29415,59.7609],[11.29469,59.76032],[11.29495,59.75993],[11.29497,59.75973],[11.29493,59.75953],[11.29476,59.75912]]}},{"type":"Feature","properties":{"fade":0.95,"vegkategori":"R"},"geometry":{"type":"LineString","coordinates":[[11.00975,59.93902],[11.00823,59.93847]]}},{"type":"Feature","properties":{"fade":0.95,"vegkategori":"R"},"geometry":{"type":"LineString","coordinates":[[11.00829,59.93845],[11.00991,59.93897]]}},{"type":"Feature","properties":{"fade":0.95,"vegkategori":"R"},"geometry":{"type":"LineString","coordinates":[[11.00848,59.93838],[11.00883,59.9385]]}},{"type":"Feature","properties":{"fade":0.95,"vegkategori":"R"},"geometry":{"type":"LineString","coordinates":[[11.00883,59.9385],[11.00902,59.93853],[11.01019,59.93887]]}},{"type":"Feature","properties":{"fade":0.95,"vegkategori":"R"},"geometry":{"type":"LineString","coordinates":[[11.00883,59.9385],[11.01009,59.9389]]}},{"type":"Feature","properties":{"fade":0.95,"vegkategori":"R"},"geometry":{"type":"LineString","coordinates":[[11.01209,59.98021],[11.01272,59.97998]]}},{"type":"Feature","properties":{"fade":0.95,"vegkategori":"R"},"geometry":{"type":"LineString","coordinates":[[11.01227,59.98026],[11.01272,59.97998]]}},{"type":"Feature","properties":{"fade":0.95,"vegkategori":"R"},"geometry":{"type":"LineString","coordinates":[[11.01272,59.97998],[11.01344,59.97973]]}},{"type":"Feature","properties":{"fade":0.95,"vegkategori":"R"},"geometry":{"type":"LineString","coordinates":[[11.01344,59.97973],[11.01369,59.97962]]}},{"type":"Feature","properties":{"fade":0.95,"vegkategori":"R"},"geometry":{"type":"LineString","coordinates":[[11.01344,59.97973],[11.01381,59.97965]]}},{"type":"Feature","properties":{"fade":0.95,"vegkategori":"R"},"geometry":{"type":"LineString","coordinates":[[11.0553,59.97326],[11.056,59.97425]]}},{"type":"Feature","properties":{"fade":0.95,"vegkategori":"R"},"geometry":{"type":"LineString","coordinates":[[11.29136,59.71781],[11.2918,59.7185],[11.29235,59.71923]]}},{"type":"Feature","properties":{"fade":0.95,"vegkategori":"R"},"geometry":{"type":"LineString","coordinates":[[11.29431,59.7106],[11.29319,59.71321],[11.29299,59.71359],[11.29275,59.71387]]}},{"type":"Feature","properties":{"fade":0.95,"vegkategori":"R"},"geometry":{"type":"LineString","coordinates":[[11.28758,59.76327],[11.2893,59.76284]]}},{"type":"Feature","properties":{"fade":0.95,"vegkategori":"R"},"geometry":{"type":"LineString","coordinates":[[11.29352,59.72082],[11.2939,59.72134],[11.2941,59.72177],[11.29416,59.72207],[11.29407,59.72265]]}},{"type":"Feature","properties":{"fade":0.95,"vegkategori":"R"},"geometry":{"type":"LineString","coordinates":[[11.29347,59.75849],[11.29417,59.75865],[11.29439,59.75874],[11.2946,59.75887],[11.29476,59.75912]]}},{"type":"Feature","properties":{"fade":1.0,"vegkategori":"R"},"geometry":{"type":"LineString","coordinates":[[11.00984,59.93963],[11.01007,59.93949],[11.0101,59.93938],[11.01005,59.93925],[11.00975,59.93902]]}},{"type":"Feature","properties":{"fade":1.0,"vegkategori":"R"},"geometry":{"type":"LineString","coordinates":[[11.00991,59.93897],[11.01195,59.93953],[11.01415,59.93998]]}},{"type":"Feature","properties":{"fade":1.0,"vegkategori":"R"},"geometry":{"type":"LineString","coordinates":[[11.01009,59.9389],[11.01165,59.93931],[11.01424,59.93989]]}},{"type":"Feature","properties":{"fade":1.0,"vegkategori":"R"},"geometry":{"type":"LineString","coordinates":[[11.01415,59.93998],[11.01397,59.93998],[11.0115,59.93946],[11.01113,59.9394],[11.01084,59.9394],[11.0105,59.93946],[11.01023,59.93957],[11.01007,59.9397]]}},{"type":"Feature","properties":{"fade":1.0,"vegkategori":"R"},"geometry":{"type":"LineString","coordinates":[[11.01019,59.93887],[11.01039,59.93892],[11.01085,59.93897],[11.01109,59.93896],[11.01164,59.93885]]}},{"type":"Feature","properties":{"fade":1.0,"vegkategori":"R"},"geometry":{"type":"LineString","coordinates":[[11.01164,59.93885],[11.01151,59.939],[11.01153,59.93908],[11.0117,59.93921],[11.01198,59.93933],[11.01237,59.93944],[11.01377,59.93974],[11.01406,59.93981],[11.01424,59.93989]]}},{"type":"Feature","properties":{"fade":1.0,"vegkategori":"R"},"geometry":{"type":"LineString","coordinates":[[11.01164,59.93885],[11.01197,59.93881],[11.01223,59.93884],[11.01248,59.93894],[11.01282,59.93919],[11.01324,59.93935],[11.0149,59.93965]]}},{"type":"Feature","properties":{"fade":1.0,"vegkategori":"R"},"geometry":{"type":"LineString","coordinates":[[11.01415,59.93998],[11.01698,59.94057],[11.02313,59.94207],[11.02533,59.94266],[11.02745,59.94328],[11.02848,59.94361],[11.0305,59.94431],[11.03246,59.94505],[11.03937,59.94792],[11.04042,59.94828],[11.04097,59.94844],[11.04281,59.94891],[11.04375,59.94918],[11.04406,59.9493]]}},{"type":"Feature","properties":{"fade":1.0,"vegkategori":"R"},"geometry":{"type":"LineString","coordinates":[[11.01424,59.93989],[11.0159,59.94021],[11.01741,59.94047],[11.01864,59.94072],[11.02452,59.94218],[11.02667,59.94279],[11.02773,59.94311],[11.02877,59.94344],[11.0308,59.94414],[11.03277,59.94489],[11.03906,59.94751],[11.04048,59.94807],[11.04167,59.94847],[11.04315,59.9489]]}},{"type":"Feature","properties":{"fade":1.0,"vegkategori":"R"},"geometry":{"type":"LineString","coordinates":[[11.0149,59.93965],[11.01496,59.9397],[11.01529,59.93978]]}},{"type":"Feature","properties":{"fade":1.0,"vegkategori":"R"},"geometry":{"type":"LineString","coordinates":[[11.0149,59.93965],[11.015,59.93963],[11.01547,59.93965]]}},{"type":"Feature","properties":{"fade":1.0,"vegkategori":"R"},"geometry":{"type":"LineString","coordinates":[[11.01369,59.97962],[11.01417,59.97947]]}},{"type":"Feature","properties":{"fade":1.0,"vegkategori":"R"},"geometry":{"type":"LineString","coordinates":[[11.01381,59.97965],[11.01493,59.97932],[11.01527,59.97919]]}},{"type":"Feature","properties":{"fade":1.0,"vegkategori":"R"},"geometry":{"type":"LineString","coordinates":[[11.01417,59.97947],[11.01511,59.97916],[11.01614,59.97875]]}},{"type":"Feature","properties":{"fade":1.0,"vegkategori":"R"},"geometry":{"type":"LineString","coordinates":[[11.01417,59.97947],[11.01503,59.97922],[11.01527,59.97919]]}},{"type":"Feature","properties":{"fade":1.0,"vegkategori":"R"},"geometry":{"type":"LineString","coordinates":[[11.01527,59.97919],[11.01614,59.97875]]}},{"type":"Feature","properties":{"fade":1.0,"vegkategori":"R"},"geometry":{"type":"LineString","coordinates":[[11.01614,59.97875],[11.01721,59.97831],[11.01775,59.97814],[11.0184,59.97802],[11.02003,59.97783],[11.02048,59.97775],[11.02081,59.97766],[11.02152,59.97738],[11.02249,59.97678],[11.02297,59.97656],[11.02393,59.97627],[11.02482,59.97607]]}},{"type":"Feature","properties":{"fade":1.0,"vegkategori":"R"},"geometry":{"type":"LineString","coordinates":[[11.02482,59.97607],[11.02524,59.97603]]}},{"type":"Feature","properties":{"fade":1.0,"vegkategori":"R"},"geometry":{"type":"LineString","coordinates":[[11.02482,59.97607],[11.02483,59.97604],[11.02514,59.97592]]}},{"type":"Feature","properties":{"fade":1.0,"vegkategori":"R"},"geometry":{"type":"LineString","coordinates":[[11.02524,59.97603],[11.02516,59.97598],[11.02514,59.97592]]}},{"type":"Feature","properties":{"fade":1.0,"vegkategori":"R"},"geometry":{"type":"LineString","coordinates":[[11.02514,59.97592],[11.02518,59.97587],[11.02527,59.97583],[11.02539,59.97581],[11.02553,59.97584]]}},{"type":"Feature","properties":{"fade":1.0,"vegkategori":"R"},"geometry":{"type":"LineString","coordinates":[[11.02562,59.97595],[11.02558,59.976],[11.02549,59.97604],[11.02535,59.97605],[11.02524,59.97603]]}},{"type":"Feature","properties":{"fade":1.0,"vegkategori":"R"},"geometry":{"type":"LineString","coordinates":[[11.02553,59.97584],[11.0256,59.97589],[11.02562,59.97595]]}},{"type":"Feature","properties":{"fade":1.0,"vegkategori":"R"},"geometry":{"type":"LineString","coordinates":[[11.02553,59.97584],[11.02596,59.9758]]}},{"type":"Feature","properties":{"fade":1.0,"vegkategori":"R"},"geometry":{"type":"LineString","coordinates":[[11.02562,59.97595],[11.02592,59.97584],[11.02596,59.9758]]}},{"type":"Feature","properties":{"fade":1.0,"vegkategori":"R"},"geometry":{"type":"LineString","coordinates":[[11.02596,59.9758],[11.02734,59.97547],[11.02895,59.97512],[11.03025,59.97489],[11.03202,59.97464],[11.0328,59.97456]]}},{"type":"Feature","properties":{"fade":1.0,"vegkategori":"R"},"geometry":{"type":"LineString","coordinates":[[11.0328,59.97456],[11.03326,59.97446]]}},{"type":"Feature","properties":{"fade":1.0,"vegkategori":"R"},"geometry":{"type":"LineString","coordinates":[[11.0328,59.97456],[11.0331,59.97455],[11.03444,59.97436]]}},{"type":"Feature","properties":{"fade":1.0,"vegkategori":"R"},"geometry":{"type":"LineString","coordinates":[[11.03326,59.97446],[11.03488,59.97423],[11.0351,59.97423]]}},{"type":"Feature","properties":{"fade":1.0,"vegkategori":"R"},"geometry":{"type":"LineString","coordinates":[[11.03326,59.97446],[11.03354,59.97445],[11.03417,59.97437],[11.03444,59.97436]]}},{"type":"Feature","properties":{"fade":1.0,"vegkategori":"R"},"geometry":{"type":"LineString","coordinates":[[11.03444,59.97436],[11.03484,59.9743],[11.0351,59.97423]]}},{"type":"Feature","properties":{"fade":1.0,"vegkategori":"R"},"geometry":{"type":"LineString","coordinates":[[11.0351,59.97423],[11.03656,59.974],[11.03708,59.9739],[11.03825,59.97356],[11.03965,59.97323],[11.0408,59.973]]}},{"type":"Feature","properties":{"fade":1.0,"vegkategori":"R"},"geometry":{"type":"LineString","coordinates":[[11.04315,59.9489],[11.04343,59.94891],[11.044,59.94905],[11.04436,59.94905],[11.04475,59.94894],[11.04507,59.94869],[11.04518,59.94866]]}},{"type":"Feature","properties":{"fade":1.0,"vegkategori":"R"},"geometry":{"type":"LineString","coordinates":[[11.04315,59.9489],[11.04423,59.94916]]}},{"type":"Feature","properties":{"fade":1.0,"vegkategori":"R"},"geometry":{"type":"LineString","coordinates":[[11.0408,59.973],[11.04211,59.97263]]}},{"type":"Feature","properties":{"fade":1.0,"vegkategori":"R"},"geometry":{"type":"LineString","coordinates":[[11.0408,59.973],[11.04168,59.97282],[11.0422,59.97274]]}},{"type":"Feature","properties":{"fade":1.0,"vegkategori":"R"},"geometry":{"type":"LineString","coordinates":[[11.04435,59.94951],[11.04422,59.94948],[11.04412,59.94943],[11.04406,59.9493]]}},{"type":"Feature","properties":{"fade":1.0,"vegkategori":"R"},"geometry":{"type":"LineString","coordinates":[[11.04406,59.9493],[11.0441,59.94923],[11.04423,59.94916]]}},{"type":"Feature","properties":{"fade":1.0,"vegkategori":"R"},"geometry":{"type":"LineString","coordinates":[[11.04423,59.94916],[11.04442,59.94914],[11.04464,59.94917],[11.0448,59.94929],[11.0448,59.94936]]}},{"type":"Feature","properties":{"fade":1.0,"vegkategori":"R"},"geometry":{"type":"LineString","coordinates":[[11.04435,59.94951],[11.04487,59.94972],[11.04511,59.94988],[11.04589,59.95048],[11.04617,59.95072],[11.04625,59.95083]]}},{"type":"Feature","properties":{"fade":1.0,"vegkategori":"R"},"geometry":{"type":"LineString","coordinates":[[11.0448,59.94936],[11.04475,59.94943],[11.04461,59.94949],[11.04435,59.94951]]}},{"type":"Feature","properties":{"fade":1.0,"vegkategori":"R"},"geometry":{"type":"LineString","coordinates":[[11.0448,59.94936],[11.04507,59.94968],[11.04528,59.94984],[11.04569,59.9501],[11.04625,59.9504],[11.04676,59.95062]]}},{"type":"Feature","properties":{"fade":1.0,"vegkategori":"R"},"geometry":{"type":"LineString","coordinates":[[11.0422,59.97274],[11.04213,59.9727],[11.04211,59.97263]]}},{"type":"Feature","properties":{"fade":1.0,"vegkategori":"R"},"geometry":{"type":"LineString","coordinates":[[11.04211,59.97263],[11.04222,59.97256],[11.04243,59.97256]]}},{"type":"Feature","properties":{"fade":1.0,"vegkategori":"R"},"geometry":{"type":"LineString","coordinates":[[11.04254,59.97266],[11.04243,59.97274],[11.0423,59.97276],[11.0422,59.97274]]}},{"type":"Feature","properties":{"fade":1.0,"vegkategori":"R"},"geometry":{"type":"LineString","coordinates":[[11.04243,59.97256],[11.04252,59.9726],[11.04254,59.97266]]}},{"type":"Feature","properties":{"fade":1.0,"vegkategori":"R"},"geometry":{"type":"LineString","coordinates":[[11.04243,59.97256],[11.04274,59.97253],[11.04333,59.97243],[11.04466,59.97216]]}},{"type":"Feature","properties":{"fade":1.0,"vegkategori":"R"},"geometry":{"type":"LineString","coordinates":[[11.04254,59.97266],[11.04466,59.97216]]}},{"type":"Feature","properties":{"fade":1.0,"vegkategori":"R"},"geometry":{"type":"LineString","coordinates":[[11.04706,59.95086],[11.0469,59.95099],[11.04661,59.95102],[11.04649,59.95101],[11.04635,59.95095],[11.04625,59.95083]]}},{"type":"Feature","properties":{"fade":1.0,"vegkategori":"R"},"geometry":{"type":"LineString","coordinates":[[11.04625,59.95083],[11.04629,59.95073],[11.0464,59.95067],[11.04656,59.95062],[11.04676,59.95062]]}},{"type":"Feature","properties":{"fade":1.0,"vegkategori":"R"},"geometry":{"type":"LineString","coordinates":[[11.04676,59.95062],[11.04686,59.95064]]}},{"type":"Feature","properties":{"fade":1.0,"vegkategori":"R"},"geometry":{"type":"LineString","coordinates":[[11.04686,59.95064],[11.04703,59.95073],[11.04706,59.95086]]}},{"type":"Feature","properties":{"fade":1.0,"vegkategori":"R"},"geometry":{"type":"LineString","coordinates":[[11.04686,59.95064],[11.04736,59.95064],[11.04761,59.95061],[11.04842,59.95044]]}},{"type":"Feature","properties":{"fade":1.0,"vegkategori":"R"},"geometry":{"type":"LineString","coordinates":[[11.04706,59.95086],[11.04736,59.95073],[11.04802,59.95058],[11.04842,59.95044]]}},{"type":"Feature","properties":{"fade":1.0,"vegkategori":"R"},"geometry":{"type":"LineString","coordinates":[[11.04466,59.97216],[11.04545,59.97198]]}},{"type":"Feature","properties":{"fade":1.0,"vegkategori":"R"},"geometry":{"type":"LineString","coordinates":[[11.04545,59.97198],[11.04621,59.97172],[11.04694,59.97143],[11.04806,59.97075],[11.04832,59.97063]]}},{"type":"Feature","properties":{"fade":1.0,"vegkategori":"R"},"geometry":{"type":"LineString","coordinates":[[11.04545,59.97198],[11.04591,59.97188],[11.04673,59.9716],[11.04758,59.97114],[11.04832,59.97063]]}},{"type":"Feature","properties":{"fade":1.0,"vegkategori":"R"},"geometry":{"type":"LineString","coordinates":[[11.04842,59.95044],[11.05188,59.94944],[11.05337,59.94907]]}},{"type":"Feature","properties":{"fade":1.0,"vegkategori":"R"},"geometry":{"type":"LineString","coordinates":[[11.04832,59.97063],[11.04948,59.96982]]}},{"type":"Feature","properties":{"fade":1.0,"vegkategori":"R"},"geometry":{"type":"LineString","coordinates":[[11.04948,59.96982],[11.04952,59.96982],[11.04975,59.96967],[11.04991,59.9696]]}},{"type":"Feature","properties":{"fade":1.0,"vegkategori":"R"},"geometry":{"type":"LineString","coordinates":[[11.04948,59.96982],[11.04946,59.96977],[11.04972,59.96954]]}},{"type":"Feature","properties":{"fade":1.0,"vegkategori":"R"},"geometry":{"type":"LineString","coordinates":[[11.04991,59.9696],[11.04981,59.96959],[11.04972,59.96954]]}},{"type":"Feature","properties":{"fade":1.0,"vegkategori":"R"},"geometry":{"type":"LineString","coordinates":[[11.04972,59.96954],[11.04972,59.96944],[11.0498,59.9694],[11.0499,59.96938]]}},{"type":"Feature","properties":{"fade":1.0,"vegkategori":"R"},"geometry":{"type":"LineString","coordinates":[[11.0499,59.96938],[11.05003,59.9694],[11.0501,59.96944]]}},{"type":"Feature","properties":{"fade":1.0,"vegkategori":"R"},"geometry":{"type":"LineString","coordinates":[[11.0499,59.96938],[11.05072,59.96885],[11.05139,59.96837]]}},{"type":"Feature","properties":{"fade":1.0,"vegkategori":"R"},"geometry":{"type":"LineString","coordinates":[[11.04999,59.96959],[11.04991,59.9696]]}},{"type":"Feature","properties":{"fade":1.0,"vegkategori":"R"},"geometry":{"type":"LineString","coordinates":[[11.04999,59.96959],[11.05061,59.96981],[11.05159,59.97023],[11.05222,59.97058]]}},{"type":"Feature","properties":{"fade":1.0,"vegkategori":"R"},"geometry":{"type":"LineString","coordinates":[[11.05012,59.96951],[11.05007,59.96956],[11.04999,59.96959]]}},{"type":"Feature","properties":{"fade":1.0,"vegkategori":"R"},"geometry":{"type":"LineString","coordinates":[[11.0501,59.96944],[11.05012,59.96951]]}},{"type":"Feature","properties":{"fade":1.0,"vegkategori":"R"},"geometry":{"type":"LineString","coordinates":[[11.0501,59.96944],[11.05069,59.969],[11.05279,59.96756]]}},{"type":"Feature","properties":{"fade":1.0,"vegkategori":"R"},"geometry":{"type":"LineString","coordinates":[[11.05012,59.96951],[11.05155,59.97013],[11.05232,59.97054]]}},{"type":"Feature","properties":{"fade":1.0,"vegkategori":"R"},"geometry":{"type":"LineString","coordinates":[[11.0572,59.94855],[11.05704,59.94846],[11.05693,59.94844],[11.05676,59.94844],[11.05631,59.94851],[11.05351,59.94909],[11.05337,59.94907]]}},{"type":"Feature","properties":{"fade":1.0,"vegkategori":"R"},"geometry":{"type":"LineString","coordinates":[[11.05337,59.94907],[11.05646,59.94839]]}},{"type":"Feature","properties":{"fade":1.0,"vegkategori":"R"},"geometry":{"type":"LineString","coordinates":[[11.05139,59.96837],[11.0515,59.96823],[11.05218,59.96779],[11.05228,59.96759],[11.05222,59.96746]]}},{"type":"Feature","properties":{"fade":1.0,"vegkategori":"R"},"geometry":{"type":"LineString","coordinates":[[11.05139,59.96837],[11.05165,59.96822]]}},{"type":"Feature","properties":{"fade":1.0,"vegkategori":"R"},"geometry":{"type":"LineString","coordinates":[[11.05165,59.96822],[11.05258,59.96759]]}},{"type":"Feature","properties":{"fade":1.0,"vegkategori":"R"},"geometry":{"type":"LineString","coordinates":[[11.05165,59.96822],[11.05184,59.96812],[11.05251,59.96766],[11.05279,59.96756]]}},{"type":"Feature","properties":{"fade":1.0,"vegkategori":"R"},"geometry":{"type":"LineString","coordinates":[[11.05258,59.96759],[11.05298,59.9673],[11.05383,59.96682]]}},{"type":"Feature","properties":{"fade":1.0,"vegkategori":"R"},"geometry":{"type":"LineString","coordinates":[[11.05258,59.96759],[11.05286,59.96748],[11.0533,59.96719],[11.05341,59.96716]]}},{"type":"Feature","properties":{"fade":1.0,"vegkategori":"R"},"geometry":{"type":"LineString","coordinates":[[11.05246,59.97072],[11.05237,59.97073],[11.05224,59.9707],[11.05219,59.97062],[11.05222,59.97058]]}},{"type":"Feature","properties":{"fade":1.0,"vegkategori":"R"},"geometry":{"type":"LineString","coordinates":[[11.05222,59.97058],[11.05232,59.97054]]}},{"type":"Feature","properties":{"fade":1.0,"vegkategori":"R"},"geometry":{"type":"LineString","coordinates":[[11.05232,59.97054],[11.05245,59.97054],[11.05253,59.97057],[11.05258,59.97061],[11.05256,59.97067]]}},{"type":"Feature","properties":{"fade":1.0,"vegkategori":"R"},"geometry":{"type":"LineString","coordinates":[[11.05279,59.96756],[11.05341,59.96716]]}},{"type":"Feature","properties":{"fade":1.0,"vegkategori":"R"},"geometry":{"type":"LineString","coordinates":[[11.05246,59.97072],[11.05301,59.97095]]}},{"type":"Feature","properties":{"fade":1.0,"vegkategori":"R"},"geometry":{"type":"LineString","coordinates":[[11.05256,59.97067],[11.05246,59.97072]]}},{"type":"Feature","properties":{"fade":1.0,"vegkategori":"R"},"geometry":{"type":"LineString","coordinates":[[11.05256,59.97067],[11.05301,59.97095]]}},{"type":"Feature","properties":{"fade":1.0,"vegkategori":"R"},"geometry":{"type":"LineString","coordinates":[[11.05302,59.96761],[11.05303,59.9675],[11.05308,59.96745],[11.05374,59.96695],[11.05378,59.96688]]}},{"type":"Feature","properties":{"fade":1.0,"vegkategori":"R"},"geometry":{"type":"LineString","coordinates":[[11.05341,59.96716],[11.05378,59.96688]]}},{"type":"Feature","properties":{"fade":1.0,"vegkategori":"R"},"geometry":{"type":"LineString","coordinates":[[11.05301,59.97095],[11.05337,59.97114],[11.05379,59.97142],[11.05478,59.97216],[11.05494,59.97233],[11.05504,59.97254],[11.0553,59.97326]]}},{"type":"Feature","properties":{"fade":1.0,"vegkategori":"R"},"geometry":{"type":"LineString","coordinates":[[11.05378,59.96688],[11.05383,59.96682]]}},{"type":"Feature","properties":{"fade":1.0,"vegkategori":"R"},"geometry":{"type":"LineString","coordinates":[[11.05383,59.96682],[11.05663,59.96491],[11.05784,59.96404],[11.05893,59.96334]]}},{"type":"Feature","properties":{"fade":1.0,"vegkategori":"R"},"geometry":{"type":"LineString","coordinates":[[11.05646,59.94839],[11.05672,59.9483],[11.05846,59.94791],[11.05954,59.94762],[11.05998,59.94754],[11.06054,59.9475],[11.06103,59.9475],[11.06236,59.94768]]}},{"type":"Feature","properties":{"fade":1.0,"vegkategori":"R"},"geometry":{"type":"LineString","coordinates":[[11.05646,59.94839],[11.05863,59.94793],[11.05912,59.94784],[11.05987,59.94774],[11.06086,59.94769],[11.0615,59.94771],[11.06366,59.94787],[11.06407,59.94788],[11.06479,59.94785],[11.06576,59.94773],[11.06803,59.94724],[11.06889,59.94709],[11.06932,59.94704],[11.06977,59.947],[11.07066,59.94697],[11.07153,59.947],[11.07223,59.94707],[11.0729,59.9472],[11.07352,59.94737],[11.07381,59.94748],[11.07408,59.9476],[11.07455,59.94787],[11.07493,59.94817],[11.07521,59.9485],[11.07533,59.9487],[11.07641,59.95121]]}},{"type":"Feature","properties":{"fade":1.0,"vegkategori":"R"},"geometry":{"type":"LineString","coordinates":[[11.05893,59.96334],[11.05916,59.96308]]}},{"type":"Feature","properties":{"fade":1.0,"vegkategori":"R"},"geometry":{"type":"LineString","coordinates":[[11.05893,59.96334],[11.05936,59.9632]]}},{"type":"Feature","properties":{"fade":1.0,"vegkategori":"R"},"geometry":{"type":"LineString","coordinates":[[11.05936,59.9632],[11.05923,59.96317],[11.05916,59.96308]]}},{"type":"Feature","properties":{"fade":1.0,"vegkategori":"R"},"geometry":{"type":"LineString","coordinates":[[11.05916,59.96308],[11.05923,59.96301],[11.05938,59.96298]]}},{"type":"Feature","properties":{"fade":1.0,"vegkategori":"R"},"geometry":{"type":"LineString","coordinates":[[11.05938,59.96298],[11.05954,59.96301],[11.0596,59.96305]]}},{"type":"Feature","properties":{"fade":1.0,"vegkategori":"R"},"geometry":{"type":"LineString","coordinates":[[11.05938,59.96298],[11.05982,59.96285]]}},{"type":"Feature","properties":{"fade":1.0,"vegkategori":"R"},"geometry":{"type":"LineString","coordinates":[[11.0596,59.96305],[11.05957,59.96315],[11.05949,59.96319],[11.05936,59.9632]]}},{"type":"Feature","properties":{"fade":1.0,"vegkategori":"R"},"geometry":{"type":"LineString","coordinates":[[11.0596,59.96305],[11.05982,59.9629],[11.05982,59.96285]]}},{"type":"Feature","properties":{"fade":1.0,"vegkategori":"R"},"geometry":{"type":"LineString","coordinates":[[11.05982,59.96285],[11.06103,59.96219]]}},{"type":"Feature","properties":{"fade":1.0,"vegkategori":"R"},"geometry":{"type":"LineString","coordinates":[[11.06103,59.96219],[11.06142,59.96187]]}},{"type":"Feature","properties":{"fade":1.0,"vegkategori":"R"},"geometry":{"type":"LineString","coordinates":[[11.06103,59.96219],[11.06166,59.96197]]}},{"type":"Feature","properties":{"fade":1.0,"vegkategori":"R"},"geometry":{"type":"LineString","coordinates":[[11.06166,59.96197],[11.06152,59.96195],[11.06142,59.96187]]}},{"type":"Feature","properties":{"fade":1.0,"vegkategori":"R"},"geometry":{"type":"LineString","coordinates":[[11.06142,59.96187],[11.06146,59.96177],[11.06153,59.96174],[11.06172,59.96172]]}},{"type":"Feature","properties":{"fade":1.0,"vegkategori":"R"},"geometry":{"type":"LineString","coordinates":[[11.06191,59.96184],[11.06186,59.96193],[11.06166,59.96197]]}},{"type":"Feature","properties":{"fade":1.0,"vegkategori":"R"},"geometry":{"type":"LineString","coordinates":[[11.06172,59.96172],[11.06183,59.96175],[11.06191,59.96184]]}},{"type":"Feature","properties":{"fade":1.0,"vegkategori":"R"},"geometry":{"type":"LineString","coordinates":[[11.06172,59.96172],[11.06197,59.96161],[11.06226,59.96154]]}},{"type":"Feature","properties":{"fade":1.0,"vegkategori":"R"},"geometry":{"type":"LineString","coordinates":[[11.06191,59.96184],[11.06226,59.96154]]}},{"type":"Feature","properties":{"fade":1.0,"vegkategori":"R"},"geometry":{"type":"LineString","coordinates":[[11.06226,59.96154],[11.06401,59.96068]]}},{"type":"Feature","properties":{"fade":1.0,"vegkategori":"R"},"geometry":{"type":"LineString","coordinates":[[11.06401,59.96068],[11.06472,59.96028]]}},{"type":"Feature","properties":{"fade":1.0,"vegkategori":"R"},"geometry":{"type":"LineString","coordinates":[[11.06401,59.96068],[11.06508,59.96021],[11.06569,59.9599],[11.06581,59.95982]]}},{"type":"Feature","properties":{"fade":1.0,"vegkategori":"R"},"geometry":{"type":"LineString","coordinates":[[11.06472,59.96028],[11.06565,59.95981],[11.06713,59.95898],[11.06754,59.95878]]}},{"type":"Feature","properties":{"fade":1.0,"vegkategori":"R"},"geometry":{"type":"LineString","coordinates":[[11.06472,59.96028],[11.06487,59.96025],[11.06555,59.9599],[11.06581,59.95982]]}},{"type":"Feature","properties":{"fade":1.0,"vegkategori":"R"},"geometry":{"type":"LineString","coordinates":[[11.06581,59.95982],[11.06662,59.95934]]}},{"type":"Feature","properties":{"fade":1.0,"vegkategori":"R"},"geometry":{"type":"LineString","coordinates":[[11.066,59.95992],[11.06605,59.95978],[11.06654,59.95946],[11.06662,59.95934]]}},{"type":"Feature","properties":{"fade":1.0,"vegkategori":"R"},"geometry":{"type":"LineString","coordinates":[[11.06662,59.95934],[11.06754,59.95878]]}},{"type":"Feature","properties":{"fade":1.0,"vegkategori":"R"},"geometry":{"type":"LineString","coordinates":[[11.06754,59.95878],[11.0698,59.95753],[11.07174,59.95651]]}},{"type":"Feature","properties":{"fade":1.0,"vegkategori":"R"},"geometry":{"type":"LineString","coordinates":[[11.07174,59.95651],[11.07214,59.95623]]}},{"type":"Feature","properties":{"fade":1.0,"vegkategori":"R"},"geometry":{"type":"LineString","coordinates":[[11.07174,59.95651],[11.0724,59.9563]]}},{"type":"Feature","properties":{"fade":1.0,"vegkategori":"R"},"geometry":{"type":"LineString","coordinates":[[11.0724,59.9563],[11.07222,59.95628],[11.07214,59.95623]]}},{"type":"Feature","properties":{"fade":1.0,"vegkategori":"R"},"geometry":{"type":"LineString","coordinates":[[11.07214,59.95623],[11.07215,59.95615],[11.07219,59.95611],[11.07239,59.95609]]}},{"type":"Feature","properties":{"fade":1.0,"vegkategori":"R"},"geometry":{"type":"LineString","coordinates":[[11.07239,59.95609],[11.07249,59.95611],[11.07256,59.9562]]}},{"type":"Feature","properties":{"fade":1.0,"vegkategori":"R"},"geometry":{"type":"LineString","coordinates":[[11.07239,59.95609],[11.07557,59.95438],[11.07615,59.9541],[11.07704,59.95344],[11.07729,59.95322],[11.07738,59.95304]]}},{"type":"Feature","properties":{"fade":1.0,"vegkategori":"R"},"geometry":{"type":"LineString","coordinates":[[11.07256,59.9562],[11.07251,59.95626],[11.0724,59.9563]]}},{"type":"Feature","properties":{"fade":1.0,"vegkategori":"R"},"geometry":{"type":"LineString","coordinates":[[11.07256,59.9562],[11.07266,59.95611],[11.07636,59.9541]]}},{"type":"Feature","properties":{"fade":1.0,"vegkategori":"R"},"geometry":{"type":"LineString","coordinates":[[11.07641,59.95121],[11.07663,59.95156],[11.07702,59.95249]]}},{"type":"Feature","properties":{"fade":1.0,"vegkategori":"R"},"geometry":{"type":"LineString","coordinates":[[11.07641,59.95121],[11.07646,59.95157],[11.07685,59.9525],[11.07699,59.95269],[11.07735,59.95301]]}},{"type":"Feature","properties":{"fade":1.0,"vegkategori":"R"},"geometry":{"type":"LineString","coordinates":[[11.07636,59.9541],[11.07739,59.95328],[11.07768,59.9531]]}},{"type":"Feature","properties":{"fade":1.0,"vegkategori":"R"},"geometry":{"type":"LineString","coordinates":[[11.07636,59.9541],[11.07649,59.95405],[11.07675,59.95387],[11.07736,59.95337],[11.07755,59.95326],[11.07835,59.95297],[11.07909,59.95267]]}},{"type":"Feature","properties":{"fade":1.0,"vegkategori":"R"},"geometry":{"type":"LineString","coordinates":[[11.07702,59.95249],[11.07733,59.9527],[11.07772,59.95279],[11.0782,59.9528],[11.07879,59.95269]]}},{"type":"Feature","properties":{"fade":1.0,"vegkategori":"R"},"geometry":{"type":"LineString","coordinates":[[11.07702,59.95249],[11.07713,59.95266],[11.07728,59.95276],[11.07758,59.95287]]}},{"type":"Feature","properties":{"fade":1.0,"vegkategori":"R"},"geometry":{"type":"LineString","coordinates":[[11.07738,59.95304],[11.07735,59.95301]]}},{"type":"Feature","properties":{"fade":1.0,"vegkategori":"R"},"geometry":{"type":"LineString","coordinates":[[11.07735,59.95301],[11.0774,59.95291],[11.07758,59.95287]]}},{"type":"Feature","properties":{"fade":1.0,"vegkategori":"R"},"geometry":{"type":"LineString","coordinates":[[11.07768,59.9531],[11.07749,59.9531],[11.07738,59.95304]]}},{"type":"Feature","properties":{"fade":1.0,"vegkategori":"R"},"geometry":{"type":"LineString","coordinates":[[11.07758,59.95287],[11.07776,59.9529]]}},{"type":"Feature","properties":{"fade":1.0,"vegkategori":"R"},"geometry":{"type":"LineString","coordinates":[[11.07777,59.95307],[11.07768,59.9531]]}},{"type":"Feature","properties":{"fade":1.0,"vegkategori":"R"},"geometry":{"type":"LineString","coordinates":[[11.07776,59.9529],[11.07783,59.95297],[11.07777,59.95307]]}},{"type":"Feature","properties":{"fade":1.0,"vegkategori":"R"},"geometry":{"type":"LineString","coordinates":[[11.07776,59.9529],[11.07792,59.9529],[11.07823,59.95287],[11.07879,59.95269]]}},{"type":"Feature","properties":{"fade":1.0,"vegkategori":"R"},"geometry":{"type":"LineString","coordinates":[[11.07777,59.95307],[11.07848,59.95288],[11.07909,59.95267]]}},{"type":"Feature","properties":{"fade":1.0,"vegkategori":"R"},"geometry":{"type":"LineString","coordinates":[[11.07879,59.95269],[11.07887,59.95264],[11.07934,59.9525],[11.0801,59.95233],[11.08099,59.95218],[11.08197,59.95206],[11.09776,59.95077],[11.09941,59.95059],[11.10044,59.95042],[11.10109,59.95029],[11.10211,59.95003],[11.10297,59.94975],[11.10379,59.94944],[11.10454,59.94909],[11.10527,59.9487],[11.11048,59.94568],[11.11097,59.94537],[11.11115,59.94518]]}},{"type":"Feature","properties":{"fade":1.0,"vegkategori":"R"},"geometry":{"type":"LineString","coordinates":[[11.07909,59.95267],[11.07966,59.95251],[11.08041,59.95236],[11.08127,59.95223],[11.08213,59.95213],[11.0983,59.9508],[11.09995,59.95059],[11.10116,59.95036],[11.10208,59.95013],[11.10296,59.94985],[11.10379,59.94954],[11.10456,59.9492],[11.1053,59.9488],[11.11144,59.94527]]}},{"type":"Feature","properties":{"fade":1.0,"vegkategori":"R"},"geometry":{"type":"LineString","coordinates":[[11.11144,59.94527],[11.11126,59.94524],[11.11115,59.94518]]}},{"type":"Feature","properties":{"fade":1.0,"vegkategori":"R"},"geometry":{"type":"LineString","coordinates":[[11.11115,59.94518],[11.11112,59.9451],[11.11119,59.94501],[11.11135,59.94496],[11.11147,59.94495]]}},{"type":"Feature","properties":{"fade":1.0,"vegkategori":"R"},"geometry":{"type":"LineString","coordinates":[[11.11116,59.94607],[11.11101,59.94595],[11.11101,59.9459],[11.11147,59.94559],[11.11166,59.94553],[11.11175,59.94553],[11.11192,59.94559]]}},{"type":"Feature","properties":{"fade":1.0,"vegkategori":"R"},"geometry":{"type":"LineString","coordinates":[[11.11147,59.94495],[11.11162,59.94499],[11.11171,59.94504]]}},{"type":"Feature","properties":{"fade":1.0,"vegkategori":"R"},"geometry":{"type":"LineString","coordinates":[[11.11147,59.94495],[11.11173,59.94484],[11.11527,59.94277],[11.11592,59.94242],[11.11653,59.94215],[11.11719,59.9419],[11.11779,59.94171],[11.11852,59.94151],[11.11927,59.94135],[11.11994,59.94123],[11.12074,59.94113],[11.12156,59.94106],[11.12301,59.941],[11.12644,59.94099],[11.12705,59.94097],[11.128,59.94088],[11.12901,59.94071],[11.12999,59.94045],[11.13117,59.94002],[11.13193,59.93966]]}},{"type":"Feature","properties":{"fade":1.0,"vegkategori":"R"},"geometry":{"type":"LineString","coordinates":[[11.11171,59.94504],[11.11174,59.94512],[11.11168,59.94521],[11.11157,59.94525],[11.11144,59.94527]]}},{"type":"Feature","properties":{"fade":1.0,"vegkategori":"R"},"geometry":{"type":"LineString","coordinates":[[11.11171,59.94504],[11.11186,59.9449],[11.11218,59.9447],[11.11532,59.94287],[11.11595,59.94252],[11.11655,59.94225],[11.11719,59.942],[11.11787,59.94178],[11.11859,59.94158],[11.11988,59.94133],[11.12123,59.94116],[11.12289,59.94109],[11.12604,59.94108],[11.12707,59.94105],[11.12824,59.94093],[11.12944,59.9407]]}},{"type":"Feature","properties":{"fade":1.0,"vegkategori":"R"},"geometry":{"type":"LineString","coordinates":[[11.12944,59.9407],[11.13016,59.9405],[11.13086,59.94025],[11.13151,59.93998],[11.13227,59.9396],[11.13312,59.93907],[11.13338,59.93887],[11.13372,59.93853],[11.13396,59.93824]]}},{"type":"Feature","properties":{"fade":1.0,"vegkategori":"R"},"geometry":{"type":"LineString","coordinates":[[11.13181,59.93999],[11.13155,59.94005],[11.13012,59.94056],[11.1298,59.94065],[11.12944,59.9407]]}},{"type":"Feature","properties":{"fade":1.0,"vegkategori":"R"},"geometry":{"type":"LineString","coordinates":[[11.13244,59.9397],[11.13181,59.93999]]}},{"type":"Feature","properties":{"fade":1.0,"vegkategori":"R"},"geometry":{"type":"LineString","coordinates":[[11.13276,59.94023],[11.1326,59.94011],[11.13204,59.94],[11.13193,59.93999],[11.13181,59.93999]]}},{"type":"Feature","properties":{"fade":1.0,"vegkategori":"R"},"geometry":{"type":"LineString","coordinates":[[11.13193,59.93966],[11.13213,59.93953],[11.1325,59.93919],[11.13278,59.93888],[11.13312,59.93827],[11.13315,59.93792],[11.13322,59.93782],[11.13342,59.93767]]}},{"type":"Feature","properties":{"fade":1.0,"vegkategori":"R"},"geometry":{"type":"LineString","coordinates":[[11.13193,59.93966],[11.13253,59.93931],[11.13321,59.93882],[11.13361,59.93844],[11.13393,59.93804],[11.13419,59.93757],[11.13474,59.93594],[11.135,59.93537]]}},{"type":"Feature","properties":{"fade":1.0,"vegkategori":"R"},"geometry":{"type":"LineString","coordinates":[[11.13244,59.9397],[11.13231,59.93982],[11.1323,59.9399],[11.13235,59.93995],[11.13256,59.94003],[11.13284,59.94004]]}},{"type":"Feature","properties":{"fade":1.0,"vegkategori":"R"},"geometry":{"type":"LineString","coordinates":[[11.13396,59.93824],[11.13389,59.93844],[11.1336,59.93873],[11.13244,59.9397]]}},{"type":"Feature","properties":{"fade":1.0,"vegkategori":"R"},"geometry":{"type":"LineString","coordinates":[[11.13396,59.93824],[11.13435,59.9376],[11.13491,59.93595],[11.13524,59.93527],[11.13554,59.93486],[11.13595,59.93444],[11.13658,59.93389],[11.13691,59.93366]]}},{"type":"Feature","properties":{"fade":1.0,"vegkategori":"R"},"geometry":{"type":"LineString","coordinates":[[11.135,59.93537],[11.13506,59.93514],[11.13515,59.93501],[11.13581,59.93422],[11.13607,59.93357],[11.13621,59.93343],[11.13685,59.933]]}},{"type":"Feature","properties":{"fade":1.0,"vegkategori":"R"},"geometry":{"type":"LineString","coordinates":[[11.135,59.93537],[11.13544,59.93476],[11.1357,59.93449],[11.13634,59.93393],[11.13688,59.93353],[11.13789,59.93287],[11.13924,59.93208]]}},{"type":"Feature","properties":{"fade":1.0,"vegkategori":"R"},"geometry":{"type":"LineString","coordinates":[[11.13688,59.93305],[11.13628,59.93348],[11.13628,59.93357],[11.13638,59.93362],[11.13651,59.93363],[11.13667,59.93358],[11.13815,59.93263],[11.13874,59.93229],[11.13895,59.93219],[11.13924,59.93208]]}},{"type":"Feature","properties":{"fade":1.0,"vegkategori":"R"},"geometry":{"type":"LineString","coordinates":[[11.13691,59.93366],[11.13699,59.93357],[11.13765,59.93312],[11.13847,59.93261]]}},{"type":"Feature","properties":{"fade":1.0,"vegkategori":"R"},"geometry":{"type":"LineString","coordinates":[[11.13838,59.9333],[11.13779,59.93327],[11.1376,59.93329],[11.13736,59.93338],[11.13691,59.93366]]}},{"type":"Feature","properties":{"fade":1.0,"vegkategori":"R"},"geometry":{"type":"LineString","coordinates":[[11.13847,59.93261],[11.13807,59.93291],[11.13796,59.93303],[11.13804,59.93318],[11.13838,59.9333]]}},{"type":"Feature","properties":{"fade":1.0,"vegkategori":"R"},"geometry":{"type":"LineString","coordinates":[[11.13907,59.93326],[11.13865,59.9333],[11.13838,59.9333]]}},{"type":"Feature","properties":{"fade":1.0,"vegkategori":"R"},"geometry":{"type":"LineString","coordinates":[[11.13847,59.93261],[11.13934,59.93213],[11.14015,59.93172],[11.14089,59.93141],[11.1416,59.93117],[11.14216,59.93102],[11.14284,59.93089],[11.145,59.93061],[11.14578,59.93049],[11.1466,59.93029],[11.14699,59.93016],[11.1474,59.92999]]}},{"type":"Feature","properties":{"fade":1.0,"vegkategori":"R"},"geometry":{"type":"LineString","coordinates":[[11.13924,59.93208],[11.13989,59.93176],[11.14064,59.93142],[11.14167,59.93107],[11.14266,59.93085],[11.14452,59.93061],[11.14584,59.93038]]}},{"type":"Feature","properties":{"fade":1.0,"vegkategori":"R"},"geometry":{"type":"LineString","coordinates":[[11.14584,59.93038],[11.14637,59.93025],[11.14728,59.92995],[11.1485,59.92934]]}},{"type":"Feature","properties":{"fade":1.0,"vegkategori":"R"},"geometry":{"type":"LineString","coordinates":[[11.14584,59.93038],[11.14632,59.93029],[11.14712,59.93003],[11.1474,59.92999]]}},{"type":"Feature","properties":{"fade":1.0,"vegkategori":"R"},"geometry":{"type":"LineString","coordinates":[[11.1474,59.92999],[11.14791,59.92976]]}},{"type":"Feature","properties":{"fade":1.0,"vegkategori":"R"},"geometry":{"type":"LineString","coordinates":[[11.14775,59.93012],[11.14772,59.92996],[11.14791,59.92976]]}},{"type":"Feature","properties":{"fade":1.0,"vegkategori":"R"},"geometry":{"type":"LineString","coordinates":[[11.14791,59.92976],[11.14837,59.92948],[11.1485,59.92934]]}},{"type":"Feature","properties":{"fade":1.0,"vegkategori":"R"},"geometry":{"type":"LineString","coordinates":[[11.1485,59.92934],[11.14901,59.92894],[11.15021,59.92784],[11.15069,59.92749]]}},{"type":"Feature","properties":{"fade":1.0,"vegkategori":"R"},"geometry":{"type":"LineString","coordinates":[[11.15069,59.92749],[11.15071,59.92744],[11.15118,59.92717],[11.1518,59.9269],[11.15201,59.92684]]}},{"type":"Feature","properties":{"fade":1.0,"vegkategori":"R"},"geometry":{"type":"LineString","coordinates":[[11.15069,59.92749],[11.15186,59.92695],[11.15201,59.92684]]}},{"type":"Feature","properties":{"fade":1.0,"vegkategori":"R"},"geometry":{"type":"LineString","coordinates":[[11.15201,59.92684],[11.15251,59.92651],[11.15345,59.92565],[11.15384,59.92541],[11.15449,59.92513]]}},{"type":"Feature","properties":{"fade":1.0,"vegkategori":"R"},"geometry":{"type":"LineString","coordinates":[[11.15449,59.92513],[11.155,59.92493],[11.15537,59.92483],[11.15636,59.92467],[11.15665,59.92456]]}},{"type":"Feature","properties":{"fade":1.0,"vegkategori":"R"},"geometry":{"type":"LineString","coordinates":[[11.15449,59.92513],[11.1553,59.92492],[11.15601,59.92479],[11.15677,59.92469]]}},{"type":"Feature","properties":{"fade":1.0,"vegkategori":"R"},"geometry":{"type":"LineString","coordinates":[[11.15677,59.92469],[11.15668,59.92465],[11.15665,59.92456]]}},{"type":"Feature","properties":{"fade":1.0,"vegkategori":"R"},"geometry":{"type":"LineString","coordinates":[[11.15665,59.92456],[11.15672,59.92451],[11.15682,59.9245],[11.15709,59.9245],[11.15727,59.92453]]}},{"type":"Feature","properties":{"fade":1.0,"vegkategori":"R"},"geometry":{"type":"LineString","coordinates":[[11.1573,59.92464],[11.15724,59.92467],[11.15709,59.92469],[11.15695,59.92469],[11.15677,59.92469]]}},{"type":"Feature","properties":{"fade":1.0,"vegkategori":"R"},"geometry":{"type":"LineString","coordinates":[[11.15727,59.92453],[11.15731,59.92457],[11.1573,59.92464]]}},{"type":"Feature","properties":{"fade":1.0,"vegkategori":"R"},"geometry":{"type":"LineString","coordinates":[[11.15727,59.92453],[11.15796,59.92449]]}},{"type":"Feature","properties":{"fade":1.0,"vegkategori":"R"},"geometry":{"type":"LineString","coordinates":[[11.1573,59.92464],[11.15753,59.92456],[11.15796,59.92449]]}},{"type":"Feature","properties":{"fade":1.0,"vegkategori":"R"},"geometry":{"type":"LineString","coordinates":[[11.15796,59.92449],[11.16949,59.92297]]}},{"type":"Feature","properties":{"fade":1.0,"vegkategori":"R"},"geometry":{"type":"LineString","coordinates":[[11.16949,59.92297],[11.16955,59.92299],[11.17006,59.923]]}},{"type":"Feature","properties":{"fade":1.0,"vegkategori":"R"},"geometry":{"type":"LineString","coordinates":[[11.16949,59.92297],[11.16959,59.92293],[11.17004,59.92286]]}},{"type":"Feature","properties":{"fade":1.0,"vegkategori":"R"},"geometry":{"type":"LineString","coordinates":[[11.17006,59.923],[11.17,59.92293],[11.17004,59.92286]]}},{"type":"Feature","properties":{"fade":1.0,"vegkategori":"R"},"geometry":{"type":"LineString","coordinates":[[11.17004,59.92286],[11.17018,59.92281],[11.17028,59.92281],[11.17042,59.92285]]}},{"type":"Feature","properties":{"fade":1.0,"vegkategori":"R"},"geometry":{"type":"LineString","coordinates":[[11.17044,59.92299],[11.17028,59.92304],[11.17015,59.92304],[11.17006,59.923]]}},{"type":"Feature","properties":{"fade":1.0,"vegkategori":"R"},"geometry":{"type":"LineString","coordinates":[[11.17042,59.92285],[11.17048,59.9229],[11.17044,59.92299]]}},{"type":"Feature","properties":{"fade":1.0,"vegkategori":"R"},"geometry":{"type":"LineString","coordinates":[[11.17042,59.92285],[11.17107,59.92287]]}},{"type":"Feature","properties":{"fade":1.0,"vegkategori":"R"},"geometry":{"type":"LineString","coordinates":[[11.17044,59.92299],[11.17107,59.92287]]}},{"type":"Feature","properties":{"fade":1.0,"vegkategori":"R"},"geometry":{"type":"LineString","coordinates":[[11.17107,59.92287],[11.17572,59.92261]]}},{"type":"Feature","properties":{"fade":1.0,"vegkategori":"R"},"geometry":{"type":"LineString","coordinates":[[11.17572,59.92261],[11.17595,59.92262],[11.17756,59.92254],[11.17783,59.92251],[11.17785,59.9225]]}},{"type":"Feature","properties":{"fade":1.0,"vegkategori":"R"},"geometry":{"type":"LineString","coordinates":[[11.17572,59.92261],[11.17591,59.92258],[11.17785,59.9225]]}},{"type":"Feature","properties":{"fade":1.0,"vegkategori":"R"},"geometry":{"type":"LineString","coordinates":[[11.17785,59.9225],[11.18067,59.92236],[11.18179,59.92233]]}},{"type":"Feature","properties":{"fade":1.0,"vegkategori":"R"},"geometry":{"type":"LineString","coordinates":[[11.18179,59.92233],[11.18207,59.92238],[11.18392,59.9224]]}},{"type":"Feature","properties":{"fade":1.0,"vegkategori":"R"},"geometry":{"type":"LineString","coordinates":[[11.18179,59.92233],[11.18308,59.92231]]}},{"type":"Feature","properties":{"fade":1.0,"vegkategori":"R"},"geometry":{"type":"LineString","coordinates":[[11.18308,59.92231],[11.18314,59.92233],[11.18365,59.92229]]}},{"type":"Feature","properties":{"fade":1.0,"vegkategori":"R"},"geometry":{"type":"LineString","coordinates":[[11.18308,59.92231],[11.18312,59.92228],[11.18362,59.92222]]}},{"type":"Feature","properties":{"fade":1.0,"vegkategori":"R"},"geometry":{"type":"LineString","coordinates":[[11.18381,59.92194],[11.18327,59.92021],[11.18326,59.9198],[11.18343,59.91932]]}},{"type":"Feature","properties":{"fade":1.0,"vegkategori":"R"},"geometry":{"type":"LineString","coordinates":[[11.18343,59.91932],[11.18342,59.91925],[11.18355,59.91892]]}},{"type":"Feature","properties":{"fade":1.0,"vegkategori":"R"},"geometry":{"type":"LineString","coordinates":[[11.18343,59.91932],[11.18348,59.9193],[11.18355,59.91919],[11.18407,59.91821]]}},{"type":"Feature","properties":{"fade":1.0,"vegkategori":"R"},"geometry":{"type":"LineString","coordinates":[[11.18355,59.91892],[11.18391,59.91821],[11.18396,59.91796],[11.18398,59.91752]]}},{"type":"Feature","properties":{"fade":1.0,"vegkategori":"R"},"geometry":{"type":"LineString","coordinates":[[11.18355,59.91892],[11.18365,59.91884],[11.18394,59.9183],[11.18407,59.91821]]}},{"type":"Feature","properties":{"fade":1.0,"vegkategori":"R"},"geometry":{"type":"LineString","coordinates":[[11.18407,59.91821],[11.18411,59.91793],[11.18403,59.91756],[11.18398,59.91752]]}},{"type":"Feature","properties":{"fade":1.0,"vegkategori":"R"},"geometry":{"type":"LineString","coordinates":[[11.18398,59.91752],[11.18394,59.91694],[11.18406,59.91658],[11.18434,59.91602],[11.18436,59.91576],[11.18419,59.91457],[11.18432,59.91401],[11.18434,59.91371],[11.18402,59.91286],[11.18407,59.91226],[11.18403,59.91203],[11.18382,59.9117],[11.18302,59.91105],[11.18278,59.91082],[11.18262,59.91059],[11.18248,59.91013],[11.18249,59.9099],[11.18263,59.90928],[11.18257,59.90887],[11.18249,59.90867],[11.18149,59.90721],[11.18093,59.90655],[11.18077,59.90617],[11.18075,59.90584],[11.18086,59.90547],[11.18129,59.90463],[11.18152,59.90433],[11.18377,59.90229],[11.18403,59.90204],[11.18469,59.90127],[11.18509,59.90095],[11.18537,59.90079],[11.18564,59.90069],[11.1868,59.90043],[11.18717,59.90029],[11.1875,59.9001],[11.18874,59.89919],[11.18915,59.89894],[11.19343,59.89672],[11.19493,59.89571],[11.19527,59.89555],[11.19628,59.8952],[11.19654,59.89505],[11.19699,59.89464],[11.19721,59.89434],[11.19753,59.89375],[11.19783,59.89336],[11.19836,59.89272],[11.19921,59.8918],[11.19983,59.89124],[11.20099,59.8905],[11.20236,59.88925],[11.20251,59.88907],[11.20262,59.88883],[11.20264,59.88831],[11.20273,59.88806],[11.20303,59.88769],[11.20344,59.88737],[11.20375,59.88719],[11.20467,59.88676],[11.20586,59.88585],[11.20642,59.88551],[11.20676,59.88535],[11.20735,59.88513],[11.20837,59.88483],[11.20885,59.88474],[11.20906,59.88473],[11.20946,59.88474],[11.20988,59.88483],[11.21021,59.88497],[11.21045,59.88515],[11.21058,59.8853],[11.21073,59.88568],[11.21095,59.88589],[11.21131,59.88603],[11.21166,59.88609],[11.21189,59.88611],[11.21218,59.88608],[11.21245,59.88599],[11.21316,59.88554],[11.21425,59.885],[11.2147,59.88485],[11.21543,59.88469],[11.21573,59.88457],[11.21596,59.88445],[11.21744,59.88349],[11.21802,59.88323],[11.21913,59.88283],[11.21932,59.88268],[11.21941,59.88249],[11.21985,59.88122],[11.22036,59.87964]]}},{"type":"Feature","properties":{"fade":1.0,"vegkategori":"R"},"geometry":{"type":"LineString","coordinates":[[11.18365,59.92229],[11.18362,59.92222]]}},{"type":"Feature","properties":{"fade":1.0,"vegkategori":"R"},"geometry":{"type":"LineString","coordinates":[[11.18362,59.92222],[11.18372,59.92216]]}},{"type":"Feature","properties":{"fade":1.0,"vegkategori":"R"},"geometry":{"type":"LineString","coordinates":[[11.18389,59.92217],[11.18397,59.92224],[11.1839,59.92231],[11.18376,59.92233],[11.18365,59.92229]]}},{"type":"Feature","properties":{"fade":1.0,"vegkategori":"R"},"geometry":{"type":"LineString","coordinates":[[11.18372,59.92216],[11.18375,59.92198],[11.18381,59.92194]]}},{"type":"Feature","properties":{"fade":1.0,"vegkategori":"R"},"geometry":{"type":"LineString","coordinates":[[11.18372,59.92216],[11.18381,59.92215],[11.18389,59.92217]]}},{"type":"Feature","properties":{"fade":1.0,"vegkategori":"R"},"geometry":{"type":"LineString","coordinates":[[11.18389,59.92217],[11.18381,59.92194]]}},{"type":"Feature","properties":{"fade":1.0,"vegkategori":"R"},"geometry":{"type":"LineString","coordinates":[[11.22054,59.87948],[11.2204,59.87949],[11.22024,59.87945]]}},{"type":"Feature","properties":{"fade":1.0,"vegkategori":"R"},"geometry":{"type":"LineString","coordinates":[[11.22024,59.87945],[11.22036,59.87964]]}},{"type":"Feature","properties":{"fade":1.0,"vegkategori":"R"},"geometry":{"type":"LineString","coordinates":[[11.22024,59.87945],[11.22017,59.8794],[11.22017,59.87932],[11.22033,59.87924]]}},{"type":"Feature","properties":{"fade":1.0,"vegkategori":"R"},"geometry":{"type":"LineString","coordinates":[[11.22056,59.87907],[11.2205,59.87908],[11.22033,59.87924]]}},{"type":"Feature","properties":{"fade":1.0,"vegkategori":"R"},"geometry":{"type":"LineString","coordinates":[[11.22033,59.87924],[11.22049,59.87924],[11.22061,59.87928]]}},{"type":"Feature","properties":{"fade":1.0,"vegkategori":"R"},"geometry":{"type":"LineString","coordinates":[[11.22054,59.87948],[11.22036,59.87964]]}},{"type":"Feature","properties":{"fade":1.0,"vegkategori":"R"},"geometry":{"type":"LineString","coordinates":[[11.22056,59.87907],[11.22061,59.87928]]}},{"type":"Feature","properties":{"fade":1.0,"vegkategori":"R"},"geometry":{"type":"LineString","coordinates":[[11.22056,59.87907],[11.22106,59.87761],[11.22131,59.87715],[11.22167,59.87679],[11.22258,59.87626],[11.22278,59.87611],[11.22292,59.87597],[11.223,59.87575],[11.22273,59.87162],[11.22275,59.86866],[11.22247,59.8677],[11.22248,59.8674],[11.22256,59.86714],[11.22282,59.86678],[11.22376,59.86601],[11.22399,59.86578],[11.22481,59.86485],[11.22496,59.86463],[11.22561,59.86287],[11.22578,59.86257],[11.2261,59.86222],[11.22673,59.86178],[11.22791,59.86112],[11.23212,59.85886],[11.23278,59.85845],[11.23294,59.85822],[11.23297,59.85803],[11.23301,59.85642],[11.23307,59.85631],[11.23326,59.85612],[11.23361,59.85594],[11.23401,59.85582],[11.23548,59.85564],[11.23599,59.85553],[11.23624,59.85544],[11.23649,59.85531],[11.23663,59.8552],[11.23676,59.85504],[11.23684,59.85476],[11.23675,59.85436],[11.23657,59.85406],[11.23627,59.85381],[11.23606,59.85371],[11.23538,59.85348],[11.23505,59.85331],[11.2349,59.8532],[11.23471,59.85292],[11.23469,59.85276],[11.23476,59.85252],[11.23524,59.85178],[11.23565,59.85138],[11.2362,59.851],[11.23655,59.85082],[11.23774,59.85036],[11.23804,59.85021],[11.23835,59.85],[11.23998,59.84868],[11.24028,59.84848],[11.2413,59.84792],[11.24156,59.84773],[11.24176,59.84753],[11.24201,59.84716],[11.24215,59.84668],[11.24226,59.846],[11.24233,59.84579],[11.24254,59.84548],[11.24296,59.84516],[11.24534,59.84392],[11.24557,59.84374],[11.24597,59.84336],[11.2468,59.84252],[11.24709,59.8421],[11.24728,59.8409],[11.24717,59.84012],[11.24736,59.83892],[11.24729,59.83847],[11.24722,59.8383],[11.24648,59.8371],[11.24621,59.83678],[11.24571,59.83632],[11.2451,59.83566],[11.24454,59.83487],[11.24409,59.83412],[11.24398,59.83387],[11.24397,59.83357],[11.24455,59.83238],[11.24462,59.8319],[11.24455,59.83147],[11.24435,59.83103],[11.24417,59.83078],[11.24261,59.829],[11.2425,59.82883],[11.24239,59.82851],[11.24242,59.82809],[11.24252,59.82787],[11.24283,59.82741],[11.24289,59.82714],[11.24283,59.827],[11.24274,59.8269],[11.24235,59.8266],[11.24215,59.82637],[11.24209,59.82606],[11.24216,59.82562],[11.24249,59.82451],[11.24327,59.8233],[11.24349,59.82275],[11.24356,59.82245],[11.2435,59.82198],[11.24339,59.82174],[11.24303,59.82119],[11.24297,59.821],[11.24302,59.82078],[11.24326,59.82038],[11.24332,59.82017],[11.24311,59.819],[11.24318,59.81874],[11.24335,59.81857],[11.24359,59.81845],[11.24396,59.81835],[11.24493,59.81815],[11.24515,59.81805],[11.2453,59.81793],[11.24539,59.81777],[11.24554,59.81717],[11.24617,59.81602],[11.24681,59.81388],[11.24692,59.81362],[11.24709,59.81344],[11.2474,59.81325],[11.24764,59.81317],[11.24869,59.81287],[11.24895,59.81274],[11.24911,59.81256],[11.24912,59.81234],[11.24896,59.81211],[11.24853,59.81162],[11.24847,59.81149],[11.24851,59.81135],[11.24861,59.81123],[11.24889,59.81102],[11.24993,59.8104],[11.25035,59.81006],[11.25156,59.80885],[11.25168,59.80868],[11.25183,59.80822],[11.25194,59.80813],[11.25233,59.80793],[11.2529,59.80772],[11.25309,59.80758],[11.25316,59.80739],[11.25305,59.80703],[11.25305,59.80682],[11.25317,59.80658],[11.25338,59.80633],[11.25359,59.8062],[11.25382,59.80612],[11.25408,59.80608],[11.25506,59.80597],[11.25712,59.80564],[11.25747,59.80554],[11.25765,59.80544],[11.25779,59.80531],[11.25784,59.80513],[11.25752,59.8044],[11.2575,59.8042],[11.25754,59.80405],[11.25796,59.80331],[11.25835,59.80133],[11.25835,59.8011],[11.25822,59.80084],[11.25808,59.80071],[11.25779,59.80056],[11.25678,59.80013],[11.25634,59.79985],[11.25613,59.79958],[11.2561,59.79938],[11.2562,59.79912],[11.25644,59.79889],[11.25742,59.79839],[11.25764,59.7982],[11.2577,59.79807],[11.25776,59.7975],[11.25783,59.79733],[11.25795,59.79715],[11.25931,59.79563],[11.25962,59.79533],[11.26074,59.79448],[11.26149,59.79383],[11.26346,59.79199],[11.26384,59.79157],[11.26423,59.79087],[11.26459,59.79055],[11.26502,59.79032],[11.26578,59.79006],[11.26626,59.78982],[11.26661,59.78956],[11.26845,59.78792],[11.26872,59.78772],[11.27569,59.78354],[11.27637,59.78308],[11.27679,59.7827],[11.27896,59.78001],[11.27915,59.77962],[11.27918,59.77943],[11.27917,59.77923],[11.27906,59.7789],[11.27889,59.77865],[11.2777,59.77735],[11.27748,59.77719],[11.277,59.77691],[11.27685,59.77678],[11.27677,59.77663],[11.27668,59.77625],[11.27654,59.776],[11.27635,59.77586],[11.27602,59.77573],[11.27496,59.77558],[11.27454,59.77547],[11.27432,59.77536],[11.27412,59.77522],[11.2739,59.77492],[11.27387,59.77475],[11.2739,59.77459],[11.27408,59.77432],[11.27445,59.77407],[11.27529,59.77363],[11.27575,59.7733],[11.27603,59.77298],[11.27637,59.77247],[11.27665,59.77218],[11.2778,59.77127],[11.27814,59.77094],[11.2782,59.77075],[11.27819,59.77056],[11.27793,59.77008],[11.27788,59.76992],[11.27788,59.76975],[11.27819,59.76887],[11.27843,59.76851],[11.27885,59.76809],[11.27917,59.76785],[11.28025,59.76722],[11.2805,59.76694],[11.28081,59.76624],[11.28099,59.76605],[11.28123,59.76589],[11.28228,59.76541],[11.2832,59.76488],[11.28357,59.76471],[11.28403,59.7646],[11.28528,59.7645],[11.2856,59.76442],[11.28586,59.76433],[11.28622,59.76413],[11.28659,59.76372],[11.28683,59.76354],[11.28714,59.76339],[11.28758,59.76327]]}},{"type":"Feature","properties":{"fade":1.0,"vegkategori":"R"},"geometry":{"type":"LineString","coordinates":[[11.22061,59.87928],[11.22067,59.87933],[11.22067,59.87939],[11.22054,59.87948]]}},{"type":"Feature","properties":{"fade":1.0,"vegkategori":"R"},"geometry":{"type":"LineString","coordinates":[[11.29275,59.71387],[11.29157,59.71522],[11.29134,59.71558],[11.29107,59.71618],[11.29103,59.71643],[11.29106,59.71685],[11.29113,59.71725],[11.29136,59.71781]]}},{"type":"Feature","properties":{"fade":1.0,"vegkategori":"R"},"geometry":{"type":"LineString","coordinates":[[11.29407,59.72265],[11.29335,59.72402],[11.29273,59.72541],[11.29239,59.7259],[11.29212,59.72619],[11.29185,59.72642],[11.29132,59.72679],[11.28997,59.72752],[11.28915,59.72804],[11.28555,59.73069],[11.28427,59.73167],[11.28382,59.73214],[11.28359,59.73247],[11.28294,59.73353],[11.28268,59.73405],[11.28256,59.73421],[11.28235,59.73437],[11.28164,59.73483],[11.28125,59.73521],[11.28032,59.73659],[11.28022,59.7369],[11.28033,59.73717],[11.281,59.73791],[11.28123,59.73824],[11.28126,59.73849],[11.28117,59.73902],[11.28125,59.73929],[11.28149,59.73949],[11.28273,59.74004],[11.28292,59.74018],[11.28311,59.74038],[11.28334,59.74086],[11.28347,59.74102],[11.28361,59.74114],[11.2839,59.7413],[11.28422,59.7414],[11.28559,59.7416],[11.28607,59.74175],[11.28641,59.74191],[11.28667,59.74208],[11.28749,59.74284],[11.28771,59.74296],[11.28802,59.74306],[11.28882,59.74329],[11.28917,59.74349],[11.28934,59.74374],[11.28941,59.74429],[11.28948,59.74444],[11.28962,59.74462],[11.29003,59.74492],[11.29086,59.74537],[11.29112,59.74556],[11.29142,59.74593],[11.29196,59.7468],[11.29209,59.74705],[11.29211,59.74726],[11.29206,59.74739],[11.29178,59.74773],[11.29174,59.74788],[11.29181,59.74829],[11.29206,59.74877],[11.2922,59.74892],[11.29253,59.74911],[11.29341,59.74944],[11.29368,59.74958],[11.29393,59.74974],[11.29417,59.74999],[11.29428,59.75031],[11.29431,59.75103],[11.29427,59.75133],[11.29412,59.75172],[11.29362,59.7525],[11.2936,59.75262],[11.29385,59.75431],[11.29387,59.75477],[11.29383,59.75493],[11.29359,59.75529],[11.29174,59.75725],[11.29161,59.75749],[11.29159,59.75769],[11.29163,59.75781],[11.29173,59.75794],[11.29194,59.7581],[11.29216,59.7582],[11.2925,59.75829],[11.29347,59.75849]]}},{"type":"Feature","properties":{"fade":0.75,"vegkategori":"R"},"geometry":{"type":"LineString","coordinates":[[10.99928,59.97848],[10.99961,59.97846]]}},{"type":"Feature","properties":{"fade":0.75,"vegkategori":"R"},"geometry":{"type":"LineString","coordinates":[[10.99948,59.97858],[10.99988,59.97856]]}},{"type":"Feature","properties":{"fade":0.75,"vegkategori":"R"},"geometry":{"type":"LineString","coordinates":[[10.99988,59.97856],[10.99953,59.9786]]}},{"type":"Feature","properties":{"fade":0.75,"vegkategori":"R"},"geometry":{"type":"LineString","coordinates":[[10.99961,59.97846],[10.99985,59.97843],[11.00053,59.97842],[11.00073,59.97838],[11.00082,59.97833],[11.00094,59.97817]]}},{"type":"Feature","properties":{"fade":0.75,"vegkategori":"R"},"geometry":{"type":"LineString","coordinates":[[10.99961,59.97846],[11.00018,59.97845],[11.00086,59.97848]]}},{"type":"Feature","properties":{"fade":0.75,"vegkategori":"R"},"geometry":{"type":"LineString","coordinates":[[10.99988,59.97856],[11.00046,59.97857],[11.00082,59.97864]]}},{"type":"Feature","properties":{"fade":0.75,"vegkategori":"R"},"geometry":{"type":"LineString","coordinates":[[11.00528,59.93733],[11.00676,59.9379]]}},{"type":"Feature","properties":{"fade":0.75,"vegkategori":"R"},"geometry":{"type":"LineString","coordinates":[[11.00546,59.93727],[11.00694,59.93784]]}},{"type":"Feature","properties":{"fade":0.75,"vegkategori":"R"},"geometry":{"type":"LineString","coordinates":[[11.00115,59.97866],[11.00098,59.97869],[11.00082,59.97864]]}},{"type":"Feature","properties":{"fade":0.75,"vegkategori":"R"},"geometry":{"type":"LineString","coordinates":[[11.00082,59.97864],[11.00079,59.97854],[11.00086,59.97848]]}},{"type":"Feature","properties":{"fade":0.75,"vegkategori":"R"},"geometry":{"type":"LineString","coordinates":[[11.00086,59.97848],[11.00105,59.97846],[11.00119,59.97853]]}},{"type":"Feature","properties":{"fade":0.75,"vegkategori":"R"},"geometry":{"type":"LineString","coordinates":[[11.00115,59.97866],[11.00151,59.97869],[11.00315,59.97894],[11.00358,59.97897]]}},{"type":"Feature","properties":{"fade":0.75,"vegkategori":"R"},"geometry":{"type":"LineString","coordinates":[[11.00119,59.97853],[11.0012,59.97862],[11.00115,59.97866]]}},{"type":"Feature","properties":{"fade":0.75,"vegkategori":"R"},"geometry":{"type":"LineString","coordinates":[[11.00119,59.97853],[11.00352,59.97896]]}},{"type":"Feature","properties":{"fade":0.75,"vegkategori":"R"},"geometry":{"type":"LineString","coordinates":[[11.05698,59.97615],[11.05683,59.97616],[11.05672,59.97613]]}},{"type":"Feature","properties":{"fade":0.75,"vegkategori":"R"},"geometry":{"type":"LineString","coordinates":[[11.05672,59.97613],[11.05679,59.97635]]}},{"type":"Feature","properties":{"fade":0.75,"vegkategori":"R"},"geometry":{"type":"LineString","coordinates":[[11.05672,59.97613],[11.05663,59.97607],[11.05662,59.97602],[11.05665,59.97598],[11.05675,59.97592]]}},{"type":"Feature","properties":{"fade":0.75,"vegkategori":"R"},"geometry":{"type":"LineString","coordinates":[[11.05684,59.97511],[11.05695,59.97532],[11.05694,59.9757]]}},{"type":"Feature","properties":{"fade":0.75,"vegkategori":"R"},"geometry":{"type":"LineString","coordinates":[[11.05694,59.9757],[11.05675,59.97592]]}},{"type":"Feature","properties":{"fade":0.75,"vegkategori":"R"},"geometry":{"type":"LineString","coordinates":[[11.05675,59.97592],[11.05691,59.97591],[11.05702,59.97594]]}},{"type":"Feature","properties":{"fade":0.75,"vegkategori":"R"},"geometry":{"type":"LineString","coordinates":[[11.05679,59.97635],[11.05673,59.97656]]}},{"type":"Feature","properties":{"fade":0.75,"vegkategori":"R"},"geometry":{"type":"LineString","coordinates":[[11.05698,59.97615],[11.05679,59.97635]]}},{"type":"Feature","properties":{"fade":0.75,"vegkategori":"R"},"geometry":{"type":"LineString","coordinates":[[11.05694,59.9757],[11.05702,59.97594]]}},{"type":"Feature","properties":{"fade":0.75,"vegkategori":"R"},"geometry":{"type":"LineString","coordinates":[[11.05702,59.97594],[11.05711,59.97602],[11.0571,59.97608],[11.05698,59.97615]]}},{"type":"Feature","properties":{"fade":0.75,"vegkategori":"R"},"geometry":{"type":"LineString","coordinates":[[11.29501,59.7049],[11.2947,59.70643],[11.29466,59.70714]]}},{"type":"Feature","properties":{"fade":0.75,"vegkategori":"R"},"geometry":{"type":"LineString","coordinates":[[11.29275,59.76157],[11.29357,59.76128],[11.29394,59.76107],[11.29415,59.7609]]}},{"type":"Feature","properties":{"fade":0.55,"vegkategori":"R"},"geometry":{"type":"LineString","coordinates":[[10.99548,59.97907],[10.99629,59.97888],[10.9966,59.97878]]}},{"type":"Feature","properties":{"fade":0.55,"vegkategori":"R"},"geometry":{"type":"LineString","coordinates":[[10.99564,59.97915],[10.99638,59.97898],[10.99682,59.97896]]}},{"type":"Feature","properties":{"fade":0.55,"vegkategori":"R"},"geometry":{"type":"LineString","coordinates":[[10.99748,59.97885],[10.99702,59.97903],[10.99688,59.97904],[10.99639,59.97903],[10.99568,59.97917]]}},{"type":"Feature","properties":{"fade":0.55,"vegkategori":"R"},"geometry":{"type":"LineString","coordinates":[[11.00094,59.9367],[11.00154,59.93668],[11.00237,59.93671],[11.00318,59.9368],[11.00352,59.93685]]}},{"type":"Feature","properties":{"fade":0.55,"vegkategori":"R"},"geometry":{"type":"LineString","coordinates":[[11.00125,59.93659],[11.00242,59.93662],[11.00326,59.93671],[11.00372,59.93678]]}},{"type":"Feature","properties":{"fade":0.55,"vegkategori":"R"},"geometry":{"type":"LineString","coordinates":[[10.99682,59.97896],[10.9967,59.97893],[10.99661,59.97888],[10.9966,59.97878]]}},{"type":"Feature","properties":{"fade":0.55,"vegkategori":"R"},"geometry":{"type":"LineString","coordinates":[[10.9966,59.97878],[10.99676,59.9787],[10.99686,59.97869],[10.99701,59.97872]]}},{"type":"Feature","properties":{"fade":0.55,"vegkategori":"R"},"geometry":{"type":"LineString","coordinates":[[10.99706,59.97891],[10.99696,59.97895],[10.99682,59.97896]]}},{"type":"Feature","properties":{"fade":0.55,"vegkategori":"R"},"geometry":{"type":"LineString","coordinates":[[10.99701,59.97872],[10.99711,59.97878],[10.99712,59.97885],[10.99706,59.97891]]}},{"type":"Feature","properties":{"fade":0.55,"vegkategori":"R"},"geometry":{"type":"LineString","coordinates":[[10.99701,59.97872],[10.99719,59.97871]]}},{"type":"Feature","properties":{"fade":0.55,"vegkategori":"R"},"geometry":{"type":"LineString","coordinates":[[10.99706,59.97891],[10.99739,59.9788]]}},{"type":"Feature","properties":{"fade":0.55,"vegkategori":"R"},"geometry":{"type":"LineString","coordinates":[[11.05594,59.97842],[11.0554,59.97946],[11.05523,59.97969],[11.05499,59.9799]]}},{"type":"Feature","properties":{"fade":0.55,"vegkategori":"R"},"geometry":{"type":"LineString","coordinates":[[11.29472,59.70073],[11.29536,59.70259],[11.29539,59.70284],[11.29532,59.70327]]}},{"type":"Feature","properties":{"fade":0.35,"vegkategori":"R"},"geometry":{"type":"LineString","coordinates":[[10.99514,59.937],[10.99627,59.93709],[10.99744,59.93708]]}},{"type":"Feature","properties":{"fade":0.35,"vegkategori":"R"},"geometry":{"type":"LineString","coordinates":[[10.99531,59.93691],[10.99627,59.93698],[10.99717,59.93698],[10.99766,59.93696]]}},{"type":"Feature","properties":{"fade":0.35,"vegkategori":"R"},"geometry":{"type":"LineString","coordinates":[[10.99238,59.98013],[10.99246,59.98009],[10.99259,59.98007]]}},{"type":"Feature","properties":{"fade":0.35,"vegkategori":"R"},"geometry":{"type":"LineString","coordinates":[[10.99259,59.98007],[10.9928,59.98012],[10.99286,59.98018]]}},{"type":"Feature","properties":{"fade":0.35,"vegkategori":"R"},"geometry":{"type":"LineString","coordinates":[[10.99259,59.98007],[10.99285,59.98002],[10.99315,59.97992],[10.99385,59.9796]]}},{"type":"Feature","properties":{"fade":0.35,"vegkategori":"R"},"geometry":{"type":"LineString","coordinates":[[10.99286,59.98018],[10.99283,59.98027],[10.99276,59.98031]]}},{"type":"Feature","properties":{"fade":0.35,"vegkategori":"R"},"geometry":{"type":"LineString","coordinates":[[10.99286,59.98018],[10.9932,59.97999],[10.99399,59.97966]]}},{"type":"Feature","properties":{"fade":0.35,"vegkategori":"R"},"geometry":{"type":"LineString","coordinates":[[11.05181,59.98209],[11.05041,59.98371]]}},{"type":"Feature","properties":{"fade":0.35,"vegkategori":"R"},"geometry":{"type":"LineString","coordinates":[[11.29297,59.6924],[11.29301,59.69272],[11.29317,59.69301],[11.29364,59.69351],[11.29411,59.69393]]}},{"type":"Feature","properties":{"fade":0.35,"vegkategori":"R"},"geometry":{"type":"LineString","coordinates":[[11.29413,59.69742],[11.29395,59.69784],[11.29389,59.69814],[11.29391,59.69838],[11.29406,59.69886]]}},{"type":"Feature","properties":{"fade":0.35,"vegkategori":"R"},"geometry":{"type":"LineString","coordinates":[[11.30054,59.68156],[11.30008,59.68186],[11.29831,59.68322]]}},{"type":"Feature","properties":{"fade":0.35,"vegkategori":"R"},"geometry":{"type":"LineString","coordinates":[[11.31142,59.64899],[11.30993,59.65107]]}},{"type":"Feature","properties":{"fade":0.35,"vegkategori":"R"},"geometry":{"type":"LineString","coordinates":[[11.30978,59.6531],[11.30996,59.65333],[11.31023,59.65359],[11.3105,59.65379],[11.31122,59.65425]]}},{"type":"Feature","properties":{"fade":0.25,"vegkategori":"R"},"geometry":{"type":"LineString","coordinates":[[10.99316,59.93675],[10.99514,59.937]]}},{"type":"Feature","properties":{"fade":0.25,"vegkategori":"R"},"geometry":{"type":"LineString","coordinates":[[10.99333,59.93666],[10.99531,59.93691]]}},{"type":"Feature","properties":{"fade":0.25,"vegkategori":"R"},"geometry":{"type":"LineString","coordinates":[[10.99276,59.98031],[10.99256,59.98034],[10.99239,59.9803],[10.99233,59.98023],[10.99238,59.98013]]}},{"type":"Feature","properties":{"fade":0.25,"vegkategori":"R"},"geometry":{"type":"LineString","coordinates":[[11.05041,59.98371],[11.04924,59.98507]]}},{"type":"Feature","properties":{"fade":0.25,"vegkategori":"R"},"geometry":{"type":"LineString","coordinates":[[11.29411,59.69393],[11.29443,59.69427],[11.29463,59.69459],[11.29481,59.69523],[11.29483,59.69556],[11.29473,59.69601],[11.29413,59.69742]]}},{"type":"Feature","properties":{"fade":0.25,"vegkategori":"R"},"geometry":{"type":"LineString","coordinates":[[11.3024,59.68075],[11.30113,59.68127],[11.30054,59.68156]]}},{"type":"Feature","properties":{"fade":0.25,"vegkategori":"R"},"geometry":{"type":"LineString","coordinates":[[11.31292,59.64696],[11.3126,59.64734],[11.31142,59.64899]]}},{"type":"Feature","properties":{"fade":0.25,"vegkategori":"R"},"geometry":{"type":"LineString","coordinates":[[11.31122,59.65425],[11.31274,59.65519]]}},{"type":"Feature","properties":{"fade":0.65,"vegkategori":"R"},"geometry":{"type":"LineString","coordinates":[[10.99719,59.97871],[10.99817,59.97859],[10.99928,59.97848]]}},{"type":"Feature","properties":{"fade":0.65,"vegkategori":"R"},"geometry":{"type":"LineString","coordinates":[[10.99739,59.9788],[10.99797,59.97869],[10.99836,59.97865],[10.99948,59.97858]]}},{"type":"Feature","properties":{"fade":0.65,"vegkategori":"R"},"geometry":{"type":"LineString","coordinates":[[10.99953,59.9786],[10.99869,59.97865],[10.99793,59.97875],[10.99748,59.97885]]}},{"type":"Feature","properties":{"fade":0.65,"vegkategori":"R"},"geometry":{"type":"LineString","coordinates":[[11.00352,59.93685],[11.00433,59.93702],[11.00528,59.93733]]}},{"type":"Feature","properties":{"fade":0.65,"vegkategori":"R"},"geometry":{"type":"LineString","coordinates":[[11.00372,59.93678],[11.00445,59.93694],[11.00546,59.93727]]}},{"type":"Feature","properties":{"fade":0.65,"vegkategori":"R"},"geometry":{"type":"LineString","coordinates":[[11.05673,59.97656],[11.05654,59.9772],[11.05594,59.97842]]}},{"type":"Feature","properties":{"fade":0.65,"vegkategori":"R"},"geometry":{"type":"LineString","coordinates":[[11.29532,59.70327],[11.29501,59.7049]]}},{"type":"Feature","properties":{"fade":0.45,"vegkategori":"R"},"geometry":{"type":"LineString","coordinates":[[10.99744,59.93708],[10.99851,59.937],[11.00014,59.93676],[11.00094,59.9367]]}},{"type":"Feature","properties":{"fade":0.45,"vegkategori":"R"},"geometry":{"type":"LineString","coordinates":[[10.99766,59.93696],[10.99845,59.93689],[11.00006,59.93667],[11.00076,59.93661],[11.00125,59.93659]]}},{"type":"Feature","properties":{"fade":0.45,"vegkategori":"R"},"geometry":{"type":"LineString","coordinates":[[10.99385,59.9796],[10.99478,59.97927],[10.99548,59.97907]]}},{"type":"Feature","properties":{"fade":0.45,"vegkategori":"R"},"geometry":{"type":"LineString","coordinates":[[10.99399,59.97966],[10.99537,59.97922]]}},{"type":"Feature","properties":{"fade":0.45,"vegkategori":"R"},"geometry":{"type":"LineString","coordinates":[[10.99537,59.97922],[10.99564,59.97915]]}},{"type":"Feature","properties":{"fade":0.45,"vegkategori":"R"},"geometry":{"type":"LineString","coordinates":[[10.99568,59.97917],[10.99537,59.97922]]}},{"type":"Feature","properties":{"fade":0.45,"vegkategori":"R"},"geometry":{"type":"LineString","coordinates":[[11.05499,59.9799],[11.05357,59.98078],[11.05249,59.9815],[11.05218,59.98174],[11.05181,59.98209]]}},{"type":"Feature","properties":{"fade":0.45,"vegkategori":"R"},"geometry":{"type":"LineString","coordinates":[[11.29831,59.68322],[11.29673,59.68445],[11.29627,59.68496],[11.29608,59.68523],[11.29596,59.6855],[11.29585,59.68635],[11.29573,59.68663],[11.29554,59.68688],[11.29478,59.68757],[11.29433,59.68808],[11.29421,59.68835],[11.29306,59.69194],[11.29297,59.6924]]}},{"type":"Feature","properties":{"fade":0.45,"vegkategori":"R"},"geometry":{"type":"LineString","coordinates":[[11.29406,59.69886],[11.29472,59.70073]]}},{"type":"Feature","properties":{"fade":0.45,"vegkategori":"R"},"geometry":{"type":"LineString","coordinates":[[11.30993,59.65107],[11.30962,59.65153],[11.30946,59.65206],[11.30947,59.65246],[11.30956,59.65274],[11.30978,59.6531]]}},{"type":"Feature","properties":{"fade":0.15,"vegkategori":"R"},"geometry":{"type":"LineString","coordinates":[[10.99121,59.93648],[10.99316,59.93675]]}},{"type":"Feature","properties":{"fade":0.15,"vegkategori":"R"},"geometry":{"type":"LineString","coordinates":[[10.99137,59.9364],[10.99333,59.93666]]}},{"type":"Feature","properties":{"fade":0.15,"vegkategori":"R"},"geometry":{"type":"LineString","coordinates":[[11.04924,59.98507],[11.04876,59.98566],[11.04847,59.98607],[11.04836,59.9863]]}},{"type":"Feature","properties":{"fade":0.15,"vegkategori":"R"},"geometry":{"type":"LineString","coordinates":[[11.30432,59.67954],[11.30376,59.67999],[11.30328,59.6803],[11.3024,59.68075]]}},{"type":"Feature","properties":{"fade":0.15,"vegkategori":"R"},"geometry":{"type":"LineString","coordinates":[[11.31357,59.6673],[11.31246,59.66904],[11.31073,59.67149],[11.30809,59.67491],[11.30521,59.67855]]}},{"type":"Feature","properties":{"fade":0.15,"vegkategori":"R"},"geometry":{"type":"LineString","coordinates":[[11.31452,59.64572],[11.31337,59.64652],[11.31292,59.64696]]}},{"type":"Feature","properties":{"fade":0.15,"vegkategori":"R"},"geometry":{"type":"LineString","coordinates":[[11.31274,59.65519],[11.31426,59.65613]]}},{"type":"Feature","properties":{"fade":0.05,"vegkategori":"R"},"geometry":{"type":"LineString","coordinates":[[10.98942,59.93617],[10.99029,59.93635],[10.99121,59.93648]]}},{"type":"Feature","properties":{"fade":0.05,"vegkategori":"R"},"geometry":{"type":"LineString","coordinates":[[10.98958,59.93609],[10.99047,59.93626],[10.99137,59.9364]]}},{"type":"Feature","properties":{"fade":0.05,"vegkategori":"R"},"geometry":{"type":"LineString","coordinates":[[11.04836,59.9863],[11.04813,59.98676],[11.04798,59.98725]]}},{"type":"Feature","properties":{"fade":0.05,"vegkategori":"R"},"geometry":{"type":"LineString","coordinates":[[11.30521,59.67855],[11.30465,59.67922],[11.30432,59.67954]]}},{"type":"Feature","properties":{"fade":0.05,"vegkategori":"R"},"geometry":{"type":"LineString","coordinates":[[11.31566,59.64466],[11.31556,59.64484],[11.31533,59.64511],[11.31506,59.64535],[11.31452,59.64572]]}},{"type":"Feature","properties":{"fade":0.05,"vegkategori":"R"},"geometry":{"type":"LineString","coordinates":[[11.31426,59.65613],[11.31519,59.65671],[11.31622,59.65749]]}},{"type":"Feature","properties":{"fade":0.05,"vegkategori":"R"},"geometry":{"type":"LineString","coordinates":[[11.3158,59.64431],[11.31563,59.6446],[11.31566,59.64466]]}},{"type":"Feature","properties":{"fade":0.05,"vegkategori":"R"},"geometry":{"type":"LineString","coordinates":[[11.3158,59.64431],[11.3158,59.64443],[11.31566,59.64466]]}},{"type":"Feature","properties":{"fade":0.05,"vegkategori":"R"},"geometry":{"type":"LineString","coordinates":[[11.31582,59.64421],[11.3158,59.64431]]}},{"type":"Feature","properties":{"fade":0.05,"vegkategori":"R"},"geometry":{"type":"LineString","coordinates":[[11.31587,59.66376],[11.3147,59.66548],[11.31357,59.6673]]}},{"type":"Feature","properties":{"fade":0.05,"vegkategori":"F"},"geometry":{"type":"LineString","coordinates":[[10.97572,59.97308],[10.9763,59.97269],[10.97711,59.97232]]}},{"type":"Feature","properties":{"fade":0.05,"vegkategori":"F"},"geometry":{"type":"LineString","coordinates":[[10.98369,59.94034],[10.98365,59.94037],[10.98342,59.9404]]}},{"type":"Feature","properties":{"fade":0.05,"vegkategori":"F"},"geometry":{"type":"LineString","coordinates":[[10.98369,59.94034],[10.98362,59.94032],[10.98349,59.94034]]}},{"type":"Feature","properties":{"fade":0.05,"vegkategori":"F"},"geometry":{"type":"LineString","coordinates":[[10.98362,59.94024],[10.98369,59.94034]]}},{"type":"Feature","properties":{"fade":0.05,"vegkategori":"F"},"geometry":{"type":"LineString","coordinates":[[10.98369,59.94034],[10.98378,59.94035],[10.9841,59.9403]]}},{"type":"Feature","properties":{"fade":0.05,"vegkategori":"F"},"geometry":{"type":"LineString","coordinates":[[10.98369,59.94034],[10.98377,59.9403],[10.98391,59.94028],[10.9841,59.9403]]}},{"type":"Feature","properties":{"fade":0.05,"vegkategori":"F"},"geometry":{"type":"LineString","coordinates":[[10.9841,59.9403],[10.98595,59.94008]]}},{"type":"Feature","properties":{"fade":0.05,"vegkategori":"F"},"geometry":{"type":"LineString","coordinates":[[10.99094,59.93663],[10.98935,59.9362]]}},{"type":"Feature","properties":{"fade":0.05,"vegkategori":"F"},"geometry":{"type":"LineString","coordinates":[[10.98966,59.93605],[10.9903,59.93615],[10.99102,59.9362],[10.99161,59.93627]]}},{"type":"Feature","properties":{"fade":0.05,"vegkategori":"F"},"geometry":{"type":"LineString","coordinates":[[10.98999,59.93588],[10.9919,59.93612]]}},{"type":"Feature","properties":{"fade":0.05,"vegkategori":"F"},"geometry":{"type":"LineString","coordinates":[[10.98701,59.9813],[10.98718,59.98127]]}},{"type":"Feature","properties":{"fade":0.05,"vegkategori":"F"},"geometry":{"type":"LineString","coordinates":[[10.9871,59.98134],[10.98718,59.98127]]}},{"type":"Feature","properties":{"fade":0.05,"vegkategori":"F"},"geometry":{"type":"LineString","coordinates":[[10.98718,59.98127],[10.98737,59.98123],[10.98759,59.98128]]}},{"type":"Feature","properties":{"fade":0.05,"vegkategori":"F"},"geometry":{"type":"LineString","coordinates":[[10.98759,59.98146],[10.98744,59.98151]]}},{"type":"Feature","properties":{"fade":0.05,"vegkategori":"F"},"geometry":{"type":"LineString","coordinates":[[10.98759,59.98128],[10.98788,59.98129],[10.98832,59.98127],[10.98934,59.98116]]}},{"type":"Feature","properties":{"fade":0.05,"vegkategori":"F"},"geometry":{"type":"LineString","coordinates":[[10.98759,59.98128],[10.98765,59.98136],[10.98759,59.98146]]}},{"type":"Feature","properties":{"fade":0.05,"vegkategori":"F"},"geometry":{"type":"LineString","coordinates":[[10.98759,59.98146],[10.98791,59.98139],[10.98892,59.98131],[10.98949,59.98123]]}},{"type":"Feature","properties":{"fade":0.05,"vegkategori":"F"},"geometry":{"type":"LineString","coordinates":[[10.99434,59.93368],[10.99445,59.93375]]}},{"type":"Feature","properties":{"fade":0.05,"vegkategori":"F"},"geometry":{"type":"LineString","coordinates":[[10.99445,59.93362],[10.99457,59.93367]]}},{"type":"Feature","properties":{"fade":0.05,"vegkategori":"F"},"geometry":{"type":"LineString","coordinates":[[10.99476,59.93383],[10.99469,59.93385],[10.99454,59.93384],[10.99445,59.93375]]}},{"type":"Feature","properties":{"fade":0.05,"vegkategori":"F"},"geometry":{"type":"LineString","coordinates":[[10.99445,59.93375],[10.99449,59.9337],[10.99457,59.93367]]}},{"type":"Feature","properties":{"fade":0.05,"vegkategori":"F"},"geometry":{"type":"LineString","coordinates":[[10.99457,59.93367],[10.99474,59.93367],[10.99483,59.93373]]}},{"type":"Feature","properties":{"fade":0.05,"vegkategori":"F"},"geometry":{"type":"LineString","coordinates":[[10.99476,59.93383],[10.9953,59.93387]]}},{"type":"Feature","properties":{"fade":0.05,"vegkategori":"F"},"geometry":{"type":"LineString","coordinates":[[10.99483,59.93373],[10.99482,59.93379],[10.99476,59.93383]]}},{"type":"Feature","properties":{"fade":0.05,"vegkategori":"F"},"geometry":{"type":"LineString","coordinates":[[10.99483,59.93373],[10.9953,59.93387]]}},{"type":"Feature","properties":{"fade":0.05,"vegkategori":"F"},"geometry":{"type":"LineString","coordinates":[[10.9953,59.93387],[10.9962,59.93401]]}},{"type":"Feature","properties":{"fade":0.05,"vegkategori":"F"},"geometry":{"type":"LineString","coordinates":[[11.00057,59.93129],[11.00106,59.93176],[11.00132,59.93214]]}},{"type":"Feature","properties":{"fade":0.05,"vegkategori":"F"},"geometry":{"type":"LineString","coordinates":[[11.02866,59.98856],[11.02875,59.9888],[11.02876,59.98898],[11.02859,59.98949]]}},{"type":"Feature","properties":{"fade":0.05,"vegkategori":"F"},"geometry":{"type":"LineString","coordinates":[[11.08945,59.62609],[11.08976,59.62631],[11.09016,59.62649],[11.09111,59.62675],[11.0915,59.62688]]}},{"type":"Feature","properties":{"fade":0.05,"vegkategori":"F"},"geometry":{"type":"LineString","coordinates":[[11.096,59.60954],[11.09579,59.60973],[11.09554,59.6099]]}},{"type":"Feature","properties":{"fade":0.05,"vegkategori":"F"},"geometry":{"type":"LineString","coordinates":[[11.096,59.60954],[11.09598,59.60955]]}},{"type":"Feature","properties":{"fade":0.05,"vegkategori":"F"},"geometry":{"type":"LineString","coordinates":[[11.09604,59.60951],[11.096,59.60954]]}},{"type":"Feature","properties":{"fade":0.05,"vegkategori":"F"},"geometry":{"type":"LineString","coordinates":[[11.09849,59.64845],[11.09919,59.64872],[11.10022,59.64921]]}},{"type":"Feature","properties":{"fade":0.05,"vegkategori":"F"},"geometry":{"type":"LineString","coordinates":[[11.10396,59.66011],[11.1035,59.66067],[11.10293,59.66124]]}},{"type":"Feature","properties":{"fade":0.05,"vegkategori":"F"},"geometry":{"type":"LineString","coordinates":[[11.06896,59.97756],[11.06939,59.97877]]}},{"type":"Feature","properties":{"fade":0.05,"vegkategori":"F"},"geometry":{"type":"LineString","coordinates":[[11.11633,59.66946],[11.11357,59.66922]]}},{"type":"Feature","properties":{"fade":0.05,"vegkategori":"F"},"geometry":{"type":"LineString","coordinates":[[11.1211,59.76851],[11.12056,59.76871],[11.11974,59.76929]]}},{"type":"Feature","properties":{"fade":0.05,"vegkategori":"F"},"geometry":{"type":"LineString","coordinates":[[11.12726,59.73294],[11.12873,59.7335]]}},{"type":"Feature","properties":{"fade":0.05,"vegkategori":"F"},"geometry":{"type":"LineString","coordinates":[[11.18545,59.6],[11.18593,59.60008]]}},{"type":"Feature","properties":{"fade":0.05,"vegkategori":"F"},"geometry":{"type":"LineString","coordinates":[[11.18593,59.60008],[11.18614,59.60011]]}},{"type":"Feature","properties":{"fade":0.05,"vegkategori":"F"},"geometry":{"type":"LineString","coordinates":[[11.18593,59.60008],[11.1861,59.60037]]}},{"type":"Feature","properties":{"fade":0.05,"vegkategori":"F"},"geometry":{"type":"LineString","coordinates":[[11.18595,59.60006],[11.18593,59.60008]]}},{"type":"Feature","properties":{"fade":0.05,"vegkategori":"F"},"geometry":{"type":"LineString","coordinates":[[11.1861,59.60037],[11.18618,59.60075],[11.18613,59.60097]]}},{"type":"Feature","properties":{"fade":0.05,"vegkategori":"F"},"geometry":{"type":"LineString","coordinates":[[11.18614,59.60011],[11.1861,59.60037]]}},{"type":"Feature","properties":{"fade":0.05,"vegkategori":"F"},"geometry":{"type":"LineString","coordinates":[[11.18614,59.60011],[11.18803,59.60041],[11.18854,59.60053],[11.18914,59.60077],[11.18953,59.60098],[11.18991,59.60122],[11.19018,59.60145]]}},{"type":"Feature","properties":{"fade":0.05,"vegkategori":"F"},"geometry":{"type":"LineString","coordinates":[[11.18615,59.60008],[11.18614,59.60011]]}},{"type":"Feature","properties":{"fade":0.05,"vegkategori":"F"},"geometry":{"type":"LineString","coordinates":[[11.22251,59.61368],[11.22213,59.61402],[11.22177,59.61443],[11.22136,59.6147]]}},{"type":"Feature","properties":{"fade":0.05,"vegkategori":"F"},"geometry":{"type":"LineString","coordinates":[[11.23225,59.62248],[11.23189,59.62346]]}},{"type":"Feature","properties":{"fade":0.05,"vegkategori":"F"},"geometry":{"type":"LineString","coordinates":[[11.22585,59.92413],[11.22765,59.92398]]}},{"type":"Feature","properties":{"fade":0.05,"vegkategori":"F"},"geometry":{"type":"LineString","coordinates":[[11.22951,60.01853],[11.23015,60.01768]]}},{"type":"Feature","properties":{"fade":0.05,"vegkategori":"F"},"geometry":{"type":"LineString","coordinates":[[11.26297,59.87596],[11.26456,59.87548],[11.26578,59.87503],[11.26652,59.87484]]}},{"type":"Feature","properties":{"fade":0.05,"vegkategori":"F"},"geometry":{"type":"LineString","coordinates":[[11.30922,59.63764],[11.31118,59.63754]]}},{"type":"Feature","properties":{"fade":0.05,"vegkategori":"F"},"geometry":{"type":"LineString","coordinates":[[11.30697,59.70311],[11.30658,59.70322],[11.30531,59.70342]]}},{"type":"Feature","properties":{"fade":0.05,"vegkategori":"F"},"geometry":{"type":"LineString","coordinates":[[11.31123,59.67235],[11.31294,59.67258]]}},{"type":"Feature","properties":{"fade":0.05,"vegkategori":"F"},"geometry":{"type":"LineString","coordinates":[[11.28391,60.01521],[11.28464,60.01546],[11.28574,60.01588]]}},{"type":"Feature","properties":{"fade":0.05,"vegkategori":"F"},"geometry":{"type":"LineString","coordinates":[[11.31493,59.75885],[11.31388,59.75884],[11.31305,59.75869]]}},{"type":"Feature","properties":{"fade":0.05,"vegkategori":"F"},"geometry":{"type":"LineString","coordinates":[[11.3078,60.00709],[11.30811,60.00722],[11.3091,60.00773]]}},{"type":"Feature","properties":{"fade":0.05,"vegkategori":"F"},"geometry":{"type":"LineString","coordinates":[[11.31729,59.97826],[11.31712,59.97836],[11.31703,59.97845],[11.31701,59.97856],[11.31764,59.9795],[11.31788,59.9798],[11.31806,59.97996],[11.31826,59.98009],[11.31887,59.98043]]}},{"type":"Feature","properties":{"fade":0.05,"vegkategori":"F"},"geometry":{"type":"LineString","coordinates":[[11.31587,60.00093],[11.31631,60.00099],[11.31672,60.0011],[11.31702,60.00124],[11.31739,60.00147]]}},{"type":"Feature","properties":{"fade":0.05,"vegkategori":"F"},"geometry":{"type":"LineString","coordinates":[[11.32017,59.99142],[11.3204,59.99112],[11.32092,59.99071],[11.32137,59.99047],[11.32228,59.99007]]}},{"type":"Feature","properties":{"fade":0.35,"vegkategori":"F"},"geometry":{"type":"LineString","coordinates":[[10.98032,59.97154],[10.98197,59.97121]]}},{"type":"Feature","properties":{"fade":0.35,"vegkategori":"F"},"geometry":{"type":"LineString","coordinates":[[10.99015,59.9401],[10.99054,59.94034],[10.99125,59.94089]]}},{"type":"Feature","properties":{"fade":0.35,"vegkategori":"F"},"geometry":{"type":"LineString","coordinates":[[10.99342,59.93866],[10.99306,59.93922],[10.99295,59.93956]]}},{"type":"Feature","properties":{"fade":0.35,"vegkategori":"F"},"geometry":{"type":"LineString","coordinates":[[10.99342,59.93866],[10.99355,59.93831],[10.99357,59.93817],[10.99349,59.93787]]}},{"type":"Feature","properties":{"fade":0.35,"vegkategori":"F"},"geometry":{"type":"LineString","coordinates":[[10.99384,59.93769],[10.9938,59.93799],[10.99373,59.93815],[10.99342,59.93866]]}},{"type":"Feature","properties":{"fade":0.35,"vegkategori":"F"},"geometry":{"type":"LineString","coordinates":[[10.99446,59.93736],[10.99587,59.93791]]}},{"type":"Feature","properties":{"fade":0.35,"vegkategori":"F"},"geometry":{"type":"LineString","coordinates":[[11.00073,59.93457],[11.00076,59.9347]]}},{"type":"Feature","properties":{"fade":0.35,"vegkategori":"F"},"geometry":{"type":"LineString","coordinates":[[11.00076,59.9347],[11.00076,59.93493],[11.00081,59.9351],[11.00106,59.93542],[11.00118,59.93552]]}},{"type":"Feature","properties":{"fade":0.35,"vegkategori":"F"},"geometry":{"type":"LineString","coordinates":[[11.00091,59.93451],[11.00076,59.9347]]}},{"type":"Feature","properties":{"fade":0.35,"vegkategori":"F"},"geometry":{"type":"LineString","coordinates":[[11.00091,59.93451],[11.00089,59.93451]]}},{"type":"Feature","properties":{"fade":0.35,"vegkategori":"F"},"geometry":{"type":"LineString","coordinates":[[11.00099,59.93448],[11.00091,59.93451]]}},{"type":"Feature","properties":{"fade":0.35,"vegkategori":"F"},"geometry":{"type":"LineString","coordinates":[[11.02116,59.98575],[11.02259,59.98629],[11.02299,59.9864],[11.02421,59.98665],[11.02452,59.98673],[11.02514,59.98698]]}},{"type":"Feature","properties":{"fade":0.35,"vegkategori":"F"},"geometry":{"type":"LineString","coordinates":[[11.09671,59.63047],[11.09746,59.63075],[11.09794,59.63101],[11.0992,59.63189],[11.09993,59.63254],[11.10012,59.63267]]}},{"type":"Feature","properties":{"fade":0.35,"vegkategori":"F"},"geometry":{"type":"LineString","coordinates":[[11.06765,59.97392],[11.06813,59.97521]]}},{"type":"Feature","properties":{"fade":0.35,"vegkategori":"F"},"geometry":{"type":"LineString","coordinates":[[11.13253,59.67163],[11.13225,59.67178],[11.13205,59.67183],[11.13176,59.67185],[11.13106,59.67179],[11.13006,59.67163],[11.12828,59.6716]]}},{"type":"Feature","properties":{"fade":0.35,"vegkategori":"F"},"geometry":{"type":"LineString","coordinates":[[11.12519,59.76624],[11.12458,59.76625],[11.12411,59.7662],[11.12388,59.76621],[11.12369,59.76625],[11.1234,59.76636]]}},{"type":"Feature","properties":{"fade":0.35,"vegkategori":"F"},"geometry":{"type":"LineString","coordinates":[[11.13138,59.73465],[11.13261,59.7353]]}},{"type":"Feature","properties":{"fade":0.35,"vegkategori":"F"},"geometry":{"type":"LineString","coordinates":[[11.13407,59.73347],[11.13455,59.73344],[11.13504,59.73347],[11.13546,59.73351],[11.13637,59.73368]]}},{"type":"Feature","properties":{"fade":0.35,"vegkategori":"F"},"geometry":{"type":"LineString","coordinates":[[11.18354,59.6025],[11.18294,59.60292],[11.18224,59.60335]]}},{"type":"Feature","properties":{"fade":0.35,"vegkategori":"F"},"geometry":{"type":"LineString","coordinates":[[11.18963,59.60322],[11.18904,59.60372],[11.18895,59.6039],[11.18899,59.60406]]}},{"type":"Feature","properties":{"fade":0.35,"vegkategori":"F"},"geometry":{"type":"LineString","coordinates":[[11.21953,59.61701],[11.21944,59.61715],[11.21929,59.61728],[11.219,59.61744],[11.21827,59.61776]]}},{"type":"Feature","properties":{"fade":0.35,"vegkategori":"F"},"geometry":{"type":"LineString","coordinates":[[11.23117,59.62533],[11.23103,59.62577],[11.23094,59.62633]]}},{"type":"Feature","properties":{"fade":0.35,"vegkategori":"F"},"geometry":{"type":"LineString","coordinates":[[11.22049,59.92463],[11.22228,59.92447]]}},{"type":"Feature","properties":{"fade":0.35,"vegkategori":"F"},"geometry":{"type":"LineString","coordinates":[[11.23151,60.01589],[11.23152,60.01588]]}},{"type":"Feature","properties":{"fade":0.35,"vegkategori":"F"},"geometry":{"type":"LineString","coordinates":[[11.23152,60.01589],[11.23152,60.01588]]}},{"type":"Feature","properties":{"fade":0.35,"vegkategori":"F"},"geometry":{"type":"LineString","coordinates":[[11.23152,60.01588],[11.23175,60.01568],[11.23209,60.01549],[11.23242,60.01538],[11.23337,60.01516],[11.23375,60.01499]]}},{"type":"Feature","properties":{"fade":0.35,"vegkategori":"F"},"geometry":{"type":"LineString","coordinates":[[11.25498,59.87685],[11.25611,59.87692],[11.25676,59.8769],[11.25722,59.87684]]}},{"type":"Feature","properties":{"fade":0.35,"vegkategori":"F"},"geometry":{"type":"LineString","coordinates":[[11.30339,59.63798],[11.30533,59.63787]]}},{"type":"Feature","properties":{"fade":0.35,"vegkategori":"F"},"geometry":{"type":"LineString","coordinates":[[11.30199,59.70403],[11.30117,59.70412],[11.30047,59.70417],[11.30017,59.70417]]}},{"type":"Feature","properties":{"fade":0.35,"vegkategori":"F"},"geometry":{"type":"LineString","coordinates":[[11.31106,59.6548],[11.30996,59.65539],[11.30891,59.65602]]}},{"type":"Feature","properties":{"fade":0.35,"vegkategori":"F"},"geometry":{"type":"LineString","coordinates":[[11.30949,59.75821],[11.30771,59.75783]]}},{"type":"Feature","properties":{"fade":0.35,"vegkategori":"F"},"geometry":{"type":"LineString","coordinates":[[11.28047,60.0129],[11.2807,60.01308],[11.28131,60.01371]]}},{"type":"Feature","properties":{"fade":0.35,"vegkategori":"F"},"geometry":{"type":"LineString","coordinates":[[11.30328,60.00554],[11.30353,60.00566],[11.30382,60.00575],[11.30458,60.00593],[11.30485,60.00603]]}},{"type":"Feature","properties":{"fade":0.35,"vegkategori":"F"},"geometry":{"type":"LineString","coordinates":[[11.31166,59.99882],[11.31307,59.99951]]}},{"type":"Feature","properties":{"fade":0.35,"vegkategori":"F"},"geometry":{"type":"LineString","coordinates":[[11.3119,59.99847],[11.31261,59.99809],[11.31301,59.99794],[11.31332,59.99785],[11.31435,59.99764]]}},{"type":"Feature","properties":{"fade":0.25,"vegkategori":"F"},"geometry":{"type":"LineString","coordinates":[[10.97868,59.97187],[10.98032,59.97154]]}},{"type":"Feature","properties":{"fade":0.25,"vegkategori":"F"},"geometry":{"type":"LineString","coordinates":[[10.98844,59.93978],[10.98901,59.93969]]}},{"type":"Feature","properties":{"fade":0.25,"vegkategori":"F"},"geometry":{"type":"LineString","coordinates":[[10.98901,59.93969],[10.98905,59.93972],[10.98928,59.93973]]}},{"type":"Feature","properties":{"fade":0.25,"vegkategori":"F"},"geometry":{"type":"LineString","coordinates":[[10.98901,59.93969],[10.98916,59.93969],[10.98928,59.93973]]}},{"type":"Feature","properties":{"fade":0.25,"vegkategori":"F"},"geometry":{"type":"LineString","coordinates":[[10.98928,59.93973],[10.98985,59.93995],[10.99015,59.9401]]}},{"type":"Feature","properties":{"fade":0.25,"vegkategori":"F"},"geometry":{"type":"LineString","coordinates":[[10.99349,59.93787],[10.99334,59.93764],[10.99306,59.93739],[10.9925,59.9371]]}},{"type":"Feature","properties":{"fade":0.25,"vegkategori":"F"},"geometry":{"type":"LineString","coordinates":[[10.99313,59.93676],[10.99344,59.93699],[10.99368,59.93726],[10.99376,59.9374],[10.99384,59.93769]]}},{"type":"Feature","properties":{"fade":0.25,"vegkategori":"F"},"geometry":{"type":"LineString","coordinates":[[10.99342,59.93661],[10.9939,59.93702],[10.99421,59.93724],[10.99446,59.93736]]}},{"type":"Feature","properties":{"fade":0.25,"vegkategori":"F"},"geometry":{"type":"LineString","coordinates":[[10.99111,59.98076],[10.99182,59.9805],[10.99222,59.98027],[10.99233,59.98017]]}},{"type":"Feature","properties":{"fade":0.25,"vegkategori":"F"},"geometry":{"type":"LineString","coordinates":[[10.99124,59.98082],[10.99169,59.98066],[10.99184,59.98058]]}},{"type":"Feature","properties":{"fade":0.25,"vegkategori":"F"},"geometry":{"type":"LineString","coordinates":[[10.99184,59.98058],[10.99249,59.98034]]}},{"type":"Feature","properties":{"fade":0.25,"vegkategori":"F"},"geometry":{"type":"LineString","coordinates":[[10.99184,59.98058],[10.99197,59.98057],[10.99233,59.98046],[10.99253,59.98044]]}},{"type":"Feature","properties":{"fade":0.25,"vegkategori":"F"},"geometry":{"type":"LineString","coordinates":[[10.9986,59.93424],[11.00031,59.93438]]}},{"type":"Feature","properties":{"fade":0.25,"vegkategori":"F"},"geometry":{"type":"LineString","coordinates":[[11.00031,59.93438],[11.00064,59.93445]]}},{"type":"Feature","properties":{"fade":0.25,"vegkategori":"F"},"geometry":{"type":"LineString","coordinates":[[11.00031,59.93438],[11.00067,59.93436]]}},{"type":"Feature","properties":{"fade":0.25,"vegkategori":"F"},"geometry":{"type":"LineString","coordinates":[[11.00072,59.9345],[11.00064,59.93445]]}},{"type":"Feature","properties":{"fade":0.25,"vegkategori":"F"},"geometry":{"type":"LineString","coordinates":[[11.00064,59.93445],[11.00067,59.93436]]}},{"type":"Feature","properties":{"fade":0.25,"vegkategori":"F"},"geometry":{"type":"LineString","coordinates":[[11.00067,59.93436],[11.00078,59.93432]]}},{"type":"Feature","properties":{"fade":0.25,"vegkategori":"F"},"geometry":{"type":"LineString","coordinates":[[11.00089,59.93451],[11.00072,59.9345]]}},{"type":"Feature","properties":{"fade":0.25,"vegkategori":"F"},"geometry":{"type":"LineString","coordinates":[[11.00072,59.9345],[11.00073,59.93457]]}},{"type":"Feature","properties":{"fade":0.25,"vegkategori":"F"},"geometry":{"type":"LineString","coordinates":[[11.00096,59.93398],[11.00078,59.93432]]}},{"type":"Feature","properties":{"fade":0.25,"vegkategori":"F"},"geometry":{"type":"LineString","coordinates":[[11.00078,59.93432],[11.00094,59.93434]]}},{"type":"Feature","properties":{"fade":0.25,"vegkategori":"F"},"geometry":{"type":"LineString","coordinates":[[11.00096,59.93398],[11.00094,59.93434]]}},{"type":"Feature","properties":{"fade":0.25,"vegkategori":"F"},"geometry":{"type":"LineString","coordinates":[[11.00118,59.9333],[11.00096,59.93398]]}},{"type":"Feature","properties":{"fade":0.25,"vegkategori":"F"},"geometry":{"type":"LineString","coordinates":[[11.00094,59.93434],[11.00103,59.93443],[11.00099,59.93448]]}},{"type":"Feature","properties":{"fade":0.25,"vegkategori":"F"},"geometry":{"type":"LineString","coordinates":[[11.02514,59.98698],[11.02562,59.98718],[11.02679,59.98755]]}},{"type":"Feature","properties":{"fade":0.25,"vegkategori":"F"},"geometry":{"type":"LineString","coordinates":[[11.02679,59.98755],[11.02721,59.98764],[11.02745,59.98774]]}},{"type":"Feature","properties":{"fade":0.25,"vegkategori":"F"},"geometry":{"type":"LineString","coordinates":[[11.02679,59.98755],[11.02693,59.98762],[11.02716,59.98769],[11.02733,59.98774],[11.02745,59.98774]]}},{"type":"Feature","properties":{"fade":0.25,"vegkategori":"F"},"geometry":{"type":"LineString","coordinates":[[11.02745,59.98774],[11.02746,59.98774]]}},{"type":"Feature","properties":{"fade":0.25,"vegkategori":"F"},"geometry":{"type":"LineString","coordinates":[[11.0936,59.62803],[11.0939,59.62826],[11.09403,59.62842],[11.09437,59.62914],[11.09466,59.62944],[11.09497,59.62965],[11.09596,59.63018],[11.09671,59.63047]]}},{"type":"Feature","properties":{"fade":0.25,"vegkategori":"F"},"geometry":{"type":"LineString","coordinates":[[11.10194,59.65008],[11.10228,59.65038],[11.10266,59.65089],[11.10299,59.65152],[11.1031,59.65199],[11.10316,59.6521],[11.1038,59.65275],[11.10425,59.65338],[11.10449,59.65393],[11.10467,59.6545],[11.1047,59.65472],[11.10466,59.65482],[11.10432,59.65535],[11.10392,59.65612],[11.1039,59.65634],[11.10397,59.65655],[11.1043,59.65711],[11.10435,59.65732],[11.10436,59.65762]]}},{"type":"Feature","properties":{"fade":0.25,"vegkategori":"F"},"geometry":{"type":"LineString","coordinates":[[11.06813,59.97521],[11.06855,59.97638]]}},{"type":"Feature","properties":{"fade":0.25,"vegkategori":"F"},"geometry":{"type":"LineString","coordinates":[[11.12222,59.67064],[11.12022,59.66957],[11.11984,59.66947],[11.11925,59.66948]]}},{"type":"Feature","properties":{"fade":0.25,"vegkategori":"F"},"geometry":{"type":"LineString","coordinates":[[11.12828,59.6716],[11.12718,59.67158],[11.12683,59.67156],[11.12654,59.67148],[11.12619,59.67135],[11.1259,59.6713],[11.12557,59.67131],[11.12429,59.67145]]}},{"type":"Feature","properties":{"fade":0.25,"vegkategori":"F"},"geometry":{"type":"LineString","coordinates":[[11.1234,59.76636],[11.12235,59.76704],[11.12211,59.76723]]}},{"type":"Feature","properties":{"fade":0.25,"vegkategori":"F"},"geometry":{"type":"LineString","coordinates":[[11.13013,59.73406],[11.13045,59.73419]]}},{"type":"Feature","properties":{"fade":0.25,"vegkategori":"F"},"geometry":{"type":"LineString","coordinates":[[11.13045,59.73419],[11.13109,59.7345]]}},{"type":"Feature","properties":{"fade":0.25,"vegkategori":"F"},"geometry":{"type":"LineString","coordinates":[[11.13045,59.73419],[11.13072,59.73411]]}},{"type":"Feature","properties":{"fade":0.25,"vegkategori":"F"},"geometry":{"type":"LineString","coordinates":[[11.13072,59.73411],[11.13123,59.73437],[11.13122,59.73444],[11.13109,59.7345]]}},{"type":"Feature","properties":{"fade":0.25,"vegkategori":"F"},"geometry":{"type":"LineString","coordinates":[[11.13072,59.73411],[11.13352,59.73356],[11.13407,59.73347]]}},{"type":"Feature","properties":{"fade":0.25,"vegkategori":"F"},"geometry":{"type":"LineString","coordinates":[[11.13109,59.7345],[11.13138,59.73465]]}},{"type":"Feature","properties":{"fade":0.25,"vegkategori":"F"},"geometry":{"type":"LineString","coordinates":[[11.18475,59.60173],[11.18354,59.6025]]}},{"type":"Feature","properties":{"fade":0.25,"vegkategori":"F"},"geometry":{"type":"LineString","coordinates":[[11.19052,59.60241],[11.19024,59.60275],[11.18963,59.60322]]}},{"type":"Feature","properties":{"fade":0.25,"vegkategori":"F"},"geometry":{"type":"LineString","coordinates":[[11.22021,59.61559],[11.22007,59.61598],[11.21969,59.61663],[11.21953,59.61701]]}},{"type":"Feature","properties":{"fade":0.25,"vegkategori":"F"},"geometry":{"type":"LineString","coordinates":[[11.23151,59.6244],[11.23143,59.6247],[11.23117,59.62533]]}},{"type":"Feature","properties":{"fade":0.25,"vegkategori":"F"},"geometry":{"type":"LineString","coordinates":[[11.22228,59.92447],[11.22407,59.9243]]}},{"type":"Feature","properties":{"fade":0.25,"vegkategori":"F"},"geometry":{"type":"LineString","coordinates":[[11.23083,60.01678],[11.23127,60.01618]]}},{"type":"Feature","properties":{"fade":0.25,"vegkategori":"F"},"geometry":{"type":"LineString","coordinates":[[11.23127,60.01618],[11.23133,60.01601],[11.23151,60.01589]]}},{"type":"Feature","properties":{"fade":0.25,"vegkategori":"F"},"geometry":{"type":"LineString","coordinates":[[11.23127,60.01618],[11.23144,60.01603],[11.23152,60.01589]]}},{"type":"Feature","properties":{"fade":0.25,"vegkategori":"F"},"geometry":{"type":"LineString","coordinates":[[11.25722,59.87684],[11.25903,59.87642],[11.26029,59.87627]]}},{"type":"Feature","properties":{"fade":0.25,"vegkategori":"F"},"geometry":{"type":"LineString","coordinates":[[11.30533,59.63787],[11.30727,59.63775]]}},{"type":"Feature","properties":{"fade":0.25,"vegkategori":"F"},"geometry":{"type":"LineString","coordinates":[[11.30366,59.70373],[11.30235,59.70398],[11.30199,59.70403]]}},{"type":"Feature","properties":{"fade":0.25,"vegkategori":"F"},"geometry":{"type":"LineString","coordinates":[[11.31165,59.65451],[11.31106,59.6548]]}},{"type":"Feature","properties":{"fade":0.25,"vegkategori":"F"},"geometry":{"type":"LineString","coordinates":[[11.31115,59.75855],[11.30949,59.75821]]}},{"type":"Feature","properties":{"fade":0.25,"vegkategori":"F"},"geometry":{"type":"LineString","coordinates":[[11.28131,60.01371],[11.28183,60.01423],[11.28222,60.01452]]}},{"type":"Feature","properties":{"fade":0.25,"vegkategori":"F"},"geometry":{"type":"LineString","coordinates":[[11.30485,60.00603],[11.30515,60.00614],[11.30564,60.00648],[11.30606,60.00669]]}},{"type":"Feature","properties":{"fade":0.25,"vegkategori":"F"},"geometry":{"type":"LineString","coordinates":[[11.31307,59.99951],[11.31439,60.00034]]}},{"type":"Feature","properties":{"fade":0.25,"vegkategori":"F"},"geometry":{"type":"LineString","coordinates":[[11.31435,59.99764],[11.31565,59.9974],[11.31619,59.99728],[11.31654,59.99717]]}},{"type":"Feature","properties":{"fade":0.15,"vegkategori":"F"},"geometry":{"type":"LineString","coordinates":[[10.97711,59.97232],[10.97805,59.97202],[10.97868,59.97187]]}},{"type":"Feature","properties":{"fade":0.15,"vegkategori":"F"},"geometry":{"type":"LineString","coordinates":[[10.98595,59.94008],[10.98844,59.93978]]}},{"type":"Feature","properties":{"fade":0.15,"vegkategori":"F"},"geometry":{"type":"LineString","coordinates":[[10.9925,59.9371],[10.99166,59.93681],[10.99094,59.93663]]}},{"type":"Feature","properties":{"fade":0.15,"vegkategori":"F"},"geometry":{"type":"LineString","coordinates":[[10.99161,59.93627],[10.99192,59.93632],[10.99244,59.93645],[10.9929,59.93664],[10.99313,59.93676]]}},{"type":"Feature","properties":{"fade":0.15,"vegkategori":"F"},"geometry":{"type":"LineString","coordinates":[[10.9919,59.93612],[10.99251,59.93621],[10.99316,59.93647],[10.99342,59.93661]]}},{"type":"Feature","properties":{"fade":0.15,"vegkategori":"F"},"geometry":{"type":"LineString","coordinates":[[10.98934,59.98116],[10.99041,59.98095],[10.99111,59.98076]]}},{"type":"Feature","properties":{"fade":0.15,"vegkategori":"F"},"geometry":{"type":"LineString","coordinates":[[10.98949,59.98123],[10.9901,59.98112],[10.99065,59.98099],[10.99124,59.98082]]}},{"type":"Feature","properties":{"fade":0.15,"vegkategori":"F"},"geometry":{"type":"LineString","coordinates":[[10.9962,59.93401],[10.99631,59.93402]]}},{"type":"Feature","properties":{"fade":0.15,"vegkategori":"F"},"geometry":{"type":"LineString","coordinates":[[10.99631,59.93402],[10.99682,59.93414]]}},{"type":"Feature","properties":{"fade":0.15,"vegkategori":"F"},"geometry":{"type":"LineString","coordinates":[[10.99631,59.93402],[10.99659,59.93403],[10.99685,59.93405]]}},{"type":"Feature","properties":{"fade":0.15,"vegkategori":"F"},"geometry":{"type":"LineString","coordinates":[[10.99715,59.93416],[10.99702,59.9342],[10.99695,59.9342],[10.99682,59.93414]]}},{"type":"Feature","properties":{"fade":0.15,"vegkategori":"F"},"geometry":{"type":"LineString","coordinates":[[10.99682,59.93414],[10.99685,59.93405]]}},{"type":"Feature","properties":{"fade":0.15,"vegkategori":"F"},"geometry":{"type":"LineString","coordinates":[[10.99685,59.93405],[10.99693,59.93402],[10.99705,59.93401],[10.99717,59.93407]]}},{"type":"Feature","properties":{"fade":0.15,"vegkategori":"F"},"geometry":{"type":"LineString","coordinates":[[10.99715,59.93416],[10.99753,59.93417],[10.99767,59.93416]]}},{"type":"Feature","properties":{"fade":0.15,"vegkategori":"F"},"geometry":{"type":"LineString","coordinates":[[10.99717,59.93407],[10.99715,59.93416]]}},{"type":"Feature","properties":{"fade":0.15,"vegkategori":"F"},"geometry":{"type":"LineString","coordinates":[[10.99717,59.93407],[10.99767,59.93416]]}},{"type":"Feature","properties":{"fade":0.15,"vegkategori":"F"},"geometry":{"type":"LineString","coordinates":[[10.99767,59.93416],[10.9986,59.93424]]}},{"type":"Feature","properties":{"fade":0.15,"vegkategori":"F"},"geometry":{"type":"LineString","coordinates":[[11.00132,59.93214],[11.0014,59.93241],[11.00139,59.93258],[11.00118,59.9333]]}},{"type":"Feature","properties":{"fade":0.15,"vegkategori":"F"},"geometry":{"type":"LineString","coordinates":[[11.02746,59.98774],[11.02801,59.98797]]}},{"type":"Feature","properties":{"fade":0.15,"vegkategori":"F"},"geometry":{"type":"LineString","coordinates":[[11.02801,59.98797],[11.02812,59.98799],[11.02838,59.98823]]}},{"type":"Feature","properties":{"fade":0.15,"vegkategori":"F"},"geometry":{"type":"LineString","coordinates":[[11.02801,59.98797],[11.02809,59.98809],[11.02838,59.98823]]}},{"type":"Feature","properties":{"fade":0.15,"vegkategori":"F"},"geometry":{"type":"LineString","coordinates":[[11.02838,59.98823],[11.02866,59.98856]]}},{"type":"Feature","properties":{"fade":0.15,"vegkategori":"F"},"geometry":{"type":"LineString","coordinates":[[11.0915,59.62688],[11.09197,59.62712],[11.09257,59.62761],[11.0929,59.62777],[11.09334,59.62792],[11.0936,59.62803]]}},{"type":"Feature","properties":{"fade":0.15,"vegkategori":"F"},"geometry":{"type":"LineString","coordinates":[[11.10022,59.64921],[11.10142,59.64976],[11.10167,59.64989],[11.10194,59.65008]]}},{"type":"Feature","properties":{"fade":0.15,"vegkategori":"F"},"geometry":{"type":"LineString","coordinates":[[11.10436,59.65762],[11.10434,59.65875],[11.10439,59.6592],[11.10424,59.65963],[11.10396,59.66011]]}},{"type":"Feature","properties":{"fade":0.15,"vegkategori":"F"},"geometry":{"type":"LineString","coordinates":[[11.06855,59.97638],[11.06896,59.97756]]}},{"type":"Feature","properties":{"fade":0.15,"vegkategori":"F"},"geometry":{"type":"LineString","coordinates":[[11.11925,59.66948],[11.11756,59.66956],[11.11633,59.66946]]}},{"type":"Feature","properties":{"fade":0.15,"vegkategori":"F"},"geometry":{"type":"LineString","coordinates":[[11.12429,59.67145],[11.12397,59.67146],[11.12377,59.67142],[11.12359,59.67136],[11.12222,59.67064]]}},{"type":"Feature","properties":{"fade":0.15,"vegkategori":"F"},"geometry":{"type":"LineString","coordinates":[[11.12211,59.76723],[11.12201,59.76745],[11.1221,59.76774],[11.12205,59.768],[11.1218,59.76823],[11.1211,59.76851]]}},{"type":"Feature","properties":{"fade":0.15,"vegkategori":"F"},"geometry":{"type":"LineString","coordinates":[[11.12873,59.7335],[11.13013,59.73406]]}},{"type":"Feature","properties":{"fade":0.15,"vegkategori":"F"},"geometry":{"type":"LineString","coordinates":[[11.18613,59.60097],[11.18601,59.60111],[11.18582,59.60125],[11.18475,59.60173]]}},{"type":"Feature","properties":{"fade":0.15,"vegkategori":"F"},"geometry":{"type":"LineString","coordinates":[[11.19018,59.60145],[11.19043,59.60172],[11.19054,59.60191],[11.19059,59.60216],[11.19052,59.60241]]}},{"type":"Feature","properties":{"fade":0.15,"vegkategori":"F"},"geometry":{"type":"LineString","coordinates":[[11.22136,59.6147],[11.22038,59.61528],[11.22024,59.61547],[11.22021,59.61559]]}},{"type":"Feature","properties":{"fade":0.15,"vegkategori":"F"},"geometry":{"type":"LineString","coordinates":[[11.23189,59.62346],[11.23151,59.6244]]}},{"type":"Feature","properties":{"fade":0.15,"vegkategori":"F"},"geometry":{"type":"LineString","coordinates":[[11.22407,59.9243],[11.22585,59.92413]]}},{"type":"Feature","properties":{"fade":0.15,"vegkategori":"F"},"geometry":{"type":"LineString","coordinates":[[11.23015,60.01768],[11.23083,60.01678]]}},{"type":"Feature","properties":{"fade":0.15,"vegkategori":"F"},"geometry":{"type":"LineString","coordinates":[[11.26029,59.87627],[11.26198,59.87616],[11.26257,59.87606],[11.26297,59.87596]]}},{"type":"Feature","properties":{"fade":0.15,"vegkategori":"F"},"geometry":{"type":"LineString","coordinates":[[11.30727,59.63775],[11.30922,59.63764]]}},{"type":"Feature","properties":{"fade":0.15,"vegkategori":"F"},"geometry":{"type":"LineString","coordinates":[[11.30531,59.70342],[11.30366,59.70373]]}},{"type":"Feature","properties":{"fade":0.15,"vegkategori":"F"},"geometry":{"type":"LineString","coordinates":[[11.31018,59.67221],[11.31123,59.67235]]}},{"type":"Feature","properties":{"fade":0.15,"vegkategori":"F"},"geometry":{"type":"LineString","coordinates":[[11.28222,60.01452],[11.28277,60.01481],[11.28391,60.01521]]}},{"type":"Feature","properties":{"fade":0.15,"vegkategori":"F"},"geometry":{"type":"LineString","coordinates":[[11.31305,59.75869],[11.31248,59.7586],[11.31216,59.75858],[11.31149,59.75858],[11.31115,59.75855]]}},{"type":"Feature","properties":{"fade":0.15,"vegkategori":"F"},"geometry":{"type":"LineString","coordinates":[[11.30606,60.00669],[11.30617,60.00673],[11.30736,60.00692],[11.3078,60.00709]]}},{"type":"Feature","properties":{"fade":0.15,"vegkategori":"F"},"geometry":{"type":"LineString","coordinates":[[11.31439,60.00034],[11.31493,60.00067],[11.31525,60.00082],[11.31587,60.00093]]}},{"type":"Feature","properties":{"fade":0.15,"vegkategori":"F"},"geometry":{"type":"LineString","coordinates":[[11.31654,59.99717],[11.31698,59.99699],[11.3172,59.99686],[11.31776,59.99646],[11.31792,59.9963],[11.31803,59.99612],[11.31807,59.99589],[11.3178,59.9953],[11.31787,59.99509],[11.31808,59.99494],[11.31887,59.99454],[11.31921,59.99434],[11.31953,59.99405],[11.31965,59.99384],[11.31969,59.99365],[11.32007,59.99168],[11.32017,59.99142]]}},{"type":"Feature","properties":{"fade":0.55,"vegkategori":"F"},"geometry":{"type":"LineString","coordinates":[[10.98362,59.97088],[10.98524,59.97057]]}},{"type":"Feature","properties":{"fade":0.55,"vegkategori":"F"},"geometry":{"type":"LineString","coordinates":[[10.99166,59.94223],[10.99159,59.94252],[10.99162,59.94289],[10.99179,59.94325],[10.99206,59.94356]]}},{"type":"Feature","properties":{"fade":0.55,"vegkategori":"F"},"geometry":{"type":"LineString","coordinates":[[10.99231,59.94172],[10.99335,59.94254]]}},{"type":"Feature","properties":{"fade":0.55,"vegkategori":"F"},"geometry":{"type":"LineString","coordinates":[[10.99736,59.93842],[10.99902,59.93891]]}},{"type":"Feature","properties":{"fade":0.55,"vegkategori":"F"},"geometry":{"type":"LineString","coordinates":[[11.00211,59.93628],[11.00261,59.93666],[11.00318,59.93698]]}},{"type":"Feature","properties":{"fade":0.55,"vegkategori":"F"},"geometry":{"type":"LineString","coordinates":[[11.01934,59.98381],[11.01967,59.98395],[11.01997,59.98416],[11.02009,59.98441],[11.02016,59.98483]]}},{"type":"Feature","properties":{"fade":0.55,"vegkategori":"F"},"geometry":{"type":"LineString","coordinates":[[11.10238,59.63327],[11.10343,59.63322],[11.10419,59.63323]]}},{"type":"Feature","properties":{"fade":0.55,"vegkategori":"F"},"geometry":{"type":"LineString","coordinates":[[11.0665,59.97073],[11.06708,59.97233]]}},{"type":"Feature","properties":{"fade":0.55,"vegkategori":"F"},"geometry":{"type":"LineString","coordinates":[[11.13407,59.67005],[11.13391,59.67021],[11.13339,59.67087]]}},{"type":"Feature","properties":{"fade":0.55,"vegkategori":"F"},"geometry":{"type":"LineString","coordinates":[[11.12858,59.76572],[11.12826,59.76579],[11.12793,59.7658],[11.12702,59.76576],[11.12675,59.76579]]}},{"type":"Feature","properties":{"fade":0.55,"vegkategori":"F"},"geometry":{"type":"LineString","coordinates":[[11.1338,59.73598],[11.13487,59.73672]]}},{"type":"Feature","properties":{"fade":0.55,"vegkategori":"F"},"geometry":{"type":"LineString","coordinates":[[11.13934,59.7336],[11.1418,59.73365],[11.14238,59.73362]]}},{"type":"Feature","properties":{"fade":0.55,"vegkategori":"F"},"geometry":{"type":"LineString","coordinates":[[11.18047,59.60407],[11.17809,59.60493]]}},{"type":"Feature","properties":{"fade":0.55,"vegkategori":"F"},"geometry":{"type":"LineString","coordinates":[[11.19072,59.60538],[11.19192,59.60657]]}},{"type":"Feature","properties":{"fade":0.55,"vegkategori":"F"},"geometry":{"type":"LineString","coordinates":[[11.21674,59.61816],[11.21595,59.61835],[11.21558,59.61848],[11.2152,59.61865]]}},{"type":"Feature","properties":{"fade":0.55,"vegkategori":"F"},"geometry":{"type":"LineString","coordinates":[[11.21809,59.62772],[11.21858,59.62796],[11.21882,59.62814],[11.21894,59.62832],[11.21918,59.62898],[11.21944,59.62929],[11.21966,59.62949]]}},{"type":"Feature","properties":{"fade":0.55,"vegkategori":"F"},"geometry":{"type":"LineString","coordinates":[[11.21978,59.62959],[11.22066,59.6304]]}},{"type":"Feature","properties":{"fade":0.55,"vegkategori":"F"},"geometry":{"type":"LineString","coordinates":[[11.23086,59.62731],[11.23075,59.62827]]}},{"type":"Feature","properties":{"fade":0.55,"vegkategori":"F"},"geometry":{"type":"LineString","coordinates":[[11.21691,59.92495],[11.21871,59.9248]]}},{"type":"Feature","properties":{"fade":0.55,"vegkategori":"F"},"geometry":{"type":"LineString","coordinates":[[11.23493,60.01409],[11.23549,60.0137],[11.23562,60.01366]]}},{"type":"Feature","properties":{"fade":0.55,"vegkategori":"F"},"geometry":{"type":"LineString","coordinates":[[11.23511,60.01409],[11.23547,60.01383],[11.23563,60.0137],[11.23562,60.01366]]}},{"type":"Feature","properties":{"fade":0.55,"vegkategori":"F"},"geometry":{"type":"LineString","coordinates":[[11.25071,59.87673],[11.2509,59.8767]]}},{"type":"Feature","properties":{"fade":0.55,"vegkategori":"F"},"geometry":{"type":"LineString","coordinates":[[11.2508,59.87667],[11.2509,59.8767]]}},{"type":"Feature","properties":{"fade":0.55,"vegkategori":"F"},"geometry":{"type":"LineString","coordinates":[[11.2509,59.8767],[11.25244,59.87662],[11.25305,59.87665]]}},{"type":"Feature","properties":{"fade":0.55,"vegkategori":"F"},"geometry":{"type":"LineString","coordinates":[[11.23562,60.01366],[11.2358,60.0134],[11.23586,60.01317]]}},{"type":"Feature","properties":{"fade":0.55,"vegkategori":"F"},"geometry":{"type":"LineString","coordinates":[[11.29426,59.6874],[11.29364,59.68714],[11.29317,59.68688],[11.29292,59.68668]]}},{"type":"Feature","properties":{"fade":0.55,"vegkategori":"F"},"geometry":{"type":"LineString","coordinates":[[11.29528,59.68115],[11.29677,59.68247]]}},{"type":"Feature","properties":{"fade":0.55,"vegkategori":"F"},"geometry":{"type":"LineString","coordinates":[[11.3002,59.63881],[11.30174,59.63834]]}},{"type":"Feature","properties":{"fade":0.55,"vegkategori":"F"},"geometry":{"type":"LineString","coordinates":[[11.296,59.70267],[11.29536,59.70259]]}},{"type":"Feature","properties":{"fade":0.55,"vegkategori":"F"},"geometry":{"type":"LineString","coordinates":[[11.296,59.70267],[11.29538,59.70271]]}},{"type":"Feature","properties":{"fade":0.55,"vegkategori":"F"},"geometry":{"type":"LineString","coordinates":[[11.2979,59.70387],[11.2975,59.70369],[11.29709,59.70343],[11.2963,59.70277],[11.29612,59.70269],[11.296,59.70267]]}},{"type":"Feature","properties":{"fade":0.55,"vegkategori":"F"},"geometry":{"type":"LineString","coordinates":[[11.30553,59.66159],[11.30558,59.66169],[11.30556,59.66182],[11.30549,59.6619]]}},{"type":"Feature","properties":{"fade":0.55,"vegkategori":"F"},"geometry":{"type":"LineString","coordinates":[[11.30767,59.65908],[11.30658,59.65969],[11.30575,59.66011]]}},{"type":"Feature","properties":{"fade":0.55,"vegkategori":"F"},"geometry":{"type":"LineString","coordinates":[[11.30721,59.65702],[11.30705,59.65723],[11.307,59.65739],[11.30702,59.65751],[11.30707,59.65761],[11.30747,59.65811]]}},{"type":"Feature","properties":{"fade":0.55,"vegkategori":"F"},"geometry":{"type":"LineString","coordinates":[[11.27363,60.01182],[11.27786,60.01215],[11.27857,60.01223]]}},{"type":"Feature","properties":{"fade":0.55,"vegkategori":"F"},"geometry":{"type":"LineString","coordinates":[[11.30591,59.75769],[11.30368,59.75769]]}},{"type":"Feature","properties":{"fade":0.55,"vegkategori":"F"},"geometry":{"type":"LineString","coordinates":[[11.30195,60.00368],[11.30178,60.00449],[11.30179,60.00465],[11.30192,60.00482]]}},{"type":"Feature","properties":{"fade":0.55,"vegkategori":"F"},"geometry":{"type":"LineString","coordinates":[[11.30792,59.99879],[11.30976,59.99885]]}},{"type":"Feature","properties":{"fade":0.45,"vegkategori":"F"},"geometry":{"type":"LineString","coordinates":[[10.98197,59.97121],[10.98362,59.97088]]}},{"type":"Feature","properties":{"fade":0.45,"vegkategori":"F"},"geometry":{"type":"LineString","coordinates":[[10.99125,59.94089],[10.99214,59.9416]]}},{"type":"Feature","properties":{"fade":0.45,"vegkategori":"F"},"geometry":{"type":"LineString","coordinates":[[10.99214,59.9416],[10.99186,59.9419],[10.99166,59.94223]]}},{"type":"Feature","properties":{"fade":0.45,"vegkategori":"F"},"geometry":{"type":"LineString","coordinates":[[10.99214,59.9416],[10.99231,59.94172]]}},{"type":"Feature","properties":{"fade":0.45,"vegkategori":"F"},"geometry":{"type":"LineString","coordinates":[[10.99295,59.93956],[10.99298,59.94036],[10.99292,59.94068],[10.99274,59.94098],[10.99214,59.9416]]}},{"type":"Feature","properties":{"fade":0.45,"vegkategori":"F"},"geometry":{"type":"LineString","coordinates":[[10.99587,59.93791],[10.99671,59.93822],[10.99736,59.93842]]}},{"type":"Feature","properties":{"fade":0.45,"vegkategori":"F"},"geometry":{"type":"LineString","coordinates":[[11.00118,59.93552],[11.00211,59.93628]]}},{"type":"Feature","properties":{"fade":0.45,"vegkategori":"F"},"geometry":{"type":"LineString","coordinates":[[11.02016,59.98483],[11.02026,59.98509],[11.02044,59.98533],[11.02072,59.98554],[11.02116,59.98575]]}},{"type":"Feature","properties":{"fade":0.45,"vegkategori":"F"},"geometry":{"type":"LineString","coordinates":[[11.10012,59.63267],[11.10051,59.63285],[11.10152,59.63319],[11.10197,59.63327],[11.10238,59.63327]]}},{"type":"Feature","properties":{"fade":0.45,"vegkategori":"F"},"geometry":{"type":"LineString","coordinates":[[11.06708,59.97233],[11.06765,59.97392]]}},{"type":"Feature","properties":{"fade":0.45,"vegkategori":"F"},"geometry":{"type":"LineString","coordinates":[[11.13339,59.67087],[11.13302,59.67128],[11.13253,59.67163]]}},{"type":"Feature","properties":{"fade":0.45,"vegkategori":"F"},"geometry":{"type":"LineString","coordinates":[[11.12675,59.76579],[11.12649,59.76585],[11.12584,59.76612],[11.12558,59.76618],[11.12519,59.76624]]}},{"type":"Feature","properties":{"fade":0.45,"vegkategori":"F"},"geometry":{"type":"LineString","coordinates":[[11.13261,59.7353],[11.1338,59.73598]]}},{"type":"Feature","properties":{"fade":0.45,"vegkategori":"F"},"geometry":{"type":"LineString","coordinates":[[11.13637,59.73368],[11.13706,59.73374],[11.13861,59.73363],[11.13934,59.7336]]}},{"type":"Feature","properties":{"fade":0.45,"vegkategori":"F"},"geometry":{"type":"LineString","coordinates":[[11.18224,59.60335],[11.18191,59.60352],[11.18047,59.60407]]}},{"type":"Feature","properties":{"fade":0.45,"vegkategori":"F"},"geometry":{"type":"LineString","coordinates":[[11.18899,59.60406],[11.18915,59.60425],[11.19008,59.60477],[11.19072,59.60538]]}},{"type":"Feature","properties":{"fade":0.45,"vegkategori":"F"},"geometry":{"type":"LineString","coordinates":[[11.21827,59.61776],[11.21782,59.61793],[11.21749,59.61802],[11.21674,59.61816]]}},{"type":"Feature","properties":{"fade":0.45,"vegkategori":"F"},"geometry":{"type":"LineString","coordinates":[[11.21966,59.62949],[11.21978,59.62959]]}},{"type":"Feature","properties":{"fade":0.45,"vegkategori":"F"},"geometry":{"type":"LineString","coordinates":[[11.23094,59.62633],[11.23086,59.62731]]}},{"type":"Feature","properties":{"fade":0.45,"vegkategori":"F"},"geometry":{"type":"LineString","coordinates":[[11.21871,59.9248],[11.22049,59.92463]]}},{"type":"Feature","properties":{"fade":0.45,"vegkategori":"F"},"geometry":{"type":"LineString","coordinates":[[11.23375,60.01499],[11.23396,60.01486]]}},{"type":"Feature","properties":{"fade":0.45,"vegkategori":"F"},"geometry":{"type":"LineString","coordinates":[[11.23396,60.01486],[11.23392,60.0148],[11.23423,60.01457],[11.2344,60.01445],[11.23462,60.01434],[11.23473,60.01433]]}},{"type":"Feature","properties":{"fade":0.45,"vegkategori":"F"},"geometry":{"type":"LineString","coordinates":[[11.23396,60.01486],[11.23405,60.01483],[11.23472,60.01436],[11.23473,60.01433]]}},{"type":"Feature","properties":{"fade":0.45,"vegkategori":"F"},"geometry":{"type":"LineString","coordinates":[[11.23473,60.01433],[11.2348,60.01427]]}},{"type":"Feature","properties":{"fade":0.45,"vegkategori":"F"},"geometry":{"type":"LineString","coordinates":[[11.2348,60.01427],[11.23482,60.01419],[11.23493,60.01409]]}},{"type":"Feature","properties":{"fade":0.45,"vegkategori":"F"},"geometry":{"type":"LineString","coordinates":[[11.2348,60.01427],[11.23491,60.01424],[11.23511,60.01409]]}},{"type":"Feature","properties":{"fade":0.45,"vegkategori":"F"},"geometry":{"type":"LineString","coordinates":[[11.25305,59.87665],[11.25498,59.87685]]}},{"type":"Feature","properties":{"fade":0.45,"vegkategori":"F"},"geometry":{"type":"LineString","coordinates":[[11.29478,59.68757],[11.29426,59.6874]]}},{"type":"Feature","properties":{"fade":0.45,"vegkategori":"F"},"geometry":{"type":"LineString","coordinates":[[11.29677,59.68247],[11.29763,59.68323],[11.29797,59.68348]]}},{"type":"Feature","properties":{"fade":0.45,"vegkategori":"F"},"geometry":{"type":"LineString","coordinates":[[11.30174,59.63834],[11.30239,59.63816],[11.30285,59.63806],[11.30339,59.63798]]}},{"type":"Feature","properties":{"fade":0.45,"vegkategori":"F"},"geometry":{"type":"LineString","coordinates":[[11.30017,59.70417],[11.29858,59.70401],[11.29803,59.70392],[11.2979,59.70387]]}},{"type":"Feature","properties":{"fade":0.45,"vegkategori":"F"},"geometry":{"type":"LineString","coordinates":[[11.30891,59.65602],[11.30745,59.65686],[11.30721,59.65702]]}},{"type":"Feature","properties":{"fade":0.45,"vegkategori":"F"},"geometry":{"type":"LineString","coordinates":[[11.30747,59.65811],[11.30766,59.65832],[11.3079,59.6587],[11.30789,59.65886],[11.30767,59.65908]]}},{"type":"Feature","properties":{"fade":0.45,"vegkategori":"F"},"geometry":{"type":"LineString","coordinates":[[11.30771,59.75783],[11.30719,59.75773],[11.30685,59.7577],[11.30591,59.75769]]}},{"type":"Feature","properties":{"fade":0.45,"vegkategori":"F"},"geometry":{"type":"LineString","coordinates":[[11.27857,60.01223],[11.27908,60.01233],[11.27973,60.01252],[11.2802,60.01274],[11.28047,60.0129]]}},{"type":"Feature","properties":{"fade":0.45,"vegkategori":"F"},"geometry":{"type":"LineString","coordinates":[[11.30192,60.00482],[11.30217,60.00498],[11.30328,60.00554]]}},{"type":"Feature","properties":{"fade":0.45,"vegkategori":"F"},"geometry":{"type":"LineString","coordinates":[[11.30976,59.99885],[11.3106,59.99882],[11.31096,59.99878],[11.31142,59.99868]]}},{"type":"Feature","properties":{"fade":0.45,"vegkategori":"F"},"geometry":{"type":"LineString","coordinates":[[11.31142,59.99868],[11.31166,59.99882]]}},{"type":"Feature","properties":{"fade":0.45,"vegkategori":"F"},"geometry":{"type":"LineString","coordinates":[[11.31142,59.99868],[11.31162,59.99861],[11.3119,59.99847]]}},{"type":"Feature","properties":{"fade":0.75,"vegkategori":"F"},"geometry":{"type":"LineString","coordinates":[[10.98688,59.97021],[10.98848,59.96981]]}},{"type":"Feature","properties":{"fade":0.75,"vegkategori":"F"},"geometry":{"type":"LineString","coordinates":[[10.99325,59.94429],[10.9934,59.94436]]}},{"type":"Feature","properties":{"fade":0.75,"vegkategori":"F"},"geometry":{"type":"LineString","coordinates":[[10.9934,59.94436],[10.99398,59.9446]]}},{"type":"Feature","properties":{"fade":0.75,"vegkategori":"F"},"geometry":{"type":"LineString","coordinates":[[10.9934,59.94436],[10.99346,59.94443],[10.99388,59.94464]]}},{"type":"Feature","properties":{"fade":0.75,"vegkategori":"F"},"geometry":{"type":"LineString","coordinates":[[10.99388,59.94464],[10.99405,59.94473]]}},{"type":"Feature","properties":{"fade":0.75,"vegkategori":"F"},"geometry":{"type":"LineString","coordinates":[[10.99398,59.9446],[10.99388,59.94464]]}},{"type":"Feature","properties":{"fade":0.75,"vegkategori":"F"},"geometry":{"type":"LineString","coordinates":[[10.99398,59.9446],[10.99412,59.94467]]}},{"type":"Feature","properties":{"fade":0.75,"vegkategori":"F"},"geometry":{"type":"LineString","coordinates":[[10.99398,59.9446],[10.99409,59.9447]]}},{"type":"Feature","properties":{"fade":0.75,"vegkategori":"F"},"geometry":{"type":"LineString","coordinates":[[10.99433,59.94436],[10.99423,59.94446],[10.99398,59.9446]]}},{"type":"Feature","properties":{"fade":0.75,"vegkategori":"F"},"geometry":{"type":"LineString","coordinates":[[10.99405,59.94473],[10.99441,59.94492]]}},{"type":"Feature","properties":{"fade":0.75,"vegkategori":"F"},"geometry":{"type":"LineString","coordinates":[[10.99409,59.9447],[10.99405,59.94473]]}},{"type":"Feature","properties":{"fade":0.75,"vegkategori":"F"},"geometry":{"type":"LineString","coordinates":[[10.99421,59.94353],[10.99433,59.94417],[10.99433,59.94436]]}},{"type":"Feature","properties":{"fade":0.75,"vegkategori":"F"},"geometry":{"type":"LineString","coordinates":[[10.99409,59.9447],[10.99438,59.94486],[10.99441,59.94492]]}},{"type":"Feature","properties":{"fade":0.75,"vegkategori":"F"},"geometry":{"type":"LineString","coordinates":[[10.99412,59.94467],[10.99409,59.9447]]}},{"type":"Feature","properties":{"fade":0.75,"vegkategori":"F"},"geometry":{"type":"LineString","coordinates":[[10.99412,59.94467],[10.99457,59.94491]]}},{"type":"Feature","properties":{"fade":0.75,"vegkategori":"F"},"geometry":{"type":"LineString","coordinates":[[10.99433,59.94436],[10.99434,59.94446],[10.99412,59.94467]]}},{"type":"Feature","properties":{"fade":0.75,"vegkategori":"F"},"geometry":{"type":"LineString","coordinates":[[10.99441,59.94492],[10.99451,59.94496]]}},{"type":"Feature","properties":{"fade":0.75,"vegkategori":"F"},"geometry":{"type":"LineString","coordinates":[[11.00053,59.93936],[11.00103,59.93951],[11.00144,59.93966],[11.00172,59.93982],[11.00186,59.93994]]}},{"type":"Feature","properties":{"fade":0.75,"vegkategori":"F"},"geometry":{"type":"LineString","coordinates":[[11.00469,59.93755],[11.00621,59.9381]]}},{"type":"Feature","properties":{"fade":0.75,"vegkategori":"F"},"geometry":{"type":"LineString","coordinates":[[11.00098,59.97807],[11.00091,59.97846]]}},{"type":"Feature","properties":{"fade":0.75,"vegkategori":"F"},"geometry":{"type":"LineString","coordinates":[[11.0011,59.97813],[11.00106,59.97833],[11.00113,59.97848]]}},{"type":"Feature","properties":{"fade":0.75,"vegkategori":"F"},"geometry":{"type":"LineString","coordinates":[[11.01206,59.9812],[11.01228,59.98147],[11.01251,59.98163],[11.01267,59.98169]]}},{"type":"Feature","properties":{"fade":0.75,"vegkategori":"F"},"geometry":{"type":"LineString","coordinates":[[11.01224,59.98125],[11.01267,59.98169]]}},{"type":"Feature","properties":{"fade":0.75,"vegkategori":"F"},"geometry":{"type":"LineString","coordinates":[[11.01267,59.98169],[11.01322,59.98194],[11.01435,59.98239]]}},{"type":"Feature","properties":{"fade":0.75,"vegkategori":"F"},"geometry":{"type":"LineString","coordinates":[[11.06548,59.96783],[11.06593,59.96908]]}},{"type":"Feature","properties":{"fade":0.75,"vegkategori":"F"},"geometry":{"type":"LineString","coordinates":[[11.10607,59.63331],[11.10671,59.63329],[11.10782,59.63316]]}},{"type":"Feature","properties":{"fade":0.75,"vegkategori":"F"},"geometry":{"type":"LineString","coordinates":[[11.13578,59.66849],[11.13523,59.66908],[11.13497,59.66928]]}},{"type":"Feature","properties":{"fade":0.75,"vegkategori":"F"},"geometry":{"type":"LineString","coordinates":[[11.13166,59.76473],[11.131,59.76499],[11.13013,59.76525]]}},{"type":"Feature","properties":{"fade":0.75,"vegkategori":"F"},"geometry":{"type":"LineString","coordinates":[[11.13576,59.73758],[11.13594,59.73793],[11.13597,59.73813],[11.1359,59.73856],[11.13581,59.73878],[11.13557,59.73908]]}},{"type":"Feature","properties":{"fade":0.75,"vegkategori":"F"},"geometry":{"type":"LineString","coordinates":[[11.14752,59.73321],[11.14817,59.73321],[11.14945,59.73306],[11.15003,59.73305],[11.15033,59.73309],[11.15058,59.73314],[11.15117,59.73337]]}},{"type":"Feature","properties":{"fade":0.75,"vegkategori":"F"},"geometry":{"type":"LineString","coordinates":[[11.1725,59.6058],[11.16799,59.60685]]}},{"type":"Feature","properties":{"fade":0.75,"vegkategori":"F"},"geometry":{"type":"LineString","coordinates":[[11.17646,59.60579],[11.17669,59.60606],[11.17688,59.6067]]}},{"type":"Feature","properties":{"fade":0.75,"vegkategori":"F"},"geometry":{"type":"LineString","coordinates":[[11.19289,59.60776],[11.19257,59.60844],[11.19257,59.60865]]}},{"type":"Feature","properties":{"fade":0.75,"vegkategori":"F"},"geometry":{"type":"LineString","coordinates":[[11.21384,59.61937],[11.21249,59.62002]]}},{"type":"Feature","properties":{"fade":0.75,"vegkategori":"F"},"geometry":{"type":"LineString","coordinates":[[11.21463,59.62613],[11.21636,59.62694]]}},{"type":"Feature","properties":{"fade":0.75,"vegkategori":"F"},"geometry":{"type":"LineString","coordinates":[[11.22111,59.63138],[11.22134,59.63207],[11.22147,59.63228]]}},{"type":"Feature","properties":{"fade":0.75,"vegkategori":"F"},"geometry":{"type":"LineString","coordinates":[[11.23065,59.62927],[11.2306,59.62969],[11.23038,59.63031]]}},{"type":"Feature","properties":{"fade":0.75,"vegkategori":"F"},"geometry":{"type":"LineString","coordinates":[[11.213,59.9249],[11.21376,59.92495],[11.21502,59.925]]}},{"type":"Feature","properties":{"fade":0.75,"vegkategori":"F"},"geometry":{"type":"LineString","coordinates":[[11.24631,59.87669],[11.2479,59.87674],[11.24845,59.87674]]}},{"type":"Feature","properties":{"fade":0.75,"vegkategori":"F"},"geometry":{"type":"LineString","coordinates":[[11.23564,60.01228],[11.2356,60.01191],[11.23568,60.01173],[11.23593,60.01158],[11.23655,60.01139]]}},{"type":"Feature","properties":{"fade":0.75,"vegkategori":"F"},"geometry":{"type":"LineString","coordinates":[[11.29196,59.6855],[11.29184,59.68527],[11.29175,59.68464],[11.2915,59.68406],[11.29139,59.68365],[11.29121,59.68344],[11.29103,59.68332]]}},{"type":"Feature","properties":{"fade":0.75,"vegkategori":"F"},"geometry":{"type":"LineString","coordinates":[[11.29203,59.67789],[11.29289,59.67896],[11.29367,59.67971]]}},{"type":"Feature","properties":{"fade":0.75,"vegkategori":"F"},"geometry":{"type":"LineString","coordinates":[[11.29695,59.6395],[11.29769,59.63941],[11.2986,59.63919]]}},{"type":"Feature","properties":{"fade":0.75,"vegkategori":"F"},"geometry":{"type":"LineString","coordinates":[[11.30335,59.66449],[11.30272,59.66523],[11.30255,59.66534],[11.30198,59.66566],[11.30137,59.66597]]}},{"type":"Feature","properties":{"fade":0.75,"vegkategori":"F"},"geometry":{"type":"LineString","coordinates":[[11.30095,59.75801],[11.30013,59.75826],[11.29931,59.75848],[11.29833,59.75867],[11.2975,59.75879]]}},{"type":"Feature","properties":{"fade":0.75,"vegkategori":"F"},"geometry":{"type":"LineString","coordinates":[[11.27059,60.01012],[11.27139,60.01102]]}},{"type":"Feature","properties":{"fade":0.75,"vegkategori":"F"},"geometry":{"type":"LineString","coordinates":[[11.30069,60.00163],[11.30104,60.00201],[11.3013,60.00222],[11.30141,60.0023],[11.30174,60.00245]]}},{"type":"Feature","properties":{"fade":0.75,"vegkategori":"F"},"geometry":{"type":"LineString","coordinates":[[11.30596,59.99889],[11.30411,59.99978],[11.30169,60.00078]]}},{"type":"Feature","properties":{"fade":0.75,"vegkategori":"F"},"geometry":{"type":"LineString","coordinates":[[11.30492,59.9977],[11.30634,59.99833]]}},{"type":"Feature","properties":{"fade":0.65,"vegkategori":"F"},"geometry":{"type":"LineString","coordinates":[[10.98524,59.97057],[10.98688,59.97021]]}},{"type":"Feature","properties":{"fade":0.65,"vegkategori":"F"},"geometry":{"type":"LineString","coordinates":[[10.99206,59.94356],[10.9923,59.94376],[10.99268,59.94399],[10.99325,59.94429]]}},{"type":"Feature","properties":{"fade":0.65,"vegkategori":"F"},"geometry":{"type":"LineString","coordinates":[[10.99335,59.94254],[10.99401,59.94312],[10.99413,59.94329],[10.99421,59.94353]]}},{"type":"Feature","properties":{"fade":0.65,"vegkategori":"F"},"geometry":{"type":"LineString","coordinates":[[10.99902,59.93891],[11.00053,59.93936]]}},{"type":"Feature","properties":{"fade":0.65,"vegkategori":"F"},"geometry":{"type":"LineString","coordinates":[[11.00318,59.93698],[11.00368,59.9372],[11.00469,59.93755]]}},{"type":"Feature","properties":{"fade":0.65,"vegkategori":"F"},"geometry":{"type":"LineString","coordinates":[[11.01435,59.98239],[11.01471,59.98252],[11.01515,59.98262],[11.01553,59.98267]]}},{"type":"Feature","properties":{"fade":0.65,"vegkategori":"F"},"geometry":{"type":"LineString","coordinates":[[11.01553,59.98267],[11.01565,59.98271],[11.01637,59.98284],[11.01722,59.98304]]}},{"type":"Feature","properties":{"fade":0.65,"vegkategori":"F"},"geometry":{"type":"LineString","coordinates":[[11.01553,59.98267],[11.01565,59.98267],[11.01587,59.9827],[11.01657,59.98282],[11.01702,59.98295],[11.01722,59.98304]]}},{"type":"Feature","properties":{"fade":0.65,"vegkategori":"F"},"geometry":{"type":"LineString","coordinates":[[11.01722,59.98304],[11.01773,59.98323],[11.01852,59.98356],[11.01934,59.98381]]}},{"type":"Feature","properties":{"fade":0.65,"vegkategori":"F"},"geometry":{"type":"LineString","coordinates":[[11.10419,59.63323],[11.10607,59.63331]]}},{"type":"Feature","properties":{"fade":0.65,"vegkategori":"F"},"geometry":{"type":"LineString","coordinates":[[11.06593,59.96908],[11.0665,59.97073]]}},{"type":"Feature","properties":{"fade":0.65,"vegkategori":"F"},"geometry":{"type":"LineString","coordinates":[[11.13497,59.66928],[11.13407,59.67005]]}},{"type":"Feature","properties":{"fade":0.65,"vegkategori":"F"},"geometry":{"type":"LineString","coordinates":[[11.13013,59.76525],[11.12909,59.76559],[11.12858,59.76572]]}},{"type":"Feature","properties":{"fade":0.65,"vegkategori":"F"},"geometry":{"type":"LineString","coordinates":[[11.13487,59.73672],[11.13535,59.73711],[11.13576,59.73758]]}},{"type":"Feature","properties":{"fade":0.65,"vegkategori":"F"},"geometry":{"type":"LineString","coordinates":[[11.14238,59.73362],[11.14482,59.73342],[11.14534,59.73336],[11.14598,59.73323],[11.14642,59.73318],[11.14703,59.73318],[11.14752,59.73321]]}},{"type":"Feature","properties":{"fade":0.65,"vegkategori":"F"},"geometry":{"type":"LineString","coordinates":[[11.17606,59.60545],[11.17505,59.60547],[11.17436,59.60552],[11.17361,59.6056],[11.1725,59.6058]]}},{"type":"Feature","properties":{"fade":0.65,"vegkategori":"F"},"geometry":{"type":"LineString","coordinates":[[11.17606,59.60545],[11.17646,59.60579]]}},{"type":"Feature","properties":{"fade":0.65,"vegkategori":"F"},"geometry":{"type":"LineString","coordinates":[[11.17809,59.60493],[11.17705,59.60529],[11.17669,59.60537],[11.17606,59.60545]]}},{"type":"Feature","properties":{"fade":0.65,"vegkategori":"F"},"geometry":{"type":"LineString","coordinates":[[11.19192,59.60657],[11.19282,59.60747],[11.19289,59.60762],[11.19289,59.60776]]}},{"type":"Feature","properties":{"fade":0.65,"vegkategori":"F"},"geometry":{"type":"LineString","coordinates":[[11.2152,59.61865],[11.21384,59.61937]]}},{"type":"Feature","properties":{"fade":0.65,"vegkategori":"F"},"geometry":{"type":"LineString","coordinates":[[11.21636,59.62694],[11.21809,59.62772]]}},{"type":"Feature","properties":{"fade":0.65,"vegkategori":"F"},"geometry":{"type":"LineString","coordinates":[[11.22066,59.6304],[11.22087,59.63067],[11.22111,59.63138]]}},{"type":"Feature","properties":{"fade":0.65,"vegkategori":"F"},"geometry":{"type":"LineString","coordinates":[[11.23075,59.62827],[11.23065,59.62927]]}},{"type":"Feature","properties":{"fade":0.65,"vegkategori":"F"},"geometry":{"type":"LineString","coordinates":[[11.21502,59.925],[11.21621,59.92499],[11.21691,59.92495]]}},{"type":"Feature","properties":{"fade":0.65,"vegkategori":"F"},"geometry":{"type":"LineString","coordinates":[[11.24845,59.87674],[11.24962,59.87672]]}},{"type":"Feature","properties":{"fade":0.65,"vegkategori":"F"},"geometry":{"type":"LineString","coordinates":[[11.24962,59.87672],[11.25003,59.87678]]}},{"type":"Feature","properties":{"fade":0.65,"vegkategori":"F"},"geometry":{"type":"LineString","coordinates":[[11.24962,59.87672],[11.24966,59.8767],[11.25003,59.87665]]}},{"type":"Feature","properties":{"fade":0.65,"vegkategori":"F"},"geometry":{"type":"LineString","coordinates":[[11.25003,59.87678],[11.25,59.87672],[11.25003,59.87665]]}},{"type":"Feature","properties":{"fade":0.65,"vegkategori":"F"},"geometry":{"type":"LineString","coordinates":[[11.25003,59.87665],[11.25014,59.8766],[11.25027,59.87658],[11.25047,59.87664]]}},{"type":"Feature","properties":{"fade":0.65,"vegkategori":"F"},"geometry":{"type":"LineString","coordinates":[[11.25048,59.87677],[11.25035,59.87683],[11.25026,59.87684],[11.2501,59.87682],[11.25003,59.87678]]}},{"type":"Feature","properties":{"fade":0.65,"vegkategori":"F"},"geometry":{"type":"LineString","coordinates":[[11.25047,59.87664],[11.2508,59.87667]]}},{"type":"Feature","properties":{"fade":0.65,"vegkategori":"F"},"geometry":{"type":"LineString","coordinates":[[11.25047,59.87664],[11.25051,59.87672],[11.25048,59.87677]]}},{"type":"Feature","properties":{"fade":0.65,"vegkategori":"F"},"geometry":{"type":"LineString","coordinates":[[11.25048,59.87677],[11.25071,59.87673]]}},{"type":"Feature","properties":{"fade":0.65,"vegkategori":"F"},"geometry":{"type":"LineString","coordinates":[[11.23586,60.01317],[11.23583,60.01291],[11.23564,60.01228]]}},{"type":"Feature","properties":{"fade":0.65,"vegkategori":"F"},"geometry":{"type":"LineString","coordinates":[[11.29292,59.68668],[11.29261,59.68639],[11.29196,59.6855]]}},{"type":"Feature","properties":{"fade":0.65,"vegkategori":"F"},"geometry":{"type":"LineString","coordinates":[[11.29367,59.67971],[11.29528,59.68115]]}},{"type":"Feature","properties":{"fade":0.65,"vegkategori":"F"},"geometry":{"type":"LineString","coordinates":[[11.2986,59.63919],[11.3002,59.63881]]}},{"type":"Feature","properties":{"fade":0.65,"vegkategori":"F"},"geometry":{"type":"LineString","coordinates":[[11.30549,59.6619],[11.30335,59.66449]]}},{"type":"Feature","properties":{"fade":0.65,"vegkategori":"F"},"geometry":{"type":"LineString","coordinates":[[11.30575,59.66011],[11.30475,59.66067],[11.30461,59.66077],[11.30455,59.66086],[11.30457,59.66097],[11.30477,59.66112],[11.30535,59.66145],[11.30553,59.66159]]}},{"type":"Feature","properties":{"fade":0.65,"vegkategori":"F"},"geometry":{"type":"LineString","coordinates":[[11.27139,60.01102],[11.27153,60.01117],[11.27181,60.01136],[11.2722,60.01153],[11.27281,60.0117],[11.27363,60.01182]]}},{"type":"Feature","properties":{"fade":0.65,"vegkategori":"F"},"geometry":{"type":"LineString","coordinates":[[11.30368,59.75769],[11.30289,59.7577],[11.30214,59.75777],[11.30138,59.7579],[11.30095,59.75801]]}},{"type":"Feature","properties":{"fade":0.65,"vegkategori":"F"},"geometry":{"type":"LineString","coordinates":[[11.30174,60.00245],[11.30201,60.00263],[11.30211,60.00292],[11.30195,60.00368]]}},{"type":"Feature","properties":{"fade":0.65,"vegkategori":"F"},"geometry":{"type":"LineString","coordinates":[[11.30686,59.99855],[11.30596,59.99889]]}},{"type":"Feature","properties":{"fade":0.65,"vegkategori":"F"},"geometry":{"type":"LineString","coordinates":[[11.30634,59.99833],[11.30686,59.99855]]}},{"type":"Feature","properties":{"fade":0.65,"vegkategori":"F"},"geometry":{"type":"LineString","coordinates":[[11.30686,59.99855],[11.30729,59.99869],[11.30792,59.99879]]}},{"type":"Feature","properties":{"fade":0.95,"vegkategori":"F"},"geometry":{"type":"LineString","coordinates":[[10.99007,59.96939],[10.99083,59.96913],[10.99153,59.9688]]}},{"type":"Feature","properties":{"fade":0.95,"vegkategori":"F"},"geometry":{"type":"LineString","coordinates":[[10.99583,59.94559],[10.99714,59.94622]]}},{"type":"Feature","properties":{"fade":0.95,"vegkategori":"F"},"geometry":{"type":"LineString","coordinates":[[11.00243,59.94093],[11.003,59.94193]]}},{"type":"Feature","properties":{"fade":0.95,"vegkategori":"F"},"geometry":{"type":"LineString","coordinates":[[11.00245,59.97629],[11.0021,59.97671],[11.00165,59.97714]]}},{"type":"Feature","properties":{"fade":0.95,"vegkategori":"F"},"geometry":{"type":"LineString","coordinates":[[11.00772,59.93866],[11.00844,59.93889],[11.00879,59.93907],[11.00905,59.93928]]}},{"type":"Feature","properties":{"fade":0.95,"vegkategori":"F"},"geometry":{"type":"LineString","coordinates":[[11.02499,59.934],[11.02464,59.93336],[11.02465,59.93324],[11.02483,59.93317],[11.02565,59.93315]]}},{"type":"Feature","properties":{"fade":0.95,"vegkategori":"F"},"geometry":{"type":"LineString","coordinates":[[11.02503,59.93399],[11.02479,59.93344],[11.02479,59.93336],[11.02485,59.93329],[11.02505,59.93322],[11.02565,59.93315]]}},{"type":"Feature","properties":{"fade":0.95,"vegkategori":"F"},"geometry":{"type":"LineString","coordinates":[[11.02565,59.93315],[11.02958,59.9329]]}},{"type":"Feature","properties":{"fade":0.95,"vegkategori":"F"},"geometry":{"type":"LineString","coordinates":[[11.03239,59.93095],[11.03247,59.93059],[11.03242,59.93024],[11.03221,59.92973],[11.03224,59.9296],[11.03232,59.92946]]}},{"type":"Feature","properties":{"fade":0.95,"vegkategori":"F"},"geometry":{"type":"LineString","coordinates":[[11.03262,59.92926],[11.03289,59.92915],[11.03339,59.92909],[11.0336,59.92909],[11.03404,59.92915],[11.03419,59.9292],[11.03448,59.92935],[11.03458,59.92942]]}},{"type":"Feature","properties":{"fade":0.95,"vegkategori":"F"},"geometry":{"type":"LineString","coordinates":[[11.0648,59.96596],[11.06514,59.96689]]}},{"type":"Feature","properties":{"fade":0.95,"vegkategori":"F"},"geometry":{"type":"LineString","coordinates":[[11.10953,59.63293],[11.11129,59.6328]]}},{"type":"Feature","properties":{"fade":0.95,"vegkategori":"F"},"geometry":{"type":"LineString","coordinates":[[11.13723,59.66688],[11.13666,59.66774]]}},{"type":"Feature","properties":{"fade":0.95,"vegkategori":"F"},"geometry":{"type":"LineString","coordinates":[[11.13534,59.7406],[11.13557,59.74114],[11.13592,59.74175]]}},{"type":"Feature","properties":{"fade":0.95,"vegkategori":"F"},"geometry":{"type":"LineString","coordinates":[[11.1345,59.7634],[11.13368,59.76394],[11.13333,59.76409],[11.13313,59.76415]]}},{"type":"Feature","properties":{"fade":0.95,"vegkategori":"F"},"geometry":{"type":"LineString","coordinates":[[11.16604,59.60728],[11.16529,59.60741],[11.16492,59.60751],[11.16466,59.60762],[11.16437,59.60779]]}},{"type":"Feature","properties":{"fade":0.95,"vegkategori":"F"},"geometry":{"type":"LineString","coordinates":[[11.1539,59.73385],[11.1564,59.73437]]}},{"type":"Feature","properties":{"fade":0.95,"vegkategori":"F"},"geometry":{"type":"LineString","coordinates":[[11.17739,59.6076],[11.17762,59.60801],[11.17812,59.60851]]}},{"type":"Feature","properties":{"fade":0.95,"vegkategori":"F"},"geometry":{"type":"LineString","coordinates":[[11.19506,59.61039],[11.19527,59.61067],[11.19569,59.61168]]}},{"type":"Feature","properties":{"fade":0.95,"vegkategori":"F"},"geometry":{"type":"LineString","coordinates":[[11.21101,59.62055],[11.21064,59.62069],[11.21031,59.62086],[11.21013,59.62103],[11.20989,59.62154]]}},{"type":"Feature","properties":{"fade":0.95,"vegkategori":"F"},"geometry":{"type":"LineString","coordinates":[[11.21089,59.6244],[11.21288,59.62532]]}},{"type":"Feature","properties":{"fade":0.95,"vegkategori":"F"},"geometry":{"type":"LineString","coordinates":[[11.22262,59.63295],[11.22401,59.63355]]}},{"type":"Feature","properties":{"fade":0.95,"vegkategori":"F"},"geometry":{"type":"LineString","coordinates":[[11.22997,59.63133],[11.22989,59.63189],[11.22994,59.63229]]}},{"type":"Feature","properties":{"fade":0.95,"vegkategori":"F"},"geometry":{"type":"LineString","coordinates":[[11.20814,59.92408],[11.21068,59.9246]]}},{"type":"Feature","properties":{"fade":0.95,"vegkategori":"F"},"geometry":{"type":"LineString","coordinates":[[11.23686,59.87911],[11.23767,59.87915],[11.23844,59.87911],[11.23912,59.879],[11.23963,59.87887],[11.24035,59.87858],[11.24273,59.8773],[11.2432,59.8771],[11.24372,59.87694]]}},{"type":"Feature","properties":{"fade":0.95,"vegkategori":"F"},"geometry":{"type":"LineString","coordinates":[[11.23986,60.01049],[11.24384,60.00959]]}},{"type":"Feature","properties":{"fade":0.95,"vegkategori":"F"},"geometry":{"type":"LineString","coordinates":[[11.2896,59.68231],[11.28947,59.68222],[11.28909,59.68215],[11.28791,59.68202]]}},{"type":"Feature","properties":{"fade":0.95,"vegkategori":"F"},"geometry":{"type":"LineString","coordinates":[[11.29304,59.63972],[11.29351,59.63967],[11.29498,59.6396]]}},{"type":"Feature","properties":{"fade":0.95,"vegkategori":"F"},"geometry":{"type":"LineString","coordinates":[[11.29063,59.675],[11.29073,59.6753],[11.29077,59.67585],[11.29085,59.67635]]}},{"type":"Feature","properties":{"fade":0.95,"vegkategori":"F"},"geometry":{"type":"LineString","coordinates":[[11.29855,59.66888],[11.29822,59.66907],[11.29593,59.67018]]}},{"type":"Feature","properties":{"fade":0.95,"vegkategori":"F"},"geometry":{"type":"LineString","coordinates":[[11.29515,59.75887],[11.29478,59.75885],[11.2946,59.75887]]}},{"type":"Feature","properties":{"fade":0.95,"vegkategori":"F"},"geometry":{"type":"LineString","coordinates":[[11.26815,60.00839],[11.26855,60.00853],[11.26903,60.00879],[11.26966,60.00926]]}},{"type":"Feature","properties":{"fade":0.95,"vegkategori":"F"},"geometry":{"type":"LineString","coordinates":[[11.30211,59.99631],[11.30244,59.99658],[11.3027,59.99673],[11.30347,59.99707]]}},{"type":"Feature","properties":{"fade":0.85,"vegkategori":"F"},"geometry":{"type":"LineString","coordinates":[[10.98848,59.96981],[10.99007,59.96939]]}},{"type":"Feature","properties":{"fade":0.85,"vegkategori":"F"},"geometry":{"type":"LineString","coordinates":[[10.99451,59.94496],[10.99501,59.94522],[10.9951,59.94523]]}},{"type":"Feature","properties":{"fade":0.85,"vegkategori":"F"},"geometry":{"type":"LineString","coordinates":[[10.99457,59.94491],[10.99509,59.94519],[10.9951,59.94523]]}},{"type":"Feature","properties":{"fade":0.85,"vegkategori":"F"},"geometry":{"type":"LineString","coordinates":[[10.9951,59.94523],[10.99583,59.94559]]}},{"type":"Feature","properties":{"fade":0.85,"vegkategori":"F"},"geometry":{"type":"LineString","coordinates":[[11.00186,59.93994],[11.00243,59.94093]]}},{"type":"Feature","properties":{"fade":0.85,"vegkategori":"F"},"geometry":{"type":"LineString","coordinates":[[11.00122,59.97761],[11.00109,59.9778],[11.00098,59.97807]]}},{"type":"Feature","properties":{"fade":0.85,"vegkategori":"F"},"geometry":{"type":"LineString","coordinates":[[11.00122,59.97761],[11.0011,59.97813]]}},{"type":"Feature","properties":{"fade":0.85,"vegkategori":"F"},"geometry":{"type":"LineString","coordinates":[[11.00165,59.97714],[11.00122,59.97761]]}},{"type":"Feature","properties":{"fade":0.85,"vegkategori":"F"},"geometry":{"type":"LineString","coordinates":[[11.00621,59.9381],[11.00772,59.93866]]}},{"type":"Feature","properties":{"fade":0.85,"vegkategori":"F"},"geometry":{"type":"LineString","coordinates":[[11.0118,59.98046],[11.01206,59.9812]]}},{"type":"Feature","properties":{"fade":0.85,"vegkategori":"F"},"geometry":{"type":"LineString","coordinates":[[11.0121,59.98043],[11.01205,59.98064],[11.01212,59.98104],[11.01224,59.98125]]}},{"type":"Feature","properties":{"fade":0.85,"vegkategori":"F"},"geometry":{"type":"LineString","coordinates":[[11.03232,59.92946],[11.03242,59.92936],[11.03262,59.92926]]}},{"type":"Feature","properties":{"fade":0.85,"vegkategori":"F"},"geometry":{"type":"LineString","coordinates":[[11.06514,59.96689],[11.06548,59.96783]]}},{"type":"Feature","properties":{"fade":0.85,"vegkategori":"F"},"geometry":{"type":"LineString","coordinates":[[11.10782,59.63316],[11.10879,59.63301],[11.10953,59.63293]]}},{"type":"Feature","properties":{"fade":0.85,"vegkategori":"F"},"geometry":{"type":"LineString","coordinates":[[11.13666,59.66774],[11.13648,59.66791],[11.13601,59.66827],[11.13578,59.66849]]}},{"type":"Feature","properties":{"fade":0.85,"vegkategori":"F"},"geometry":{"type":"LineString","coordinates":[[11.13313,59.76415],[11.13269,59.76428],[11.13166,59.76473]]}},{"type":"Feature","properties":{"fade":0.85,"vegkategori":"F"},"geometry":{"type":"LineString","coordinates":[[11.13557,59.73908],[11.13531,59.73938],[11.13513,59.73984],[11.13515,59.74008],[11.13534,59.7406]]}},{"type":"Feature","properties":{"fade":0.85,"vegkategori":"F"},"geometry":{"type":"LineString","coordinates":[[11.15117,59.73337],[11.15173,59.73357],[11.15212,59.73366],[11.15246,59.7337],[11.15313,59.73373],[11.1539,59.73385]]}},{"type":"Feature","properties":{"fade":0.85,"vegkategori":"F"},"geometry":{"type":"LineString","coordinates":[[11.16799,59.60685],[11.16652,59.6072],[11.16604,59.60728]]}},{"type":"Feature","properties":{"fade":0.85,"vegkategori":"F"},"geometry":{"type":"LineString","coordinates":[[11.17688,59.6067],[11.17739,59.6076]]}},{"type":"Feature","properties":{"fade":0.85,"vegkategori":"F"},"geometry":{"type":"LineString","coordinates":[[11.19257,59.60865],[11.19265,59.60879],[11.19281,59.60892],[11.19476,59.61016],[11.19506,59.61039]]}},{"type":"Feature","properties":{"fade":0.85,"vegkategori":"F"},"geometry":{"type":"LineString","coordinates":[[11.21249,59.62002],[11.21101,59.62055]]}},{"type":"Feature","properties":{"fade":0.85,"vegkategori":"F"},"geometry":{"type":"LineString","coordinates":[[11.21288,59.62532],[11.21463,59.62613]]}},{"type":"Feature","properties":{"fade":0.85,"vegkategori":"F"},"geometry":{"type":"LineString","coordinates":[[11.22147,59.63228],[11.22163,59.63244],[11.22183,59.63259],[11.22262,59.63295]]}},{"type":"Feature","properties":{"fade":0.85,"vegkategori":"F"},"geometry":{"type":"LineString","coordinates":[[11.23038,59.63031],[11.23014,59.63081],[11.22997,59.63133]]}},{"type":"Feature","properties":{"fade":0.85,"vegkategori":"F"},"geometry":{"type":"LineString","coordinates":[[11.21068,59.9246],[11.21193,59.92479],[11.213,59.9249]]}},{"type":"Feature","properties":{"fade":0.85,"vegkategori":"F"},"geometry":{"type":"LineString","coordinates":[[11.24372,59.87694],[11.24436,59.8768],[11.24508,59.87671],[11.2458,59.87667],[11.24631,59.87669]]}},{"type":"Feature","properties":{"fade":0.85,"vegkategori":"F"},"geometry":{"type":"LineString","coordinates":[[11.23655,60.01139],[11.2387,60.01078],[11.23986,60.01049]]}},{"type":"Feature","properties":{"fade":0.85,"vegkategori":"F"},"geometry":{"type":"LineString","coordinates":[[11.29103,59.68332],[11.29047,59.68305],[11.29003,59.68279],[11.2896,59.68231]]}},{"type":"Feature","properties":{"fade":0.85,"vegkategori":"F"},"geometry":{"type":"LineString","coordinates":[[11.29085,59.67635],[11.29096,59.67658],[11.29116,59.67685],[11.29203,59.67789]]}},{"type":"Feature","properties":{"fade":0.85,"vegkategori":"F"},"geometry":{"type":"LineString","coordinates":[[11.29498,59.6396],[11.29695,59.6395]]}},{"type":"Feature","properties":{"fade":0.85,"vegkategori":"F"},"geometry":{"type":"LineString","coordinates":[[11.30137,59.66597],[11.30049,59.66648],[11.3001,59.66688],[11.29985,59.66729],[11.29908,59.66832],[11.29866,59.66881],[11.29855,59.66888]]}},{"type":"Feature","properties":{"fade":0.85,"vegkategori":"F"},"geometry":{"type":"LineString","coordinates":[[11.2975,59.75879],[11.29645,59.75888],[11.296,59.75889],[11.29515,59.75887]]}},{"type":"Feature","properties":{"fade":0.85,"vegkategori":"F"},"geometry":{"type":"LineString","coordinates":[[11.26966,60.00926],[11.27059,60.01012]]}},{"type":"Feature","properties":{"fade":0.85,"vegkategori":"F"},"geometry":{"type":"LineString","coordinates":[[11.30169,60.00078],[11.30079,60.00116],[11.30061,60.00127],[11.30052,60.00142],[11.30069,60.00163]]}},{"type":"Feature","properties":{"fade":0.85,"vegkategori":"F"},"geometry":{"type":"LineString","coordinates":[[11.30347,59.99707],[11.30492,59.9977]]}},{"type":"Feature","properties":{"fade":0.15,"vegkategori":"E"},"geometry":{"type":"LineString","coordinates":[[10.97264,59.96066],[10.97378,59.96139],[10.97453,59.96178]]}},{"type":"Feature","properties":{"fade":0.15,"vegkategori":"E"},"geometry":{"type":"LineString","coordinates":[[10.97267,59.96099],[10.97331,59.9614],[10.97411,59.96184],[10.97456,59.96203]]}},{"type":"Feature","properties":{"fade":0.15,"vegkategori":"E"},"geometry":{"type":"LineString","coordinates":[[11.02559,59.98786],[11.0266,59.98829],[11.02731,59.98865]]}},{"type":"Feature","properties":{"fade":0.15,"vegkategori":"E"},"geometry":{"type":"LineString","coordinates":[[11.02588,59.98784],[11.02711,59.98838],[11.02761,59.98863]]}},{"type":"Feature","properties":{"fade":0.05,"vegkategori":"E"},"geometry":{"type":"LineString","coordinates":[[10.97091,59.95985],[10.97147,59.96017],[10.97267,59.96099]]}},{"type":"Feature","properties":{"fade":0.05,"vegkategori":"E"},"geometry":{"type":"LineString","coordinates":[[10.97097,59.95962],[10.97189,59.96015],[10.97264,59.96066]]}},{"type":"Feature","properties":{"fade":0.05,"vegkategori":"E"},"geometry":{"type":"LineString","coordinates":[[11.02731,59.98865],[11.0281,59.9891],[11.02865,59.98948]]}},{"type":"Feature","properties":{"fade":0.05,"vegkategori":"E"},"geometry":{"type":"LineString","coordinates":[[11.02761,59.98863],[11.02806,59.98889],[11.0289,59.98947]]}},{"type":"Feature","properties":{"fade":0.85,"vegkategori":"E"},"geometry":{"type":"LineString","coordinates":[[10.98631,59.96634],[10.98699,59.96687],[10.98776,59.96758],[10.98871,59.96873],[10.9894,59.96992],[10.99026,59.97178]]}},{"type":"Feature","properties":{"fade":0.85,"vegkategori":"E"},"geometry":{"type":"LineString","coordinates":[[10.98646,59.96679],[10.98696,59.9672],[10.98748,59.96772],[10.98777,59.96802],[10.9884,59.96883],[10.98866,59.96922],[10.98914,59.97008],[10.98973,59.97135]]}},{"type":"Feature","properties":{"fade":0.75,"vegkategori":"E"},"geometry":{"type":"LineString","coordinates":[[10.98402,59.96498],[10.98458,59.96526],[10.98513,59.96558],[10.98631,59.96634]]}},{"type":"Feature","properties":{"fade":0.75,"vegkategori":"E"},"geometry":{"type":"LineString","coordinates":[[10.98412,59.96529],[10.98505,59.96581],[10.98614,59.96654],[10.98646,59.96679]]}},{"type":"Feature","properties":{"fade":0.75,"vegkategori":"E"},"geometry":{"type":"LineString","coordinates":[[10.98973,59.97135],[10.99088,59.97394]]}},{"type":"Feature","properties":{"fade":0.75,"vegkategori":"E"},"geometry":{"type":"LineString","coordinates":[[10.99026,59.97178],[10.9914,59.97436]]}}]}