{"type":"FeatureCollection","features":[{"type":"Feature","properties":{"fade":1.0},"geometry":{"type":"LineString","coordinates":[[10.9925,59.95628],[10.99225,59.95641],[10.99203,59.95646],[10.99148,59.95639],[10.99079,59.95643],[10.99031,59.95641],[10.99002,59.95634],[10.98982,59.95625]]}},{"type":"Feature","properties":{"fade":1.0},"geometry":{"type":"LineString","coordinates":[[10.99704,59.95518],[10.99666,59.955],[10.99638,59.95479],[10.996,59.95516],[10.99524,59.95553],[10.99517,59.95563]]}},{"type":"Feature","properties":{"fade":1.0},"geometry":{"type":"LineString","coordinates":[[10.99764,59.95664],[10.99789,59.95666],[10.99831,59.95655],[10.99876,59.95651],[10.99928,59.95634],[10.99928,59.95629],[10.99876,59.95579],[10.99838,59.9559],[10.99821,59.95599]]}},{"type":"Feature","properties":{"fade":1.0},"geometry":{"type":"LineString","coordinates":[[11.0015,59.95608],[11.00206,59.95611],[11.0026,59.95623],[11.00285,59.95624],[11.00313,59.9563]]}},{"type":"Feature","properties":{"fade":1.0},"geometry":{"type":"LineString","coordinates":[[11.00059,59.97518],[11.00059,59.9751],[11.00045,59.97495]]}},{"type":"Feature","properties":{"fade":1.0},"geometry":{"type":"LineString","coordinates":[[11.00042,59.97531],[11.00059,59.97518]]}},{"type":"Feature","properties":{"fade":1.0},"geometry":{"type":"LineString","coordinates":[[11.00059,59.97518],[11.00077,59.97533],[11.00071,59.97538],[11.00058,59.97539]]}},{"type":"Feature","properties":{"fade":1.0},"geometry":{"type":"LineString","coordinates":[[11.00264,59.97572],[11.00249,59.97575],[11.00222,59.97586]]}},{"type":"Feature","properties":{"fade":1.0},"geometry":{"type":"LineString","coordinates":[[11.00423,59.97449],[11.00466,59.97436],[11.00482,59.9741]]}},{"type":"Feature","properties":{"fade":1.0},"geometry":{"type":"LineString","coordinates":[[11.00479,59.97455],[11.00507,59.97441],[11.00482,59.9741]]}},{"type":"Feature","properties":{"fade":1.0},"geometry":{"type":"LineString","coordinates":[[11.00482,59.9741],[11.00489,59.97401]]}},{"type":"Feature","properties":{"fade":1.0},"geometry":{"type":"LineString","coordinates":[[11.00619,59.9755],[11.00605,59.97539],[11.00581,59.97532],[11.00516,59.97518],[11.00496,59.97509],[11.00476,59.97492],[11.00467,59.97464],[11.0047,59.97459],[11.00479,59.97455]]}},{"type":"Feature","properties":{"fade":1.0},"geometry":{"type":"LineString","coordinates":[[11.00479,59.97455],[11.00494,59.97455],[11.00509,59.97457],[11.00523,59.97456]]}},{"type":"Feature","properties":{"fade":1.0},"geometry":{"type":"LineString","coordinates":[[11.00842,59.97827],[11.00842,59.97824]]}},{"type":"Feature","properties":{"fade":1.0},"geometry":{"type":"LineString","coordinates":[[11.01089,59.9785],[11.00935,59.97851]]}},{"type":"Feature","properties":{"fade":1.0},"geometry":{"type":"LineString","coordinates":[[11.01401,59.95799],[11.01424,59.95805],[11.01456,59.95825],[11.01459,59.9583],[11.01451,59.95848],[11.01463,59.95854],[11.01484,59.95859]]}},{"type":"Feature","properties":{"fade":1.0},"geometry":{"type":"LineString","coordinates":[[11.01484,59.95859],[11.01499,59.95866]]}},{"type":"Feature","properties":{"fade":1.0},"geometry":{"type":"LineString","coordinates":[[11.01484,59.95859],[11.015,59.95844],[11.01516,59.9584],[11.01596,59.95839],[11.01627,59.95845]]}},{"type":"Feature","properties":{"fade":1.0},"geometry":{"type":"LineString","coordinates":[[11.01984,59.95405],[11.01967,59.95406],[11.0194,59.95403],[11.0187,59.95384],[11.018,59.95385],[11.01776,59.95383],[11.01753,59.95378],[11.01727,59.95367]]}},{"type":"Feature","properties":{"fade":1.0},"geometry":{"type":"LineString","coordinates":[[11.01748,59.95269],[11.01771,59.95269],[11.01783,59.95272]]}},{"type":"Feature","properties":{"fade":1.0},"geometry":{"type":"LineString","coordinates":[[11.01601,59.96516],[11.01618,59.96521],[11.01636,59.96521],[11.01661,59.96499],[11.01672,59.96475]]}},{"type":"Feature","properties":{"fade":1.0},"geometry":{"type":"LineString","coordinates":[[11.01601,59.96516],[11.01569,59.96515],[11.01555,59.96509],[11.01556,59.96504],[11.01563,59.96501],[11.01586,59.96504],[11.01601,59.96516]]}},{"type":"Feature","properties":{"fade":1.0},"geometry":{"type":"LineString","coordinates":[[11.01976,59.97611],[11.01955,59.97627],[11.01923,59.97637],[11.01906,59.97638],[11.01869,59.97633],[11.0184,59.97621]]}},{"type":"Feature","properties":{"fade":1.0},"geometry":{"type":"LineString","coordinates":[[11.0181,59.98009],[11.01815,59.97997],[11.01836,59.97969],[11.01832,59.9796],[11.01813,59.97945]]}},{"type":"Feature","properties":{"fade":1.0},"geometry":{"type":"LineString","coordinates":[[11.02139,59.9696],[11.02158,59.96985],[11.02153,59.96997]]}},{"type":"Feature","properties":{"fade":1.0},"geometry":{"type":"LineString","coordinates":[[11.02292,59.97818],[11.02319,59.97821],[11.02408,59.97843],[11.02456,59.97847]]}},{"type":"Feature","properties":{"fade":1.0},"geometry":{"type":"LineString","coordinates":[[11.02612,59.96901],[11.02589,59.96907],[11.02579,59.96912],[11.02572,59.96922],[11.02569,59.96947],[11.02665,59.9714],[11.02699,59.9731]]}},{"type":"Feature","properties":{"fade":1.0},"geometry":{"type":"LineString","coordinates":[[11.02608,59.97332],[11.02666,59.97339]]}},{"type":"Feature","properties":{"fade":1.0},"geometry":{"type":"LineString","coordinates":[[11.03195,59.93274],[11.03228,59.93277],[11.03241,59.93281],[11.03249,59.93286],[11.0326,59.93302],[11.03267,59.93319],[11.03266,59.93351],[11.03292,59.93424],[11.03314,59.93468],[11.03327,59.9348],[11.03359,59.93503],[11.03365,59.93521],[11.03363,59.93529],[11.03355,59.93533]]}},{"type":"Feature","properties":{"fade":1.0},"geometry":{"type":"LineString","coordinates":[[11.02743,59.97529],[11.02726,59.97452],[11.02704,59.97388]]}},{"type":"Feature","properties":{"fade":1.0},"geometry":{"type":"LineString","coordinates":[[11.02791,59.97783],[11.02903,59.97715],[11.02935,59.97699]]}},{"type":"Feature","properties":{"fade":1.0},"geometry":{"type":"LineString","coordinates":[[11.03249,59.96399],[11.03252,59.96404],[11.03249,59.9641],[11.03155,59.96465],[11.02978,59.96606],[11.02963,59.96615]]}},{"type":"Feature","properties":{"fade":1.0},"geometry":{"type":"LineString","coordinates":[[11.02967,59.97056],[11.03033,59.97059],[11.03107,59.97066],[11.03148,59.97068],[11.03173,59.97065],[11.03205,59.97056]]}},{"type":"Feature","properties":{"fade":1.0},"geometry":{"type":"LineString","coordinates":[[11.03557,59.92928],[11.03516,59.92928],[11.03483,59.92925]]}},{"type":"Feature","properties":{"fade":1.0},"geometry":{"type":"LineString","coordinates":[[11.03544,59.93836],[11.03538,59.93834]]}},{"type":"Feature","properties":{"fade":1.0},"geometry":{"type":"LineString","coordinates":[[11.03712,59.92806],[11.03719,59.92809],[11.03773,59.92816],[11.03788,59.92821],[11.038,59.92829],[11.03807,59.92843],[11.03844,59.92882]]}},{"type":"Feature","properties":{"fade":1.0},"geometry":{"type":"LineString","coordinates":[[11.03877,59.92722],[11.03858,59.92744],[11.03813,59.92771],[11.03796,59.92777],[11.03762,59.92784],[11.03738,59.92793]]}},{"type":"Feature","properties":{"fade":1.0},"geometry":{"type":"LineString","coordinates":[[11.03906,59.9288],[11.03829,59.92902]]}},{"type":"Feature","properties":{"fade":1.0},"geometry":{"type":"LineString","coordinates":[[11.03844,59.92882],[11.03846,59.92889]]}},{"type":"Feature","properties":{"fade":1.0},"geometry":{"type":"LineString","coordinates":[[11.03844,59.92882],[11.03906,59.9288]]}},{"type":"Feature","properties":{"fade":1.0},"geometry":{"type":"LineString","coordinates":[[11.03878,59.92722],[11.03896,59.92731],[11.0391,59.92745],[11.03918,59.9276],[11.03941,59.92772],[11.03989,59.92785],[11.04026,59.92801]]}},{"type":"Feature","properties":{"fade":1.0},"geometry":{"type":"LineString","coordinates":[[11.04026,59.92801],[11.04034,59.92808],[11.04011,59.92839],[11.03906,59.9288]]}},{"type":"Feature","properties":{"fade":1.0},"geometry":{"type":"LineString","coordinates":[[11.03329,59.97812],[11.03323,59.97809]]}},{"type":"Feature","properties":{"fade":1.0},"geometry":{"type":"LineString","coordinates":[[11.03781,59.94532],[11.03827,59.94537],[11.03837,59.94541],[11.03845,59.94549]]}},{"type":"Feature","properties":{"fade":1.0},"geometry":{"type":"LineString","coordinates":[[11.04026,59.92801],[11.04045,59.92803],[11.04179,59.92834]]}},{"type":"Feature","properties":{"fade":1.0},"geometry":{"type":"LineString","coordinates":[[11.03552,59.96833],[11.03634,59.96845],[11.03652,59.96842],[11.037,59.9683]]}},{"type":"Feature","properties":{"fade":1.0},"geometry":{"type":"LineString","coordinates":[[11.04179,59.92834],[11.0416,59.92864],[11.04158,59.92874],[11.04161,59.92889]]}},{"type":"Feature","properties":{"fade":1.0},"geometry":{"type":"LineString","coordinates":[[11.04209,59.92555],[11.04231,59.92549],[11.04245,59.92541],[11.04244,59.92537]]}},{"type":"Feature","properties":{"fade":1.0},"geometry":{"type":"LineString","coordinates":[[11.043,59.92843],[11.04223,59.9284],[11.04179,59.92834]]}},{"type":"Feature","properties":{"fade":1.0},"geometry":{"type":"LineString","coordinates":[[11.05016,59.92832],[11.04983,59.92834],[11.04885,59.92835],[11.04802,59.92846],[11.04783,59.92847],[11.04715,59.92833],[11.04683,59.92833],[11.0462,59.92839],[11.04585,59.92843],[11.04564,59.92848],[11.04488,59.92878],[11.04447,59.92889]]}},{"type":"Feature","properties":{"fade":1.0},"geometry":{"type":"LineString","coordinates":[[11.04579,59.92936],[11.04604,59.92918],[11.0467,59.92878],[11.0474,59.92887]]}},{"type":"Feature","properties":{"fade":1.0},"geometry":{"type":"LineString","coordinates":[[11.04691,59.93463],[11.04716,59.93462],[11.04753,59.93448],[11.04813,59.93444],[11.04842,59.93431],[11.04864,59.93425],[11.04904,59.93422],[11.04938,59.93424]]}},{"type":"Feature","properties":{"fade":1.0},"geometry":{"type":"LineString","coordinates":[[11.04736,59.94217],[11.04763,59.94223],[11.04785,59.94237],[11.04812,59.94238],[11.04817,59.9424]]}},{"type":"Feature","properties":{"fade":1.0},"geometry":{"type":"LineString","coordinates":[[11.05,59.92017],[11.05065,59.92013],[11.05126,59.92006],[11.05147,59.91999],[11.05169,59.91985]]}},{"type":"Feature","properties":{"fade":1.0},"geometry":{"type":"LineString","coordinates":[[11.04938,59.93424],[11.04912,59.93437],[11.04917,59.93462],[11.04912,59.93478],[11.04873,59.93506]]}},{"type":"Feature","properties":{"fade":1.0},"geometry":{"type":"LineString","coordinates":[[11.04978,59.9286],[11.04994,59.92844],[11.05016,59.92832]]}},{"type":"Feature","properties":{"fade":1.0},"geometry":{"type":"LineString","coordinates":[[11.04938,59.93424],[11.05019,59.93431],[11.05077,59.93441],[11.05129,59.93433],[11.05171,59.93431],[11.05199,59.93436],[11.0523,59.93435],[11.05268,59.93438],[11.05336,59.93438],[11.05369,59.93445],[11.05443,59.93454],[11.05556,59.93439],[11.05607,59.93429],[11.05655,59.93409],[11.05674,59.93405],[11.0571,59.93406],[11.05733,59.93398]]}},{"type":"Feature","properties":{"fade":1.0},"geometry":{"type":"LineString","coordinates":[[11.05789,59.93305],[11.05758,59.93292],[11.05731,59.93286],[11.05686,59.93283],[11.0566,59.93279],[11.05549,59.93287],[11.05507,59.93297],[11.05437,59.9331],[11.05389,59.93325],[11.05374,59.93335],[11.05364,59.93352],[11.05357,59.93356],[11.05326,59.93358],[11.05291,59.9335],[11.05263,59.93346],[11.05164,59.93356],[11.05029,59.93386],[11.04993,59.93403],[11.04938,59.93424]]}},{"type":"Feature","properties":{"fade":1.0},"geometry":{"type":"LineString","coordinates":[[11.05706,59.9255],[11.05702,59.92569],[11.05687,59.92595],[11.05651,59.92621],[11.05608,59.92645],[11.05516,59.92663],[11.05476,59.92664],[11.05455,59.92668],[11.05435,59.92676],[11.05403,59.92693],[11.05367,59.92703],[11.05361,59.92708],[11.05359,59.92729],[11.05345,59.92744],[11.0529,59.92766],[11.05209,59.92781],[11.05156,59.92789],[11.05135,59.92797],[11.05099,59.92803],[11.05044,59.92824],[11.05016,59.92832]]}},{"type":"Feature","properties":{"fade":1.0},"geometry":{"type":"LineString","coordinates":[[11.05276,59.9217],[11.05183,59.92181],[11.05137,59.92201]]}},{"type":"Feature","properties":{"fade":1.0},"geometry":{"type":"LineString","coordinates":[[11.05276,59.9217],[11.05262,59.92179],[11.05248,59.92198],[11.05236,59.92245],[11.05217,59.92259],[11.0519,59.92272],[11.05185,59.9228],[11.05186,59.92305],[11.05192,59.92313],[11.05211,59.92327]]}},{"type":"Feature","properties":{"fade":1.0},"geometry":{"type":"LineString","coordinates":[[11.05312,59.92274],[11.053,59.92258],[11.05291,59.9222],[11.05294,59.92194],[11.05302,59.92174],[11.05294,59.92169],[11.05276,59.9217]]}},{"type":"Feature","properties":{"fade":1.0},"geometry":{"type":"LineString","coordinates":[[11.05009,59.94685],[11.05006,59.94755],[11.05086,59.94757],[11.05101,59.94764]]}},{"type":"Feature","properties":{"fade":1.0},"geometry":{"type":"LineString","coordinates":[[11.0522,59.9301],[11.05254,59.93002],[11.05279,59.92999],[11.05301,59.93],[11.05334,59.9301],[11.05369,59.93014],[11.05436,59.93031],[11.05467,59.93036],[11.05554,59.93041],[11.05595,59.93052],[11.05621,59.93063],[11.05629,59.93072],[11.05633,59.93094],[11.05625,59.9311],[11.05626,59.93116],[11.05642,59.9313],[11.05655,59.93155],[11.0567,59.93163],[11.057,59.93158],[11.05707,59.93154],[11.05713,59.93146],[11.05717,59.93111],[11.0574,59.93093],[11.05754,59.93078],[11.05774,59.93076],[11.05787,59.9308],[11.05796,59.93095],[11.05796,59.93111],[11.05808,59.93138],[11.05797,59.93169],[11.05803,59.93191],[11.05796,59.93222],[11.05799,59.93243],[11.05796,59.93255],[11.05786,59.93268],[11.05781,59.93283],[11.05789,59.93305]]}},{"type":"Feature","properties":{"fade":1.0},"geometry":{"type":"LineString","coordinates":[[11.05101,59.94764],[11.05027,59.94763],[11.05014,59.94761]]}},{"type":"Feature","properties":{"fade":1.0},"geometry":{"type":"LineString","coordinates":[[11.05384,59.92323],[11.05372,59.92313],[11.05324,59.92293],[11.05312,59.92274]]}},{"type":"Feature","properties":{"fade":1.0},"geometry":{"type":"LineString","coordinates":[[11.05312,59.92274],[11.05379,59.92265]]}},{"type":"Feature","properties":{"fade":1.0},"geometry":{"type":"LineString","coordinates":[[11.0491,59.9765],[11.04703,59.97672]]}},{"type":"Feature","properties":{"fade":1.0},"geometry":{"type":"LineString","coordinates":[[11.05384,59.92323],[11.05472,59.92347],[11.05512,59.9235]]}},{"type":"Feature","properties":{"fade":1.0},"geometry":{"type":"LineString","coordinates":[[11.05508,59.92371],[11.05494,59.92375],[11.05481,59.92375],[11.05463,59.92373],[11.05441,59.92365],[11.05413,59.9235],[11.05384,59.92323]]}},{"type":"Feature","properties":{"fade":1.0},"geometry":{"type":"LineString","coordinates":[[11.05201,59.94725],[11.05158,59.9474],[11.05126,59.94756],[11.05101,59.94764]]}},{"type":"Feature","properties":{"fade":1.0},"geometry":{"type":"LineString","coordinates":[[11.05156,59.94645],[11.05231,59.94613],[11.05266,59.94602],[11.05285,59.94599],[11.05315,59.94602],[11.05335,59.94608],[11.05348,59.94612],[11.05362,59.94622],[11.05362,59.94641],[11.0535,59.94651],[11.05248,59.94699],[11.05201,59.94725]]}},{"type":"Feature","properties":{"fade":1.0},"geometry":{"type":"LineString","coordinates":[[11.05166,59.94721],[11.05201,59.94725]]}},{"type":"Feature","properties":{"fade":1.0},"geometry":{"type":"LineString","coordinates":[[11.0543,59.92579],[11.05421,59.92585]]}},{"type":"Feature","properties":{"fade":1.0},"geometry":{"type":"LineString","coordinates":[[11.05596,59.91421],[11.05653,59.91445],[11.05674,59.91457],[11.05695,59.9148],[11.05698,59.91495]]}},{"type":"Feature","properties":{"fade":1.0},"geometry":{"type":"LineString","coordinates":[[11.05508,59.92371],[11.05524,59.92393],[11.05533,59.92417],[11.05546,59.9243],[11.05565,59.92441],[11.05615,59.92462],[11.05619,59.92471],[11.05619,59.92492],[11.05628,59.92503],[11.05669,59.92525],[11.05684,59.9253],[11.05705,59.92532]]}},{"type":"Feature","properties":{"fade":1.0},"geometry":{"type":"LineString","coordinates":[[11.05543,59.92352],[11.05508,59.92371]]}},{"type":"Feature","properties":{"fade":1.0},"geometry":{"type":"LineString","coordinates":[[11.05512,59.9235],[11.05543,59.92352]]}},{"type":"Feature","properties":{"fade":1.0},"geometry":{"type":"LineString","coordinates":[[11.05512,59.9235],[11.05501,59.92344],[11.05495,59.92336],[11.05498,59.92267],[11.05503,59.92252],[11.05517,59.92239],[11.05522,59.92238],[11.05543,59.92241],[11.05581,59.92251]]}},{"type":"Feature","properties":{"fade":1.0},"geometry":{"type":"LineString","coordinates":[[11.05829,59.92376],[11.05799,59.92358],[11.05752,59.9234],[11.05741,59.92331],[11.0574,59.92323],[11.05768,59.92288],[11.05777,59.92265],[11.05777,59.92254],[11.05747,59.9224],[11.05731,59.92241],[11.05688,59.92275],[11.05643,59.92304],[11.05543,59.92352]]}},{"type":"Feature","properties":{"fade":1.0},"geometry":{"type":"LineString","coordinates":[[11.05705,59.92532],[11.05738,59.92491],[11.05778,59.92463],[11.05777,59.92451]]}},{"type":"Feature","properties":{"fade":1.0},"geometry":{"type":"LineString","coordinates":[[11.05705,59.92532],[11.05722,59.92531],[11.05735,59.92526],[11.05794,59.92498],[11.05852,59.92489],[11.0581,59.92465],[11.05777,59.92451]]}},{"type":"Feature","properties":{"fade":1.0},"geometry":{"type":"LineString","coordinates":[[11.05961,59.91953],[11.05961,59.91973],[11.05976,59.91986],[11.05978,59.91993],[11.05966,59.92003],[11.05929,59.9201],[11.05927,59.92023],[11.0593,59.92028],[11.05986,59.92058],[11.05992,59.92071],[11.05991,59.92094],[11.05983,59.92098],[11.05952,59.92102],[11.05932,59.9209],[11.05908,59.92085],[11.05882,59.92091],[11.05854,59.92092],[11.05818,59.92089],[11.05803,59.9209],[11.05778,59.92086],[11.05764,59.92093]]}},{"type":"Feature","properties":{"fade":1.0},"geometry":{"type":"LineString","coordinates":[[11.058,59.91894],[11.05818,59.91903],[11.05859,59.91929],[11.0592,59.91933],[11.05949,59.91943],[11.05961,59.91953]]}},{"type":"Feature","properties":{"fade":1.0},"geometry":{"type":"LineString","coordinates":[[11.05735,59.92637],[11.05735,59.92636]]}},{"type":"Feature","properties":{"fade":1.0},"geometry":{"type":"LineString","coordinates":[[11.05777,59.92451],[11.05743,59.92434],[11.05743,59.92424],[11.05751,59.92417],[11.05829,59.92376]]}},{"type":"Feature","properties":{"fade":1.0},"geometry":{"type":"LineString","coordinates":[[11.05313,59.97348],[11.05297,59.97338],[11.05266,59.97328],[11.05246,59.9731],[11.05209,59.97297]]}},{"type":"Feature","properties":{"fade":1.0},"geometry":{"type":"LineString","coordinates":[[11.05733,59.93398],[11.0572,59.9341],[11.05707,59.93415],[11.05701,59.93421],[11.05685,59.93425]]}},{"type":"Feature","properties":{"fade":1.0},"geometry":{"type":"LineString","coordinates":[[11.05829,59.92376],[11.05859,59.92365],[11.05877,59.92363],[11.05893,59.92363]]}},{"type":"Feature","properties":{"fade":1.0},"geometry":{"type":"LineString","coordinates":[[11.05892,59.93331],[11.05884,59.9334],[11.05815,59.93371],[11.05791,59.93379],[11.05766,59.93381],[11.05733,59.93398]]}},{"type":"Feature","properties":{"fade":1.0},"geometry":{"type":"LineString","coordinates":[[11.05874,59.93326],[11.05849,59.93331],[11.05823,59.93329],[11.05813,59.93325],[11.05789,59.93305]]}},{"type":"Feature","properties":{"fade":1.0},"geometry":{"type":"LineString","coordinates":[[11.05961,59.91953],[11.05978,59.91959],[11.06008,59.91962]]}},{"type":"Feature","properties":{"fade":1.0},"geometry":{"type":"LineString","coordinates":[[11.06279,59.90896],[11.06289,59.90899],[11.06301,59.909],[11.06318,59.90894],[11.06405,59.90846],[11.06434,59.90823],[11.06446,59.9079],[11.06477,59.90748],[11.06487,59.90727],[11.06534,59.90697],[11.06542,59.90686],[11.06556,59.90675],[11.06581,59.90641],[11.06583,59.90612],[11.0659,59.90587],[11.06585,59.90572],[11.06589,59.90547],[11.06602,59.90529],[11.0661,59.9051],[11.06616,59.90508],[11.06635,59.90508],[11.06675,59.90509],[11.06722,59.90505],[11.06786,59.9049],[11.06895,59.90497],[11.0706,59.90518],[11.07134,59.90521]]}},{"type":"Feature","properties":{"fade":1.0},"geometry":{"type":"LineString","coordinates":[[11.0765,59.86916],[11.07622,59.86903],[11.07613,59.86897],[11.07586,59.86854],[11.07574,59.8681],[11.07576,59.86797],[11.0756,59.8677],[11.07559,59.86746],[11.07554,59.86742],[11.07521,59.86726],[11.07497,59.86722],[11.07451,59.86728],[11.07359,59.86734],[11.07337,59.8673],[11.07298,59.86714],[11.07305,59.86685],[11.07289,59.86659],[11.07286,59.86647],[11.07289,59.86629],[11.07317,59.86587],[11.0732,59.86579],[11.07316,59.86571],[11.07303,59.86566],[11.07292,59.86567],[11.07279,59.86572],[11.07251,59.86589],[11.07239,59.86593],[11.07175,59.86605],[11.07152,59.86603],[11.07118,59.86589],[11.07107,59.8658],[11.07094,59.86559],[11.07083,59.86549],[11.07033,59.86536],[11.07026,59.86532],[11.07017,59.86523],[11.07001,59.86486],[11.06977,59.86463],[11.06955,59.86428],[11.06928,59.86393],[11.06895,59.86385],[11.06869,59.86388]]}},{"type":"Feature","properties":{"fade":1.0},"geometry":{"type":"LineString","coordinates":[[11.06687,59.88002],[11.06713,59.88004]]}},{"type":"Feature","properties":{"fade":1.0},"geometry":{"type":"LineString","coordinates":[[11.0691,59.87688],[11.06924,59.87685],[11.06913,59.87699],[11.06914,59.87708],[11.06926,59.87727],[11.06951,59.87746],[11.06971,59.87754],[11.07021,59.87745],[11.07038,59.87745],[11.07064,59.87751],[11.07079,59.87761],[11.07099,59.87782],[11.07119,59.87808]]}},{"type":"Feature","properties":{"fade":1.0},"geometry":{"type":"LineString","coordinates":[[11.06621,59.91112],[11.06632,59.91115],[11.06659,59.91114],[11.06664,59.91117],[11.06684,59.91147],[11.06699,59.91157],[11.0671,59.91159],[11.06774,59.91163],[11.06837,59.91175],[11.06854,59.91182],[11.06879,59.91186],[11.06969,59.91215],[11.07025,59.91267],[11.07091,59.91311],[11.07127,59.91346]]}},{"type":"Feature","properties":{"fade":1.0},"geometry":{"type":"LineString","coordinates":[[11.07047,59.88126],[11.07039,59.88119],[11.07036,59.88105],[11.07022,59.88091],[11.07023,59.88064],[11.07019,59.88055]]}},{"type":"Feature","properties":{"fade":1.0},"geometry":{"type":"LineString","coordinates":[[11.07689,59.8735],[11.07635,59.87333],[11.0758,59.87296],[11.0757,59.87283],[11.07556,59.87253],[11.0755,59.87228],[11.07543,59.87223],[11.07415,59.87214],[11.07367,59.87202],[11.07309,59.872],[11.07247,59.87194],[11.07185,59.87192]]}},{"type":"Feature","properties":{"fade":1.0},"geometry":{"type":"LineString","coordinates":[[11.06717,59.91289],[11.06711,59.91295],[11.06711,59.91311],[11.06724,59.91348],[11.06738,59.91365],[11.06758,59.91379],[11.06837,59.91399],[11.06917,59.91384],[11.06964,59.91365],[11.07015,59.91349],[11.07069,59.91344],[11.07127,59.91346]]}},{"type":"Feature","properties":{"fade":1.0},"geometry":{"type":"LineString","coordinates":[[11.07075,59.88325],[11.07083,59.88306],[11.07108,59.88292],[11.07116,59.88276],[11.07147,59.88247],[11.07178,59.88208],[11.07184,59.88208],[11.07189,59.88213],[11.072,59.88248],[11.07216,59.88262]]}},{"type":"Feature","properties":{"fade":1.0},"geometry":{"type":"LineString","coordinates":[[11.07366,59.90947],[11.07339,59.90954],[11.07301,59.90957],[11.07283,59.90965],[11.07246,59.90994],[11.07238,59.91002],[11.07231,59.9105],[11.07197,59.91063],[11.07179,59.91063],[11.07143,59.91052],[11.071,59.91049],[11.07039,59.91025],[11.06972,59.90982],[11.06928,59.90961],[11.06882,59.90943],[11.06862,59.9091],[11.06776,59.90876]]}},{"type":"Feature","properties":{"fade":1.0},"geometry":{"type":"LineString","coordinates":[[11.07014,59.92425],[11.06941,59.92407],[11.06796,59.92398],[11.06741,59.92387],[11.06715,59.92393],[11.06703,59.92393],[11.0667,59.92386],[11.06654,59.92375]]}},{"type":"Feature","properties":{"fade":1.0},"geometry":{"type":"LineString","coordinates":[[11.07544,59.85577],[11.07533,59.8557],[11.07528,59.85556],[11.07504,59.85533],[11.07486,59.85504]]}},{"type":"Feature","properties":{"fade":1.0},"geometry":{"type":"LineString","coordinates":[[11.07486,59.85504],[11.07508,59.85472],[11.07525,59.85434]]}},{"type":"Feature","properties":{"fade":1.0},"geometry":{"type":"LineString","coordinates":[[11.07486,59.85504],[11.07509,59.85496],[11.07524,59.85486],[11.07536,59.85482],[11.07557,59.85481]]}},{"type":"Feature","properties":{"fade":1.0},"geometry":{"type":"LineString","coordinates":[[11.07529,59.85428],[11.07539,59.85422],[11.0755,59.85406],[11.07566,59.85392],[11.07616,59.85354]]}},{"type":"Feature","properties":{"fade":1.0},"geometry":{"type":"LineString","coordinates":[[11.06678,59.9279],[11.06727,59.92794],[11.06742,59.92803],[11.06763,59.92825],[11.0676,59.92831],[11.0675,59.92833]]}},{"type":"Feature","properties":{"fade":1.0},"geometry":{"type":"LineString","coordinates":[[11.06678,59.9279],[11.06652,59.92812],[11.06647,59.9282],[11.06651,59.92829],[11.06673,59.92834]]}},{"type":"Feature","properties":{"fade":1.0},"geometry":{"type":"LineString","coordinates":[[11.06697,59.92743],[11.06699,59.92764],[11.06678,59.9279]]}},{"type":"Feature","properties":{"fade":1.0},"geometry":{"type":"LineString","coordinates":[[11.07705,59.88676],[11.07689,59.88682],[11.07656,59.88689],[11.0764,59.88688],[11.07637,59.88682],[11.0765,59.8867],[11.0765,59.88653],[11.07628,59.88628],[11.07634,59.88605],[11.07626,59.8857],[11.07619,59.88563],[11.07583,59.88552],[11.07569,59.88543],[11.07532,59.8854],[11.07521,59.88533],[11.07513,59.88524],[11.07513,59.88491],[11.07537,59.88468],[11.07528,59.88447],[11.07534,59.88435],[11.07531,59.88418],[11.07538,59.8841],[11.07562,59.88394],[11.07564,59.88391],[11.07558,59.88384],[11.07545,59.88374],[11.07533,59.88372],[11.07505,59.88374],[11.0747,59.88379],[11.07454,59.88368],[11.07445,59.88349],[11.07418,59.8834],[11.07394,59.88338],[11.07387,59.88334],[11.07372,59.88318],[11.07353,59.88315],[11.0732,59.88306],[11.07284,59.88288],[11.07249,59.88283],[11.0723,59.88273],[11.07216,59.88262]]}},{"type":"Feature","properties":{"fade":1.0},"geometry":{"type":"LineString","coordinates":[[11.07238,59.88341],[11.07212,59.88343],[11.07202,59.88342],[11.07189,59.88326],[11.07204,59.88303],[11.07227,59.88289],[11.07227,59.88283],[11.07215,59.88269],[11.07216,59.88262]]}},{"type":"Feature","properties":{"fade":1.0},"geometry":{"type":"LineString","coordinates":[[11.07532,59.8562],[11.07528,59.85605],[11.0753,59.85588],[11.07544,59.85577]]}},{"type":"Feature","properties":{"fade":1.0},"geometry":{"type":"LineString","coordinates":[[11.06723,59.92493],[11.06745,59.92501],[11.06792,59.92532],[11.06813,59.92558]]}},{"type":"Feature","properties":{"fade":1.0},"geometry":{"type":"LineString","coordinates":[[11.07544,59.85577],[11.07561,59.85571],[11.07597,59.85548],[11.07614,59.85527],[11.07618,59.85502],[11.07646,59.85469],[11.07631,59.85435],[11.07643,59.8539],[11.07616,59.85354]]}},{"type":"Feature","properties":{"fade":1.0},"geometry":{"type":"LineString","coordinates":[[11.06697,59.92743],[11.0675,59.92768],[11.06769,59.92773],[11.06819,59.92762],[11.06876,59.92754]]}},{"type":"Feature","properties":{"fade":1.0},"geometry":{"type":"LineString","coordinates":[[11.06697,59.92743],[11.06688,59.92729],[11.06704,59.9269],[11.06731,59.92667],[11.06769,59.92654],[11.06771,59.9263],[11.0679,59.92599],[11.06795,59.92582],[11.068,59.92576],[11.06836,59.92565]]}},{"type":"Feature","properties":{"fade":1.0},"geometry":{"type":"LineString","coordinates":[[11.06467,59.94957],[11.06477,59.94956],[11.06481,59.94958],[11.06534,59.95015]]}},{"type":"Feature","properties":{"fade":1.0},"geometry":{"type":"LineString","coordinates":[[11.07616,59.85354],[11.07605,59.8534]]}},{"type":"Feature","properties":{"fade":1.0},"geometry":{"type":"LineString","coordinates":[[11.08156,59.85332],[11.08147,59.85356],[11.08122,59.8538],[11.08053,59.85433],[11.08036,59.8544],[11.08022,59.85442],[11.07983,59.85433],[11.07972,59.85432],[11.07945,59.8544],[11.07931,59.8545],[11.07897,59.85465],[11.07857,59.85479],[11.07827,59.85493],[11.07784,59.85503],[11.07764,59.8551],[11.07757,59.85527],[11.07707,59.85557],[11.07689,59.85576],[11.07688,59.85596],[11.07704,59.85611],[11.0771,59.85625],[11.077,59.8564],[11.07673,59.85667],[11.07639,59.85673],[11.07614,59.85688]]}},{"type":"Feature","properties":{"fade":1.0},"geometry":{"type":"LineString","coordinates":[[11.06876,59.92754],[11.06863,59.9275],[11.06843,59.92738],[11.06804,59.92737]]}},{"type":"Feature","properties":{"fade":1.0},"geometry":{"type":"LineString","coordinates":[[11.0698,59.92591],[11.06945,59.92585],[11.06889,59.92587],[11.06867,59.92583],[11.06844,59.92583],[11.06843,59.92581]]}},{"type":"Feature","properties":{"fade":1.0},"geometry":{"type":"LineString","coordinates":[[11.07134,59.90521],[11.07125,59.90512],[11.07115,59.90485]]}},{"type":"Feature","properties":{"fade":1.0},"geometry":{"type":"LineString","coordinates":[[11.07134,59.90521],[11.07168,59.90522],[11.07178,59.90525],[11.07246,59.90573],[11.07276,59.90602],[11.073,59.90644],[11.07334,59.90666],[11.07355,59.90702],[11.07369,59.90712],[11.07423,59.90734]]}},{"type":"Feature","properties":{"fade":1.0},"geometry":{"type":"LineString","coordinates":[[11.06987,59.92692],[11.06948,59.92735],[11.06934,59.9274],[11.06891,59.92746],[11.06876,59.92754]]}},{"type":"Feature","properties":{"fade":1.0},"geometry":{"type":"LineString","coordinates":[[11.06626,59.96146],[11.06556,59.96089],[11.06548,59.96089],[11.06505,59.96101],[11.06483,59.96083]]}},{"type":"Feature","properties":{"fade":1.0},"geometry":{"type":"LineString","coordinates":[[11.0765,59.86916],[11.07612,59.86929]]}},{"type":"Feature","properties":{"fade":1.0},"geometry":{"type":"LineString","coordinates":[[11.07717,59.86908],[11.0771,59.86914],[11.07695,59.86917],[11.0765,59.86916]]}},{"type":"Feature","properties":{"fade":1.0},"geometry":{"type":"LineString","coordinates":[[11.07127,59.91346],[11.07187,59.91352],[11.07214,59.91351],[11.07254,59.91345],[11.07331,59.91329],[11.07392,59.91311],[11.07441,59.91308],[11.07464,59.91305],[11.07526,59.91303],[11.07615,59.91282],[11.07664,59.91277],[11.07675,59.91273],[11.07702,59.91258],[11.07727,59.91252]]}},{"type":"Feature","properties":{"fade":1.0},"geometry":{"type":"LineString","coordinates":[[11.07318,59.90936],[11.07289,59.90934],[11.07214,59.90943],[11.07197,59.90939]]}},{"type":"Feature","properties":{"fade":1.0},"geometry":{"type":"LineString","coordinates":[[11.07717,59.86908],[11.07705,59.86909],[11.0769,59.86913]]}},{"type":"Feature","properties":{"fade":1.0},"geometry":{"type":"LineString","coordinates":[[11.07689,59.8735],[11.07696,59.87337],[11.07677,59.87291],[11.07685,59.87258],[11.07662,59.87229]]}},{"type":"Feature","properties":{"fade":1.0},"geometry":{"type":"LineString","coordinates":[[11.07756,59.86775],[11.07756,59.86792],[11.07738,59.86879],[11.07717,59.86908]]}},{"type":"Feature","properties":{"fade":1.0},"geometry":{"type":"LineString","coordinates":[[11.07982,59.87397],[11.07976,59.8739],[11.0796,59.87382],[11.07935,59.87378],[11.07905,59.87386],[11.07855,59.87413],[11.0783,59.87416],[11.07794,59.87407],[11.07747,59.87406],[11.07726,59.874],[11.07715,59.87391],[11.07689,59.8735]]}},{"type":"Feature","properties":{"fade":1.0},"geometry":{"type":"LineString","coordinates":[[11.07318,59.90936],[11.07366,59.90947]]}},{"type":"Feature","properties":{"fade":1.0},"geometry":{"type":"LineString","coordinates":[[11.07423,59.90734],[11.07384,59.90747],[11.0737,59.90768],[11.07351,59.90785],[11.07308,59.90875],[11.07302,59.90904],[11.0731,59.90912],[11.07318,59.90936]]}},{"type":"Feature","properties":{"fade":1.0},"geometry":{"type":"LineString","coordinates":[[11.07366,59.90947],[11.07395,59.9095],[11.07428,59.90969],[11.07471,59.90983],[11.07512,59.90989],[11.07567,59.90992],[11.07578,59.90996],[11.07612,59.9102],[11.07645,59.91032],[11.07693,59.91055],[11.07725,59.91088]]}},{"type":"Feature","properties":{"fade":1.0},"geometry":{"type":"LineString","coordinates":[[11.07423,59.90734],[11.07504,59.90746],[11.07537,59.90761],[11.07568,59.90765],[11.07593,59.90771],[11.07629,59.90802],[11.07648,59.90853],[11.07641,59.90873],[11.07687,59.90928],[11.07705,59.90956],[11.0771,59.91002],[11.07729,59.91052],[11.07725,59.91088]]}},{"type":"Feature","properties":{"fade":1.0},"geometry":{"type":"LineString","coordinates":[[11.07875,59.87411],[11.07894,59.87411],[11.07921,59.87417],[11.07957,59.87438],[11.07985,59.87445]]}},{"type":"Feature","properties":{"fade":1.0},"geometry":{"type":"LineString","coordinates":[[11.07717,59.89276],[11.07755,59.89282],[11.07782,59.89295],[11.0779,59.89302],[11.07807,59.89333],[11.07814,59.89354],[11.07814,59.89384],[11.07825,59.89391],[11.07838,59.89395]]}},{"type":"Feature","properties":{"fade":1.0},"geometry":{"type":"LineString","coordinates":[[11.07383,59.92207],[11.07396,59.92207],[11.07439,59.92185]]}},{"type":"Feature","properties":{"fade":1.0},"geometry":{"type":"LineString","coordinates":[[11.07877,59.88284],[11.07902,59.88245],[11.07896,59.88233],[11.07883,59.88222],[11.07877,59.88212],[11.07846,59.88185],[11.07841,59.88165],[11.07844,59.88159],[11.07855,59.88151],[11.07855,59.88134],[11.07884,59.88099],[11.07884,59.88069],[11.07887,59.88064],[11.07918,59.88047],[11.07932,59.88032],[11.07958,59.8802],[11.07976,59.88005],[11.07997,59.88],[11.08028,59.88],[11.0805,59.87997],[11.08062,59.87993]]}},{"type":"Feature","properties":{"fade":1.0},"geometry":{"type":"LineString","coordinates":[[11.08008,59.87529],[11.08,59.87527],[11.07981,59.87514],[11.07975,59.87504],[11.07976,59.87492],[11.07989,59.8747]]}},{"type":"Feature","properties":{"fade":1.0},"geometry":{"type":"LineString","coordinates":[[11.07209,59.94676],[11.07172,59.9469]]}},{"type":"Feature","properties":{"fade":1.0},"geometry":{"type":"LineString","coordinates":[[11.07209,59.94676],[11.07227,59.94656]]}},{"type":"Feature","properties":{"fade":1.0},"geometry":{"type":"LineString","coordinates":[[11.075,59.94765],[11.07443,59.9473],[11.07394,59.94711],[11.07366,59.94703],[11.07227,59.94676],[11.07209,59.94676]]}},{"type":"Feature","properties":{"fade":1.0},"geometry":{"type":"LineString","coordinates":[[11.07838,59.89395],[11.07872,59.89402],[11.07904,59.89402]]}},{"type":"Feature","properties":{"fade":1.0},"geometry":{"type":"LineString","coordinates":[[11.07838,59.89395],[11.07842,59.89406],[11.07858,59.8942],[11.07893,59.89431]]}},{"type":"Feature","properties":{"fade":1.0},"geometry":{"type":"LineString","coordinates":[[11.08449,59.87744],[11.08402,59.87746],[11.08319,59.87756],[11.08251,59.87757],[11.0824,59.87754],[11.08214,59.8774],[11.08192,59.87721],[11.08187,59.87708],[11.08208,59.87644],[11.08194,59.87608],[11.08147,59.87562],[11.08106,59.87543],[11.08091,59.87539],[11.08072,59.87537]]}},{"type":"Feature","properties":{"fade":1.0},"geometry":{"type":"LineString","coordinates":[[11.08166,59.86776],[11.08241,59.86856],[11.08246,59.86869],[11.08246,59.86895]]}},{"type":"Feature","properties":{"fade":1.0},"geometry":{"type":"LineString","coordinates":[[11.08251,59.86168],[11.08286,59.86171],[11.08401,59.8619],[11.08487,59.86196],[11.08556,59.86209],[11.08596,59.86219],[11.08702,59.86228],[11.08745,59.86247]]}},{"type":"Feature","properties":{"fade":1.0},"geometry":{"type":"LineString","coordinates":[[11.08062,59.87993],[11.08067,59.87974],[11.08076,59.87965]]}},{"type":"Feature","properties":{"fade":1.0},"geometry":{"type":"LineString","coordinates":[[11.08068,59.87992],[11.08062,59.87993]]}},{"type":"Feature","properties":{"fade":1.0},"geometry":{"type":"LineString","coordinates":[[11.07893,59.89431],[11.0792,59.89443],[11.07951,59.8947],[11.0797,59.89476]]}},{"type":"Feature","properties":{"fade":1.0},"geometry":{"type":"LineString","coordinates":[[11.07904,59.89402],[11.07893,59.89431]]}},{"type":"Feature","properties":{"fade":1.0},"geometry":{"type":"LineString","coordinates":[[11.08068,59.87992],[11.08075,59.88004],[11.08062,59.88042]]}},{"type":"Feature","properties":{"fade":1.0},"geometry":{"type":"LineString","coordinates":[[11.08076,59.87965],[11.08091,59.8797],[11.08097,59.87977],[11.08091,59.87988],[11.08068,59.87992]]}},{"type":"Feature","properties":{"fade":1.0},"geometry":{"type":"LineString","coordinates":[[11.07904,59.89402],[11.07929,59.89403],[11.07944,59.89405],[11.07965,59.89416],[11.0797,59.89423],[11.07973,59.89444],[11.0797,59.89476]]}},{"type":"Feature","properties":{"fade":1.0},"geometry":{"type":"LineString","coordinates":[[11.08076,59.87965],[11.08071,59.87946],[11.08075,59.87935],[11.08124,59.87907]]}},{"type":"Feature","properties":{"fade":1.0},"geometry":{"type":"LineString","coordinates":[[11.08379,59.85502],[11.08379,59.85468],[11.08392,59.85422]]}},{"type":"Feature","properties":{"fade":1.0},"geometry":{"type":"LineString","coordinates":[[11.08392,59.85422],[11.08392,59.85414]]}},{"type":"Feature","properties":{"fade":1.0},"geometry":{"type":"LineString","coordinates":[[11.08392,59.85422],[11.08416,59.85433],[11.08459,59.85444],[11.08472,59.8545],[11.08604,59.85474]]}},{"type":"Feature","properties":{"fade":1.0},"geometry":{"type":"LineString","coordinates":[[11.07725,59.91088],[11.07744,59.91119],[11.07757,59.91129]]}},{"type":"Feature","properties":{"fade":1.0},"geometry":{"type":"LineString","coordinates":[[11.07757,59.91129],[11.07767,59.91139],[11.07778,59.91164],[11.07775,59.91212],[11.07787,59.91237]]}},{"type":"Feature","properties":{"fade":1.0},"geometry":{"type":"LineString","coordinates":[[11.07909,59.91029],[11.07915,59.91071],[11.07903,59.91089],[11.07887,59.91094],[11.0786,59.91096],[11.07823,59.91104],[11.07797,59.91113],[11.07778,59.91117],[11.07757,59.91129]]}},{"type":"Feature","properties":{"fade":1.0},"geometry":{"type":"LineString","coordinates":[[11.07941,59.90128],[11.07932,59.9011],[11.07897,59.90076]]}},{"type":"Feature","properties":{"fade":1.0},"geometry":{"type":"LineString","coordinates":[[11.0797,59.89476],[11.0798,59.89503],[11.07995,59.8958],[11.08001,59.8959],[11.08017,59.89602],[11.0807,59.89621]]}},{"type":"Feature","properties":{"fade":1.0},"geometry":{"type":"LineString","coordinates":[[11.08104,59.89682],[11.08047,59.8971],[11.07983,59.89728],[11.07974,59.89739],[11.07968,59.89765],[11.07961,59.89774]]}},{"type":"Feature","properties":{"fade":1.0},"geometry":{"type":"LineString","coordinates":[[11.08399,59.86254],[11.0841,59.86254]]}},{"type":"Feature","properties":{"fade":1.0},"geometry":{"type":"LineString","coordinates":[[11.08213,59.88102],[11.08197,59.88095],[11.08188,59.88087],[11.08193,59.88066],[11.08178,59.88054],[11.08184,59.88034],[11.08188,59.88028],[11.08225,59.88014],[11.08265,59.87991]]}},{"type":"Feature","properties":{"fade":1.0},"geometry":{"type":"LineString","coordinates":[[11.07851,59.92692],[11.07774,59.92671],[11.07699,59.92664]]}},{"type":"Feature","properties":{"fade":1.0},"geometry":{"type":"LineString","coordinates":[[11.0807,59.89621],[11.08076,59.89629],[11.08077,59.89653],[11.0808,59.89661],[11.08087,59.8967],[11.08104,59.89682]]}},{"type":"Feature","properties":{"fade":1.0},"geometry":{"type":"LineString","coordinates":[[11.0807,59.89621],[11.08078,59.89595],[11.08092,59.89584],[11.08117,59.89576],[11.08142,59.89565],[11.08164,59.89561],[11.08179,59.89554],[11.08222,59.8955],[11.08248,59.89541],[11.0826,59.89532],[11.08265,59.89478],[11.08279,59.89454]]}},{"type":"Feature","properties":{"fade":1.0},"geometry":{"type":"LineString","coordinates":[[11.08265,59.87991],[11.08305,59.88012],[11.08313,59.88024],[11.08339,59.88038]]}},{"type":"Feature","properties":{"fade":1.0},"geometry":{"type":"LineString","coordinates":[[11.08265,59.87991],[11.0827,59.87972]]}},{"type":"Feature","properties":{"fade":1.0},"geometry":{"type":"LineString","coordinates":[[11.08992,59.84348],[11.08945,59.84366],[11.0892,59.8437],[11.08888,59.84369],[11.08854,59.84379],[11.08832,59.84382],[11.08796,59.84394],[11.08771,59.84412],[11.08689,59.84418]]}},{"type":"Feature","properties":{"fade":1.0},"geometry":{"type":"LineString","coordinates":[[11.08279,59.89454],[11.08266,59.89439],[11.08264,59.89427],[11.08308,59.89357],[11.08298,59.89352],[11.08287,59.89352],[11.08256,59.89353],[11.08234,59.89358],[11.08214,59.89358],[11.08194,59.89351],[11.08187,59.89345],[11.08182,59.89335],[11.0816,59.89313],[11.08184,59.89248],[11.08181,59.89246],[11.0817,59.89244],[11.08138,59.89223],[11.08132,59.89207],[11.08145,59.89187],[11.08133,59.89173]]}},{"type":"Feature","properties":{"fade":1.0},"geometry":{"type":"LineString","coordinates":[[11.07552,59.94778],[11.07545,59.94779],[11.07522,59.94775],[11.075,59.94765]]}},{"type":"Feature","properties":{"fade":1.0},"geometry":{"type":"LineString","coordinates":[[11.075,59.94765],[11.07516,59.94793],[11.07548,59.94831],[11.07563,59.94843]]}},{"type":"Feature","properties":{"fade":1.0},"geometry":{"type":"LineString","coordinates":[[11.08104,59.89682],[11.08131,59.89692],[11.08145,59.89694]]}},{"type":"Feature","properties":{"fade":1.0},"geometry":{"type":"LineString","coordinates":[[11.08604,59.85474],[11.08589,59.85503],[11.08596,59.85511]]}},{"type":"Feature","properties":{"fade":1.0},"geometry":{"type":"LineString","coordinates":[[11.08604,59.85474],[11.08617,59.85478],[11.0863,59.85485],[11.08664,59.85514],[11.08704,59.8554],[11.08722,59.85546],[11.08784,59.85552],[11.08855,59.85525],[11.08881,59.85521]]}},{"type":"Feature","properties":{"fade":1.0},"geometry":{"type":"LineString","coordinates":[[11.08339,59.88038],[11.08348,59.88044],[11.08365,59.88066],[11.08368,59.88081],[11.08429,59.88097]]}},{"type":"Feature","properties":{"fade":1.0},"geometry":{"type":"LineString","coordinates":[[11.08339,59.88038],[11.08334,59.88058],[11.08316,59.88074],[11.08304,59.88103],[11.08305,59.88118],[11.08312,59.88131],[11.08324,59.88141],[11.0832,59.88162],[11.08346,59.88179],[11.08366,59.88183]]}},{"type":"Feature","properties":{"fade":1.0},"geometry":{"type":"LineString","coordinates":[[11.08221,59.89826],[11.08193,59.89823],[11.08168,59.8981],[11.08146,59.8977],[11.08135,59.89757],[11.08133,59.89733],[11.08126,59.89716],[11.08148,59.89705],[11.08145,59.89694]]}},{"type":"Feature","properties":{"fade":1.0},"geometry":{"type":"LineString","coordinates":[[11.08145,59.89694],[11.08144,59.89683],[11.08154,59.89661],[11.08187,59.8965],[11.08196,59.89639]]}},{"type":"Feature","properties":{"fade":1.0},"geometry":{"type":"LineString","coordinates":[[11.08145,59.89694],[11.08201,59.89692],[11.08245,59.89683],[11.08285,59.89681],[11.08323,59.8969],[11.08375,59.89707]]}},{"type":"Feature","properties":{"fade":1.0},"geometry":{"type":"LineString","coordinates":[[11.07644,59.94832],[11.07636,59.94823],[11.07594,59.94813],[11.07564,59.94785],[11.07552,59.94778]]}},{"type":"Feature","properties":{"fade":1.0},"geometry":{"type":"LineString","coordinates":[[11.07556,59.94761],[11.07556,59.94775],[11.07552,59.94778]]}},{"type":"Feature","properties":{"fade":1.0},"geometry":{"type":"LineString","coordinates":[[11.11466,59.61558],[11.11467,59.61548],[11.11475,59.61538],[11.11499,59.61512],[11.11556,59.61436],[11.11592,59.61401]]}},{"type":"Feature","properties":{"fade":1.0},"geometry":{"type":"LineString","coordinates":[[11.09134,59.8434],[11.09124,59.84346],[11.09116,59.84361],[11.09077,59.84379],[11.09062,59.84397],[11.09052,59.84402],[11.09021,59.84408],[11.08985,59.84409],[11.08934,59.84404],[11.08899,59.84431],[11.08882,59.84435],[11.08872,59.84444],[11.08833,59.8446],[11.08812,59.84479],[11.08808,59.84489],[11.08785,59.84502],[11.08794,59.84528],[11.08781,59.84548],[11.08791,59.84554],[11.08806,59.84557]]}},{"type":"Feature","properties":{"fade":1.0},"geometry":{"type":"LineString","coordinates":[[11.08992,59.84348],[11.08979,59.84347],[11.08962,59.84332],[11.08958,59.84321],[11.08964,59.84313],[11.08964,59.84307],[11.08944,59.84283],[11.08933,59.84251],[11.08894,59.84223]]}},{"type":"Feature","properties":{"fade":1.0},"geometry":{"type":"LineString","coordinates":[[11.08279,59.89454],[11.08294,59.89442],[11.08319,59.8943],[11.08352,59.89406]]}},{"type":"Feature","properties":{"fade":1.0},"geometry":{"type":"LineString","coordinates":[[11.11592,59.61401],[11.11597,59.61399],[11.11603,59.6139],[11.11601,59.61344],[11.11608,59.61328],[11.11665,59.6125],[11.11685,59.61205],[11.11731,59.61128]]}},{"type":"Feature","properties":{"fade":1.0},"geometry":{"type":"LineString","coordinates":[[11.11592,59.61401],[11.11615,59.61396],[11.11641,59.61394],[11.11748,59.61403],[11.11803,59.61406],[11.11812,59.61405],[11.11829,59.61399]]}},{"type":"Feature","properties":{"fade":1.0},"geometry":{"type":"LineString","coordinates":[[11.09134,59.8434],[11.09076,59.84335],[11.09049,59.84339],[11.09015,59.84341],[11.08992,59.84348]]}},{"type":"Feature","properties":{"fade":1.0},"geometry":{"type":"LineString","coordinates":[[11.0916,59.84193],[11.0916,59.84186],[11.09152,59.84171],[11.09111,59.84142],[11.09096,59.84139],[11.09078,59.84142],[11.09056,59.84137],[11.09041,59.84117],[11.09021,59.841],[11.09028,59.84088]]}},{"type":"Feature","properties":{"fade":1.0},"geometry":{"type":"LineString","coordinates":[[11.08642,59.87469],[11.08705,59.87456],[11.08806,59.87426],[11.08836,59.87423],[11.08857,59.87425],[11.08901,59.87435],[11.08932,59.87435],[11.08977,59.87428],[11.09007,59.87421],[11.0904,59.8741],[11.09092,59.87383],[11.09103,59.87384],[11.09124,59.87395]]}},{"type":"Feature","properties":{"fade":1.0},"geometry":{"type":"LineString","coordinates":[[11.08851,59.88836],[11.08811,59.8884],[11.08779,59.88839],[11.08745,59.88851],[11.08706,59.88858],[11.08656,59.88872],[11.08636,59.88886],[11.08593,59.88909],[11.08513,59.88935],[11.08466,59.88941],[11.08441,59.88943],[11.08414,59.88948],[11.08411,59.88953],[11.0843,59.88966],[11.08432,59.88989],[11.08461,59.89007]]}},{"type":"Feature","properties":{"fade":1.0},"geometry":{"type":"LineString","coordinates":[[11.09039,59.85454],[11.09024,59.85462],[11.08993,59.85467],[11.08972,59.85477],[11.08945,59.85484],[11.08933,59.8549],[11.08924,59.85498],[11.08896,59.85511],[11.08881,59.85521]]}},{"type":"Feature","properties":{"fade":1.0},"geometry":{"type":"LineString","coordinates":[[11.08881,59.85521],[11.08979,59.8552],[11.09001,59.85527],[11.09021,59.85545],[11.09045,59.85555],[11.09055,59.85562]]}},{"type":"Feature","properties":{"fade":1.0},"geometry":{"type":"LineString","coordinates":[[11.09172,59.84183],[11.09195,59.84164],[11.09195,59.84154],[11.09149,59.84118],[11.09122,59.84079],[11.09084,59.84058]]}},{"type":"Feature","properties":{"fade":1.0},"geometry":{"type":"LineString","coordinates":[[11.08998,59.87001],[11.08959,59.87012],[11.08933,59.87016],[11.08883,59.8701],[11.08847,59.87002],[11.08827,59.87004],[11.08801,59.87011]]}},{"type":"Feature","properties":{"fade":1.0},"geometry":{"type":"LineString","coordinates":[[11.11653,59.62658],[11.11664,59.6266],[11.11738,59.62693],[11.11769,59.62696],[11.11864,59.62686],[11.11881,59.62682],[11.11924,59.62664],[11.11964,59.62656]]}},{"type":"Feature","properties":{"fade":1.0},"geometry":{"type":"LineString","coordinates":[[11.0914,59.84238],[11.09148,59.84238],[11.09162,59.84246],[11.09193,59.84279],[11.09228,59.84284]]}},{"type":"Feature","properties":{"fade":1.0},"geometry":{"type":"LineString","coordinates":[[11.09202,59.84314],[11.09181,59.84322],[11.09153,59.84338],[11.09134,59.8434]]}},{"type":"Feature","properties":{"fade":1.0},"geometry":{"type":"LineString","coordinates":[[11.07837,59.95596],[11.07865,59.95656],[11.07876,59.95666],[11.07896,59.95675],[11.07932,59.95684],[11.07969,59.95688],[11.08079,59.95689],[11.08131,59.95686],[11.08161,59.95681],[11.08265,59.95657],[11.08369,59.9562],[11.08403,59.95602],[11.08465,59.9555],[11.08483,59.95539],[11.08499,59.95531],[11.08543,59.95517],[11.08649,59.95505],[11.08758,59.955],[11.08783,59.95502],[11.088,59.95506],[11.0885,59.95526],[11.08917,59.9556],[11.08969,59.95593],[11.08982,59.95604]]}},{"type":"Feature","properties":{"fade":1.0},"geometry":{"type":"LineString","coordinates":[[11.09039,59.85454],[11.09074,59.85485],[11.09088,59.85492],[11.09103,59.85507],[11.09113,59.85523],[11.09108,59.8554],[11.09113,59.85547]]}},{"type":"Feature","properties":{"fade":1.0},"geometry":{"type":"LineString","coordinates":[[11.093,59.85362],[11.09263,59.85373],[11.09239,59.85384],[11.09207,59.85394],[11.09175,59.85416],[11.09148,59.85426],[11.09126,59.85441],[11.09105,59.85445],[11.09057,59.85445],[11.09047,59.85448],[11.09039,59.85454]]}},{"type":"Feature","properties":{"fade":1.0},"geometry":{"type":"LineString","coordinates":[[11.09055,59.85562],[11.09077,59.85575],[11.09092,59.85587],[11.09127,59.85603],[11.09136,59.85616],[11.09154,59.85628],[11.09218,59.85665],[11.09243,59.85697],[11.09266,59.85714],[11.09308,59.85739],[11.09327,59.85745]]}},{"type":"Feature","properties":{"fade":1.0},"geometry":{"type":"LineString","coordinates":[[11.09113,59.85547],[11.09055,59.85562]]}},{"type":"Feature","properties":{"fade":1.0},"geometry":{"type":"LineString","coordinates":[[11.1161,59.63851],[11.11558,59.63881],[11.11545,59.63892],[11.11541,59.63903],[11.11571,59.63954],[11.11625,59.64022],[11.11641,59.64034],[11.11709,59.6406],[11.11736,59.64072],[11.11765,59.64096],[11.11787,59.64131],[11.11844,59.64169],[11.11884,59.6418],[11.11959,59.64207],[11.11974,59.64224],[11.1198,59.64247],[11.12028,59.64277],[11.12061,59.64321],[11.12071,59.64346],[11.12179,59.64436],[11.12171,59.64447],[11.1214,59.6446]]}},{"type":"Feature","properties":{"fade":1.0},"geometry":{"type":"LineString","coordinates":[[11.09124,59.85267],[11.09156,59.85286],[11.09176,59.85326],[11.09213,59.85351],[11.09258,59.8536],[11.093,59.85362]]}},{"type":"Feature","properties":{"fade":1.0},"geometry":{"type":"LineString","coordinates":[[11.08386,59.95169],[11.08264,59.95177],[11.08148,59.95189],[11.07977,59.95214],[11.0797,59.95216],[11.07968,59.95222]]}},{"type":"Feature","properties":{"fade":1.0},"geometry":{"type":"LineString","coordinates":[[11.09113,59.85547],[11.0912,59.85548],[11.09146,59.85546],[11.0919,59.85552]]}},{"type":"Feature","properties":{"fade":1.0},"geometry":{"type":"LineString","coordinates":[[11.08655,59.89574],[11.08653,59.89566],[11.08657,59.89553],[11.08704,59.895],[11.08768,59.89446],[11.08789,59.89439]]}},{"type":"Feature","properties":{"fade":1.0},"geometry":{"type":"LineString","coordinates":[[11.11844,59.62322],[11.11977,59.62344],[11.12104,59.62362],[11.12169,59.62362],[11.1223,59.62357],[11.12256,59.62353],[11.12266,59.62347],[11.12315,59.62296],[11.12346,59.62273],[11.12367,59.62268],[11.12422,59.62267],[11.1246,59.62263]]}},{"type":"Feature","properties":{"fade":1.0},"geometry":{"type":"LineString","coordinates":[[11.08851,59.88836],[11.08811,59.88814]]}},{"type":"Feature","properties":{"fade":1.0},"geometry":{"type":"LineString","coordinates":[[11.08723,59.89631],[11.08735,59.89659]]}},{"type":"Feature","properties":{"fade":1.0},"geometry":{"type":"LineString","coordinates":[[11.08391,59.93708],[11.08314,59.93772],[11.08267,59.938],[11.0824,59.93806]]}},{"type":"Feature","properties":{"fade":1.0},"geometry":{"type":"LineString","coordinates":[[11.09256,59.85229],[11.09265,59.85239],[11.09261,59.8528],[11.09266,59.85319],[11.09281,59.85338],[11.09308,59.85362]]}},{"type":"Feature","properties":{"fade":1.0},"geometry":{"type":"LineString","coordinates":[[11.08958,59.91346],[11.08955,59.91344],[11.08925,59.91353],[11.08869,59.91354],[11.08802,59.91348],[11.08751,59.91352],[11.08688,59.91369],[11.08671,59.91372],[11.08628,59.9137],[11.08596,59.91374],[11.08551,59.91372]]}},{"type":"Feature","properties":{"fade":1.0},"geometry":{"type":"LineString","coordinates":[[11.09057,59.8878],[11.09002,59.88788],[11.08943,59.88819],[11.08907,59.88828],[11.08851,59.88836]]}},{"type":"Feature","properties":{"fade":1.0},"geometry":{"type":"LineString","coordinates":[[11.11904,59.64477],[11.11867,59.64496],[11.11849,59.64511],[11.11845,59.6454],[11.11821,59.64567],[11.11762,59.64586],[11.117,59.64589]]}},{"type":"Feature","properties":{"fade":1.0},"geometry":{"type":"LineString","coordinates":[[11.11641,59.65198],[11.11705,59.65223],[11.11737,59.65239],[11.11755,59.65252],[11.11765,59.65262],[11.11773,59.65277],[11.11782,59.65341],[11.118,59.65363],[11.1182,59.6538]]}},{"type":"Feature","properties":{"fade":1.0},"geometry":{"type":"LineString","coordinates":[[11.09308,59.85362],[11.093,59.85362]]}},{"type":"Feature","properties":{"fade":1.0},"geometry":{"type":"LineString","coordinates":[[11.09308,59.85362],[11.09332,59.8537],[11.0936,59.85371],[11.09388,59.85375],[11.09419,59.85376],[11.09444,59.85381]]}},{"type":"Feature","properties":{"fade":1.0},"geometry":{"type":"LineString","coordinates":[[11.08907,59.89182],[11.08906,59.89182]]}},{"type":"Feature","properties":{"fade":1.0},"geometry":{"type":"LineString","coordinates":[[11.09124,59.87395],[11.09138,59.87405]]}},{"type":"Feature","properties":{"fade":1.0},"geometry":{"type":"LineString","coordinates":[[11.09124,59.87395],[11.09217,59.87374],[11.0924,59.87371],[11.09358,59.87365],[11.09372,59.87364],[11.09418,59.87353],[11.09432,59.87352]]}},{"type":"Feature","properties":{"fade":1.0},"geometry":{"type":"LineString","coordinates":[[11.08615,59.91807],[11.08625,59.918],[11.0869,59.91778],[11.08754,59.91766],[11.08766,59.91761],[11.08789,59.91739],[11.08789,59.91735],[11.08732,59.917]]}},{"type":"Feature","properties":{"fade":1.0},"geometry":{"type":"LineString","coordinates":[[11.11761,59.65257],[11.11776,59.65251],[11.11853,59.65205],[11.11869,59.65185],[11.11868,59.65142],[11.11893,59.65099],[11.11897,59.65079],[11.11889,59.65063],[11.11877,59.65052],[11.11857,59.65011],[11.1189,59.64979],[11.11907,59.64956]]}},{"type":"Feature","properties":{"fade":1.0},"geometry":{"type":"LineString","coordinates":[[11.09732,59.84271],[11.09726,59.84268],[11.09712,59.84266],[11.09692,59.84258],[11.09651,59.8426],[11.09594,59.84269],[11.09573,59.8428]]}},{"type":"Feature","properties":{"fade":1.0},"geometry":{"type":"LineString","coordinates":[[11.09243,59.88442],[11.09225,59.88452],[11.09224,59.8847],[11.09219,59.88484],[11.09202,59.88499],[11.09191,59.88522],[11.09182,59.88531],[11.09165,59.88542],[11.09152,59.88546],[11.09128,59.88548],[11.09114,59.88545]]}},{"type":"Feature","properties":{"fade":1.0},"geometry":{"type":"LineString","coordinates":[[11.1182,59.6538],[11.11844,59.65392],[11.11857,59.65396]]}},{"type":"Feature","properties":{"fade":1.0},"geometry":{"type":"LineString","coordinates":[[11.1182,59.6538],[11.11782,59.65386],[11.11762,59.65394],[11.1176,59.65413],[11.11763,59.65433],[11.11786,59.65453],[11.11797,59.65456],[11.11837,59.65438],[11.11868,59.65439]]}},{"type":"Feature","properties":{"fade":1.0},"geometry":{"type":"LineString","coordinates":[[11.09682,59.84374],[11.09694,59.84376],[11.09786,59.84406]]}},{"type":"Feature","properties":{"fade":1.0},"geometry":{"type":"LineString","coordinates":[[11.11992,59.64693],[11.12019,59.64711],[11.12076,59.64741]]}},{"type":"Feature","properties":{"fade":1.0},"geometry":{"type":"LineString","coordinates":[[11.09786,59.87873],[11.09686,59.87828],[11.0955,59.87751],[11.09536,59.87747],[11.09524,59.87746],[11.09472,59.87751],[11.09461,59.87749],[11.09449,59.8774],[11.09442,59.87715],[11.09427,59.87699],[11.09402,59.87696],[11.09355,59.87705]]}},{"type":"Feature","properties":{"fade":1.0},"geometry":{"type":"LineString","coordinates":[[11.12506,59.61853],[11.125,59.61873],[11.12451,59.61914],[11.12432,59.61942],[11.12426,59.61965],[11.12405,59.61995],[11.12405,59.62017],[11.12413,59.62033],[11.12341,59.62144]]}},{"type":"Feature","properties":{"fade":1.0},"geometry":{"type":"LineString","coordinates":[[11.09697,59.85018],[11.09708,59.8503],[11.09707,59.85039],[11.09674,59.85064],[11.09676,59.85088],[11.09663,59.8513],[11.09683,59.8517],[11.09707,59.85201],[11.09727,59.85237],[11.09769,59.85278]]}},{"type":"Feature","properties":{"fade":1.0},"geometry":{"type":"LineString","coordinates":[[11.08958,59.91346],[11.08932,59.91396],[11.08931,59.91407],[11.08936,59.91418],[11.08963,59.91441],[11.09018,59.91463],[11.09052,59.91488],[11.09084,59.91519],[11.09109,59.91553],[11.09122,59.91578],[11.09123,59.91594],[11.0912,59.91616],[11.09111,59.91632],[11.09096,59.91644],[11.08964,59.91688]]}},{"type":"Feature","properties":{"fade":1.0},"geometry":{"type":"LineString","coordinates":[[11.08961,59.91343],[11.08958,59.91346]]}},{"type":"Feature","properties":{"fade":1.0},"geometry":{"type":"LineString","coordinates":[[11.09786,59.84406],[11.09803,59.84412],[11.09829,59.84431]]}},{"type":"Feature","properties":{"fade":1.0},"geometry":{"type":"LineString","coordinates":[[11.09786,59.84406],[11.09821,59.84398],[11.09829,59.844],[11.09849,59.8442],[11.09829,59.84431]]}},{"type":"Feature","properties":{"fade":1.0},"geometry":{"type":"LineString","coordinates":[[11.0909,59.91185],[11.09074,59.912],[11.09048,59.91213],[11.09016,59.9124]]}},{"type":"Feature","properties":{"fade":1.0},"geometry":{"type":"LineString","coordinates":[[11.09829,59.84431],[11.09845,59.84445]]}},{"type":"Feature","properties":{"fade":1.0},"geometry":{"type":"LineString","coordinates":[[11.0944,59.88407],[11.09441,59.88383],[11.09435,59.88361],[11.09375,59.88311]]}},{"type":"Feature","properties":{"fade":1.0},"geometry":{"type":"LineString","coordinates":[[11.09915,59.8408],[11.09887,59.84055],[11.09888,59.84027]]}},{"type":"Feature","properties":{"fade":1.0},"geometry":{"type":"LineString","coordinates":[[11.12771,59.60973],[11.12682,59.60993],[11.12572,59.61023]]}},{"type":"Feature","properties":{"fade":1.0},"geometry":{"type":"LineString","coordinates":[[11.09884,59.84169],[11.09917,59.84146],[11.09925,59.84125],[11.09915,59.8408]]}},{"type":"Feature","properties":{"fade":1.0},"geometry":{"type":"LineString","coordinates":[[11.12029,59.65871],[11.12059,59.65872],[11.12082,59.65878],[11.121,59.65891],[11.12119,59.6592],[11.12148,59.65932]]}},{"type":"Feature","properties":{"fade":1.0},"geometry":{"type":"LineString","coordinates":[[11.09769,59.85278],[11.09784,59.85296],[11.09809,59.85301],[11.09816,59.85305],[11.09852,59.85347],[11.09853,59.85363]]}},{"type":"Feature","properties":{"fade":1.0},"geometry":{"type":"LineString","coordinates":[[11.09893,59.85302],[11.09906,59.85299],[11.09903,59.85281],[11.09899,59.85278],[11.09874,59.85273],[11.09852,59.85272],[11.09817,59.85275],[11.09791,59.85273],[11.09769,59.85278]]}},{"type":"Feature","properties":{"fade":1.0},"geometry":{"type":"LineString","coordinates":[[11.09915,59.8408],[11.09918,59.84069],[11.09939,59.84051],[11.09952,59.84025],[11.09968,59.84013],[11.09985,59.83988],[11.10025,59.8396],[11.10058,59.83924],[11.1006,59.83881],[11.1009,59.83833],[11.10095,59.83815],[11.10063,59.83776],[11.10059,59.83762],[11.10061,59.83742]]}},{"type":"Feature","properties":{"fade":1.0},"geometry":{"type":"LineString","coordinates":[[11.09874,59.90917],[11.09884,59.90953],[11.09863,59.90979],[11.09856,59.91003],[11.09847,59.91041],[11.09852,59.91058],[11.09852,59.91073],[11.09846,59.91088],[11.09824,59.91122],[11.09808,59.91135],[11.09778,59.91149],[11.09644,59.9119],[11.0962,59.91192],[11.09618,59.91179],[11.09611,59.91176],[11.0947,59.91225],[11.09398,59.91258],[11.09379,59.91258],[11.09297,59.91242],[11.09263,59.91231],[11.09239,59.91216],[11.09214,59.91204],[11.0909,59.91185]]}},{"type":"Feature","properties":{"fade":1.0},"geometry":{"type":"LineString","coordinates":[[11.0909,59.91185],[11.09142,59.91125],[11.09158,59.91092],[11.09167,59.91083],[11.09187,59.91072],[11.09221,59.9106],[11.09315,59.9104],[11.09342,59.91018],[11.09348,59.90989]]}},{"type":"Feature","properties":{"fade":1.0},"geometry":{"type":"LineString","coordinates":[[11.09713,59.85899],[11.09726,59.85876],[11.09717,59.85861]]}},{"type":"Feature","properties":{"fade":1.0},"geometry":{"type":"LineString","coordinates":[[11.12205,59.64814],[11.12257,59.64824],[11.12278,59.64825],[11.12355,59.64816],[11.12471,59.64815],[11.12546,59.64804]]}},{"type":"Feature","properties":{"fade":1.0},"geometry":{"type":"LineString","coordinates":[[11.12286,59.64177],[11.1238,59.64143],[11.12384,59.64139]]}},{"type":"Feature","properties":{"fade":1.0},"geometry":{"type":"LineString","coordinates":[[11.12294,59.6418],[11.12286,59.64191],[11.12268,59.64203],[11.12257,59.64235],[11.12292,59.64285],[11.12311,59.643],[11.12353,59.64323],[11.12442,59.64349],[11.12454,59.64355],[11.12461,59.64365]]}},{"type":"Feature","properties":{"fade":1.0},"geometry":{"type":"LineString","coordinates":[[11.12296,59.64181],[11.12381,59.64215],[11.12442,59.64255],[11.12456,59.64257],[11.12584,59.64252],[11.1261,59.64248],[11.12676,59.64223],[11.12706,59.64214],[11.1274,59.64194],[11.12758,59.64168],[11.12791,59.64161],[11.12813,59.6416],[11.12836,59.64154],[11.12854,59.64136],[11.12886,59.64118],[11.12917,59.64082],[11.12947,59.64064],[11.12986,59.64051],[11.12998,59.64035],[11.1299,59.64015],[11.12896,59.63947],[11.12895,59.63928],[11.12882,59.63887]]}},{"type":"Feature","properties":{"fade":1.0},"geometry":{"type":"LineString","coordinates":[[11.09785,59.85934],[11.09793,59.85929],[11.09825,59.85922],[11.09832,59.85922],[11.09854,59.85927],[11.09881,59.85939]]}},{"type":"Feature","properties":{"fade":1.0},"geometry":{"type":"LineString","coordinates":[[11.09947,59.84573],[11.09943,59.84556],[11.0995,59.84549],[11.09994,59.84535],[11.10016,59.84531],[11.10027,59.84526],[11.10042,59.84515],[11.1006,59.84506],[11.10083,59.84486],[11.10105,59.84475],[11.10133,59.84465],[11.10139,59.84459],[11.10161,59.84468]]}},{"type":"Feature","properties":{"fade":1.0},"geometry":{"type":"LineString","coordinates":[[11.10061,59.83742],[11.10038,59.83677],[11.10052,59.83661],[11.10059,59.83631]]}},{"type":"Feature","properties":{"fade":1.0},"geometry":{"type":"LineString","coordinates":[[11.10061,59.83742],[11.10158,59.83729]]}},{"type":"Feature","properties":{"fade":1.0},"geometry":{"type":"LineString","coordinates":[[11.09712,59.88274],[11.09687,59.88273],[11.0966,59.88275],[11.09618,59.88285],[11.0957,59.88288],[11.09548,59.88295],[11.09534,59.88306]]}},{"type":"Feature","properties":{"fade":1.0},"geometry":{"type":"LineString","coordinates":[[11.09828,59.85998],[11.09836,59.86004],[11.09848,59.86008],[11.09881,59.86005],[11.09893,59.85999],[11.09872,59.85951],[11.09874,59.85944],[11.09881,59.85939]]}},{"type":"Feature","properties":{"fade":1.0},"geometry":{"type":"LineString","coordinates":[[11.10035,59.84585],[11.10064,59.84576],[11.1012,59.84571],[11.10131,59.84566],[11.10145,59.84541],[11.10147,59.84499],[11.10157,59.84484]]}},{"type":"Feature","properties":{"fade":1.0},"geometry":{"type":"LineString","coordinates":[[11.09881,59.85939],[11.09899,59.85935]]}},{"type":"Feature","properties":{"fade":1.0},"geometry":{"type":"LineString","coordinates":[[11.09755,59.871],[11.09774,59.87096]]}},{"type":"Feature","properties":{"fade":1.0},"geometry":{"type":"LineString","coordinates":[[11.10127,59.84935],[11.10112,59.8493],[11.10088,59.84912],[11.1007,59.8491],[11.10053,59.84903],[11.10022,59.84903]]}},{"type":"Feature","properties":{"fade":1.0},"geometry":{"type":"LineString","coordinates":[[11.12729,59.65422],[11.12715,59.65418],[11.12694,59.6542],[11.1258,59.65446],[11.12569,59.65446],[11.12557,59.6544],[11.12502,59.65304],[11.12475,59.65269],[11.12463,59.65247],[11.1245,59.65232],[11.12399,59.6519],[11.1236,59.6517],[11.12329,59.65132],[11.1233,59.65123],[11.12345,59.65102],[11.12334,59.65077]]}},{"type":"Feature","properties":{"fade":1.0},"geometry":{"type":"LineString","coordinates":[[11.09774,59.87096],[11.09829,59.87065]]}},{"type":"Feature","properties":{"fade":1.0},"geometry":{"type":"LineString","coordinates":[[11.09774,59.87096],[11.09826,59.87083],[11.09863,59.87051]]}},{"type":"Feature","properties":{"fade":1.0},"geometry":{"type":"LineString","coordinates":[[11.10025,59.84958],[11.09995,59.84977],[11.09967,59.84985],[11.09949,59.84995],[11.09945,59.85008],[11.09936,59.85014],[11.09929,59.85027],[11.0991,59.85046],[11.09928,59.8506],[11.09931,59.85067],[11.09921,59.85085],[11.09937,59.85107],[11.09945,59.85114],[11.09956,59.85117],[11.09993,59.85122],[11.10059,59.85127],[11.10146,59.85127],[11.10166,59.8513]]}},{"type":"Feature","properties":{"fade":1.0},"geometry":{"type":"LineString","coordinates":[[11.1003,59.85428],[11.1005,59.85417],[11.10062,59.85414],[11.10112,59.85422],[11.10169,59.85416],[11.10175,59.85409]]}},{"type":"Feature","properties":{"fade":1.0},"geometry":{"type":"LineString","coordinates":[[11.09713,59.88306],[11.09718,59.88299],[11.09716,59.88279],[11.09712,59.88274]]}},{"type":"Feature","properties":{"fade":1.0},"geometry":{"type":"LineString","coordinates":[[11.09712,59.88274],[11.09742,59.88273],[11.09769,59.88302],[11.09784,59.88312],[11.09794,59.88317],[11.09825,59.88322]]}},{"type":"Feature","properties":{"fade":1.0},"geometry":{"type":"LineString","coordinates":[[11.09797,59.87544],[11.09852,59.87583],[11.0986,59.87594]]}},{"type":"Feature","properties":{"fade":1.0},"geometry":{"type":"LineString","coordinates":[[11.10157,59.84484],[11.10161,59.84468]]}},{"type":"Feature","properties":{"fade":1.0},"geometry":{"type":"LineString","coordinates":[[11.10157,59.84484],[11.10179,59.84481],[11.10215,59.84479],[11.10232,59.84457],[11.10246,59.84453]]}},{"type":"Feature","properties":{"fade":1.0},"geometry":{"type":"LineString","coordinates":[[11.10161,59.84468],[11.10172,59.84456],[11.10225,59.84435],[11.10237,59.84422]]}},{"type":"Feature","properties":{"fade":1.0},"geometry":{"type":"LineString","coordinates":[[11.10045,59.85627],[11.10053,59.85625],[11.10069,59.85612],[11.10116,59.85584],[11.1013,59.85581],[11.10158,59.85583]]}},{"type":"Feature","properties":{"fade":1.0},"geometry":{"type":"LineString","coordinates":[[11.10159,59.84693],[11.10167,59.84682],[11.10198,59.84656],[11.10208,59.84656],[11.10234,59.84661],[11.10262,59.8465],[11.10293,59.84646]]}},{"type":"Feature","properties":{"fade":1.0},"geometry":{"type":"LineString","coordinates":[[11.10144,59.84845],[11.10152,59.84845],[11.10163,59.84852],[11.10173,59.84854]]}},{"type":"Feature","properties":{"fade":1.0},"geometry":{"type":"LineString","coordinates":[[11.10181,59.84734],[11.10227,59.84734],[11.10259,59.8474],[11.10284,59.84751],[11.10323,59.84763],[11.10343,59.84775],[11.10377,59.84789]]}},{"type":"Feature","properties":{"fade":1.0},"geometry":{"type":"LineString","coordinates":[[11.10173,59.84854],[11.10194,59.84876],[11.10207,59.84914],[11.10222,59.84924],[11.10227,59.8495],[11.10222,59.84969]]}},{"type":"Feature","properties":{"fade":1.0},"geometry":{"type":"LineString","coordinates":[[11.10173,59.84854],[11.10215,59.84838],[11.10254,59.84833],[11.10289,59.84818],[11.10315,59.84812],[11.10342,59.84812],[11.10377,59.84789]]}},{"type":"Feature","properties":{"fade":1.0},"geometry":{"type":"LineString","coordinates":[[11.10158,59.85583],[11.10187,59.85587]]}},{"type":"Feature","properties":{"fade":1.0},"geometry":{"type":"LineString","coordinates":[[11.10158,59.85583],[11.10161,59.85606],[11.10157,59.85611]]}},{"type":"Feature","properties":{"fade":1.0},"geometry":{"type":"LineString","coordinates":[[11.10127,59.85871],[11.10121,59.85885],[11.10133,59.859],[11.10138,59.85914],[11.10146,59.85965],[11.10187,59.85997],[11.10215,59.86026],[11.10255,59.8604],[11.1028,59.86058],[11.10289,59.86062],[11.103,59.86063]]}},{"type":"Feature","properties":{"fade":1.0},"geometry":{"type":"LineString","coordinates":[[11.09962,59.87453],[11.1001,59.87436],[11.10077,59.87418],[11.10136,59.87398]]}},{"type":"Feature","properties":{"fade":1.0},"geometry":{"type":"LineString","coordinates":[[11.10293,59.84646],[11.10295,59.84641],[11.1029,59.84625],[11.10297,59.84614],[11.10308,59.84606]]}},{"type":"Feature","properties":{"fade":1.0},"geometry":{"type":"LineString","coordinates":[[11.10293,59.84646],[11.10326,59.84633],[11.10431,59.84511]]}},{"type":"Feature","properties":{"fade":1.0},"geometry":{"type":"LineString","coordinates":[[11.10088,59.86772],[11.10101,59.8677],[11.10113,59.86764],[11.10124,59.86742]]}},{"type":"Feature","properties":{"fade":1.0},"geometry":{"type":"LineString","coordinates":[[11.09884,59.88555],[11.0991,59.88571],[11.09934,59.88603],[11.09954,59.88639],[11.09991,59.88689]]}},{"type":"Feature","properties":{"fade":1.0},"geometry":{"type":"LineString","coordinates":[[11.10377,59.84789],[11.10403,59.84789],[11.10479,59.84776],[11.10522,59.84787],[11.10569,59.84795],[11.10586,59.84802],[11.10633,59.84827],[11.10664,59.84849],[11.10669,59.84858],[11.10658,59.849],[11.10702,59.8493],[11.10709,59.84955]]}},{"type":"Feature","properties":{"fade":1.0},"geometry":{"type":"LineString","coordinates":[[11.10136,59.87398],[11.10139,59.87418],[11.10215,59.87472],[11.10247,59.87513]]}},{"type":"Feature","properties":{"fade":1.0},"geometry":{"type":"LineString","coordinates":[[11.10136,59.87398],[11.10167,59.87389],[11.10206,59.87389],[11.10229,59.87393],[11.10264,59.87415],[11.10306,59.87416]]}},{"type":"Feature","properties":{"fade":1.0},"geometry":{"type":"LineString","coordinates":[[11.12745,59.65076],[11.12786,59.65077],[11.1284,59.65109],[11.12883,59.65119]]}},{"type":"Feature","properties":{"fade":1.0},"geometry":{"type":"LineString","coordinates":[[11.13133,59.62789],[11.13209,59.6281],[11.13246,59.62817],[11.1336,59.62824],[11.13432,59.62823]]}},{"type":"Feature","properties":{"fade":1.0},"geometry":{"type":"LineString","coordinates":[[11.10093,59.89516],[11.10095,59.89495],[11.1009,59.89475],[11.10068,59.89413],[11.10059,59.89407]]}},{"type":"Feature","properties":{"fade":1.0},"geometry":{"type":"LineString","coordinates":[[11.10088,59.89516],[11.10087,59.89519]]}},{"type":"Feature","properties":{"fade":1.0},"geometry":{"type":"LineString","coordinates":[[11.10238,59.88677],[11.10253,59.88691],[11.1027,59.88699],[11.10288,59.88702],[11.10334,59.88703]]}},{"type":"Feature","properties":{"fade":1.0},"geometry":{"type":"LineString","coordinates":[[11.1322,59.63639],[11.13193,59.63632],[11.13155,59.6363]]}},{"type":"Feature","properties":{"fade":1.0},"geometry":{"type":"LineString","coordinates":[[11.10606,59.86321],[11.10612,59.86337],[11.10602,59.8635],[11.10539,59.8637]]}},{"type":"Feature","properties":{"fade":1.0},"geometry":{"type":"LineString","coordinates":[[11.10627,59.85796],[11.1068,59.85816],[11.10707,59.85829],[11.10782,59.85833],[11.10837,59.85848],[11.10887,59.85852],[11.10938,59.85845],[11.11006,59.85853],[11.11028,59.8586],[11.11057,59.85863],[11.1111,59.85891]]}},{"type":"Feature","properties":{"fade":1.0},"geometry":{"type":"LineString","coordinates":[[11.13126,59.64601],[11.13111,59.64584],[11.13106,59.64572],[11.13114,59.64558],[11.13142,59.64541],[11.13167,59.6452],[11.13205,59.64494],[11.13239,59.64478],[11.13322,59.64449],[11.13379,59.64451],[11.13473,59.64474],[11.13505,59.64485],[11.13545,59.64512],[11.13599,59.6453],[11.13626,59.64535],[11.13697,59.64537]]}},{"type":"Feature","properties":{"fade":1.0},"geometry":{"type":"LineString","coordinates":[[11.10206,59.89712],[11.10248,59.89683]]}},{"type":"Feature","properties":{"fade":1.0},"geometry":{"type":"LineString","coordinates":[[11.10427,59.88536],[11.10442,59.88544],[11.10466,59.88549],[11.10545,59.88554],[11.10569,59.88559],[11.10588,59.88569],[11.10599,59.88588]]}},{"type":"Feature","properties":{"fade":1.0},"geometry":{"type":"LineString","coordinates":[[11.13432,59.62823],[11.13446,59.62826],[11.13492,59.62841],[11.1353,59.62845],[11.13599,59.62856],[11.13646,59.62856],[11.13691,59.62854],[11.13723,59.6285],[11.13845,59.62813],[11.1387,59.6281],[11.13928,59.62823],[11.13979,59.62824],[11.14019,59.62837],[11.14055,59.62863],[11.14059,59.62882]]}},{"type":"Feature","properties":{"fade":1.0},"geometry":{"type":"LineString","coordinates":[[11.13432,59.62823],[11.13467,59.62818],[11.13511,59.62796],[11.13581,59.62773],[11.13626,59.62763],[11.13689,59.62756],[11.13716,59.62749],[11.13797,59.62711],[11.1387,59.62658],[11.13936,59.62652],[11.1398,59.62645],[11.14004,59.62634],[11.14024,59.6263],[11.14063,59.62613],[11.14096,59.62607],[11.1412,59.62587],[11.14132,59.62581]]}},{"type":"Feature","properties":{"fade":1.0},"geometry":{"type":"LineString","coordinates":[[11.13335,59.63667],[11.13342,59.63677],[11.13347,59.63694],[11.13361,59.63776],[11.13391,59.63799],[11.13407,59.63823]]}},{"type":"Feature","properties":{"fade":1.0},"geometry":{"type":"LineString","coordinates":[[11.14165,59.63009],[11.14135,59.63034],[11.14109,59.6304],[11.14074,59.63053],[11.14039,59.63069],[11.14017,59.63073],[11.13944,59.63091],[11.13917,59.63101],[11.13908,59.63107],[11.13888,59.63128],[11.13868,59.63161],[11.13822,59.63197],[11.13771,59.63194],[11.13657,59.63231],[11.13652,59.63235],[11.13634,59.63285],[11.1364,59.63325],[11.13635,59.63335],[11.13556,59.63424],[11.1353,59.63442],[11.13476,59.63492],[11.13452,59.63522],[11.13417,59.63551],[11.13405,59.63568],[11.13366,59.63582],[11.13359,59.63587]]}},{"type":"Feature","properties":{"fade":1.0},"geometry":{"type":"LineString","coordinates":[[11.11308,59.8475],[11.11265,59.8474],[11.11236,59.84736],[11.11225,59.84731],[11.11129,59.84663],[11.11097,59.8465],[11.1104,59.84631],[11.10955,59.84618],[11.10942,59.84618]]}},{"type":"Feature","properties":{"fade":1.0},"geometry":{"type":"LineString","coordinates":[[11.11061,59.84942],[11.11026,59.84946],[11.1095,59.84951],[11.10911,59.84937],[11.10904,59.84926],[11.10925,59.84909],[11.1093,59.8488],[11.10933,59.84878],[11.10946,59.84879]]}},{"type":"Feature","properties":{"fade":1.0},"geometry":{"type":"LineString","coordinates":[[11.11048,59.85029],[11.1102,59.85036],[11.10992,59.85049],[11.10928,59.85106]]}},{"type":"Feature","properties":{"fade":1.0},"geometry":{"type":"LineString","coordinates":[[11.13407,59.63823],[11.13411,59.63834],[11.13427,59.63851],[11.13439,59.63877],[11.13481,59.63907],[11.13524,59.6393],[11.13535,59.63933]]}},{"type":"Feature","properties":{"fade":1.0},"geometry":{"type":"LineString","coordinates":[[11.13407,59.63823],[11.13457,59.63817],[11.13501,59.63791],[11.13521,59.63783]]}},{"type":"Feature","properties":{"fade":1.0},"geometry":{"type":"LineString","coordinates":[[11.11184,59.8319],[11.11191,59.83202],[11.11227,59.83244],[11.11242,59.83256],[11.11253,59.83259],[11.11315,59.8326],[11.11359,59.83239],[11.11392,59.83231],[11.11408,59.83231],[11.11435,59.8324]]}},{"type":"Feature","properties":{"fade":1.0},"geometry":{"type":"LineString","coordinates":[[11.10324,59.90598],[11.10326,59.90594]]}},{"type":"Feature","properties":{"fade":1.0},"geometry":{"type":"LineString","coordinates":[[11.11048,59.85029],[11.1106,59.85035],[11.11094,59.85047],[11.1113,59.85054],[11.11152,59.85063],[11.11161,59.85069],[11.11165,59.85097]]}},{"type":"Feature","properties":{"fade":1.0},"geometry":{"type":"LineString","coordinates":[[11.1142,59.84927],[11.11398,59.8493],[11.11319,59.84968],[11.11291,59.84978],[11.11217,59.84992],[11.11169,59.85007],[11.11094,59.85025],[11.11048,59.85029]]}},{"type":"Feature","properties":{"fade":1.0},"geometry":{"type":"LineString","coordinates":[[11.11061,59.84942],[11.1107,59.84943],[11.11078,59.84942],[11.11108,59.84932],[11.11122,59.84933],[11.11142,59.84948],[11.11143,59.84965]]}},{"type":"Feature","properties":{"fade":1.0},"geometry":{"type":"LineString","coordinates":[[11.11147,59.84971],[11.11164,59.84962],[11.11205,59.8495],[11.11236,59.84934],[11.11248,59.84923],[11.11248,59.84917],[11.11241,59.84913],[11.11233,59.84911],[11.11212,59.84911],[11.11169,59.84908],[11.11129,59.84911],[11.11096,59.84919],[11.11084,59.84924],[11.11071,59.84938],[11.11061,59.84942]]}},{"type":"Feature","properties":{"fade":1.0},"geometry":{"type":"LineString","coordinates":[[11.11076,59.85009],[11.11094,59.84997],[11.11134,59.84983],[11.11143,59.84978],[11.11147,59.84971]]}},{"type":"Feature","properties":{"fade":1.0},"geometry":{"type":"LineString","coordinates":[[11.11068,59.8512],[11.11098,59.85105],[11.11165,59.85097]]}},{"type":"Feature","properties":{"fade":1.0},"geometry":{"type":"LineString","coordinates":[[11.11143,59.84965],[11.11086,59.84989]]}},{"type":"Feature","properties":{"fade":1.0},"geometry":{"type":"LineString","coordinates":[[11.11272,59.8349],[11.11282,59.83486],[11.11303,59.83469],[11.11332,59.83452],[11.11361,59.83451],[11.11373,59.83444],[11.11379,59.83434],[11.11378,59.83406],[11.11413,59.83335],[11.11415,59.83318],[11.11445,59.83283],[11.11463,59.83269],[11.11465,59.83264],[11.11457,59.83249]]}},{"type":"Feature","properties":{"fade":1.0},"geometry":{"type":"LineString","coordinates":[[11.13716,59.62408],[11.13714,59.62399],[11.13718,59.62382],[11.1373,59.62352],[11.13754,59.62317],[11.13888,59.62212],[11.13901,59.62207],[11.13927,59.62202],[11.13937,59.62195],[11.13938,59.62192],[11.13929,59.62186],[11.13917,59.62184],[11.13886,59.62186]]}},{"type":"Feature","properties":{"fade":1.0},"geometry":{"type":"LineString","coordinates":[[11.11165,59.85097],[11.11164,59.85113],[11.11145,59.85153],[11.11115,59.85173],[11.11102,59.85175],[11.11088,59.85172]]}},{"type":"Feature","properties":{"fade":1.0},"geometry":{"type":"LineString","coordinates":[[11.11143,59.84965],[11.11147,59.84971]]}},{"type":"Feature","properties":{"fade":1.0},"geometry":{"type":"LineString","coordinates":[[11.14293,59.6116],[11.14266,59.61146],[11.14247,59.6114],[11.14035,59.61117],[11.13977,59.61121],[11.13934,59.61134]]}},{"type":"Feature","properties":{"fade":1.0},"geometry":{"type":"LineString","coordinates":[[11.13811,59.62873],[11.13784,59.62847],[11.13776,59.62845],[11.13742,59.62845]]}},{"type":"Feature","properties":{"fade":1.0},"geometry":{"type":"LineString","coordinates":[[11.13501,59.65568],[11.13492,59.65577],[11.13478,59.65625],[11.13484,59.6564],[11.13479,59.65665],[11.13452,59.65715]]}},{"type":"Feature","properties":{"fade":1.0},"geometry":{"type":"LineString","coordinates":[[11.10922,59.87835],[11.10942,59.87842],[11.10956,59.87852]]}},{"type":"Feature","properties":{"fade":1.0},"geometry":{"type":"LineString","coordinates":[[11.11287,59.84728],[11.1129,59.84743],[11.11308,59.8475]]}},{"type":"Feature","properties":{"fade":1.0},"geometry":{"type":"LineString","coordinates":[[11.11544,59.84713],[11.11512,59.84679],[11.11497,59.84674],[11.1147,59.84676],[11.11418,59.84686],[11.11401,59.84696],[11.11351,59.84737],[11.1133,59.84746],[11.11308,59.8475]]}},{"type":"Feature","properties":{"fade":1.0},"geometry":{"type":"LineString","coordinates":[[11.13694,59.64162],[11.13708,59.64186],[11.13727,59.64241],[11.13734,59.64244],[11.13768,59.64252],[11.13773,59.64256],[11.13774,59.64293]]}},{"type":"Feature","properties":{"fade":1.0},"geometry":{"type":"LineString","coordinates":[[11.13532,59.65625],[11.13524,59.6567],[11.13529,59.65693]]}},{"type":"Feature","properties":{"fade":1.0},"geometry":{"type":"LineString","coordinates":[[11.13696,59.64526],[11.13713,59.64534],[11.13755,59.64541],[11.13811,59.64565],[11.13825,59.64588],[11.13844,59.64608],[11.13856,59.64634],[11.13853,59.64643],[11.13855,59.6465],[11.13863,59.64656],[11.13899,59.64671],[11.13932,59.64675],[11.13943,59.64679],[11.13954,59.64699],[11.13968,59.64708]]}},{"type":"Feature","properties":{"fade":1.0},"geometry":{"type":"LineString","coordinates":[[11.13697,59.64537],[11.13696,59.64526]]}},{"type":"Feature","properties":{"fade":1.0},"geometry":{"type":"LineString","coordinates":[[11.13696,59.64526],[11.137,59.64506],[11.13763,59.64421],[11.13772,59.64396]]}},{"type":"Feature","properties":{"fade":1.0},"geometry":{"type":"LineString","coordinates":[[11.13697,59.64537],[11.13705,59.64558],[11.13773,59.6467],[11.1377,59.64683],[11.13754,59.64707],[11.13756,59.64775]]}},{"type":"Feature","properties":{"fade":1.0},"geometry":{"type":"LineString","coordinates":[[11.13772,59.64396],[11.1378,59.64344],[11.13774,59.64294]]}},{"type":"Feature","properties":{"fade":1.0},"geometry":{"type":"LineString","coordinates":[[11.10983,59.88377],[11.10994,59.88372],[11.1099,59.88348],[11.11009,59.88309],[11.11033,59.88276],[11.11046,59.8827],[11.1114,59.88249]]}},{"type":"Feature","properties":{"fade":1.0},"geometry":{"type":"LineString","coordinates":[[11.13772,59.64396],[11.13791,59.64397],[11.13803,59.64395],[11.13852,59.64379],[11.13906,59.64355],[11.13931,59.6435],[11.13963,59.6435],[11.1402,59.64361],[11.14055,59.64354],[11.14072,59.64354],[11.14127,59.64366],[11.14155,59.64378]]}},{"type":"Feature","properties":{"fade":1.0},"geometry":{"type":"LineString","coordinates":[[11.1142,59.84927],[11.11424,59.8492],[11.1145,59.84909],[11.11514,59.8489]]}},{"type":"Feature","properties":{"fade":1.0},"geometry":{"type":"LineString","coordinates":[[11.116,59.84902],[11.11502,59.84921],[11.1142,59.84927]]}},{"type":"Feature","properties":{"fade":1.0},"geometry":{"type":"LineString","coordinates":[[11.11735,59.93872],[11.11628,59.93925],[11.11502,59.93974],[11.11418,59.93999],[11.11319,59.94033],[11.11145,59.94085],[11.10989,59.94128],[11.10325,59.94289]]}},{"type":"Feature","properties":{"fade":1.0},"geometry":{"type":"LineString","coordinates":[[11.11688,59.82918],[11.11689,59.82949],[11.11676,59.83013],[11.1167,59.83088],[11.1164,59.83114]]}},{"type":"Feature","properties":{"fade":1.0},"geometry":{"type":"LineString","coordinates":[[11.11466,59.85035],[11.1154,59.84982],[11.11543,59.84976],[11.11537,59.84957],[11.11539,59.84952],[11.11578,59.84924],[11.11595,59.84916],[11.11599,59.84912],[11.116,59.84902]]}},{"type":"Feature","properties":{"fade":1.0},"geometry":{"type":"LineString","coordinates":[[11.11574,59.84867],[11.11581,59.84856],[11.1161,59.8485],[11.11613,59.84844],[11.11557,59.84822],[11.11532,59.84804],[11.11508,59.84771],[11.11511,59.84759],[11.11544,59.84713]]}},{"type":"Feature","properties":{"fade":1.0},"geometry":{"type":"LineString","coordinates":[[11.11544,59.84713],[11.11608,59.84624]]}},{"type":"Feature","properties":{"fade":1.0},"geometry":{"type":"LineString","coordinates":[[11.11054,59.89173],[11.11129,59.89214],[11.11184,59.89233],[11.11214,59.89239],[11.1132,59.89252],[11.11366,59.89251]]}},{"type":"Feature","properties":{"fade":1.0},"geometry":{"type":"LineString","coordinates":[[11.11728,59.8397],[11.11693,59.83995],[11.11681,59.84007],[11.11679,59.84037],[11.11625,59.84099],[11.11626,59.84105],[11.1165,59.84125],[11.11655,59.84167]]}},{"type":"Feature","properties":{"fade":1.0},"geometry":{"type":"LineString","coordinates":[[11.11637,59.84899],[11.116,59.84902]]}},{"type":"Feature","properties":{"fade":1.0},"geometry":{"type":"LineString","coordinates":[[11.11637,59.84899],[11.11674,59.84901],[11.11686,59.84901],[11.11765,59.8489],[11.1192,59.84842],[11.11942,59.84833],[11.11949,59.84824]]}},{"type":"Feature","properties":{"fade":1.0},"geometry":{"type":"LineString","coordinates":[[11.11637,59.84899],[11.11642,59.84916],[11.11644,59.8496],[11.11661,59.84987],[11.11676,59.85],[11.11766,59.85029],[11.11786,59.85033],[11.11816,59.85035],[11.11852,59.85029],[11.11877,59.8503],[11.11896,59.85039],[11.11908,59.85053]]}},{"type":"Feature","properties":{"fade":1.0},"geometry":{"type":"LineString","coordinates":[[11.14287,59.63585],[11.14247,59.63606],[11.14231,59.63617],[11.14208,59.6365],[11.14155,59.63692],[11.14125,59.63708],[11.14122,59.6371],[11.14125,59.63718]]}},{"type":"Feature","properties":{"fade":1.0},"geometry":{"type":"LineString","coordinates":[[11.14031,59.64551],[11.14026,59.64535],[11.14039,59.64502],[11.14041,59.64486],[11.14062,59.64453],[11.14095,59.64425],[11.14098,59.64415],[11.1411,59.64403],[11.14155,59.64378]]}},{"type":"Feature","properties":{"fade":1.0},"geometry":{"type":"LineString","coordinates":[[11.11715,59.84754],[11.1173,59.84744],[11.11733,59.84736],[11.11729,59.84711],[11.11721,59.84696],[11.11723,59.84687],[11.11753,59.84678],[11.11769,59.84676],[11.11792,59.84681],[11.11821,59.84694]]}},{"type":"Feature","properties":{"fade":1.0},"geometry":{"type":"LineString","coordinates":[[11.11953,59.82895],[11.11964,59.82907],[11.11973,59.82952],[11.11978,59.82957],[11.12011,59.82955],[11.12029,59.82956],[11.12048,59.82953],[11.12064,59.82942],[11.12068,59.82914],[11.12079,59.82909],[11.12101,59.82909],[11.12144,59.82922],[11.1218,59.8294],[11.12318,59.82973],[11.1238,59.82998],[11.12444,59.83018],[11.12467,59.83029],[11.1258,59.83034],[11.12629,59.83032],[11.12644,59.83035]]}},{"type":"Feature","properties":{"fade":1.0},"geometry":{"type":"LineString","coordinates":[[11.14155,59.64378],[11.14164,59.64377]]}},{"type":"Feature","properties":{"fade":1.0},"geometry":{"type":"LineString","coordinates":[[11.13916,59.66548],[11.14008,59.66537]]}},{"type":"Feature","properties":{"fade":1.0},"geometry":{"type":"LineString","coordinates":[[11.13039,59.75024],[11.13075,59.75012],[11.13101,59.75007],[11.13132,59.75008],[11.13143,59.75018],[11.13154,59.75024],[11.13164,59.75042],[11.13199,59.75084],[11.1321,59.7509],[11.13262,59.75096],[11.13307,59.75095],[11.13326,59.75094],[11.13339,59.75087],[11.13366,59.75084]]}},{"type":"Feature","properties":{"fade":1.0},"geometry":{"type":"LineString","coordinates":[[11.12001,59.85077],[11.11945,59.85055],[11.11908,59.85053]]}},{"type":"Feature","properties":{"fade":1.0},"geometry":{"type":"LineString","coordinates":[[11.11908,59.85053],[11.11953,59.85088],[11.1196,59.851],[11.11996,59.85106],[11.12027,59.85107],[11.12049,59.85104],[11.12074,59.85097],[11.12117,59.85067],[11.12214,59.85047],[11.12359,59.84999],[11.12415,59.84977],[11.12475,59.84964]]}},{"type":"Feature","properties":{"fade":1.0},"geometry":{"type":"LineString","coordinates":[[11.12493,59.84226],[11.12435,59.84231],[11.1238,59.84259],[11.12358,59.84267],[11.12309,59.84283],[11.12293,59.84287],[11.12276,59.84287],[11.12229,59.84284],[11.12206,59.84276],[11.12184,59.8426],[11.12151,59.84223],[11.12133,59.84213]]}},{"type":"Feature","properties":{"fade":1.0},"geometry":{"type":"LineString","coordinates":[[11.11552,59.89227],[11.11572,59.89223],[11.11589,59.89224],[11.11668,59.89249],[11.1169,59.89254],[11.11716,59.89255],[11.11747,59.89252],[11.11829,59.89231],[11.11856,59.89217]]}},{"type":"Feature","properties":{"fade":1.0},"geometry":{"type":"LineString","coordinates":[[11.13147,59.75764],[11.13175,59.75763],[11.13218,59.75745]]}},{"type":"Feature","properties":{"fade":1.0},"geometry":{"type":"LineString","coordinates":[[11.14408,59.64929],[11.1442,59.64935],[11.14438,59.6494],[11.14513,59.64953],[11.14599,59.64944]]}},{"type":"Feature","properties":{"fade":1.0},"geometry":{"type":"LineString","coordinates":[[11.14597,59.64027],[11.14619,59.64034],[11.1464,59.64034],[11.14751,59.64022],[11.14789,59.6401],[11.14801,59.64008],[11.14818,59.64012],[11.14824,59.64021],[11.14791,59.64053]]}},{"type":"Feature","properties":{"fade":1.0},"geometry":{"type":"LineString","coordinates":[[11.1361,59.75384],[11.13616,59.75369],[11.1361,59.75345],[11.13559,59.75301],[11.13533,59.75286],[11.13522,59.75272],[11.13518,59.75258],[11.13521,59.75232],[11.13506,59.75181],[11.13461,59.75142],[11.13453,59.75138],[11.13425,59.75133],[11.13401,59.7512],[11.13366,59.75084]]}},{"type":"Feature","properties":{"fade":1.0},"geometry":{"type":"LineString","coordinates":[[11.13488,59.74755],[11.13451,59.74802],[11.13433,59.74816],[11.13414,59.74849],[11.13359,59.74893],[11.13356,59.74908],[11.13344,59.74921],[11.13333,59.7495],[11.13342,59.74977],[11.13344,59.75013],[11.13377,59.75032],[11.13382,59.75037],[11.1338,59.75051],[11.13366,59.75071],[11.13366,59.75084]]}},{"type":"Feature","properties":{"fade":1.0},"geometry":{"type":"LineString","coordinates":[[11.14723,59.6467],[11.14691,59.64676],[11.14654,59.64705],[11.14644,59.64723],[11.14598,59.64905],[11.14595,59.64921],[11.14599,59.64944]]}},{"type":"Feature","properties":{"fade":1.0},"geometry":{"type":"LineString","coordinates":[[11.1499,59.64857],[11.14977,59.6486],[11.1497,59.64867],[11.14955,59.64918],[11.14943,59.64926],[11.14924,59.64928],[11.14755,59.64931],[11.14599,59.64944]]}},{"type":"Feature","properties":{"fade":1.0},"geometry":{"type":"LineString","coordinates":[[11.14665,59.6439],[11.14678,59.64401],[11.14708,59.6441],[11.14733,59.6441],[11.14754,59.64407],[11.14791,59.64392],[11.14842,59.64365],[11.14852,59.64357],[11.14863,59.64343]]}},{"type":"Feature","properties":{"fade":1.0},"geometry":{"type":"LineString","coordinates":[[11.14665,59.6439],[11.14587,59.6441],[11.14439,59.64442],[11.14385,59.64448],[11.14366,59.64447],[11.14355,59.64442],[11.14358,59.64432],[11.14533,59.64313],[11.14584,59.64283],[11.14711,59.64215],[11.14736,59.64203],[11.14751,59.642],[11.14781,59.64202],[11.14806,59.64208]]}},{"type":"Feature","properties":{"fade":1.0},"geometry":{"type":"LineString","coordinates":[[11.14857,59.64337],[11.14837,59.6432],[11.14813,59.64312],[11.14784,59.6431],[11.14756,59.64316],[11.14702,59.64341],[11.14671,59.6436],[11.14661,59.64375],[11.14665,59.6439]]}},{"type":"Feature","properties":{"fade":1.0},"geometry":{"type":"LineString","coordinates":[[11.14665,59.6439],[11.14857,59.64337]]}},{"type":"Feature","properties":{"fade":1.0},"geometry":{"type":"LineString","coordinates":[[11.14534,59.66541],[11.1455,59.66573],[11.14551,59.66599],[11.14528,59.66623],[11.14513,59.66659],[11.1451,59.66716],[11.14501,59.66746],[11.14495,59.66753],[11.14411,59.66804]]}},{"type":"Feature","properties":{"fade":1.0},"geometry":{"type":"LineString","coordinates":[[11.1475,59.64059],[11.14814,59.64051],[11.14851,59.64049],[11.14912,59.64059],[11.14959,59.64062],[11.14991,59.64066],[11.15039,59.64074],[11.15054,59.6408]]}},{"type":"Feature","properties":{"fade":1.0},"geometry":{"type":"LineString","coordinates":[[11.14495,59.66512],[11.14513,59.66529],[11.14534,59.66541]]}},{"type":"Feature","properties":{"fade":1.0},"geometry":{"type":"LineString","coordinates":[[11.12667,59.82563],[11.12698,59.82575],[11.12705,59.82587],[11.12704,59.82615],[11.12654,59.82688],[11.12624,59.82746],[11.12616,59.82769],[11.12624,59.82799]]}},{"type":"Feature","properties":{"fade":1.0},"geometry":{"type":"LineString","coordinates":[[11.12687,59.84657],[11.12611,59.84677],[11.12572,59.84684],[11.12493,59.84703],[11.12457,59.84716],[11.12413,59.84725]]}},{"type":"Feature","properties":{"fade":1.0},"geometry":{"type":"LineString","coordinates":[[11.14534,59.66541],[11.14542,59.66529],[11.14549,59.66498]]}},{"type":"Feature","properties":{"fade":1.0},"geometry":{"type":"LineString","coordinates":[[11.14817,59.6466],[11.14872,59.64657],[11.14884,59.64654],[11.14912,59.64612],[11.14936,59.64587],[11.14954,59.64574],[11.14987,59.64557],[11.15065,59.64544]]}},{"type":"Feature","properties":{"fade":1.0},"geometry":{"type":"LineString","coordinates":[[11.14863,59.64343],[11.14857,59.64337]]}},{"type":"Feature","properties":{"fade":1.0},"geometry":{"type":"LineString","coordinates":[[11.14857,59.64337],[11.14937,59.64314],[11.15003,59.64292],[11.15032,59.64275]]}},{"type":"Feature","properties":{"fade":1.0},"geometry":{"type":"LineString","coordinates":[[11.14863,59.64343],[11.14892,59.64354]]}},{"type":"Feature","properties":{"fade":1.0},"geometry":{"type":"LineString","coordinates":[[11.13587,59.75747],[11.13605,59.75719],[11.13606,59.75687],[11.13619,59.75657],[11.13611,59.75635],[11.13589,59.75606],[11.13572,59.75534],[11.1358,59.75514],[11.1358,59.75442],[11.13588,59.7542],[11.1361,59.75384]]}},{"type":"Feature","properties":{"fade":1.0},"geometry":{"type":"LineString","coordinates":[[11.13802,59.75012],[11.13797,59.7502],[11.13809,59.75034],[11.1379,59.75068],[11.1379,59.7508],[11.13779,59.75106],[11.13793,59.7512],[11.13835,59.75137],[11.13839,59.75144],[11.13802,59.75179],[11.1377,59.75222],[11.13755,59.75257],[11.13733,59.75282],[11.13727,59.75288],[11.13683,59.75307],[11.13668,59.75317],[11.1365,59.75343],[11.13644,59.75363],[11.13625,59.75378],[11.1361,59.75384]]}},{"type":"Feature","properties":{"fade":1.0},"geometry":{"type":"LineString","coordinates":[[11.12309,59.90722],[11.12313,59.90714],[11.12312,59.90661],[11.123,59.90646],[11.1227,59.90624],[11.1213,59.90578],[11.12114,59.90575],[11.12048,59.90552],[11.11936,59.90536],[11.11933,59.90529],[11.11941,59.90508],[11.11945,59.90461],[11.1196,59.90438],[11.11961,59.90428],[11.11935,59.90417],[11.11873,59.90405]]}},{"type":"Feature","properties":{"fade":1.0},"geometry":{"type":"LineString","coordinates":[[11.11502,59.94539],[11.11436,59.94545]]}},{"type":"Feature","properties":{"fade":1.0},"geometry":{"type":"LineString","coordinates":[[11.12809,59.83068],[11.1288,59.83048],[11.12898,59.83045],[11.1294,59.83042],[11.12991,59.83044]]}},{"type":"Feature","properties":{"fade":1.0},"geometry":{"type":"LineString","coordinates":[[11.15107,59.64559],[11.15099,59.64569],[11.15016,59.64635],[11.14976,59.6468],[11.14928,59.64723]]}},{"type":"Feature","properties":{"fade":1.0},"geometry":{"type":"LineString","coordinates":[[11.11491,59.94422],[11.11496,59.94428],[11.11494,59.94443],[11.11469,59.94471],[11.11458,59.94495],[11.11462,59.9451],[11.11471,59.94521],[11.11483,59.9453],[11.11502,59.94539]]}},{"type":"Feature","properties":{"fade":1.0},"geometry":{"type":"LineString","coordinates":[[11.11502,59.94539],[11.11521,59.94539]]}},{"type":"Feature","properties":{"fade":1.0},"geometry":{"type":"LineString","coordinates":[[11.13747,59.75587],[11.13757,59.75596],[11.13762,59.7561]]}},{"type":"Feature","properties":{"fade":1.0},"geometry":{"type":"LineString","coordinates":[[11.13747,59.75587],[11.13728,59.75577],[11.13694,59.75551],[11.1369,59.75545],[11.13694,59.75541],[11.13737,59.75535],[11.13743,59.75537],[11.13749,59.75558],[11.13747,59.75587]]}},{"type":"Feature","properties":{"fade":1.0},"geometry":{"type":"LineString","coordinates":[[11.15287,59.64654],[11.15289,59.64661],[11.15276,59.64686],[11.15266,59.64728],[11.15207,59.6481],[11.15183,59.64837],[11.15159,59.64872],[11.15153,59.64887],[11.15142,59.64897],[11.15128,59.64903],[11.15068,59.64898],[11.15021,59.64871],[11.1499,59.64857]]}},{"type":"Feature","properties":{"fade":1.0},"geometry":{"type":"LineString","coordinates":[[11.15094,59.64745],[11.15125,59.64743],[11.15134,59.64746],[11.15136,59.64751],[11.15096,59.64832],[11.15082,59.64839],[11.15044,59.64849],[11.1499,59.64857]]}},{"type":"Feature","properties":{"fade":1.0},"geometry":{"type":"LineString","coordinates":[[11.1308,59.83127],[11.13038,59.8315],[11.1302,59.8317],[11.12999,59.83204],[11.12938,59.8325],[11.12919,59.83257],[11.12869,59.83258]]}},{"type":"Feature","properties":{"fade":1.0},"geometry":{"type":"LineString","coordinates":[[11.12893,59.84429],[11.1287,59.8446],[11.12863,59.84496],[11.12837,59.84535],[11.12843,59.84553],[11.12842,59.84561],[11.12835,59.84567],[11.12807,59.84581],[11.12791,59.846],[11.1276,59.84615],[11.12732,59.84637]]}},{"type":"Feature","properties":{"fade":1.0},"geometry":{"type":"LineString","coordinates":[[11.15065,59.64544],[11.15092,59.64549],[11.15107,59.64559]]}},{"type":"Feature","properties":{"fade":1.0},"geometry":{"type":"LineString","coordinates":[[11.15065,59.64544],[11.15104,59.64526],[11.15116,59.64526],[11.15124,59.64535],[11.15123,59.6454],[11.15107,59.64559]]}},{"type":"Feature","properties":{"fade":1.0},"geometry":{"type":"LineString","coordinates":[[11.1492,59.65837],[11.14938,59.65844],[11.14961,59.65862]]}},{"type":"Feature","properties":{"fade":1.0},"geometry":{"type":"LineString","coordinates":[[11.15048,59.64754],[11.15094,59.64745]]}},{"type":"Feature","properties":{"fade":1.0},"geometry":{"type":"LineString","coordinates":[[11.11466,59.95666],[11.11476,59.95663],[11.11505,59.95646],[11.1154,59.95632],[11.11588,59.95627],[11.11607,59.95628],[11.1163,59.95634]]}},{"type":"Feature","properties":{"fade":1.0},"geometry":{"type":"LineString","coordinates":[[11.14861,59.66711],[11.14839,59.6674],[11.14815,59.66836]]}},{"type":"Feature","properties":{"fade":1.0},"geometry":{"type":"LineString","coordinates":[[11.15094,59.64745],[11.15103,59.64736],[11.1514,59.6472],[11.15139,59.64694],[11.1516,59.64663],[11.15174,59.64653],[11.15198,59.64646],[11.15211,59.64644],[11.15274,59.64651],[11.15287,59.64654]]}},{"type":"Feature","properties":{"fade":1.0},"geometry":{"type":"LineString","coordinates":[[11.11763,59.94123],[11.11705,59.94123]]}},{"type":"Feature","properties":{"fade":1.0},"geometry":{"type":"LineString","coordinates":[[11.13821,59.76793],[11.13842,59.76799]]}},{"type":"Feature","properties":{"fade":1.0},"geometry":{"type":"LineString","coordinates":[[11.15293,59.65499],[11.15273,59.655],[11.15188,59.65514],[11.15151,59.65512],[11.15124,59.65508]]}},{"type":"Feature","properties":{"fade":1.0},"geometry":{"type":"LineString","coordinates":[[11.14446,59.74022],[11.14459,59.74013],[11.14461,59.74],[11.14433,59.73986],[11.14399,59.73975],[11.14393,59.73967],[11.14376,59.7396],[11.14347,59.73953],[11.14333,59.73952],[11.14298,59.73956],[11.14261,59.73956],[11.14229,59.73963],[11.14212,59.73965]]}},{"type":"Feature","properties":{"fade":1.0},"geometry":{"type":"LineString","coordinates":[[11.15287,59.64654],[11.15302,59.64659],[11.15353,59.64695]]}},{"type":"Feature","properties":{"fade":1.0},"geometry":{"type":"LineString","coordinates":[[11.15334,59.65411],[11.15301,59.65417],[11.15259,59.65421],[11.15216,59.65413]]}},{"type":"Feature","properties":{"fade":1.0},"geometry":{"type":"LineString","coordinates":[[11.15134,59.6621],[11.15131,59.66246],[11.15135,59.66255]]}},{"type":"Feature","properties":{"fade":1.0},"geometry":{"type":"LineString","coordinates":[[11.14446,59.74022],[11.14401,59.74023],[11.14386,59.74027],[11.1438,59.74031],[11.14373,59.74045],[11.14375,59.74065],[11.14389,59.74071],[11.14392,59.74076],[11.14382,59.74114],[11.1439,59.74122],[11.14415,59.74135],[11.14422,59.74145],[11.14417,59.74157],[11.14407,59.74166],[11.14416,59.74186],[11.14406,59.74206],[11.14385,59.74217],[11.14334,59.74223],[11.14293,59.7424],[11.14244,59.7425]]}},{"type":"Feature","properties":{"fade":1.0},"geometry":{"type":"LineString","coordinates":[[11.15431,59.64466],[11.15445,59.64498],[11.15456,59.64501],[11.15465,59.64501],[11.15477,59.64495],[11.15506,59.64466],[11.15515,59.64436],[11.15525,59.64422],[11.15525,59.64409]]}},{"type":"Feature","properties":{"fade":1.0},"geometry":{"type":"LineString","coordinates":[[11.14446,59.74022],[11.14464,59.74022],[11.14495,59.74026],[11.14503,59.74025],[11.14508,59.7402],[11.14511,59.74]]}},{"type":"Feature","properties":{"fade":1.0},"geometry":{"type":"LineString","coordinates":[[11.12682,59.89337],[11.1273,59.89334],[11.12876,59.89314],[11.12953,59.89299],[11.13008,59.89291],[11.13058,59.89277],[11.13154,59.89232],[11.13278,59.8915],[11.13346,59.89102],[11.13365,59.89076],[11.13484,59.88951],[11.13523,59.88925],[11.13567,59.88903],[11.13582,59.88891],[11.13633,59.8882],[11.13639,59.88807],[11.13644,59.88696],[11.13639,59.88677],[11.13608,59.8862],[11.13611,59.88563],[11.13606,59.88509],[11.13596,59.88478],[11.13597,59.88454],[11.1359,59.88423]]}},{"type":"Feature","properties":{"fade":1.0},"geometry":{"type":"LineString","coordinates":[[11.15348,59.66414],[11.15335,59.66398],[11.15343,59.66366],[11.15348,59.66313]]}},{"type":"Feature","properties":{"fade":1.0},"geometry":{"type":"LineString","coordinates":[[11.14409,59.74761],[11.14412,59.74756],[11.14446,59.74743],[11.14453,59.74736],[11.14453,59.74643],[11.14463,59.74626],[11.14485,59.74607],[11.14516,59.74592],[11.14573,59.74573],[11.14656,59.74566],[11.14726,59.74563],[11.14769,59.74552],[11.1485,59.74539],[11.14889,59.7453],[11.14911,59.74523],[11.14967,59.745],[11.14977,59.74493],[11.15013,59.7445]]}},{"type":"Feature","properties":{"fade":1.0},"geometry":{"type":"LineString","coordinates":[[11.15526,59.65201],[11.15565,59.65176],[11.15624,59.65143],[11.15663,59.65072],[11.15697,59.64986]]}},{"type":"Feature","properties":{"fade":1.0},"geometry":{"type":"LineString","coordinates":[[11.12146,59.95813],[11.12092,59.9581],[11.12017,59.95801],[11.11999,59.95805],[11.1199,59.95811]]}},{"type":"Feature","properties":{"fade":1.0},"geometry":{"type":"LineString","coordinates":[[11.12157,59.95462],[11.12229,59.9547],[11.12266,59.95481]]}},{"type":"Feature","properties":{"fade":1.0},"geometry":{"type":"LineString","coordinates":[[11.12235,59.94816],[11.12265,59.94822],[11.12299,59.94824],[11.12571,59.94834]]}},{"type":"Feature","properties":{"fade":1.0},"geometry":{"type":"LineString","coordinates":[[11.15697,59.64986],[11.15704,59.6496],[11.15713,59.64944],[11.15722,59.64908]]}},{"type":"Feature","properties":{"fade":1.0},"geometry":{"type":"LineString","coordinates":[[11.15697,59.64986],[11.15738,59.64981]]}},{"type":"Feature","properties":{"fade":1.0},"geometry":{"type":"LineString","coordinates":[[11.12169,59.955],[11.12201,59.95532]]}},{"type":"Feature","properties":{"fade":1.0},"geometry":{"type":"LineString","coordinates":[[11.12138,59.95828],[11.12146,59.95813]]}},{"type":"Feature","properties":{"fade":1.0},"geometry":{"type":"LineString","coordinates":[[11.13457,59.84542],[11.13538,59.84549]]}},{"type":"Feature","properties":{"fade":1.0},"geometry":{"type":"LineString","coordinates":[[11.16086,59.62205],[11.16047,59.62187],[11.16033,59.62177],[11.16026,59.62165],[11.1603,59.62159],[11.16037,59.62157]]}},{"type":"Feature","properties":{"fade":1.0},"geometry":{"type":"LineString","coordinates":[[11.12146,59.95813],[11.12162,59.95778],[11.12163,59.95761],[11.12155,59.95743],[11.12166,59.95728],[11.12174,59.95704],[11.12165,59.95646],[11.12205,59.95612],[11.12196,59.95585],[11.12195,59.95566],[11.12203,59.9555],[11.12201,59.95532]]}},{"type":"Feature","properties":{"fade":1.0},"geometry":{"type":"LineString","coordinates":[[11.12266,59.95481],[11.12266,59.95487],[11.12206,59.95522],[11.12201,59.95532]]}},{"type":"Feature","properties":{"fade":1.0},"geometry":{"type":"LineString","coordinates":[[11.12266,59.95481],[11.12275,59.95479]]}},{"type":"Feature","properties":{"fade":1.0},"geometry":{"type":"LineString","coordinates":[[11.12275,59.95479],[11.12288,59.95482],[11.12314,59.955],[11.12375,59.95559],[11.12419,59.95586],[11.12491,59.95624],[11.125,59.95633],[11.125,59.95644],[11.12511,59.95662],[11.12564,59.95735],[11.1258,59.95748],[11.1261,59.95759],[11.12638,59.95776],[11.1267,59.958]]}},{"type":"Feature","properties":{"fade":1.0},"geometry":{"type":"LineString","coordinates":[[11.12275,59.95479],[11.12293,59.95444],[11.12294,59.95432],[11.12287,59.95416]]}},{"type":"Feature","properties":{"fade":1.0},"geometry":{"type":"LineString","coordinates":[[11.16475,59.61783],[11.16469,59.61767],[11.1647,59.61715],[11.16444,59.6167],[11.16412,59.6164],[11.1641,59.6163],[11.16415,59.61616],[11.16413,59.61608],[11.16404,59.616],[11.16389,59.61594],[11.16357,59.61588],[11.16327,59.61585],[11.16302,59.61587],[11.16253,59.61595],[11.16226,59.61612]]}},{"type":"Feature","properties":{"fade":1.0},"geometry":{"type":"LineString","coordinates":[[11.12531,59.94209],[11.12503,59.94212],[11.12461,59.94208]]}},{"type":"Feature","properties":{"fade":1.0},"geometry":{"type":"LineString","coordinates":[[11.15909,59.66492],[11.15952,59.66496],[11.1599,59.66504]]}},{"type":"Feature","properties":{"fade":1.0},"geometry":{"type":"LineString","coordinates":[[11.1641,59.62979],[11.16381,59.62951],[11.16339,59.62925],[11.16284,59.62876],[11.16275,59.62866],[11.16271,59.62853],[11.16272,59.62837],[11.1629,59.62818],[11.16275,59.62779],[11.16275,59.62761],[11.16284,59.62745],[11.163,59.62736],[11.16354,59.6273]]}},{"type":"Feature","properties":{"fade":1.0},"geometry":{"type":"LineString","coordinates":[[11.16481,59.6214],[11.16509,59.62133]]}},{"type":"Feature","properties":{"fade":1.0},"geometry":{"type":"LineString","coordinates":[[11.1599,59.66504],[11.16004,59.66515],[11.1603,59.66529],[11.16058,59.66551],[11.16064,59.66562]]}},{"type":"Feature","properties":{"fade":1.0},"geometry":{"type":"LineString","coordinates":[[11.1599,59.66504],[11.16071,59.66502],[11.16158,59.66494],[11.16192,59.66495],[11.16243,59.66506],[11.16349,59.66509]]}},{"type":"Feature","properties":{"fade":1.0},"geometry":{"type":"LineString","coordinates":[[11.14168,59.82474],[11.14199,59.82482],[11.14205,59.82495],[11.14226,59.82512],[11.14284,59.82552],[11.14302,59.82568],[11.1434,59.82573],[11.14404,59.82575],[11.14431,59.82588]]}},{"type":"Feature","properties":{"fade":1.0},"geometry":{"type":"LineString","coordinates":[[11.12704,59.95533],[11.1272,59.95532],[11.12733,59.95525],[11.12738,59.95517],[11.12737,59.955],[11.12743,59.95495],[11.12751,59.95492],[11.12773,59.95489],[11.12836,59.95457],[11.12867,59.95448]]}},{"type":"Feature","properties":{"fade":1.0},"geometry":{"type":"LineString","coordinates":[[11.12727,59.95688],[11.12796,59.95743],[11.12802,59.95754]]}},{"type":"Feature","properties":{"fade":1.0},"geometry":{"type":"LineString","coordinates":[[11.12887,59.95649],[11.12899,59.95649],[11.12933,59.95663],[11.12962,59.95666]]}},{"type":"Feature","properties":{"fade":1.0},"geometry":{"type":"LineString","coordinates":[[11.12945,59.95155],[11.12958,59.95165],[11.12986,59.95178],[11.13005,59.95195],[11.13038,59.95203],[11.13067,59.95203]]}},{"type":"Feature","properties":{"fade":1.0},"geometry":{"type":"LineString","coordinates":[[11.15429,59.73899],[11.15496,59.73893],[11.15573,59.73859],[11.15591,59.73859],[11.15603,59.73862],[11.15646,59.73888],[11.15666,59.73926],[11.15699,59.73945],[11.15729,59.73974],[11.15752,59.7399],[11.15807,59.74007],[11.15835,59.74011],[11.15915,59.74016],[11.15929,59.74019],[11.15933,59.74027],[11.15928,59.74048],[11.15932,59.7408],[11.15948,59.74094],[11.15959,59.741],[11.16008,59.7411],[11.16028,59.74111],[11.16096,59.74128],[11.16137,59.74135],[11.16167,59.74139],[11.16197,59.74139]]}},{"type":"Feature","properties":{"fade":1.0},"geometry":{"type":"LineString","coordinates":[[11.13139,59.95769],[11.13076,59.95772],[11.13064,59.95771],[11.13056,59.95767],[11.13044,59.95753],[11.13018,59.95742],[11.13004,59.95733],[11.1299,59.95717],[11.12974,59.95708],[11.12959,59.95706],[11.12926,59.95714]]}},{"type":"Feature","properties":{"fade":1.0},"geometry":{"type":"LineString","coordinates":[[11.13078,59.94567],[11.13073,59.94544],[11.1306,59.94524],[11.1307,59.94506],[11.13073,59.94487],[11.1308,59.94481]]}},{"type":"Feature","properties":{"fade":1.0},"geometry":{"type":"LineString","coordinates":[[11.13192,59.94601],[11.13187,59.94604],[11.13188,59.94617],[11.13157,59.94635]]}},{"type":"Feature","properties":{"fade":1.0},"geometry":{"type":"LineString","coordinates":[[11.13192,59.94601],[11.13175,59.9457],[11.13168,59.94563]]}},{"type":"Feature","properties":{"fade":1.0},"geometry":{"type":"LineString","coordinates":[[11.13458,59.92116],[11.13511,59.92056],[11.13533,59.9204],[11.13556,59.92029],[11.1359,59.9202],[11.13626,59.92005],[11.13642,59.92002],[11.13675,59.92],[11.13751,59.92003],[11.13796,59.91982],[11.13811,59.91978],[11.13866,59.91992],[11.13923,59.92013],[11.13964,59.92034],[11.14018,59.92074],[11.14035,59.9208],[11.14044,59.92081]]}},{"type":"Feature","properties":{"fade":1.0},"geometry":{"type":"LineString","coordinates":[[11.13192,59.94601],[11.13231,59.94663],[11.13245,59.94698],[11.13262,59.94718],[11.13312,59.94713]]}},{"type":"Feature","properties":{"fade":1.0},"geometry":{"type":"LineString","coordinates":[[11.14743,59.81676],[11.14752,59.81681],[11.14782,59.81719],[11.14783,59.81729],[11.14764,59.81776]]}},{"type":"Feature","properties":{"fade":1.0},"geometry":{"type":"LineString","coordinates":[[11.14186,59.90533],[11.14011,59.90525],[11.13929,59.90516],[11.13912,59.90518],[11.13903,59.90522],[11.13809,59.90573],[11.13792,59.90579],[11.13772,59.9058],[11.1373,59.90573]]}},{"type":"Feature","properties":{"fade":1.0},"geometry":{"type":"LineString","coordinates":[[11.13312,59.94713],[11.13327,59.94719]]}},{"type":"Feature","properties":{"fade":1.0},"geometry":{"type":"LineString","coordinates":[[11.13312,59.94713],[11.13327,59.94704],[11.13336,59.94684],[11.13355,59.94667],[11.13437,59.94628],[11.13462,59.94611],[11.13491,59.94596],[11.13548,59.94576],[11.13645,59.94553],[11.13728,59.94515],[11.13755,59.94495],[11.13799,59.94491]]}},{"type":"Feature","properties":{"fade":1.0},"geometry":{"type":"LineString","coordinates":[[11.14767,59.82291],[11.14816,59.82357],[11.14846,59.82379],[11.14915,59.82418],[11.14917,59.82428],[11.1495,59.82455],[11.14982,59.82487],[11.14968,59.82518],[11.14968,59.82532],[11.14945,59.82561],[11.14944,59.8258]]}},{"type":"Feature","properties":{"fade":1.0},"geometry":{"type":"LineString","coordinates":[[11.13735,59.94204],[11.13716,59.94199],[11.13682,59.94184],[11.13652,59.94177],[11.13616,59.94159],[11.13533,59.9413],[11.13529,59.9413],[11.13512,59.94144],[11.13492,59.94168],[11.13483,59.94185]]}},{"type":"Feature","properties":{"fade":1.0},"geometry":{"type":"LineString","coordinates":[[11.13725,59.94633],[11.13711,59.9465],[11.13606,59.94737],[11.13571,59.94755],[11.13551,59.94762],[11.13535,59.94764],[11.13498,59.94758]]}},{"type":"Feature","properties":{"fade":1.0},"geometry":{"type":"LineString","coordinates":[[11.13665,59.94274],[11.13589,59.94276]]}},{"type":"Feature","properties":{"fade":1.0},"geometry":{"type":"LineString","coordinates":[[11.15137,59.82388],[11.15118,59.82385],[11.15042,59.82396],[11.1502,59.82394],[11.14997,59.82382],[11.1499,59.82368],[11.14993,59.82349],[11.15014,59.82344]]}},{"type":"Feature","properties":{"fade":1.0},"geometry":{"type":"LineString","coordinates":[[11.14145,59.90213],[11.14111,59.90197],[11.14106,59.9019]]}},{"type":"Feature","properties":{"fade":1.0},"geometry":{"type":"LineString","coordinates":[[11.14185,59.90443],[11.14131,59.90436],[11.14122,59.9043],[11.14117,59.90418],[11.14119,59.90403],[11.14113,59.9037],[11.14121,59.90242],[11.14109,59.90213],[11.14106,59.9019]]}},{"type":"Feature","properties":{"fade":1.0},"geometry":{"type":"LineString","coordinates":[[11.14141,59.89904],[11.14122,59.89962],[11.14101,59.90141],[11.14106,59.9019]]}},{"type":"Feature","properties":{"fade":1.0},"geometry":{"type":"LineString","coordinates":[[11.13643,59.94309],[11.13677,59.94367],[11.13722,59.94376],[11.1375,59.94395],[11.13798,59.94401]]}},{"type":"Feature","properties":{"fade":1.0},"geometry":{"type":"LineString","coordinates":[[11.13665,59.94274],[11.13648,59.94294]]}},{"type":"Feature","properties":{"fade":1.0},"geometry":{"type":"LineString","coordinates":[[11.13735,59.94204],[11.13729,59.9421],[11.13721,59.94251],[11.13708,59.94266],[11.13697,59.94272],[11.13665,59.94274]]}},{"type":"Feature","properties":{"fade":1.0},"geometry":{"type":"LineString","coordinates":[[11.17464,59.63613],[11.17208,59.63582]]}},{"type":"Feature","properties":{"fade":1.0},"geometry":{"type":"LineString","coordinates":[[11.14145,59.90213],[11.14166,59.9022],[11.14266,59.90234]]}},{"type":"Feature","properties":{"fade":1.0},"geometry":{"type":"LineString","coordinates":[[11.14145,59.90213],[11.14154,59.90246],[11.14173,59.90259],[11.14195,59.90294],[11.14171,59.90346],[11.14154,59.90371],[11.14156,59.90379],[11.14178,59.90405],[11.14185,59.90443]]}},{"type":"Feature","properties":{"fade":1.0},"geometry":{"type":"LineString","coordinates":[[11.17215,59.63909],[11.17236,59.63872],[11.17286,59.63842],[11.17336,59.63804],[11.17376,59.63788],[11.17429,59.63757],[11.17508,59.63725]]}},{"type":"Feature","properties":{"fade":1.0},"geometry":{"type":"LineString","coordinates":[[11.15137,59.82388],[11.15106,59.82356]]}},{"type":"Feature","properties":{"fade":1.0},"geometry":{"type":"LineString","coordinates":[[11.13773,59.94179],[11.13751,59.9419],[11.13735,59.94204]]}},{"type":"Feature","properties":{"fade":1.0},"geometry":{"type":"LineString","coordinates":[[11.14185,59.90443],[11.14185,59.9046],[11.14193,59.90471]]}},{"type":"Feature","properties":{"fade":1.0},"geometry":{"type":"LineString","coordinates":[[11.15199,59.82383],[11.15137,59.82388]]}},{"type":"Feature","properties":{"fade":1.0},"geometry":{"type":"LineString","coordinates":[[11.13773,59.94179],[11.13798,59.94198],[11.13807,59.94199],[11.13817,59.94197],[11.13872,59.94168],[11.13906,59.94156],[11.13928,59.94142],[11.13985,59.94117],[11.14034,59.94105]]}},{"type":"Feature","properties":{"fade":1.0},"geometry":{"type":"LineString","coordinates":[[11.13964,59.94039],[11.13916,59.94048],[11.13897,59.94075],[11.13847,59.94127],[11.13801,59.94166],[11.13773,59.94179]]}},{"type":"Feature","properties":{"fade":1.0},"geometry":{"type":"LineString","coordinates":[[11.13725,59.94633],[11.13751,59.94658],[11.13755,59.94671],[11.13748,59.94681],[11.13717,59.94711]]}},{"type":"Feature","properties":{"fade":1.0},"geometry":{"type":"LineString","coordinates":[[11.13799,59.94491],[11.13807,59.94511],[11.13805,59.94536],[11.13774,59.94578],[11.13737,59.94615],[11.13725,59.94633]]}},{"type":"Feature","properties":{"fade":1.0},"geometry":{"type":"LineString","coordinates":[[11.15768,59.77636],[11.15747,59.77638],[11.15726,59.77646],[11.15712,59.77664],[11.15711,59.77682]]}},{"type":"Feature","properties":{"fade":1.0},"geometry":{"type":"LineString","coordinates":[[11.13798,59.94401],[11.1379,59.9441],[11.13804,59.94416]]}},{"type":"Feature","properties":{"fade":1.0},"geometry":{"type":"LineString","coordinates":[[11.13968,59.94371],[11.13943,59.94369],[11.13848,59.94382],[11.13798,59.94401]]}},{"type":"Feature","properties":{"fade":1.0},"geometry":{"type":"LineString","coordinates":[[11.13968,59.94371],[11.13954,59.94382],[11.13927,59.94416],[11.13878,59.94458],[11.13833,59.94482],[11.13816,59.94488],[11.13799,59.94491]]}},{"type":"Feature","properties":{"fade":1.0},"geometry":{"type":"LineString","coordinates":[[11.15274,59.81939],[11.15271,59.81952],[11.15293,59.81992],[11.15295,59.82006]]}},{"type":"Feature","properties":{"fade":1.0},"geometry":{"type":"LineString","coordinates":[[11.16197,59.74139],[11.16219,59.74185],[11.16222,59.742],[11.16261,59.74235],[11.16267,59.74249],[11.1627,59.74275],[11.16266,59.74293],[11.16228,59.74327],[11.16218,59.74367],[11.16209,59.74386]]}},{"type":"Feature","properties":{"fade":1.0},"geometry":{"type":"LineString","coordinates":[[11.16197,59.74139],[11.16229,59.7414],[11.16295,59.74149],[11.16326,59.7415],[11.16407,59.74126]]}},{"type":"Feature","properties":{"fade":1.0},"geometry":{"type":"LineString","coordinates":[[11.14104,59.92816],[11.14072,59.92793],[11.1406,59.92789],[11.14045,59.92789]]}},{"type":"Feature","properties":{"fade":1.0},"geometry":{"type":"LineString","coordinates":[[11.15863,59.7709],[11.15857,59.7708],[11.1586,59.77067],[11.15917,59.76957],[11.15973,59.76911],[11.16013,59.7686],[11.1603,59.76849],[11.16114,59.76806],[11.16163,59.76787],[11.16178,59.76777],[11.16183,59.76755],[11.16185,59.76682],[11.16225,59.76615],[11.16234,59.76584],[11.16243,59.76578],[11.16259,59.7658]]}},{"type":"Feature","properties":{"fade":1.0},"geometry":{"type":"LineString","coordinates":[[11.13961,59.94062],[11.13953,59.94069],[11.1393,59.94078]]}},{"type":"Feature","properties":{"fade":1.0},"geometry":{"type":"LineString","coordinates":[[11.13968,59.93991],[11.13975,59.94035]]}},{"type":"Feature","properties":{"fade":1.0},"geometry":{"type":"LineString","coordinates":[[11.13991,59.94053],[11.13988,59.94057],[11.13971,59.94063],[11.13961,59.94062]]}},{"type":"Feature","properties":{"fade":1.0},"geometry":{"type":"LineString","coordinates":[[11.13964,59.94039],[11.13954,59.94047],[11.13961,59.94062]]}},{"type":"Feature","properties":{"fade":1.0},"geometry":{"type":"LineString","coordinates":[[11.13975,59.94035],[11.13964,59.94039]]}},{"type":"Feature","properties":{"fade":1.0},"geometry":{"type":"LineString","coordinates":[[11.13975,59.94035],[11.13991,59.94053]]}},{"type":"Feature","properties":{"fade":1.0},"geometry":{"type":"LineString","coordinates":[[11.13991,59.94053],[11.14021,59.9408],[11.1403,59.94092],[11.14034,59.94105]]}},{"type":"Feature","properties":{"fade":1.0},"geometry":{"type":"LineString","coordinates":[[11.13994,59.94026],[11.1402,59.94029],[11.14068,59.94027]]}},{"type":"Feature","properties":{"fade":1.0},"geometry":{"type":"LineString","coordinates":[[11.14034,59.94105],[11.14036,59.94123],[11.14029,59.94134],[11.14,59.94153],[11.13989,59.94166],[11.13992,59.94207],[11.13955,59.9428],[11.13953,59.94306],[11.13956,59.94318],[11.13986,59.94342],[11.13989,59.94348],[11.13968,59.94371]]}},{"type":"Feature","properties":{"fade":1.0},"geometry":{"type":"LineString","coordinates":[[11.17508,59.63725],[11.17525,59.63731],[11.17557,59.63737]]}},{"type":"Feature","properties":{"fade":1.0},"geometry":{"type":"LineString","coordinates":[[11.17536,59.63702],[11.1751,59.63713],[11.17506,59.63719],[11.17508,59.63725]]}},{"type":"Feature","properties":{"fade":1.0},"geometry":{"type":"LineString","coordinates":[[11.14157,59.94234],[11.14136,59.94219],[11.14117,59.94196],[11.14011,59.94147]]}},{"type":"Feature","properties":{"fade":1.0},"geometry":{"type":"LineString","coordinates":[[11.15556,59.8118],[11.15568,59.81174],[11.15621,59.81162]]}},{"type":"Feature","properties":{"fade":1.0},"geometry":{"type":"LineString","coordinates":[[11.14068,59.94027],[11.14084,59.94031],[11.14111,59.94035],[11.14165,59.94038],[11.14196,59.94037],[11.14217,59.9404],[11.14248,59.94053],[11.14269,59.94067],[11.14278,59.94077],[11.14254,59.94119],[11.14259,59.94144],[11.14248,59.94155],[11.14225,59.94169],[11.14157,59.94234]]}},{"type":"Feature","properties":{"fade":1.0},"geometry":{"type":"LineString","coordinates":[[11.14086,59.94022],[11.14068,59.94027]]}},{"type":"Feature","properties":{"fade":1.0},"geometry":{"type":"LineString","coordinates":[[11.16462,59.73455],[11.16452,59.73444],[11.16447,59.7343],[11.16473,59.73399],[11.16496,59.73386]]}},{"type":"Feature","properties":{"fade":1.0},"geometry":{"type":"LineString","coordinates":[[11.15617,59.81281],[11.15611,59.81231],[11.15613,59.81214],[11.15625,59.81182],[11.15621,59.81162]]}},{"type":"Feature","properties":{"fade":1.0},"geometry":{"type":"LineString","coordinates":[[11.15621,59.81162],[11.15627,59.81152],[11.15631,59.8111]]}},{"type":"Feature","properties":{"fade":1.0},"geometry":{"type":"LineString","coordinates":[[11.15631,59.8111],[11.15643,59.81077],[11.15651,59.81027],[11.15659,59.81006]]}},{"type":"Feature","properties":{"fade":1.0},"geometry":{"type":"LineString","coordinates":[[11.16031,59.81193],[11.16041,59.81133],[11.16052,59.81102],[11.16032,59.81067],[11.16018,59.81027],[11.15985,59.80989],[11.15956,59.80977],[11.15881,59.80958],[11.15853,59.80957],[11.15828,59.80964],[11.15812,59.80971],[11.15787,59.80994],[11.15749,59.81049],[11.15692,59.8108],[11.15631,59.8111]]}},{"type":"Feature","properties":{"fade":1.0},"geometry":{"type":"LineString","coordinates":[[11.14157,59.94234],[11.14161,59.94237],[11.14163,59.94247],[11.14185,59.94259],[11.14207,59.9428],[11.14209,59.94321],[11.14272,59.94329],[11.14319,59.94319],[11.14338,59.94318],[11.14366,59.94319],[11.14395,59.94327],[11.14423,59.94345]]}},{"type":"Feature","properties":{"fade":1.0},"geometry":{"type":"LineString","coordinates":[[11.16278,59.77239],[11.16332,59.77295],[11.16344,59.77312],[11.16341,59.77316],[11.16306,59.77334],[11.16277,59.77353],[11.1627,59.77363],[11.16266,59.77381],[11.16255,59.77393]]}},{"type":"Feature","properties":{"fade":1.0},"geometry":{"type":"LineString","coordinates":[[11.15627,59.83012],[11.15638,59.83041],[11.15636,59.83051],[11.15629,59.8306]]}},{"type":"Feature","properties":{"fade":1.0},"geometry":{"type":"LineString","coordinates":[[11.15629,59.8306],[11.15641,59.83068],[11.15696,59.8314],[11.15726,59.83209],[11.15722,59.83237],[11.15694,59.83268]]}},{"type":"Feature","properties":{"fade":1.0},"geometry":{"type":"LineString","coordinates":[[11.15629,59.8306],[11.15599,59.83076],[11.15583,59.8309],[11.15569,59.83112],[11.15561,59.83149],[11.15522,59.83177],[11.15486,59.83227],[11.15469,59.83238],[11.15464,59.83253],[11.15469,59.8326],[11.15474,59.83262],[11.15555,59.83287],[11.15582,59.83291],[11.15623,59.83288],[11.15638,59.83285],[11.15669,59.8327],[11.15694,59.83268]]}},{"type":"Feature","properties":{"fade":1.0},"geometry":{"type":"LineString","coordinates":[[11.16364,59.77018],[11.16349,59.7703],[11.16346,59.77037],[11.16348,59.77065],[11.16356,59.77081],[11.16354,59.77085]]}},{"type":"Feature","properties":{"fade":1.0},"geometry":{"type":"LineString","coordinates":[[11.15694,59.83268],[11.15688,59.8328],[11.15691,59.83294],[11.15768,59.83342],[11.15787,59.83347],[11.15826,59.83352],[11.15839,59.83352],[11.15856,59.83349],[11.15864,59.83338],[11.1586,59.83323],[11.15793,59.83281],[11.15769,59.83224]]}},{"type":"Feature","properties":{"fade":1.0},"geometry":{"type":"LineString","coordinates":[[11.17569,59.67127],[11.176,59.67117],[11.17655,59.67113],[11.17684,59.67091],[11.17784,59.67071],[11.17802,59.6706],[11.17815,59.67058],[11.17836,59.67059],[11.17924,59.67075],[11.17943,59.67076],[11.17973,59.67082],[11.18002,59.67077],[11.18035,59.67076],[11.18065,59.67068]]}},{"type":"Feature","properties":{"fade":1.0},"geometry":{"type":"LineString","coordinates":[[11.1484,59.90881],[11.1486,59.90854],[11.1487,59.90819],[11.1486,59.90787],[11.14861,59.90779],[11.14885,59.90749]]}},{"type":"Feature","properties":{"fade":1.0},"geometry":{"type":"LineString","coordinates":[[11.15975,59.81228],[11.15985,59.81215],[11.16012,59.81203],[11.16019,59.81196],[11.16031,59.81193]]}},{"type":"Feature","properties":{"fade":1.0},"geometry":{"type":"LineString","coordinates":[[11.16031,59.81193],[11.16043,59.81196],[11.16071,59.81234],[11.1608,59.81243],[11.16092,59.81249],[11.16152,59.81261],[11.16237,59.81269],[11.16266,59.81283],[11.16305,59.81294],[11.16327,59.81308],[11.16419,59.8133],[11.16467,59.8135],[11.16542,59.81404],[11.16551,59.81415],[11.16556,59.81423],[11.16548,59.81444],[11.16546,59.81469],[11.16574,59.81519],[11.16588,59.81529]]}},{"type":"Feature","properties":{"fade":1.0},"geometry":{"type":"LineString","coordinates":[[11.16877,59.74187],[11.16861,59.74201],[11.16848,59.74241],[11.16833,59.74337],[11.16833,59.7439],[11.16854,59.74426],[11.16919,59.74502],[11.1695,59.74524],[11.16972,59.74535],[11.17004,59.74548],[11.17207,59.74619],[11.17273,59.74638],[11.17315,59.74646],[11.17358,59.74651],[11.17537,59.74665],[11.17568,59.74665],[11.17592,59.74661],[11.17633,59.74649],[11.17657,59.74636],[11.17661,59.7462],[11.17652,59.7459],[11.17662,59.7455],[11.17657,59.74534]]}},{"type":"Feature","properties":{"fade":1.0},"geometry":{"type":"LineString","coordinates":[[11.17057,59.73384],[11.1702,59.73399],[11.1701,59.73407]]}},{"type":"Feature","properties":{"fade":1.0},"geometry":{"type":"LineString","coordinates":[[11.14615,59.94161],[11.14631,59.94182],[11.14681,59.94221],[11.14733,59.94241],[11.14764,59.94257],[11.14838,59.94282]]}},{"type":"Feature","properties":{"fade":1.0},"geometry":{"type":"LineString","coordinates":[[11.14615,59.94161],[11.1458,59.94164],[11.14547,59.94139],[11.14539,59.9412],[11.14523,59.94103],[11.14519,59.94089],[11.14521,59.94075],[11.14543,59.94044],[11.14544,59.94013],[11.14555,59.93995],[11.14601,59.93958],[11.1463,59.9394],[11.1467,59.93927],[11.14685,59.93918],[11.1469,59.93906],[11.14678,59.93875],[11.14703,59.93843],[11.14716,59.9381],[11.14727,59.93803],[11.14743,59.93798],[11.1476,59.93799],[11.14789,59.93806],[11.14809,59.93804],[11.14822,59.93795],[11.14834,59.93775],[11.1486,59.93753],[11.14889,59.9374],[11.14911,59.93725],[11.14962,59.93635],[11.1499,59.9361],[11.15005,59.93588],[11.15009,59.93534],[11.15002,59.93487],[11.15008,59.93474]]}},{"type":"Feature","properties":{"fade":1.0},"geometry":{"type":"LineString","coordinates":[[11.14615,59.94161],[11.14731,59.9414],[11.14756,59.94134]]}},{"type":"Feature","properties":{"fade":1.0},"geometry":{"type":"LineString","coordinates":[[11.15061,59.90582],[11.15025,59.90568],[11.15018,59.90552],[11.15028,59.90369],[11.15033,59.90362],[11.15041,59.90357],[11.15058,59.90354]]}},{"type":"Feature","properties":{"fade":1.0},"geometry":{"type":"LineString","coordinates":[[11.15058,59.90354],[11.15067,59.90334],[11.15098,59.90318],[11.15098,59.90312]]}},{"type":"Feature","properties":{"fade":1.0},"geometry":{"type":"LineString","coordinates":[[11.15058,59.90354],[11.1516,59.90352]]}},{"type":"Feature","properties":{"fade":1.0},"geometry":{"type":"LineString","coordinates":[[11.18327,59.61896],[11.18352,59.61896],[11.1838,59.6189],[11.18406,59.61881]]}},{"type":"Feature","properties":{"fade":1.0},"geometry":{"type":"LineString","coordinates":[[11.15009,59.92291],[11.15007,59.92294],[11.1499,59.92296],[11.14885,59.92297],[11.14856,59.923]]}},{"type":"Feature","properties":{"fade":1.0},"geometry":{"type":"LineString","coordinates":[[11.1516,59.90352],[11.15166,59.90345],[11.15181,59.90342],[11.15202,59.90346],[11.15208,59.9035],[11.15204,59.90354],[11.15193,59.90356],[11.1516,59.90352]]}},{"type":"Feature","properties":{"fade":1.0},"geometry":{"type":"LineString","coordinates":[[11.17278,59.72258],[11.17322,59.72264],[11.17364,59.72264],[11.17484,59.72262],[11.17515,59.72259],[11.17665,59.72211],[11.17675,59.72204]]}},{"type":"Feature","properties":{"fade":1.0},"geometry":{"type":"LineString","coordinates":[[11.16355,59.80406],[11.16368,59.80413],[11.16375,59.80423],[11.16365,59.80442],[11.16367,59.80448],[11.16384,59.80462],[11.16408,59.80488],[11.16413,59.80498],[11.1643,59.80509],[11.16434,59.80516],[11.16428,59.80522],[11.16397,59.80542],[11.16404,59.80571],[11.16358,59.80604],[11.16352,59.80621],[11.16336,59.80638],[11.16329,59.80654],[11.16308,59.80671],[11.16312,59.80714],[11.1632,59.80733],[11.16376,59.80756],[11.16415,59.80766],[11.1642,59.80769],[11.16423,59.80776],[11.16418,59.80782],[11.16389,59.80805],[11.16387,59.80816],[11.16394,59.80836],[11.16382,59.8085],[11.16437,59.80879],[11.16452,59.80889],[11.16476,59.8091],[11.16499,59.80944],[11.16518,59.80959],[11.1654,59.80972],[11.16564,59.80982],[11.16612,59.80992],[11.16644,59.81004],[11.16653,59.81004],[11.16693,59.80999],[11.16716,59.80994],[11.16772,59.80967],[11.16786,59.80964],[11.16819,59.80974],[11.16879,59.80979],[11.16901,59.81007],[11.16915,59.81012],[11.16935,59.81013],[11.16965,59.81009],[11.17005,59.80995],[11.17037,59.80996],[11.17045,59.80994],[11.1707,59.80974]]}},{"type":"Feature","properties":{"fade":1.0},"geometry":{"type":"LineString","coordinates":[[11.17439,59.71697],[11.17459,59.71695],[11.17482,59.7169],[11.1749,59.7169],[11.17525,59.71702],[11.17555,59.71722],[11.17575,59.7173]]}},{"type":"Feature","properties":{"fade":1.0},"geometry":{"type":"LineString","coordinates":[[11.17593,59.73006],[11.17513,59.73021],[11.17428,59.73051],[11.17408,59.73056],[11.17345,59.73062],[11.17303,59.73062]]}},{"type":"Feature","properties":{"fade":1.0},"geometry":{"type":"LineString","coordinates":[[11.1757,59.71709],[11.17588,59.71681],[11.17594,59.71636],[11.17587,59.71574],[11.17573,59.71524],[11.17564,59.71512],[11.17527,59.71496],[11.17487,59.71472]]}},{"type":"Feature","properties":{"fade":1.0},"geometry":{"type":"LineString","coordinates":[[11.18065,59.67068],[11.18102,59.67086],[11.18121,59.67109],[11.18159,59.67141],[11.18169,59.67159],[11.18165,59.67191],[11.18118,59.6726],[11.18049,59.67323],[11.18021,59.67354],[11.1797,59.67385]]}},{"type":"Feature","properties":{"fade":1.0},"geometry":{"type":"LineString","coordinates":[[11.15328,59.90647],[11.1536,59.90655],[11.15374,59.90685]]}},{"type":"Feature","properties":{"fade":1.0},"geometry":{"type":"LineString","coordinates":[[11.19016,59.67325],[11.19019,59.67347],[11.19013,59.67356],[11.18979,59.67382],[11.18962,59.67386],[11.18908,59.67391],[11.18871,59.67398],[11.18865,59.67402],[11.18863,59.67416],[11.1884,59.67438],[11.18799,59.67447],[11.18753,59.67464],[11.18728,59.67479],[11.18698,59.67492],[11.18673,59.67518],[11.18669,59.67529],[11.18619,59.67561],[11.18606,59.67583],[11.18574,59.67597],[11.18548,59.67636],[11.18445,59.67696],[11.1843,59.67699],[11.18406,59.677],[11.18388,59.67715],[11.18356,59.67733],[11.18354,59.67737],[11.18364,59.67749],[11.18364,59.67756],[11.18351,59.67765],[11.18337,59.67781],[11.18299,59.67797],[11.1827,59.67816],[11.18243,59.67842],[11.18242,59.67849],[11.18249,59.67864],[11.18247,59.67897],[11.18177,59.67949],[11.18179,59.67978],[11.18165,59.67994],[11.18138,59.68017],[11.18103,59.68034],[11.1805,59.68052],[11.18028,59.68067],[11.18001,59.68077],[11.17974,59.68082],[11.17935,59.68083]]}},{"type":"Feature","properties":{"fade":1.0},"geometry":{"type":"LineString","coordinates":[[11.16827,59.82842],[11.16857,59.82851],[11.16877,59.82849],[11.16884,59.82843],[11.16877,59.82835],[11.16842,59.82817],[11.16809,59.82795],[11.16771,59.82776],[11.1669,59.82756],[11.16617,59.8272],[11.16531,59.82689],[11.16426,59.82676],[11.16398,59.82669],[11.16321,59.82642],[11.16269,59.82634]]}},{"type":"Feature","properties":{"fade":1.0},"geometry":{"type":"LineString","coordinates":[[11.18065,59.67068],[11.18117,59.67031],[11.18125,59.67015],[11.18144,59.66994],[11.18233,59.66947],[11.18246,59.66933],[11.18258,59.66904],[11.18267,59.66896]]}},{"type":"Feature","properties":{"fade":1.0},"geometry":{"type":"LineString","coordinates":[[11.15453,59.90698],[11.15482,59.9066]]}},{"type":"Feature","properties":{"fade":1.0},"geometry":{"type":"LineString","coordinates":[[11.18883,59.61468],[11.18929,59.61472],[11.1897,59.6148],[11.19035,59.615],[11.19052,59.61511],[11.19055,59.6153]]}},{"type":"Feature","properties":{"fade":1.0},"geometry":{"type":"LineString","coordinates":[[11.17644,59.73746],[11.17485,59.7375]]}},{"type":"Feature","properties":{"fade":1.0},"geometry":{"type":"LineString","coordinates":[[11.17208,59.76339],[11.17187,59.76322],[11.17168,59.76284],[11.17123,59.7625],[11.17132,59.76224],[11.1713,59.76175],[11.17143,59.76143],[11.17155,59.76137],[11.17204,59.76129],[11.17258,59.76108],[11.17266,59.76094],[11.17256,59.7608],[11.17236,59.76065],[11.17244,59.76057],[11.17254,59.76056],[11.17303,59.76073],[11.17322,59.76074],[11.17423,59.76041]]}},{"type":"Feature","properties":{"fade":1.0},"geometry":{"type":"LineString","coordinates":[[11.16484,59.82994],[11.1649,59.82989],[11.16501,59.82988],[11.16565,59.82992],[11.16587,59.82995]]}},{"type":"Feature","properties":{"fade":1.0},"geometry":{"type":"LineString","coordinates":[[11.1649,59.83017],[11.16504,59.83017],[11.16529,59.83029],[11.16545,59.83074],[11.16596,59.83165],[11.16601,59.83182],[11.166,59.83197],[11.16572,59.83245],[11.16574,59.83282],[11.16561,59.83292],[11.16522,59.83308]]}},{"type":"Feature","properties":{"fade":1.0},"geometry":{"type":"LineString","coordinates":[[11.16979,59.78956],[11.1705,59.79016],[11.17096,59.79067],[11.17119,59.79071],[11.17171,59.79074],[11.17205,59.79079],[11.17218,59.79084],[11.17234,59.79091],[11.17265,59.79122],[11.173,59.79136],[11.17308,59.79141],[11.17311,59.79153],[11.17306,59.79188],[11.17334,59.79228],[11.17405,59.79306],[11.17433,59.79342],[11.17447,59.79352],[11.1749,59.79369],[11.17533,59.79413],[11.17572,59.79503],[11.17588,59.79527],[11.17636,59.79562],[11.1775,59.79615],[11.17756,59.7962],[11.17761,59.79632],[11.17755,59.79663],[11.17768,59.79699],[11.17751,59.79727],[11.1774,59.79765],[11.17738,59.79814],[11.17722,59.79872],[11.17719,59.79908],[11.17734,59.80027],[11.17741,59.80042]]}},{"type":"Feature","properties":{"fade":1.0},"geometry":{"type":"LineString","coordinates":[[11.19026,59.61576],[11.18984,59.61636]]}},{"type":"Feature","properties":{"fade":1.0},"geometry":{"type":"LineString","coordinates":[[11.17277,59.76929],[11.17316,59.76929],[11.17363,59.76938],[11.17403,59.76948]]}},{"type":"Feature","properties":{"fade":1.0},"geometry":{"type":"LineString","coordinates":[[11.17644,59.73746],[11.17675,59.7376],[11.1773,59.73773],[11.17788,59.73782],[11.17827,59.73782]]}},{"type":"Feature","properties":{"fade":1.0},"geometry":{"type":"LineString","coordinates":[[11.17644,59.73746],[11.17633,59.73731],[11.17627,59.73686],[11.17633,59.73673],[11.17659,59.73652],[11.17671,59.73632]]}},{"type":"Feature","properties":{"fade":1.0},"geometry":{"type":"LineString","coordinates":[[11.17423,59.76041],[11.17428,59.7602],[11.17476,59.75964],[11.17513,59.75892],[11.17522,59.75859]]}},{"type":"Feature","properties":{"fade":1.0},"geometry":{"type":"LineString","coordinates":[[11.17423,59.76041],[11.17435,59.76041],[11.17445,59.76043],[11.17469,59.76055],[11.17499,59.76076],[11.17521,59.76077],[11.17575,59.76073],[11.17611,59.76073]]}},{"type":"Feature","properties":{"fade":1.0},"geometry":{"type":"LineString","coordinates":[[11.17612,59.74699],[11.17621,59.74683],[11.17647,59.74659],[11.17715,59.74622],[11.17792,59.74609],[11.17825,59.74606],[11.17842,59.74607],[11.1787,59.74616],[11.17893,59.74617],[11.17909,59.74614],[11.17928,59.74604]]}},{"type":"Feature","properties":{"fade":1.0},"geometry":{"type":"LineString","coordinates":[[11.16065,59.91328],[11.16034,59.91342],[11.15877,59.91455],[11.15818,59.91486],[11.15749,59.91541]]}},{"type":"Feature","properties":{"fade":1.0},"geometry":{"type":"LineString","coordinates":[[11.17439,59.77168],[11.17481,59.77165],[11.17534,59.77172]]}},{"type":"Feature","properties":{"fade":1.0},"geometry":{"type":"LineString","coordinates":[[11.18361,59.69192],[11.18372,59.69208],[11.18402,59.69225],[11.18408,59.69241],[11.18406,59.69262],[11.18414,59.69279],[11.18462,59.69319],[11.1848,59.69327],[11.18501,59.69333],[11.18524,59.69333],[11.18595,59.69301],[11.18639,59.6929],[11.18654,59.69284],[11.18707,59.69254],[11.18725,59.6923],[11.18761,59.69226],[11.18773,59.69229],[11.18785,59.69235],[11.1879,59.69243],[11.18787,59.6927],[11.18795,59.69281],[11.18777,59.69308],[11.18782,59.69343],[11.18768,59.69393],[11.18756,59.69419],[11.18726,59.69452],[11.18715,59.69482],[11.18689,59.69507],[11.18678,59.69531],[11.18657,59.69553],[11.18659,59.69568],[11.18679,59.69594],[11.18677,59.69612],[11.18633,59.69641],[11.18614,59.69672],[11.18613,59.69689],[11.18619,59.69701],[11.18647,59.69717],[11.18658,59.69731],[11.18634,59.69778],[11.18607,59.69808]]}},{"type":"Feature","properties":{"fade":1.0},"geometry":{"type":"LineString","coordinates":[[11.17207,59.82544],[11.17179,59.82541],[11.17165,59.82537],[11.17037,59.82479],[11.16938,59.82444],[11.16868,59.82424]]}},{"type":"Feature","properties":{"fade":1.0},"geometry":{"type":"LineString","coordinates":[[11.17858,59.81392],[11.17868,59.81384],[11.17868,59.81379],[11.17861,59.81373],[11.17847,59.81367],[11.17623,59.81336],[11.17566,59.81326],[11.17535,59.81317],[11.17484,59.81293],[11.17404,59.8124],[11.17354,59.81217],[11.17241,59.81175],[11.1721,59.81155],[11.17192,59.81125],[11.17168,59.81099],[11.17165,59.8108],[11.17167,59.81052],[11.17159,59.8103],[11.17148,59.81024],[11.17122,59.81015],[11.17071,59.80985],[11.1707,59.80974]]}},{"type":"Feature","properties":{"fade":1.0},"geometry":{"type":"LineString","coordinates":[[11.1721,59.80615],[11.17214,59.80622],[11.17212,59.80636],[11.172,59.80659],[11.17199,59.80688],[11.17206,59.80721],[11.17176,59.80782],[11.17143,59.80867],[11.17121,59.80884],[11.17108,59.80913],[11.17077,59.80938],[11.17076,59.80962],[11.1707,59.80974]]}},{"type":"Feature","properties":{"fade":1.0},"geometry":{"type":"LineString","coordinates":[[11.17744,59.75664],[11.17741,59.75655],[11.17703,59.75643],[11.17704,59.75633]]}},{"type":"Feature","properties":{"fade":1.0},"geometry":{"type":"LineString","coordinates":[[11.15886,59.9312],[11.1587,59.93113],[11.1586,59.93097],[11.15851,59.93096],[11.15784,59.93104],[11.15756,59.93106],[11.15737,59.93104],[11.15728,59.93095],[11.15716,59.93059],[11.15704,59.93051]]}},{"type":"Feature","properties":{"fade":1.0},"geometry":{"type":"LineString","coordinates":[[11.17534,59.77172],[11.1767,59.77199],[11.17685,59.77204]]}},{"type":"Feature","properties":{"fade":1.0},"geometry":{"type":"LineString","coordinates":[[11.17534,59.77172],[11.17614,59.77203],[11.1764,59.77216],[11.17695,59.7735],[11.177,59.77355],[11.17709,59.77356],[11.17803,59.77349],[11.17867,59.77355],[11.17925,59.77356],[11.17957,59.77351],[11.18004,59.77334],[11.18007,59.77329],[11.18007,59.77312],[11.18031,59.7728],[11.18087,59.77245],[11.18112,59.77214],[11.18182,59.77185],[11.18221,59.77178],[11.18271,59.77178],[11.1838,59.77196],[11.18395,59.77196],[11.18489,59.77173],[11.18518,59.7717],[11.18536,59.77141]]}},{"type":"Feature","properties":{"fade":1.0},"geometry":{"type":"LineString","coordinates":[[11.1721,59.80615],[11.17171,59.80575],[11.17164,59.80555]]}},{"type":"Feature","properties":{"fade":1.0},"geometry":{"type":"LineString","coordinates":[[11.17406,59.80485],[11.17381,59.80485],[11.17364,59.80491],[11.1734,59.80503],[11.1732,59.80526],[11.17271,59.80553],[11.17261,59.80569],[11.17224,59.80588],[11.17217,59.8061],[11.17212,59.80615],[11.1721,59.80615]]}},{"type":"Feature","properties":{"fade":1.0},"geometry":{"type":"LineString","coordinates":[[11.17928,59.74604],[11.17909,59.74597],[11.17869,59.74555],[11.17865,59.74546],[11.17867,59.74537],[11.17884,59.7451],[11.17899,59.74499],[11.17916,59.74495],[11.17973,59.74492],[11.17978,59.7449],[11.1798,59.74485]]}},{"type":"Feature","properties":{"fade":1.0},"geometry":{"type":"LineString","coordinates":[[11.17928,59.74604],[11.17941,59.74599],[11.17977,59.74595],[11.18035,59.74596],[11.18067,59.74593]]}},{"type":"Feature","properties":{"fade":1.0},"geometry":{"type":"LineString","coordinates":[[11.16286,59.92103],[11.16226,59.92076],[11.16098,59.91991]]}},{"type":"Feature","properties":{"fade":1.0},"geometry":{"type":"LineString","coordinates":[[11.17228,59.88837],[11.17213,59.88852],[11.17122,59.88878],[11.17057,59.88892],[11.1701,59.8891],[11.16947,59.88926],[11.1689,59.88944],[11.16853,59.88958],[11.16822,59.88976],[11.16767,59.89016],[11.1673,59.89063],[11.16671,59.89116],[11.16635,59.89142],[11.16573,59.89175],[11.16474,59.8922],[11.16436,59.89245],[11.1636,59.89276],[11.16345,59.89287],[11.16309,59.89323],[11.16075,59.89521],[11.1606,59.89562],[11.16061,59.89568],[11.16137,59.89633],[11.16212,59.8969],[11.16239,59.89721],[11.16293,59.89757],[11.1631,59.89775],[11.16339,59.89819],[11.16369,59.89835],[11.16379,59.89845]]}},{"type":"Feature","properties":{"fade":1.0},"geometry":{"type":"LineString","coordinates":[[11.19088,59.69463],[11.19119,59.69492],[11.19111,59.69523],[11.19089,59.69558],[11.19064,59.69577],[11.19053,59.69597],[11.18991,59.69683],[11.18977,59.69706],[11.18971,59.69737],[11.18958,59.69754],[11.18928,59.69773],[11.189,59.69781],[11.18866,59.69795],[11.18815,59.69796],[11.18766,59.69804]]}},{"type":"Feature","properties":{"fade":1.0},"geometry":{"type":"LineString","coordinates":[[11.16234,59.91929],[11.16262,59.91937],[11.16289,59.91955],[11.16332,59.91952],[11.16395,59.91964],[11.16427,59.91956],[11.16442,59.91956],[11.16476,59.9196],[11.16494,59.91959],[11.16524,59.91966],[11.16565,59.91961],[11.16583,59.91955],[11.16608,59.91924],[11.16625,59.91912]]}},{"type":"Feature","properties":{"fade":1.0},"geometry":{"type":"LineString","coordinates":[[11.19301,59.69824],[11.1928,59.69843],[11.19135,59.69919],[11.19071,59.69959],[11.19056,59.69978],[11.1904,59.70013],[11.19029,59.70021],[11.18985,59.70036],[11.18969,59.70045],[11.18942,59.70068],[11.18892,59.70126],[11.18816,59.70172],[11.18781,59.70255],[11.18778,59.70271]]}},{"type":"Feature","properties":{"fade":1.0},"geometry":{"type":"LineString","coordinates":[[11.1616,59.93143],[11.16145,59.93181],[11.16175,59.93191]]}},{"type":"Feature","properties":{"fade":1.0},"geometry":{"type":"LineString","coordinates":[[11.19126,59.67373],[11.1915,59.6737],[11.19203,59.67356],[11.19252,59.67357],[11.19266,59.67353],[11.19301,59.67304],[11.19327,59.67283],[11.19328,59.67274],[11.19311,59.67258],[11.19309,59.67251],[11.19312,59.67245],[11.19343,59.67222]]}},{"type":"Feature","properties":{"fade":1.0},"geometry":{"type":"LineString","coordinates":[[11.18454,59.74606],[11.18505,59.74616],[11.1855,59.74611],[11.18577,59.74613],[11.18599,59.74618],[11.18633,59.74634],[11.18668,59.74644],[11.18718,59.74649],[11.18736,59.74653],[11.18756,59.74661],[11.18813,59.74691],[11.18828,59.74711],[11.18838,59.74719]]}},{"type":"Feature","properties":{"fade":1.0},"geometry":{"type":"LineString","coordinates":[[11.19961,59.61555],[11.20137,59.61585],[11.20272,59.61606],[11.2048,59.61629]]}},{"type":"Feature","properties":{"fade":1.0},"geometry":{"type":"LineString","coordinates":[[11.19417,59.66808],[11.1941,59.6683],[11.19412,59.66875],[11.19437,59.66927],[11.19428,59.6695],[11.1943,59.66986],[11.19426,59.66994]]}},{"type":"Feature","properties":{"fade":1.0},"geometry":{"type":"LineString","coordinates":[[11.1645,59.92727],[11.1648,59.92717],[11.16504,59.92713]]}},{"type":"Feature","properties":{"fade":1.0},"geometry":{"type":"LineString","coordinates":[[11.16465,59.92793],[11.16523,59.92809],[11.16542,59.92825]]}},{"type":"Feature","properties":{"fade":1.0},"geometry":{"type":"LineString","coordinates":[[11.16483,59.92776],[11.16511,59.9277],[11.16536,59.92771],[11.16567,59.92786],[11.16579,59.92789]]}},{"type":"Feature","properties":{"fade":1.0},"geometry":{"type":"LineString","coordinates":[[11.1896,59.71786],[11.18993,59.71765],[11.19068,59.71728],[11.19153,59.7171]]}},{"type":"Feature","properties":{"fade":1.0},"geometry":{"type":"LineString","coordinates":[[11.18383,59.77751],[11.1831,59.77816],[11.18287,59.77841],[11.18272,59.7785]]}},{"type":"Feature","properties":{"fade":1.0},"geometry":{"type":"LineString","coordinates":[[11.1926,59.7607],[11.19216,59.76071],[11.19166,59.76066],[11.19118,59.76066],[11.19034,59.76075],[11.18951,59.76088],[11.1885,59.76096],[11.18819,59.76103],[11.18781,59.76127],[11.18748,59.76154],[11.18735,59.76158],[11.18725,59.76158],[11.18712,59.76151],[11.18665,59.76108],[11.18625,59.76081],[11.18475,59.7608]]}},{"type":"Feature","properties":{"fade":1.0},"geometry":{"type":"LineString","coordinates":[[11.19875,59.64088],[11.19884,59.64125],[11.19875,59.64135],[11.19861,59.6417],[11.19874,59.64203],[11.19877,59.6423],[11.19824,59.64292],[11.19814,59.64334],[11.19823,59.64348],[11.19889,59.64384],[11.19916,59.64418]]}},{"type":"Feature","properties":{"fade":1.0},"geometry":{"type":"LineString","coordinates":[[11.19884,59.64071],[11.19846,59.64073],[11.19835,59.64077],[11.19829,59.64083],[11.19835,59.64089],[11.19848,59.64094],[11.19864,59.64095],[11.19875,59.64088]]}},{"type":"Feature","properties":{"fade":1.0},"geometry":{"type":"LineString","coordinates":[[11.19875,59.64088],[11.19884,59.64071]]}},{"type":"Feature","properties":{"fade":1.0},"geometry":{"type":"LineString","coordinates":[[11.20145,59.63929],[11.20131,59.6395],[11.20103,59.63969],[11.19918,59.64053],[11.19884,59.64071]]}},{"type":"Feature","properties":{"fade":1.0},"geometry":{"type":"LineString","coordinates":[[11.18289,59.78468],[11.18353,59.78407],[11.18367,59.78366],[11.18421,59.78319],[11.18416,59.78307],[11.18366,59.78279],[11.18339,59.7826],[11.18345,59.78251],[11.18401,59.78221]]}},{"type":"Feature","properties":{"fade":1.0},"geometry":{"type":"LineString","coordinates":[[11.20061,59.63618],[11.20273,59.63618],[11.20311,59.63627],[11.20401,59.63659],[11.20409,59.63658],[11.20426,59.6365],[11.2045,59.63633],[11.20489,59.63601],[11.20512,59.63591],[11.20531,59.63587]]}},{"type":"Feature","properties":{"fade":1.0},"geometry":{"type":"LineString","coordinates":[[11.19057,59.73485],[11.1908,59.73537],[11.19063,59.73557],[11.19046,59.73564],[11.19035,59.73566],[11.18969,59.73566],[11.18959,59.73567],[11.18953,59.73571]]}},{"type":"Feature","properties":{"fade":1.0},"geometry":{"type":"LineString","coordinates":[[11.20064,59.63877],[11.20112,59.63864],[11.20147,59.63859],[11.20214,59.63874],[11.20221,59.63879],[11.2022,59.63888]]}},{"type":"Feature","properties":{"fade":1.0},"geometry":{"type":"LineString","coordinates":[[11.19998,59.64572],[11.20018,59.64579],[11.20054,59.64586],[11.2009,59.64587],[11.20121,59.64577],[11.20149,59.64554],[11.20164,59.64548]]}},{"type":"Feature","properties":{"fade":1.0},"geometry":{"type":"LineString","coordinates":[[11.19418,59.71697],[11.19419,59.71687],[11.19405,59.71677],[11.19371,59.71666],[11.19337,59.71667],[11.19328,59.71664]]}},{"type":"Feature","properties":{"fade":1.0},"geometry":{"type":"LineString","coordinates":[[11.16673,59.95303],[11.1671,59.95303],[11.16716,59.95308],[11.16718,59.95321]]}},{"type":"Feature","properties":{"fade":1.0},"geometry":{"type":"LineString","coordinates":[[11.16682,59.95321],[11.16718,59.95321]]}},{"type":"Feature","properties":{"fade":1.0},"geometry":{"type":"LineString","coordinates":[[11.18276,59.81635],[11.18328,59.81645],[11.18355,59.8164],[11.18419,59.81635],[11.18427,59.81637],[11.18447,59.81656],[11.18464,59.81662],[11.18496,59.81664],[11.18513,59.8166],[11.18537,59.81645],[11.1856,59.81638],[11.18574,59.81625],[11.18603,59.81617],[11.1863,59.81598],[11.18653,59.81593],[11.18719,59.81593],[11.1876,59.81599],[11.1879,59.81598],[11.18832,59.816],[11.18856,59.81599]]}},{"type":"Feature","properties":{"fade":1.0},"geometry":{"type":"LineString","coordinates":[[11.16718,59.95321],[11.16744,59.95318],[11.16764,59.95308],[11.16781,59.95304],[11.16832,59.95299],[11.16844,59.95302],[11.16905,59.95329]]}},{"type":"Feature","properties":{"fade":1.0},"geometry":{"type":"LineString","coordinates":[[11.16797,59.94802],[11.16796,59.9479],[11.16801,59.94777],[11.16817,59.94766]]}},{"type":"Feature","properties":{"fade":1.0},"geometry":{"type":"LineString","coordinates":[[11.16817,59.94766],[11.16878,59.94711]]}},{"type":"Feature","properties":{"fade":1.0},"geometry":{"type":"LineString","coordinates":[[11.16922,59.94739],[11.16879,59.94756],[11.16842,59.94759],[11.16817,59.94766]]}},{"type":"Feature","properties":{"fade":1.0},"geometry":{"type":"LineString","coordinates":[[11.2007,59.66545],[11.20089,59.66542],[11.20125,59.66524],[11.20168,59.66509],[11.20292,59.66474],[11.20348,59.66466]]}},{"type":"Feature","properties":{"fade":1.0},"geometry":{"type":"LineString","coordinates":[[11.16747,59.95582],[11.16808,59.95596],[11.16859,59.95601],[11.16897,59.95597],[11.16908,59.95595],[11.16914,59.95589]]}},{"type":"Feature","properties":{"fade":1.0},"geometry":{"type":"LineString","coordinates":[[11.17429,59.90183],[11.17411,59.90178],[11.17374,59.90163]]}},{"type":"Feature","properties":{"fade":1.0},"geometry":{"type":"LineString","coordinates":[[11.16878,59.94711],[11.16922,59.94739]]}},{"type":"Feature","properties":{"fade":1.0},"geometry":{"type":"LineString","coordinates":[[11.16878,59.94711],[11.16889,59.94704],[11.16908,59.94698],[11.16967,59.94689],[11.16995,59.94689]]}},{"type":"Feature","properties":{"fade":1.0},"geometry":{"type":"LineString","coordinates":[[11.16922,59.94739],[11.16948,59.94749],[11.16962,59.94758],[11.16966,59.94784],[11.16957,59.94812],[11.16966,59.94832],[11.16983,59.9485],[11.17009,59.94867]]}},{"type":"Feature","properties":{"fade":1.0},"geometry":{"type":"LineString","coordinates":[[11.17348,59.91146],[11.17398,59.91128],[11.17427,59.91123]]}},{"type":"Feature","properties":{"fade":1.0},"geometry":{"type":"LineString","coordinates":[[11.1978,59.70028],[11.19793,59.70011],[11.19842,59.69985],[11.19879,59.69958],[11.1993,59.69946],[11.19985,59.69923],[11.1999,59.69917],[11.19989,59.69895],[11.19995,59.69883],[11.20044,59.69834],[11.20059,59.69829],[11.20087,59.69826],[11.20123,59.69828]]}},{"type":"Feature","properties":{"fade":1.0},"geometry":{"type":"LineString","coordinates":[[11.16995,59.94689],[11.1703,59.94721],[11.17047,59.9473]]}},{"type":"Feature","properties":{"fade":1.0},"geometry":{"type":"LineString","coordinates":[[11.17348,59.9425],[11.17295,59.94306],[11.17268,59.94326],[11.17241,59.94359],[11.17224,59.94401],[11.1712,59.94507],[11.17105,59.94549],[11.17098,59.94558],[11.17063,59.94586],[11.17055,59.94597],[11.17036,59.94663],[11.17014,59.94684],[11.16995,59.94689]]}},{"type":"Feature","properties":{"fade":1.0},"geometry":{"type":"LineString","coordinates":[[11.19541,59.72618],[11.19594,59.72621],[11.1961,59.72625]]}},{"type":"Feature","properties":{"fade":1.0},"geometry":{"type":"LineString","coordinates":[[11.18816,59.81555],[11.18799,59.81545],[11.18753,59.81503],[11.18735,59.81494],[11.18646,59.8147],[11.18606,59.81462],[11.18535,59.81455],[11.18537,59.81451]]}},{"type":"Feature","properties":{"fade":1.0},"geometry":{"type":"LineString","coordinates":[[11.17009,59.94867],[11.17046,59.94897],[11.17139,59.9494],[11.17219,59.94966],[11.1724,59.94968],[11.17268,59.94967],[11.17299,59.94958],[11.17355,59.94934],[11.17392,59.94929],[11.17404,59.94925],[11.17462,59.94882],[11.17503,59.94837]]}},{"type":"Feature","properties":{"fade":1.0},"geometry":{"type":"LineString","coordinates":[[11.17009,59.94867],[11.1701,59.94898],[11.17017,59.9491],[11.17058,59.94963],[11.17154,59.95063],[11.1718,59.95071],[11.17253,59.95082],[11.17291,59.95092],[11.17334,59.951],[11.17358,59.95102],[11.17398,59.951]]}},{"type":"Feature","properties":{"fade":1.0},"geometry":{"type":"LineString","coordinates":[[11.17047,59.9473],[11.17106,59.94807],[11.17161,59.94839],[11.17169,59.94842],[11.17187,59.94843],[11.173,59.94834]]}},{"type":"Feature","properties":{"fade":1.0},"geometry":{"type":"LineString","coordinates":[[11.17047,59.9473],[11.17067,59.94727],[11.17077,59.94708],[11.17106,59.94676],[11.17146,59.94653],[11.17156,59.94651],[11.17183,59.94654],[11.17191,59.94651],[11.17302,59.94567]]}},{"type":"Feature","properties":{"fade":1.0},"geometry":{"type":"LineString","coordinates":[[11.1887,59.79659],[11.18843,59.79634],[11.18816,59.79624],[11.18788,59.79625]]}},{"type":"Feature","properties":{"fade":1.0},"geometry":{"type":"LineString","coordinates":[[11.19599,59.73],[11.19585,59.7302],[11.19584,59.73036],[11.19593,59.73036],[11.19628,59.73024],[11.19686,59.73019],[11.19718,59.73013],[11.19732,59.73003],[11.19747,59.72979],[11.19766,59.72964],[11.19781,59.72958],[11.19812,59.72949],[11.19834,59.72946],[11.19874,59.72944]]}},{"type":"Feature","properties":{"fade":1.0},"geometry":{"type":"LineString","coordinates":[[11.20459,59.65653],[11.20579,59.65695],[11.20585,59.65699],[11.20592,59.65716],[11.20618,59.65733],[11.20632,59.65738],[11.20714,59.65759],[11.20726,59.6576],[11.2076,59.65754],[11.20796,59.65756],[11.20806,59.6576],[11.2085,59.65788],[11.20915,59.65818],[11.20976,59.6583],[11.21029,59.65854],[11.21045,59.65859],[11.21062,59.65859],[11.21087,59.65852]]}},{"type":"Feature","properties":{"fade":1.0},"geometry":{"type":"LineString","coordinates":[[11.20459,59.65653],[11.20427,59.65661],[11.20386,59.65666],[11.20372,59.65665],[11.20349,59.65657],[11.2034,59.6565],[11.20338,59.65608],[11.20321,59.6558],[11.20348,59.65542],[11.20355,59.6552],[11.20365,59.6551],[11.20403,59.65484],[11.20454,59.65458],[11.20503,59.65418],[11.20523,59.65383],[11.2055,59.65352],[11.20564,59.65343]]}},{"type":"Feature","properties":{"fade":1.0},"geometry":{"type":"LineString","coordinates":[[11.20533,59.65593],[11.2047,59.65575],[11.20411,59.65572],[11.20397,59.65573],[11.20391,59.65576],[11.20392,59.6558],[11.20415,59.656],[11.20423,59.65625],[11.20447,59.65641],[11.20459,59.65653]]}},{"type":"Feature","properties":{"fade":1.0},"geometry":{"type":"LineString","coordinates":[[11.17682,59.90985],[11.17651,59.90992],[11.17619,59.90995],[11.17583,59.90995],[11.17573,59.90993]]}},{"type":"Feature","properties":{"fade":1.0},"geometry":{"type":"LineString","coordinates":[[11.20089,59.71219],[11.20072,59.71204],[11.20071,59.71172],[11.20063,59.71161],[11.20032,59.71152],[11.19982,59.7112],[11.19958,59.71109],[11.19932,59.71104],[11.19881,59.71103]]}},{"type":"Feature","properties":{"fade":1.0},"geometry":{"type":"LineString","coordinates":[[11.20718,59.6557],[11.20705,59.65576],[11.20688,59.6558],[11.20635,59.65578],[11.20587,59.65579],[11.20573,59.65582],[11.20547,59.65592],[11.20533,59.65593]]}},{"type":"Feature","properties":{"fade":1.0},"geometry":{"type":"LineString","coordinates":[[11.20718,59.6557],[11.20711,59.65578],[11.20703,59.656],[11.20695,59.65606],[11.20608,59.65601],[11.20549,59.65596],[11.20533,59.65593]]}},{"type":"Feature","properties":{"fade":1.0},"geometry":{"type":"LineString","coordinates":[[11.17348,59.9425],[11.17346,59.94241],[11.17338,59.94234],[11.17288,59.9422],[11.17272,59.9421]]}},{"type":"Feature","properties":{"fade":1.0},"geometry":{"type":"LineString","coordinates":[[11.18212,59.89942],[11.18214,59.89956],[11.18206,59.89971],[11.18207,59.89996],[11.18216,59.90014],[11.18215,59.90025],[11.18168,59.90042],[11.18151,59.90055],[11.18076,59.90096],[11.18062,59.90113],[11.18047,59.90139],[11.18021,59.90165],[11.18007,59.9017],[11.17961,59.90175],[11.17936,59.90171],[11.179,59.90156],[11.17861,59.90131],[11.17827,59.90098],[11.17826,59.90088],[11.17839,59.90071],[11.17857,59.90028],[11.17853,59.89996],[11.17818,59.89956],[11.17807,59.8995],[11.17793,59.8995]]}},{"type":"Feature","properties":{"fade":1.0},"geometry":{"type":"LineString","coordinates":[[11.19778,59.72642],[11.1978,59.72619],[11.1981,59.72596],[11.19826,59.72576],[11.19827,59.72568],[11.19821,59.72554],[11.19822,59.72523]]}},{"type":"Feature","properties":{"fade":1.0},"geometry":{"type":"LineString","coordinates":[[11.19637,59.7389],[11.19654,59.73889],[11.19667,59.73885],[11.19701,59.7386],[11.19726,59.73835],[11.19755,59.73784],[11.19782,59.73711]]}},{"type":"Feature","properties":{"fade":1.0},"geometry":{"type":"LineString","coordinates":[[11.17879,59.89653],[11.17871,59.89662],[11.17852,59.89702],[11.17837,59.89713]]}},{"type":"Feature","properties":{"fade":1.0},"geometry":{"type":"LineString","coordinates":[[11.20764,59.70048],[11.20736,59.70056],[11.20713,59.70054],[11.20483,59.69997],[11.20452,59.69994],[11.20433,59.69999],[11.20336,59.70056],[11.20232,59.70085],[11.20169,59.7012],[11.20156,59.70124],[11.2014,59.70126],[11.2011,59.70122],[11.20096,59.70118]]}},{"type":"Feature","properties":{"fade":1.0},"geometry":{"type":"LineString","coordinates":[[11.173,59.94834],[11.17301,59.94818],[11.17296,59.94807],[11.1731,59.94782],[11.17332,59.94763],[11.17333,59.94756],[11.17318,59.94737],[11.17279,59.94719],[11.17267,59.94704],[11.17334,59.94649],[11.17336,59.94639],[11.17353,59.94627],[11.17355,59.94622],[11.1735,59.94606],[11.17334,59.94596],[11.17312,59.94573],[11.17302,59.94567]]}},{"type":"Feature","properties":{"fade":1.0},"geometry":{"type":"LineString","coordinates":[[11.17302,59.94567],[11.17281,59.94554],[11.17293,59.94528],[11.17292,59.94511],[11.17316,59.94494],[11.1735,59.94452],[11.1735,59.94426],[11.17355,59.9441],[11.17369,59.94388],[11.17344,59.94359],[11.1735,59.94348],[11.1735,59.94338],[11.17338,59.94307],[11.17348,59.94294],[11.17356,59.94267],[11.17356,59.9426],[11.17348,59.9425]]}},{"type":"Feature","properties":{"fade":1.0},"geometry":{"type":"LineString","coordinates":[[11.173,59.94834],[11.17381,59.9483],[11.17419,59.94836],[11.17503,59.94837]]}},{"type":"Feature","properties":{"fade":1.0},"geometry":{"type":"LineString","coordinates":[[11.19817,59.73141],[11.1982,59.73152],[11.19817,59.73166],[11.19826,59.73173],[11.19906,59.73189],[11.19937,59.73193]]}},{"type":"Feature","properties":{"fade":1.0},"geometry":{"type":"LineString","coordinates":[[11.17783,59.91493],[11.17767,59.91515],[11.17757,59.91522],[11.17721,59.91538]]}},{"type":"Feature","properties":{"fade":1.0},"geometry":{"type":"LineString","coordinates":[[11.20273,59.69249],[11.20295,59.69255],[11.20317,59.69265],[11.20322,59.69276],[11.20318,59.69328],[11.20325,59.69331],[11.20355,59.69336],[11.20364,59.69349],[11.20362,59.69424],[11.2037,59.6944],[11.2037,59.69452],[11.20357,59.69498],[11.20357,59.69511],[11.2036,59.69518],[11.20379,59.69537],[11.20405,59.69558],[11.2041,59.69611],[11.20404,59.69631],[11.20402,59.69669],[11.20407,59.69685],[11.20424,59.69708],[11.20466,59.69736],[11.20548,59.69745],[11.20575,59.69755]]}},{"type":"Feature","properties":{"fade":1.0},"geometry":{"type":"LineString","coordinates":[[11.20089,59.71219],[11.20082,59.71221],[11.20037,59.71266],[11.20043,59.71276]]}},{"type":"Feature","properties":{"fade":1.0},"geometry":{"type":"LineString","coordinates":[[11.19874,59.72944],[11.1989,59.72963],[11.19897,59.72985],[11.19899,59.73012],[11.19919,59.73044],[11.19896,59.73065],[11.19902,59.73089],[11.19894,59.73105],[11.19895,59.73114],[11.19907,59.73131],[11.19911,59.73146],[11.19939,59.73171]]}},{"type":"Feature","properties":{"fade":1.0},"geometry":{"type":"LineString","coordinates":[[11.19877,59.72935],[11.19874,59.72944]]}},{"type":"Feature","properties":{"fade":1.0},"geometry":{"type":"LineString","coordinates":[[11.20776,59.65522],[11.20759,59.65533],[11.20718,59.6557]]}},{"type":"Feature","properties":{"fade":1.0},"geometry":{"type":"LineString","coordinates":[[11.19869,59.73979],[11.19893,59.7401],[11.19893,59.74017],[11.19888,59.74024],[11.19858,59.74041],[11.19753,59.7409]]}},{"type":"Feature","properties":{"fade":1.0},"geometry":{"type":"LineString","coordinates":[[11.20102,59.71236],[11.20089,59.71219]]}},{"type":"Feature","properties":{"fade":1.0},"geometry":{"type":"LineString","coordinates":[[11.17726,59.94276],[11.17707,59.94277],[11.17696,59.94275],[11.17659,59.94247],[11.1764,59.94237],[11.17608,59.94202],[11.17588,59.94187],[11.17573,59.94166],[11.17562,59.94138],[11.17533,59.9413]]}},{"type":"Feature","properties":{"fade":1.0},"geometry":{"type":"LineString","coordinates":[[11.19939,59.73171],[11.19961,59.73189],[11.19963,59.73193]]}},{"type":"Feature","properties":{"fade":1.0},"geometry":{"type":"LineString","coordinates":[[11.19939,59.73171],[11.19943,59.73152],[11.19936,59.7314],[11.19937,59.73131],[11.19931,59.73116],[11.19958,59.73092]]}},{"type":"Feature","properties":{"fade":1.0},"geometry":{"type":"LineString","coordinates":[[11.19937,59.73193],[11.19938,59.73207],[11.19945,59.73216],[11.19958,59.73225],[11.20045,59.73246],[11.20076,59.73248],[11.20101,59.73253],[11.201,59.7323],[11.20076,59.732]]}},{"type":"Feature","properties":{"fade":1.0},"geometry":{"type":"LineString","coordinates":[[11.19937,59.73193],[11.19963,59.73193]]}},{"type":"Feature","properties":{"fade":1.0},"geometry":{"type":"LineString","coordinates":[[11.17509,59.9482],[11.17522,59.94796],[11.17558,59.94754],[11.17563,59.94743],[11.17548,59.94699],[11.17522,59.94655],[11.17519,59.94635],[11.1752,59.94552],[11.17528,59.94478],[11.17522,59.94469],[11.17495,59.94452],[11.17485,59.94437],[11.17482,59.94424],[11.17485,59.94403],[11.17515,59.94321],[11.17524,59.94313],[11.17541,59.94305]]}},{"type":"Feature","properties":{"fade":1.0},"geometry":{"type":"LineString","coordinates":[[11.20808,59.67058],[11.2077,59.67073],[11.20741,59.6708],[11.20707,59.67078],[11.20668,59.67083],[11.20658,59.67082],[11.20653,59.67079],[11.20653,59.67071]]}},{"type":"Feature","properties":{"fade":1.0},"geometry":{"type":"LineString","coordinates":[[11.19963,59.73193],[11.19994,59.73201],[11.20041,59.73207],[11.20058,59.73207],[11.20076,59.732]]}},{"type":"Feature","properties":{"fade":1.0},"geometry":{"type":"LineString","coordinates":[[11.19094,59.81279],[11.19058,59.81279]]}},{"type":"Feature","properties":{"fade":1.0},"geometry":{"type":"LineString","coordinates":[[11.17503,59.94837],[11.17509,59.9482]]}},{"type":"Feature","properties":{"fade":1.0},"geometry":{"type":"LineString","coordinates":[[11.17509,59.9482],[11.17579,59.94803],[11.17588,59.94799],[11.17592,59.94792]]}},{"type":"Feature","properties":{"fade":1.0},"geometry":{"type":"LineString","coordinates":[[11.19094,59.81279],[11.19114,59.81247],[11.19124,59.81244],[11.19138,59.81246],[11.19167,59.8127],[11.19177,59.81283],[11.19199,59.81298],[11.19236,59.81366],[11.19244,59.81391]]}},{"type":"Feature","properties":{"fade":1.0},"geometry":{"type":"LineString","coordinates":[[11.1914,59.81321],[11.19132,59.81283],[11.19124,59.8128],[11.19094,59.81279]]}},{"type":"Feature","properties":{"fade":1.0},"geometry":{"type":"LineString","coordinates":[[11.18479,59.89023],[11.18461,59.89044],[11.18448,59.89078],[11.18453,59.89116],[11.18446,59.89132],[11.18434,59.89138],[11.18404,59.89146],[11.18252,59.89206],[11.1823,59.89222],[11.18221,59.89235]]}},{"type":"Feature","properties":{"fade":1.0},"geometry":{"type":"LineString","coordinates":[[11.19388,59.79062],[11.19458,59.7912],[11.19503,59.79151],[11.1955,59.7919],[11.19615,59.79233],[11.19661,59.79257],[11.19689,59.79262]]}},{"type":"Feature","properties":{"fade":1.0},"geometry":{"type":"LineString","coordinates":[[11.17387,59.96552],[11.17399,59.96552],[11.17406,59.96547],[11.17442,59.96506],[11.17472,59.96492],[11.17503,59.96484],[11.17513,59.96485],[11.17537,59.96491],[11.1756,59.9649],[11.17576,59.96484],[11.17585,59.96471],[11.17593,59.96451],[11.17569,59.96401],[11.17576,59.96392],[11.17625,59.96366]]}},{"type":"Feature","properties":{"fade":1.0},"geometry":{"type":"LineString","coordinates":[[11.20076,59.732],[11.20103,59.73169],[11.20134,59.73151],[11.20224,59.73119],[11.2025,59.73106],[11.20286,59.73093]]}},{"type":"Feature","properties":{"fade":1.0},"geometry":{"type":"LineString","coordinates":[[11.20781,59.67117],[11.20802,59.67102],[11.20806,59.67094],[11.20815,59.6707],[11.20808,59.67058]]}},{"type":"Feature","properties":{"fade":1.0},"geometry":{"type":"LineString","coordinates":[[11.20392,59.70678],[11.2039,59.70688],[11.20395,59.70693],[11.2044,59.707],[11.20463,59.7071],[11.20462,59.70718],[11.20446,59.70741]]}},{"type":"Feature","properties":{"fade":1.0},"geometry":{"type":"LineString","coordinates":[[11.20961,59.66999],[11.20937,59.67003],[11.20907,59.67012],[11.20808,59.67058]]}},{"type":"Feature","properties":{"fade":1.0},"geometry":{"type":"LineString","coordinates":[[11.17796,59.94148],[11.17814,59.94157],[11.17822,59.94171],[11.17823,59.94191],[11.17815,59.9421]]}},{"type":"Feature","properties":{"fade":1.0},"geometry":{"type":"LineString","coordinates":[[11.18506,59.88458],[11.18503,59.88483],[11.18467,59.88508],[11.18449,59.8851]]}},{"type":"Feature","properties":{"fade":1.0},"geometry":{"type":"LineString","coordinates":[[11.17453,59.98134],[11.17474,59.98148],[11.17475,59.98162],[11.17464,59.98172],[11.17457,59.98192],[11.17467,59.98214],[11.17437,59.98231],[11.17412,59.98235],[11.17403,59.98235],[11.17384,59.98207],[11.17365,59.98201],[11.17359,59.98191],[11.17346,59.98184],[11.17349,59.98166],[11.17338,59.98148],[11.17342,59.98137]]}},{"type":"Feature","properties":{"fade":1.0},"geometry":{"type":"LineString","coordinates":[[11.19561,59.79278],[11.19556,59.79324],[11.19563,59.79335],[11.19576,59.79344]]}},{"type":"Feature","properties":{"fade":1.0},"geometry":{"type":"LineString","coordinates":[[11.21087,59.65852],[11.21115,59.65829],[11.21127,59.65811],[11.21143,59.65798],[11.21176,59.65783],[11.21227,59.65774],[11.21251,59.65764],[11.21277,59.6574],[11.21309,59.65722],[11.21319,59.65707]]}},{"type":"Feature","properties":{"fade":1.0},"geometry":{"type":"LineString","coordinates":[[11.21087,59.65852],[11.21161,59.65854],[11.21198,59.65856],[11.21217,59.65852],[11.2127,59.65848],[11.2129,59.65856],[11.21327,59.6589],[11.21345,59.65895],[11.214,59.65903],[11.21454,59.65915],[11.21494,59.65914],[11.21567,59.6592],[11.21585,59.65916],[11.21601,59.65902],[11.21609,59.65901],[11.21663,59.65912],[11.21695,59.65914],[11.21749,59.65926],[11.21787,59.65928],[11.21837,59.65924],[11.2187,59.65924],[11.21908,59.65932]]}},{"type":"Feature","properties":{"fade":1.0},"geometry":{"type":"LineString","coordinates":[[11.20362,59.73186],[11.2036,59.73163],[11.20301,59.73104],[11.20286,59.73093]]}},{"type":"Feature","properties":{"fade":1.0},"geometry":{"type":"LineString","coordinates":[[11.20286,59.73093],[11.20295,59.73068],[11.20309,59.73061]]}},{"type":"Feature","properties":{"fade":1.0},"geometry":{"type":"LineString","coordinates":[[11.18479,59.89023],[11.18482,59.8906]]}},{"type":"Feature","properties":{"fade":1.0},"geometry":{"type":"LineString","coordinates":[[11.1862,59.88912],[11.18606,59.88917],[11.18547,59.88969],[11.18495,59.89003],[11.18479,59.89023]]}},{"type":"Feature","properties":{"fade":1.0},"geometry":{"type":"LineString","coordinates":[[11.20364,59.73034],[11.20363,59.7305],[11.20371,59.73056],[11.20395,59.73067],[11.20453,59.73086],[11.20487,59.73105],[11.20492,59.73136],[11.20483,59.73162],[11.20482,59.73189],[11.20487,59.73198],[11.20497,59.73204]]}},{"type":"Feature","properties":{"fade":1.0},"geometry":{"type":"LineString","coordinates":[[11.21071,59.70339],[11.211,59.70289],[11.21101,59.70276],[11.21079,59.70225],[11.21047,59.70207],[11.21027,59.70203],[11.20983,59.70201],[11.20843,59.70214],[11.20758,59.70226],[11.20707,59.70229]]}},{"type":"Feature","properties":{"fade":1.0},"geometry":{"type":"LineString","coordinates":[[11.19747,59.79343],[11.19736,59.79341],[11.19719,59.79332],[11.19687,59.79305],[11.19683,59.79299],[11.19684,59.79272]]}},{"type":"Feature","properties":{"fade":1.0},"geometry":{"type":"LineString","coordinates":[[11.18719,59.88907],[11.18702,59.88914],[11.18668,59.88919],[11.18649,59.88918],[11.1862,59.88912]]}},{"type":"Feature","properties":{"fade":1.0},"geometry":{"type":"LineString","coordinates":[[11.1862,59.88912],[11.18652,59.88891],[11.18675,59.88865],[11.18679,59.88856],[11.1868,59.88822],[11.18709,59.88777],[11.18718,59.88771]]}},{"type":"Feature","properties":{"fade":1.0},"geometry":{"type":"LineString","coordinates":[[11.20888,59.69473],[11.20907,59.69478],[11.20928,59.69479],[11.2098,59.69474]]}},{"type":"Feature","properties":{"fade":1.0},"geometry":{"type":"LineString","coordinates":[[11.20346,59.75811],[11.2035,59.75781],[11.20341,59.75766],[11.20243,59.75722],[11.20211,59.75702]]}},{"type":"Feature","properties":{"fade":1.0},"geometry":{"type":"LineString","coordinates":[[11.20952,59.69401],[11.20993,59.69379]]}},{"type":"Feature","properties":{"fade":1.0},"geometry":{"type":"LineString","coordinates":[[11.18312,59.92639],[11.18377,59.92622],[11.1841,59.92609],[11.18424,59.92605],[11.18527,59.92611],[11.1854,59.92615]]}},{"type":"Feature","properties":{"fade":1.0},"geometry":{"type":"LineString","coordinates":[[11.18834,59.8814],[11.18848,59.88127],[11.18913,59.88103],[11.19026,59.88074],[11.19075,59.88066],[11.1909,59.88055],[11.19115,59.88043],[11.19126,59.88034],[11.19139,59.88014],[11.19147,59.87994],[11.19154,59.87989],[11.19176,59.87984]]}},{"type":"Feature","properties":{"fade":1.0},"geometry":{"type":"LineString","coordinates":[[11.18713,59.89603],[11.18707,59.8962],[11.18719,59.89646],[11.18745,59.89665],[11.18752,59.89682],[11.18765,59.89699],[11.18903,59.89742]]}},{"type":"Feature","properties":{"fade":1.0},"geometry":{"type":"LineString","coordinates":[[11.20677,59.72765],[11.20653,59.7279],[11.20638,59.72796],[11.2057,59.72803],[11.20527,59.72809],[11.20516,59.72809],[11.20501,59.72803],[11.20497,59.72797],[11.20495,59.72774],[11.20489,59.72764],[11.20412,59.72706],[11.20403,59.72695],[11.20416,59.72696],[11.20448,59.72705],[11.20514,59.72732],[11.20538,59.72738],[11.20561,59.72735],[11.20605,59.7272],[11.20632,59.72703],[11.20654,59.72684],[11.20686,59.72672],[11.20701,59.72662],[11.20707,59.72652],[11.20703,59.72631],[11.20719,59.72598],[11.20728,59.72585],[11.20756,59.72561],[11.20748,59.72534],[11.20752,59.72519],[11.208,59.72479]]}},{"type":"Feature","properties":{"fade":1.0},"geometry":{"type":"LineString","coordinates":[[11.2089,59.71114],[11.20881,59.71139],[11.20846,59.71179],[11.20784,59.71234],[11.20755,59.71265],[11.2073,59.71277],[11.20666,59.7133],[11.20615,59.71362],[11.20547,59.71389],[11.20548,59.71395],[11.20558,59.71401],[11.20574,59.71404],[11.20594,59.71404],[11.20678,59.71379],[11.20695,59.71371],[11.20733,59.71344],[11.20756,59.71337],[11.20767,59.71326],[11.20807,59.71316],[11.20847,59.7129],[11.20861,59.71277],[11.20878,59.71246],[11.209,59.7123],[11.2092,59.71195],[11.20989,59.7113],[11.21008,59.71105]]}},{"type":"Feature","properties":{"fade":1.0},"geometry":{"type":"LineString","coordinates":[[11.20641,59.7387],[11.20693,59.7389],[11.20705,59.73902],[11.20711,59.73919]]}},{"type":"Feature","properties":{"fade":1.0},"geometry":{"type":"LineString","coordinates":[[11.20711,59.73919],[11.20697,59.73938],[11.20672,59.73951]]}},{"type":"Feature","properties":{"fade":1.0},"geometry":{"type":"LineString","coordinates":[[11.21167,59.69761],[11.21206,59.69721]]}},{"type":"Feature","properties":{"fade":1.0},"geometry":{"type":"LineString","coordinates":[[11.20711,59.73919],[11.20734,59.73933],[11.20755,59.73941],[11.20814,59.73952]]}},{"type":"Feature","properties":{"fade":1.0},"geometry":{"type":"LineString","coordinates":[[11.21206,59.69721],[11.21223,59.69691],[11.21243,59.69668],[11.2124,59.69648],[11.21247,59.69631],[11.21245,59.69608],[11.21261,59.69595],[11.21284,59.69594],[11.21315,59.69598],[11.21334,59.69626],[11.21335,59.69655]]}},{"type":"Feature","properties":{"fade":1.0},"geometry":{"type":"LineString","coordinates":[[11.21335,59.69655],[11.21316,59.69675],[11.21283,59.69697],[11.21206,59.69721]]}},{"type":"Feature","properties":{"fade":1.0},"geometry":{"type":"LineString","coordinates":[[11.19837,59.88159],[11.19682,59.88223],[11.1948,59.88292],[11.19395,59.88325],[11.19334,59.88356],[11.19244,59.88395],[11.19196,59.88421],[11.19174,59.88438],[11.19117,59.88474],[11.19092,59.88487],[11.19074,59.88501]]}},{"type":"Feature","properties":{"fade":1.0},"geometry":{"type":"LineString","coordinates":[[11.19009,59.89161],[11.19005,59.89172],[11.19018,59.89192],[11.19028,59.89202],[11.19045,59.89211],[11.19059,59.89209],[11.1907,59.89204]]}},{"type":"Feature","properties":{"fade":1.0},"geometry":{"type":"LineString","coordinates":[[11.21237,59.69997],[11.21216,59.69976],[11.21208,59.69926]]}},{"type":"Feature","properties":{"fade":1.0},"geometry":{"type":"LineString","coordinates":[[11.21411,59.70061],[11.21391,59.7006],[11.21363,59.70052],[11.21326,59.70047],[11.21304,59.70042],[11.2128,59.70029],[11.21237,59.69997]]}},{"type":"Feature","properties":{"fade":1.0},"geometry":{"type":"LineString","coordinates":[[11.21237,59.69997],[11.21276,59.69996]]}},{"type":"Feature","properties":{"fade":1.0},"geometry":{"type":"LineString","coordinates":[[11.19126,59.8926],[11.19104,59.89314],[11.19069,59.89358],[11.19073,59.89388],[11.1907,59.89398],[11.19061,59.89406],[11.19041,59.89414]]}},{"type":"Feature","properties":{"fade":1.0},"geometry":{"type":"LineString","coordinates":[[11.19037,59.90048],[11.19002,59.90087],[11.18964,59.90121]]}},{"type":"Feature","properties":{"fade":1.0},"geometry":{"type":"LineString","coordinates":[[11.21276,59.69996],[11.21385,59.70006],[11.21473,59.70005]]}},{"type":"Feature","properties":{"fade":1.0},"geometry":{"type":"LineString","coordinates":[[11.21276,59.69996],[11.21326,59.69988],[11.2136,59.69977],[11.2138,59.69949],[11.21418,59.69915],[11.21435,59.69905],[11.21438,59.69894],[11.21459,59.69881],[11.2147,59.69866],[11.21512,59.69763],[11.21536,59.69733],[11.21529,59.69696],[11.2154,59.69635],[11.21554,59.69613],[11.21586,59.69594],[11.21591,59.69567],[11.21611,59.69534],[11.21613,59.69503],[11.21599,59.69461]]}},{"type":"Feature","properties":{"fade":1.0},"geometry":{"type":"LineString","coordinates":[[11.21352,59.69467],[11.21379,59.69476],[11.21389,59.69486],[11.21397,59.6954]]}},{"type":"Feature","properties":{"fade":1.0},"geometry":{"type":"LineString","coordinates":[[11.21335,59.69655],[11.21378,59.69623],[11.21404,59.69587],[11.214,59.69574],[11.21405,59.69565],[11.21397,59.6954]]}},{"type":"Feature","properties":{"fade":1.0},"geometry":{"type":"LineString","coordinates":[[11.19037,59.90048],[11.19057,59.90089],[11.19086,59.90125],[11.19098,59.90157],[11.19091,59.90177],[11.19061,59.90229],[11.1905,59.90242],[11.1902,59.90267],[11.19017,59.90281],[11.19034,59.90299],[11.19061,59.90311],[11.19144,59.90326]]}},{"type":"Feature","properties":{"fade":1.0},"geometry":{"type":"LineString","coordinates":[[11.1913,59.89928],[11.19108,59.89951],[11.19037,59.90048]]}},{"type":"Feature","properties":{"fade":1.0},"geometry":{"type":"LineString","coordinates":[[11.21224,59.70943],[11.21229,59.7095],[11.21239,59.70956]]}},{"type":"Feature","properties":{"fade":1.0},"geometry":{"type":"LineString","coordinates":[[11.21397,59.6954],[11.21446,59.69538],[11.21459,59.69536],[11.21473,59.69529],[11.21485,59.69521],[11.2149,59.6951],[11.21509,59.69491],[11.21521,59.6947]]}},{"type":"Feature","properties":{"fade":1.0},"geometry":{"type":"LineString","coordinates":[[11.18567,59.95814],[11.18514,59.95816],[11.18502,59.95814],[11.18457,59.95795],[11.18413,59.95786]]}},{"type":"Feature","properties":{"fade":1.0},"geometry":{"type":"LineString","coordinates":[[11.2188,59.65474],[11.21942,59.6547],[11.21957,59.65465]]}},{"type":"Feature","properties":{"fade":1.0},"geometry":{"type":"LineString","coordinates":[[11.18401,59.96442],[11.18435,59.96449],[11.18457,59.96459],[11.18526,59.96495],[11.18558,59.96526],[11.18609,59.96558],[11.18703,59.96604],[11.18815,59.96651],[11.18864,59.9668],[11.18906,59.967],[11.18984,59.96728],[11.19072,59.96766],[11.19113,59.9678],[11.19129,59.96789]]}},{"type":"Feature","properties":{"fade":1.0},"geometry":{"type":"LineString","coordinates":[[11.21419,59.70075],[11.21412,59.70068],[11.21411,59.70061]]}},{"type":"Feature","properties":{"fade":1.0},"geometry":{"type":"LineString","coordinates":[[11.21411,59.70061],[11.21438,59.70036],[11.21474,59.70029]]}},{"type":"Feature","properties":{"fade":1.0},"geometry":{"type":"LineString","coordinates":[[11.2131,59.7096],[11.2132,59.7098],[11.21323,59.70999],[11.21318,59.71028],[11.21295,59.71083],[11.21301,59.71091]]}},{"type":"Feature","properties":{"fade":1.0},"geometry":{"type":"LineString","coordinates":[[11.1926,59.89094],[11.19266,59.89088],[11.19279,59.89082],[11.1932,59.89069]]}},{"type":"Feature","properties":{"fade":1.0},"geometry":{"type":"LineString","coordinates":[[11.19022,59.9137],[11.19032,59.91366],[11.19043,59.91356],[11.19055,59.91335],[11.19055,59.91327],[11.19042,59.91299],[11.1901,59.91269],[11.18983,59.91224],[11.19002,59.91204],[11.19028,59.91196]]}},{"type":"Feature","properties":{"fade":1.0},"geometry":{"type":"LineString","coordinates":[[11.21957,59.65465],[11.21973,59.65456],[11.2198,59.65437],[11.22003,59.65422],[11.2201,59.65414]]}},{"type":"Feature","properties":{"fade":1.0},"geometry":{"type":"LineString","coordinates":[[11.2201,59.65414],[11.2201,59.6543],[11.22004,59.6544],[11.21983,59.65454],[11.21957,59.65465]]}},{"type":"Feature","properties":{"fade":1.0},"geometry":{"type":"LineString","coordinates":[[11.19432,59.90223],[11.19371,59.9025],[11.19341,59.90267],[11.19265,59.903],[11.19181,59.90328],[11.19144,59.90326]]}},{"type":"Feature","properties":{"fade":1.0},"geometry":{"type":"LineString","coordinates":[[11.19144,59.90326],[11.19159,59.90338],[11.19167,59.90356],[11.19162,59.90389],[11.19166,59.90416],[11.19199,59.90472]]}},{"type":"Feature","properties":{"fade":1.0},"geometry":{"type":"LineString","coordinates":[[11.21473,59.70005],[11.21477,59.70015],[11.21474,59.70029]]}},{"type":"Feature","properties":{"fade":1.0},"geometry":{"type":"LineString","coordinates":[[11.21473,59.70005],[11.21461,59.69987],[11.21462,59.69979],[11.21468,59.69974],[11.2149,59.69964],[11.21505,59.69945],[11.21543,59.6988],[11.21573,59.69864],[11.21591,59.69849],[11.21608,59.69826]]}},{"type":"Feature","properties":{"fade":1.0},"geometry":{"type":"LineString","coordinates":[[11.21474,59.70029],[11.21483,59.70028]]}},{"type":"Feature","properties":{"fade":1.0},"geometry":{"type":"LineString","coordinates":[[11.20891,59.77026],[11.20902,59.77043],[11.20958,59.77104],[11.20978,59.77139],[11.20972,59.7716],[11.20909,59.77255],[11.20888,59.77275],[11.2087,59.77284],[11.20847,59.77293],[11.20721,59.77329],[11.20694,59.77341],[11.20667,59.77361],[11.20641,59.77386]]}},{"type":"Feature","properties":{"fade":1.0},"geometry":{"type":"LineString","coordinates":[[11.21483,59.70028],[11.21505,59.70051]]}},{"type":"Feature","properties":{"fade":1.0},"geometry":{"type":"LineString","coordinates":[[11.21483,59.70028],[11.21511,59.70022],[11.21525,59.70008]]}},{"type":"Feature","properties":{"fade":1.0},"geometry":{"type":"LineString","coordinates":[[11.1932,59.89069],[11.19383,59.8908],[11.19405,59.89088]]}},{"type":"Feature","properties":{"fade":1.0},"geometry":{"type":"LineString","coordinates":[[11.1932,59.89069],[11.19335,59.8906],[11.19341,59.89046],[11.19344,59.8903],[11.19335,59.89006],[11.19337,59.89003],[11.19351,59.89003],[11.19388,59.89025],[11.194,59.89027],[11.19414,59.89025]]}},{"type":"Feature","properties":{"fade":1.0},"geometry":{"type":"LineString","coordinates":[[11.2201,59.65414],[11.22013,59.65394]]}},{"type":"Feature","properties":{"fade":1.0},"geometry":{"type":"LineString","coordinates":[[11.21559,59.69436],[11.21582,59.69454],[11.21599,59.69461]]}},{"type":"Feature","properties":{"fade":1.0},"geometry":{"type":"LineString","coordinates":[[11.18567,59.95814],[11.18573,59.9582],[11.18584,59.95848],[11.18599,59.95863]]}},{"type":"Feature","properties":{"fade":1.0},"geometry":{"type":"LineString","coordinates":[[11.18567,59.95814],[11.18576,59.95803]]}},{"type":"Feature","properties":{"fade":1.0},"geometry":{"type":"LineString","coordinates":[[11.21599,59.69461],[11.21599,59.69431]]}},{"type":"Feature","properties":{"fade":1.0},"geometry":{"type":"LineString","coordinates":[[11.20935,59.75453],[11.20961,59.756],[11.20976,59.75644],[11.20982,59.75645],[11.21084,59.75636],[11.21274,59.75623],[11.21342,59.75634],[11.21425,59.75634]]}},{"type":"Feature","properties":{"fade":1.0},"geometry":{"type":"LineString","coordinates":[[11.21547,59.70877],[11.21534,59.70875],[11.21491,59.70881],[11.21478,59.7088],[11.21474,59.70876],[11.21472,59.70863],[11.21481,59.70852]]}},{"type":"Feature","properties":{"fade":1.0},"geometry":{"type":"LineString","coordinates":[[11.18987,59.92921],[11.18995,59.92937],[11.19017,59.92961],[11.19038,59.92967],[11.19061,59.92959]]}},{"type":"Feature","properties":{"fade":1.0},"geometry":{"type":"LineString","coordinates":[[11.22262,59.65723],[11.22215,59.65739],[11.22178,59.6576],[11.22121,59.65785],[11.22103,59.65797],[11.22075,59.65885],[11.22056,59.65915],[11.2206,59.65936]]}},{"type":"Feature","properties":{"fade":1.0},"geometry":{"type":"LineString","coordinates":[[11.19479,59.88715],[11.19505,59.88716],[11.19569,59.88712],[11.19625,59.88699],[11.19665,59.88686],[11.19679,59.88672],[11.1968,59.88655],[11.19699,59.88635],[11.19698,59.88629],[11.19688,59.88619],[11.19688,59.88613],[11.19716,59.88573],[11.19699,59.88535],[11.19698,59.88525],[11.19708,59.88518],[11.19731,59.88512],[11.19791,59.88508],[11.19819,59.88501]]}},{"type":"Feature","properties":{"fade":1.0},"geometry":{"type":"LineString","coordinates":[[11.19763,59.88703],[11.19746,59.88701],[11.19729,59.88703],[11.19702,59.88714],[11.19662,59.88721],[11.19627,59.88732],[11.19597,59.88737],[11.19574,59.88747],[11.19552,59.88765],[11.19538,59.88768],[11.19508,59.88768],[11.19476,59.88783],[11.19467,59.88781],[11.19424,59.88762],[11.19421,59.88757],[11.19424,59.88744],[11.19434,59.88733],[11.19464,59.88717],[11.19479,59.88715]]}},{"type":"Feature","properties":{"fade":1.0},"geometry":{"type":"LineString","coordinates":[[11.19479,59.88715],[11.1945,59.88683],[11.19421,59.88659],[11.19428,59.88629],[11.19441,59.8861],[11.19487,59.88565],[11.19517,59.8855],[11.19551,59.88525],[11.19592,59.88515],[11.19608,59.88505],[11.19636,59.88469],[11.19656,59.88453],[11.1967,59.88426],[11.19681,59.88413],[11.19681,59.88406]]}},{"type":"Feature","properties":{"fade":1.0},"geometry":{"type":"LineString","coordinates":[[11.18447,59.9796],[11.18442,59.97937],[11.18434,59.97924],[11.18416,59.97917],[11.18378,59.97889],[11.18384,59.97871],[11.18373,59.97858],[11.18375,59.97843],[11.1837,59.97827],[11.18353,59.97818],[11.1834,59.97796],[11.18316,59.97774],[11.18313,59.97748],[11.18327,59.9773],[11.18342,59.97722],[11.18348,59.97712],[11.18345,59.97683],[11.18354,59.97657],[11.1837,59.97642],[11.18395,59.97629],[11.18401,59.97623],[11.18402,59.97615],[11.18397,59.976],[11.18402,59.97586],[11.18445,59.9754],[11.18463,59.97524],[11.1848,59.97517],[11.18492,59.97503],[11.18495,59.97488],[11.18489,59.97478],[11.18489,59.97468],[11.18512,59.97444],[11.18518,59.97432]]}},{"type":"Feature","properties":{"fade":1.0},"geometry":{"type":"LineString","coordinates":[[11.21405,59.72204],[11.21406,59.72176],[11.21399,59.72164],[11.21407,59.72157],[11.2144,59.7214]]}},{"type":"Feature","properties":{"fade":1.0},"geometry":{"type":"LineString","coordinates":[[11.22135,59.66346],[11.2213,59.66359],[11.22112,59.66376],[11.22107,59.66396],[11.22111,59.66422],[11.22126,59.66448],[11.22124,59.6647]]}},{"type":"Feature","properties":{"fade":1.0},"geometry":{"type":"LineString","coordinates":[[11.19604,59.90077],[11.19578,59.90099],[11.1954,59.90124],[11.19511,59.90138],[11.19485,59.90155],[11.19461,59.90184],[11.19446,59.90212],[11.19432,59.90223]]}},{"type":"Feature","properties":{"fade":1.0},"geometry":{"type":"LineString","coordinates":[[11.19432,59.90223],[11.19458,59.9022],[11.19489,59.90213],[11.19538,59.90196],[11.19558,59.90195],[11.19577,59.90197],[11.19592,59.90205],[11.19597,59.9022],[11.19613,59.90236],[11.19617,59.90255],[11.19654,59.90308],[11.19686,59.90387],[11.19719,59.90418],[11.1972,59.9044],[11.19709,59.90461],[11.19714,59.90471],[11.19726,59.90481],[11.19745,59.90487],[11.19765,59.90488],[11.19872,59.90461],[11.19913,59.90463],[11.19958,59.90473],[11.1998,59.90491],[11.20006,59.90518],[11.20043,59.90543],[11.20061,59.9055],[11.20127,59.90568],[11.20147,59.90583],[11.20205,59.90612],[11.20228,59.90628],[11.20242,59.90633],[11.2027,59.90633],[11.20299,59.90618],[11.20354,59.90609],[11.20393,59.90569],[11.20426,59.90551],[11.20456,59.90527],[11.20487,59.90516],[11.20497,59.90506]]}},{"type":"Feature","properties":{"fade":1.0},"geometry":{"type":"LineString","coordinates":[[11.21497,59.73153],[11.21506,59.73159],[11.21502,59.73168],[11.21456,59.7318],[11.21436,59.73181],[11.21389,59.73176],[11.21345,59.73179],[11.2133,59.73186],[11.21316,59.73195],[11.21271,59.73234],[11.21267,59.73241],[11.21272,59.73254],[11.21301,59.73286],[11.21315,59.73294],[11.21354,59.73308],[11.21371,59.7332],[11.21393,59.73329],[11.21397,59.73367],[11.21404,59.73378]]}},{"type":"Feature","properties":{"fade":1.0},"geometry":{"type":"LineString","coordinates":[[11.19656,59.88836],[11.19651,59.88845],[11.19652,59.88868],[11.19636,59.88875],[11.1963,59.88881],[11.19634,59.88893],[11.19695,59.88931],[11.198,59.88959],[11.19814,59.88961],[11.19836,59.88957],[11.19935,59.88933],[11.19978,59.88902],[11.20016,59.88882],[11.20074,59.8886],[11.20093,59.88855],[11.20102,59.88856]]}},{"type":"Feature","properties":{"fade":1.0},"geometry":{"type":"LineString","coordinates":[[11.19138,59.93379],[11.19155,59.93393],[11.19168,59.93428]]}},{"type":"Feature","properties":{"fade":1.0},"geometry":{"type":"LineString","coordinates":[[11.22671,59.65276],[11.22628,59.65282],[11.22578,59.65282],[11.22569,59.65285],[11.22558,59.65298],[11.22545,59.65305],[11.22535,59.65304],[11.22516,59.65308],[11.22505,59.6528],[11.22485,59.65258],[11.22472,59.65234],[11.2246,59.65222],[11.22458,59.65212],[11.22462,59.65202],[11.22498,59.6519],[11.22529,59.65173],[11.22535,59.65159],[11.22533,59.65129],[11.22526,59.65117],[11.22474,59.65096],[11.22456,59.65083],[11.22433,59.65073],[11.22412,59.65056]]}},{"type":"Feature","properties":{"fade":1.0},"geometry":{"type":"LineString","coordinates":[[11.21542,59.7289],[11.2157,59.72897],[11.21598,59.72915]]}},{"type":"Feature","properties":{"fade":1.0},"geometry":{"type":"LineString","coordinates":[[11.19791,59.89833],[11.19758,59.89862],[11.19641,59.89918],[11.19629,59.89926],[11.19598,59.89955],[11.1958,59.90011],[11.19583,59.90036],[11.19607,59.90067],[11.19604,59.90077]]}},{"type":"Feature","properties":{"fade":1.0},"geometry":{"type":"LineString","coordinates":[[11.19604,59.90077],[11.19624,59.90063],[11.19643,59.90056],[11.19716,59.90039],[11.19746,59.90023],[11.19783,59.90007],[11.19842,59.89974]]}},{"type":"Feature","properties":{"fade":1.0},"geometry":{"type":"LineString","coordinates":[[11.21598,59.72915],[11.2162,59.72933]]}},{"type":"Feature","properties":{"fade":1.0},"geometry":{"type":"LineString","coordinates":[[11.21598,59.72915],[11.21583,59.7292],[11.21583,59.72923],[11.21594,59.72931],[11.21616,59.72938]]}},{"type":"Feature","properties":{"fade":1.0},"geometry":{"type":"LineString","coordinates":[[11.19147,59.9453],[11.19181,59.94549],[11.19231,59.94572],[11.19273,59.94597],[11.19305,59.94629],[11.19312,59.94645],[11.19302,59.94743]]}},{"type":"Feature","properties":{"fade":1.0},"geometry":{"type":"LineString","coordinates":[[11.22534,59.65444],[11.22547,59.65462],[11.22572,59.65486],[11.22571,59.65505],[11.22583,59.65532],[11.22583,59.65554],[11.22605,59.6559],[11.22609,59.65615],[11.22607,59.6564],[11.2262,59.65644],[11.22653,59.65642],[11.22718,59.65656],[11.22757,59.6566]]}},{"type":"Feature","properties":{"fade":1.0},"geometry":{"type":"LineString","coordinates":[[11.21389,59.75711],[11.21538,59.75709]]}},{"type":"Feature","properties":{"fade":1.0},"geometry":{"type":"LineString","coordinates":[[11.21538,59.75709],[11.21549,59.75698],[11.21544,59.75691],[11.21533,59.75682],[11.21519,59.75679],[11.21506,59.7568],[11.21477,59.75688],[11.21448,59.75688],[11.21397,59.75692]]}},{"type":"Feature","properties":{"fade":1.0},"geometry":{"type":"LineString","coordinates":[[11.21426,59.75589],[11.21501,59.75576],[11.2155,59.75564],[11.21544,59.75554],[11.21536,59.75549],[11.21507,59.7554]]}},{"type":"Feature","properties":{"fade":1.0},"geometry":{"type":"LineString","coordinates":[[11.22476,59.66496],[11.2253,59.66487],[11.2255,59.66494],[11.22583,59.665],[11.22611,59.66513],[11.22626,59.66515],[11.22633,59.66514],[11.22639,59.66511],[11.22655,59.6648],[11.22656,59.66434],[11.22643,59.66418]]}},{"type":"Feature","properties":{"fade":1.0},"geometry":{"type":"LineString","coordinates":[[11.19302,59.94743],[11.19274,59.94717]]}},{"type":"Feature","properties":{"fade":1.0},"geometry":{"type":"LineString","coordinates":[[11.204,59.87634],[11.20365,59.87632],[11.20321,59.87634],[11.20275,59.87644],[11.20208,59.87641],[11.20152,59.87633],[11.20103,59.8757],[11.20101,59.87558]]}},{"type":"Feature","properties":{"fade":1.0},"geometry":{"type":"LineString","coordinates":[[11.19481,59.95126],[11.19556,59.95137],[11.196,59.9519],[11.19615,59.95217],[11.19617,59.95254],[11.1961,59.95278],[11.19592,59.95309],[11.19572,59.95333],[11.19472,59.95418],[11.19444,59.95435],[11.19418,59.95447],[11.19369,59.95464],[11.19348,59.95466],[11.19323,59.95463],[11.1931,59.95458],[11.19305,59.9545],[11.19305,59.95432],[11.19259,59.95409],[11.19247,59.95399],[11.19245,59.9539],[11.19263,59.95347],[11.19269,59.95316],[11.19274,59.95307],[11.19271,59.95293],[11.1919,59.95238],[11.19153,59.95217],[11.19143,59.95209],[11.19138,59.95199],[11.19144,59.95186],[11.19165,59.95162],[11.19143,59.95092],[11.19155,59.95084],[11.19204,59.95085],[11.19219,59.9508],[11.19221,59.95076],[11.19206,59.95062],[11.19202,59.95044],[11.19195,59.95034],[11.19183,59.95023],[11.19142,59.94998],[11.1913,59.94985],[11.19128,59.94977],[11.1914,59.94962],[11.19163,59.9495],[11.19225,59.94932],[11.19254,59.94926],[11.19271,59.94925]]}},{"type":"Feature","properties":{"fade":1.0},"geometry":{"type":"LineString","coordinates":[[11.19842,59.89974],[11.19866,59.89939],[11.19915,59.8991],[11.19911,59.89898],[11.19921,59.89882],[11.19957,59.89858],[11.1999,59.89843],[11.20041,59.89831],[11.20065,59.89834],[11.2007,59.89846]]}},{"type":"Feature","properties":{"fade":1.0},"geometry":{"type":"LineString","coordinates":[[11.19842,59.89974],[11.19912,59.89944],[11.19926,59.89944],[11.19943,59.89947],[11.19972,59.89966],[11.19991,59.89984],[11.2,59.9001],[11.2002,59.90024],[11.20071,59.90042],[11.2009,59.90063],[11.20099,59.90068],[11.20138,59.90116],[11.20155,59.90131],[11.20196,59.90156],[11.20227,59.90183],[11.2025,59.90198],[11.20295,59.90217],[11.20306,59.9022],[11.20328,59.90215],[11.20341,59.90215]]}},{"type":"Feature","properties":{"fade":1.0},"geometry":{"type":"LineString","coordinates":[[11.19302,59.94743],[11.19314,59.94755],[11.1934,59.94762]]}},{"type":"Feature","properties":{"fade":1.0},"geometry":{"type":"LineString","coordinates":[[11.22757,59.6566],[11.22736,59.65643],[11.22736,59.65627],[11.22726,59.65609],[11.22727,59.65511],[11.22722,59.65481],[11.22686,59.65391],[11.22691,59.65371],[11.22682,59.65353],[11.22651,59.65321],[11.22648,59.65314],[11.22647,59.65305],[11.22655,59.65285],[11.22671,59.65276]]}},{"type":"Feature","properties":{"fade":1.0},"geometry":{"type":"LineString","coordinates":[[11.22671,59.65276],[11.22695,59.65266],[11.22733,59.65245],[11.22786,59.65229]]}},{"type":"Feature","properties":{"fade":1.0},"geometry":{"type":"LineString","coordinates":[[11.22187,59.75062],[11.2216,59.75118],[11.2213,59.75207],[11.22108,59.75232],[11.22012,59.75314],[11.21979,59.75331],[11.2194,59.75343],[11.21804,59.75349],[11.21777,59.75425],[11.2177,59.75438],[11.21753,59.75453],[11.21704,59.75472],[11.21556,59.75517],[11.21524,59.75531]]}},{"type":"Feature","properties":{"fade":1.0},"geometry":{"type":"LineString","coordinates":[[11.20324,59.87133],[11.20318,59.87144],[11.20287,59.87166],[11.20287,59.87174],[11.20294,59.87186],[11.20293,59.87206],[11.20279,59.87222],[11.20234,59.87248],[11.20209,59.87276],[11.20163,59.87303],[11.20142,59.87317],[11.20122,59.87337],[11.2012,59.87345],[11.20125,59.8738],[11.2016,59.87417],[11.20164,59.8744],[11.20176,59.87451]]}},{"type":"Feature","properties":{"fade":1.0},"geometry":{"type":"LineString","coordinates":[[11.22743,59.64871],[11.22794,59.64883],[11.22837,59.64898],[11.22943,59.64915],[11.23004,59.64929],[11.2303,59.64929],[11.2304,59.64927]]}},{"type":"Feature","properties":{"fade":1.0},"geometry":{"type":"LineString","coordinates":[[11.21538,59.75709],[11.21735,59.75707]]}},{"type":"Feature","properties":{"fade":1.0},"geometry":{"type":"LineString","coordinates":[[11.22757,59.6566],[11.22761,59.65665],[11.22752,59.657],[11.22758,59.65708],[11.22773,59.65714]]}},{"type":"Feature","properties":{"fade":1.0},"geometry":{"type":"LineString","coordinates":[[11.19551,59.939],[11.1964,59.93874],[11.19652,59.93866]]}},{"type":"Feature","properties":{"fade":1.0},"geometry":{"type":"LineString","coordinates":[[11.19435,59.95059],[11.19446,59.95086],[11.19462,59.95108],[11.19481,59.95126]]}},{"type":"Feature","properties":{"fade":1.0},"geometry":{"type":"LineString","coordinates":[[11.20637,59.88707],[11.20626,59.8872],[11.2063,59.88744],[11.20627,59.88753],[11.20562,59.88793],[11.20556,59.88795],[11.20527,59.88795],[11.20506,59.88802],[11.20483,59.88814],[11.20441,59.88847],[11.20381,59.88914],[11.20318,59.88952],[11.2024,59.88993],[11.20207,59.89006],[11.20161,59.8902]]}},{"type":"Feature","properties":{"fade":1.0},"geometry":{"type":"LineString","coordinates":[[11.19451,59.95296],[11.19458,59.95277],[11.19467,59.95184],[11.19481,59.95126]]}},{"type":"Feature","properties":{"fade":1.0},"geometry":{"type":"LineString","coordinates":[[11.20374,59.87383],[11.20406,59.87363],[11.20431,59.87351],[11.20459,59.8733],[11.20498,59.87313],[11.20582,59.87288],[11.20647,59.87279]]}},{"type":"Feature","properties":{"fade":1.0},"geometry":{"type":"LineString","coordinates":[[11.19161,59.98422],[11.19156,59.98415],[11.19136,59.98399],[11.19141,59.9837],[11.19135,59.98357],[11.19158,59.98319],[11.19176,59.98309],[11.19192,59.98323],[11.19204,59.98339],[11.19279,59.98391],[11.19296,59.98424],[11.19327,59.98438],[11.19353,59.98466],[11.19377,59.98479],[11.19388,59.98489],[11.19417,59.98518],[11.19426,59.98539],[11.19445,59.98558],[11.19457,59.98577],[11.19514,59.98583],[11.19559,59.98581],[11.19617,59.98589],[11.19634,59.98589],[11.19641,59.98586],[11.19672,59.98563],[11.19679,59.98547],[11.197,59.98519],[11.19731,59.98501],[11.19741,59.98489],[11.19736,59.98442],[11.19744,59.98416],[11.19755,59.98403],[11.1975,59.98382],[11.19734,59.98359],[11.19701,59.98333],[11.1969,59.98297],[11.19654,59.98272]]}},{"type":"Feature","properties":{"fade":1.0},"geometry":{"type":"LineString","coordinates":[[11.19377,59.98173],[11.19363,59.98163],[11.19353,59.98139],[11.19355,59.98122],[11.19339,59.981]]}},{"type":"Feature","properties":{"fade":1.0},"geometry":{"type":"LineString","coordinates":[[11.1956,59.98331],[11.1954,59.98317],[11.1952,59.98308],[11.19504,59.98262],[11.19473,59.98225],[11.19434,59.98199],[11.19402,59.98183],[11.19377,59.98173]]}},{"type":"Feature","properties":{"fade":1.0},"geometry":{"type":"LineString","coordinates":[[11.19377,59.98173],[11.19372,59.98184],[11.1939,59.98203],[11.19396,59.98221],[11.19416,59.98248],[11.19418,59.98263],[11.19412,59.98294],[11.1942,59.98299],[11.19444,59.98304],[11.19458,59.98315],[11.19468,59.98358]]}},{"type":"Feature","properties":{"fade":1.0},"geometry":{"type":"LineString","coordinates":[[11.23609,59.64878],[11.23632,59.64859],[11.2364,59.64847],[11.2364,59.64836],[11.23635,59.64831],[11.23619,59.64822],[11.23603,59.64822],[11.23594,59.64827],[11.23545,59.64869],[11.23462,59.64901],[11.23426,59.64935],[11.23412,59.64943],[11.23379,59.64947],[11.23332,59.64939],[11.23266,59.64946],[11.23199,59.64945]]}},{"type":"Feature","properties":{"fade":1.0},"geometry":{"type":"LineString","coordinates":[[11.19412,59.98336],[11.19436,59.98349],[11.19468,59.98358]]}},{"type":"Feature","properties":{"fade":1.0},"geometry":{"type":"LineString","coordinates":[[11.23287,59.64286],[11.23324,59.64301],[11.23361,59.64311]]}},{"type":"Feature","properties":{"fade":1.0},"geometry":{"type":"LineString","coordinates":[[11.20562,59.90749],[11.2049,59.90734],[11.20448,59.90721],[11.20415,59.90707],[11.20373,59.90679],[11.20326,59.90662],[11.20307,59.90659]]}},{"type":"Feature","properties":{"fade":1.0},"geometry":{"type":"LineString","coordinates":[[11.23436,59.64496],[11.23412,59.6446],[11.23382,59.64439],[11.23364,59.64417],[11.23343,59.64407],[11.23317,59.64405]]}},{"type":"Feature","properties":{"fade":1.0},"geometry":{"type":"LineString","coordinates":[[11.19468,59.98358],[11.19496,59.98365],[11.1954,59.98387],[11.19552,59.9839],[11.19566,59.98388],[11.19572,59.98384],[11.19567,59.98361]]}},{"type":"Feature","properties":{"fade":1.0},"geometry":{"type":"LineString","coordinates":[[11.19915,59.96242],[11.19899,59.96227],[11.19822,59.96021],[11.19789,59.95951]]}},{"type":"Feature","properties":{"fade":1.0},"geometry":{"type":"LineString","coordinates":[[11.20692,59.88249],[11.20671,59.88271]]}},{"type":"Feature","properties":{"fade":1.0},"geometry":{"type":"LineString","coordinates":[[11.20692,59.88249],[11.20696,59.8823],[11.20691,59.88204]]}},{"type":"Feature","properties":{"fade":1.0},"geometry":{"type":"LineString","coordinates":[[11.19611,59.97732],[11.19604,59.97721],[11.19584,59.97706],[11.19522,59.97641],[11.19491,59.9758],[11.19488,59.97565],[11.19494,59.97532],[11.19507,59.9751],[11.19508,59.97492],[11.19502,59.97471],[11.19508,59.97453],[11.19553,59.97408],[11.19642,59.97389]]}},{"type":"Feature","properties":{"fade":1.0},"geometry":{"type":"LineString","coordinates":[[11.19642,59.97389],[11.19673,59.97369],[11.19691,59.97338],[11.19697,59.97334],[11.19723,59.97327],[11.19738,59.97326],[11.19757,59.97331],[11.19774,59.97342],[11.19793,59.97349],[11.19842,59.97389],[11.19871,59.97423]]}},{"type":"Feature","properties":{"fade":1.0},"geometry":{"type":"LineString","coordinates":[[11.19701,59.97395],[11.19681,59.97389],[11.19642,59.97389]]}},{"type":"Feature","properties":{"fade":1.0},"geometry":{"type":"LineString","coordinates":[[11.20692,59.88249],[11.20695,59.88271],[11.20713,59.88303],[11.20746,59.88321],[11.20758,59.88333],[11.20761,59.88367],[11.2075,59.88401],[11.20716,59.8847],[11.20694,59.88501],[11.20671,59.88523],[11.20667,59.88531]]}},{"type":"Feature","properties":{"fade":1.0},"geometry":{"type":"LineString","coordinates":[[11.19567,59.98361],[11.19568,59.9835],[11.19551,59.98339]]}},{"type":"Feature","properties":{"fade":1.0},"geometry":{"type":"LineString","coordinates":[[11.19551,59.98339],[11.19548,59.9835],[11.19567,59.98361]]}},{"type":"Feature","properties":{"fade":1.0},"geometry":{"type":"LineString","coordinates":[[11.19551,59.98339],[11.1956,59.98331]]}},{"type":"Feature","properties":{"fade":1.0},"geometry":{"type":"LineString","coordinates":[[11.1956,59.98331],[11.19591,59.98334],[11.19611,59.98329]]}},{"type":"Feature","properties":{"fade":1.0},"geometry":{"type":"LineString","coordinates":[[11.20357,59.91696],[11.20363,59.91704]]}},{"type":"Feature","properties":{"fade":1.0},"geometry":{"type":"LineString","coordinates":[[11.19631,59.98178],[11.1969,59.98199],[11.1971,59.9821],[11.19752,59.9831]]}},{"type":"Feature","properties":{"fade":1.0},"geometry":{"type":"LineString","coordinates":[[11.20551,59.90918],[11.2052,59.90905],[11.20473,59.9088]]}},{"type":"Feature","properties":{"fade":1.0},"geometry":{"type":"LineString","coordinates":[[11.204,59.91522],[11.20405,59.91562],[11.20422,59.91595],[11.20426,59.91613],[11.20442,59.91635]]}},{"type":"Feature","properties":{"fade":1.0},"geometry":{"type":"LineString","coordinates":[[11.19637,59.98478],[11.19624,59.98436],[11.19626,59.98432]]}},{"type":"Feature","properties":{"fade":1.0},"geometry":{"type":"LineString","coordinates":[[11.2363,59.6324],[11.23622,59.63259],[11.2363,59.633],[11.23622,59.63351],[11.23632,59.63365],[11.23712,59.63451],[11.23722,59.63465],[11.23719,59.63523],[11.23724,59.63559],[11.23735,59.63569],[11.2376,59.63578],[11.23783,59.6359],[11.23836,59.63629]]}},{"type":"Feature","properties":{"fade":1.0},"geometry":{"type":"LineString","coordinates":[[11.2122,59.84958],[11.21231,59.84982],[11.21247,59.84989],[11.21261,59.85005],[11.21254,59.85038],[11.21327,59.8507],[11.21336,59.85086],[11.21349,59.85092],[11.21357,59.85091],[11.21421,59.85074],[11.21482,59.85035],[11.21538,59.85027],[11.2157,59.84999],[11.21593,59.84987],[11.21602,59.84986],[11.2161,59.84988],[11.21651,59.85011]]}},{"type":"Feature","properties":{"fade":1.0},"geometry":{"type":"LineString","coordinates":[[11.20669,59.90774],[11.2066,59.90763],[11.20643,59.90756],[11.20613,59.90752],[11.20582,59.90752],[11.20562,59.90749]]}},{"type":"Feature","properties":{"fade":1.0},"geometry":{"type":"LineString","coordinates":[[11.20669,59.90774],[11.20577,59.90761],[11.20565,59.90756],[11.20562,59.90749]]}},{"type":"Feature","properties":{"fade":1.0},"geometry":{"type":"LineString","coordinates":[[11.19747,59.97895],[11.19828,59.97917],[11.19892,59.97954],[11.19913,59.97958],[11.19926,59.97955],[11.19951,59.97931],[11.19974,59.9785],[11.20051,59.97801],[11.20067,59.97783],[11.20069,59.97775],[11.20061,59.97727],[11.20054,59.97721],[11.20025,59.97706],[11.20023,59.97702],[11.20025,59.97683],[11.20035,59.97659],[11.20017,59.97616],[11.20034,59.97588],[11.20032,59.97577],[11.20024,59.97563],[11.19998,59.97542],[11.19945,59.97475],[11.19891,59.9744],[11.19871,59.97423]]}},{"type":"Feature","properties":{"fade":1.0},"geometry":{"type":"LineString","coordinates":[[11.20822,59.91032],[11.20806,59.91025],[11.20743,59.91022],[11.20709,59.91017],[11.207,59.91014],[11.20688,59.90994],[11.2066,59.90978],[11.20633,59.90955],[11.20567,59.90931],[11.20551,59.90918]]}},{"type":"Feature","properties":{"fade":1.0},"geometry":{"type":"LineString","coordinates":[[11.20551,59.90918],[11.20548,59.90904],[11.20558,59.90895],[11.20594,59.90887],[11.20609,59.90878],[11.20655,59.90861],[11.20671,59.9085],[11.20676,59.90841],[11.20665,59.90826],[11.20659,59.90803],[11.20661,59.90796],[11.20671,59.90786],[11.20669,59.90774]]}},{"type":"Feature","properties":{"fade":1.0},"geometry":{"type":"LineString","coordinates":[[11.20071,59.96152],[11.20022,59.96186],[11.19969,59.96209]]}},{"type":"Feature","properties":{"fade":1.0},"geometry":{"type":"LineString","coordinates":[[11.19871,59.97423],[11.19923,59.97399],[11.19951,59.97376],[11.1996,59.97364]]}},{"type":"Feature","properties":{"fade":1.0},"geometry":{"type":"LineString","coordinates":[[11.20173,59.95179],[11.20201,59.95184],[11.20226,59.95182],[11.2025,59.95169],[11.20278,59.95136]]}},{"type":"Feature","properties":{"fade":1.0},"geometry":{"type":"LineString","coordinates":[[11.19889,59.98376],[11.19894,59.9835],[11.19868,59.9829],[11.19838,59.98239],[11.19846,59.98229],[11.19871,59.98222]]}},{"type":"Feature","properties":{"fade":1.0},"geometry":{"type":"LineString","coordinates":[[11.20757,59.94777],[11.20718,59.94785],[11.20661,59.94801],[11.20622,59.94817],[11.20612,59.94825],[11.20587,59.9492],[11.20585,59.94947],[11.20577,59.94959],[11.20562,59.94972],[11.20532,59.94985],[11.20495,59.94991],[11.20458,59.95012],[11.20425,59.95022],[11.20411,59.95022],[11.20346,59.95008],[11.20328,59.9501],[11.20304,59.95016],[11.20283,59.95023],[11.20257,59.95049]]}},{"type":"Feature","properties":{"fade":1.0},"geometry":{"type":"LineString","coordinates":[[11.20653,59.94587],[11.20579,59.946],[11.20546,59.94597],[11.20524,59.94589],[11.20518,59.94585],[11.20515,59.94554],[11.20496,59.94533],[11.20481,59.94525],[11.20459,59.9452],[11.20442,59.94505],[11.20417,59.94499],[11.20403,59.94491],[11.20382,59.94473],[11.20341,59.9442]]}},{"type":"Feature","properties":{"fade":1.0},"geometry":{"type":"LineString","coordinates":[[11.23881,59.63654],[11.23912,59.63649],[11.23975,59.63646],[11.24445,59.63609],[11.24528,59.63598],[11.24588,59.63606],[11.24625,59.63601],[11.24645,59.63595],[11.24698,59.63554],[11.24704,59.63541],[11.24701,59.63514],[11.24666,59.6344],[11.24667,59.63424],[11.24681,59.63408],[11.2471,59.63388],[11.24738,59.63375],[11.24839,59.63339],[11.24891,59.63302],[11.2493,59.6326],[11.24942,59.63252],[11.24956,59.63248],[11.25001,59.63245],[11.25034,59.63247],[11.2508,59.63253],[11.25126,59.63263],[11.25242,59.63277],[11.2537,59.63268],[11.25522,59.63266],[11.25576,59.63276],[11.25654,59.63295],[11.25714,59.633],[11.25766,59.63299],[11.25784,59.63315]]}},{"type":"Feature","properties":{"fade":1.0},"geometry":{"type":"LineString","coordinates":[[11.20879,59.95013],[11.20858,59.95043],[11.20852,59.95058],[11.20846,59.95179],[11.20822,59.95214],[11.20735,59.95268],[11.20691,59.9528],[11.20642,59.95312],[11.20631,59.95325],[11.20616,59.95353],[11.20598,59.95365],[11.20502,59.95402],[11.20463,59.95423],[11.20426,59.95426],[11.20354,59.95443],[11.20319,59.95445]]}},{"type":"Feature","properties":{"fade":1.0},"geometry":{"type":"LineString","coordinates":[[11.21105,59.88598],[11.21103,59.88625],[11.2111,59.88637],[11.21153,59.88654],[11.21164,59.88666],[11.21173,59.88695],[11.2117,59.88715],[11.21183,59.88748],[11.21187,59.88771],[11.21218,59.88803],[11.21258,59.88833],[11.2126,59.88849],[11.2125,59.88866],[11.21259,59.88898],[11.2124,59.88932],[11.21241,59.8899],[11.21285,59.89053],[11.21293,59.89058],[11.21325,59.89068],[11.21334,59.89076],[11.21336,59.89086],[11.21332,59.89092],[11.2129,59.89105],[11.2125,59.89137]]}},{"type":"Feature","properties":{"fade":1.0},"geometry":{"type":"LineString","coordinates":[[11.19904,59.99796],[11.19858,59.99777],[11.19834,59.99772]]}},{"type":"Feature","properties":{"fade":1.0},"geometry":{"type":"LineString","coordinates":[[11.21757,59.84693],[11.21796,59.84691],[11.21895,59.8468],[11.21909,59.8468],[11.21921,59.84684]]}},{"type":"Feature","properties":{"fade":1.0},"geometry":{"type":"LineString","coordinates":[[11.20366,59.96913],[11.20386,59.96925],[11.20411,59.96936],[11.20417,59.96936],[11.20452,59.96925]]}},{"type":"Feature","properties":{"fade":1.0},"geometry":{"type":"LineString","coordinates":[[11.20101,59.99235],[11.19974,59.99325],[11.19964,59.99338],[11.19963,59.99347],[11.19965,59.99352],[11.19997,59.99374],[11.20061,59.99394],[11.2007,59.99399],[11.20095,59.99425],[11.20124,59.99475],[11.20148,59.99495],[11.20167,59.99504]]}},{"type":"Feature","properties":{"fade":1.0},"geometry":{"type":"LineString","coordinates":[[11.21722,59.85216],[11.21719,59.85192],[11.21758,59.85173],[11.21774,59.85168],[11.2179,59.85169],[11.21816,59.85182],[11.21828,59.85182]]}},{"type":"Feature","properties":{"fade":1.0},"geometry":{"type":"LineString","coordinates":[[11.20205,59.98646],[11.20217,59.98658],[11.20234,59.98668],[11.20257,59.98662]]}},{"type":"Feature","properties":{"fade":1.0},"geometry":{"type":"LineString","coordinates":[[11.20199,59.98696],[11.20203,59.98693],[11.20203,59.98688],[11.20188,59.98675],[11.20192,59.9866],[11.20205,59.98646]]}},{"type":"Feature","properties":{"fade":1.0},"geometry":{"type":"LineString","coordinates":[[11.20205,59.98646],[11.20219,59.98638],[11.20239,59.98638],[11.20252,59.98645],[11.20257,59.98662]]}},{"type":"Feature","properties":{"fade":1.0},"geometry":{"type":"LineString","coordinates":[[11.20575,59.95591],[11.20581,59.95627],[11.20602,59.95673],[11.20606,59.95706],[11.20623,59.95729],[11.20629,59.95748],[11.20618,59.95764],[11.20574,59.95802],[11.20564,59.95815]]}},{"type":"Feature","properties":{"fade":1.0},"geometry":{"type":"LineString","coordinates":[[11.20257,59.98662],[11.20286,59.98684],[11.20315,59.98696],[11.20333,59.987]]}},{"type":"Feature","properties":{"fade":1.0},"geometry":{"type":"LineString","coordinates":[[11.20167,59.99508],[11.20167,59.99504]]}},{"type":"Feature","properties":{"fade":1.0},"geometry":{"type":"LineString","coordinates":[[11.20167,59.99504],[11.2017,59.99494],[11.20188,59.99476],[11.20262,59.99427],[11.20297,59.99411],[11.20366,59.9937],[11.20393,59.99348],[11.20395,59.99331],[11.20373,59.99265],[11.20377,59.99256],[11.20399,59.99232],[11.20399,59.9919],[11.20365,59.99129],[11.20363,59.9911],[11.20366,59.99092],[11.20364,59.99085],[11.20352,59.99073],[11.20353,59.99067]]}},{"type":"Feature","properties":{"fade":1.0},"geometry":{"type":"LineString","coordinates":[[11.20182,59.99535],[11.20264,59.99519],[11.20281,59.99518]]}},{"type":"Feature","properties":{"fade":1.0},"geometry":{"type":"LineString","coordinates":[[11.20472,60.00178],[11.20349,60.00191],[11.20283,60.00195],[11.2023,60.00206],[11.20126,60.00213]]}},{"type":"Feature","properties":{"fade":1.0},"geometry":{"type":"LineString","coordinates":[[11.21531,59.88506],[11.216,59.88544],[11.21618,59.88591],[11.21615,59.88629],[11.21606,59.88656],[11.216,59.88665],[11.21592,59.8867],[11.21571,59.88673],[11.21539,59.88665],[11.21498,59.88663]]}},{"type":"Feature","properties":{"fade":1.0},"geometry":{"type":"LineString","coordinates":[[11.20281,59.99518],[11.20302,59.99524],[11.20343,59.99543],[11.20357,59.99545],[11.20374,59.99544],[11.20401,59.99534],[11.20422,59.99522],[11.20446,59.99495]]}},{"type":"Feature","properties":{"fade":1.0},"geometry":{"type":"LineString","coordinates":[[11.20281,59.99518],[11.20306,59.99487],[11.20306,59.99483]]}},{"type":"Feature","properties":{"fade":1.0},"geometry":{"type":"LineString","coordinates":[[11.20737,59.9577],[11.20788,59.95809],[11.20822,59.95856],[11.20827,59.95871]]}},{"type":"Feature","properties":{"fade":1.0},"geometry":{"type":"LineString","coordinates":[[11.20835,59.95379],[11.2082,59.954],[11.20806,59.9544],[11.20776,59.95486],[11.2073,59.9551],[11.20717,59.9553],[11.20666,59.95563],[11.20653,59.9558],[11.20669,59.95613],[11.2068,59.95665],[11.20684,59.95734],[11.2069,59.95743],[11.20707,59.95755],[11.20737,59.9577]]}},{"type":"Feature","properties":{"fade":1.0},"geometry":{"type":"LineString","coordinates":[[11.20835,59.95572],[11.20812,59.95604],[11.20821,59.95689],[11.20778,59.95717],[11.20745,59.95732],[11.20738,59.95744],[11.20737,59.9577]]}},{"type":"Feature","properties":{"fade":1.0},"geometry":{"type":"LineString","coordinates":[[11.20827,59.95901],[11.20817,59.95929],[11.20818,59.95943]]}},{"type":"Feature","properties":{"fade":1.0},"geometry":{"type":"LineString","coordinates":[[11.20827,59.95871],[11.20827,59.95901]]}},{"type":"Feature","properties":{"fade":1.0},"geometry":{"type":"LineString","coordinates":[[11.20895,59.95842],[11.20876,59.95856],[11.20849,59.95861],[11.20827,59.95871]]}},{"type":"Feature","properties":{"fade":1.0},"geometry":{"type":"LineString","coordinates":[[11.20827,59.95901],[11.20842,59.95878],[11.20853,59.95871],[11.2087,59.95866]]}},{"type":"Feature","properties":{"fade":1.0},"geometry":{"type":"LineString","coordinates":[[11.20895,59.95842],[11.2088,59.95859],[11.2087,59.95866]]}},{"type":"Feature","properties":{"fade":1.0},"geometry":{"type":"LineString","coordinates":[[11.2087,59.95866],[11.20885,59.95866],[11.20894,59.95869],[11.20918,59.95895]]}},{"type":"Feature","properties":{"fade":1.0},"geometry":{"type":"LineString","coordinates":[[11.20954,59.95732],[11.20937,59.95755],[11.20896,59.95794],[11.20889,59.95805],[11.20887,59.95819],[11.20897,59.95835],[11.20895,59.95842]]}},{"type":"Feature","properties":{"fade":1.0},"geometry":{"type":"LineString","coordinates":[[11.20472,60.00178],[11.20545,60.00203],[11.20637,60.00212]]}},{"type":"Feature","properties":{"fade":1.0},"geometry":{"type":"LineString","coordinates":[[11.20933,59.99858],[11.20919,59.99871],[11.20906,59.99878],[11.2081,59.99905],[11.20748,59.99925],[11.20716,59.99944],[11.2066,59.99971],[11.20608,60.00013],[11.2057,60.00032],[11.20549,60.00049],[11.20528,60.00089],[11.20526,60.00109],[11.20513,60.00152],[11.20501,60.00163],[11.20472,60.00178]]}},{"type":"Feature","properties":{"fade":1.0},"geometry":{"type":"LineString","coordinates":[[11.20986,59.97346],[11.20951,59.97341],[11.2089,59.97342],[11.20842,59.97299],[11.20812,59.97279]]}},{"type":"Feature","properties":{"fade":1.0},"geometry":{"type":"LineString","coordinates":[[11.21191,59.95199],[11.2112,59.95165]]}},{"type":"Feature","properties":{"fade":1.0},"geometry":{"type":"LineString","coordinates":[[11.21198,59.95247],[11.21173,59.9523],[11.2117,59.95225],[11.21176,59.95215],[11.21191,59.95206]]}},{"type":"Feature","properties":{"fade":1.0},"geometry":{"type":"LineString","coordinates":[[11.21222,59.9531],[11.21191,59.95284]]}},{"type":"Feature","properties":{"fade":1.0},"geometry":{"type":"LineString","coordinates":[[11.21198,59.95247],[11.21174,59.95257],[11.2117,59.95261],[11.21175,59.95273],[11.21191,59.95284]]}},{"type":"Feature","properties":{"fade":1.0},"geometry":{"type":"LineString","coordinates":[[11.21198,59.95247],[11.21213,59.95258],[11.21213,59.95262],[11.2121,59.9527],[11.21191,59.95284]]}},{"type":"Feature","properties":{"fade":1.0},"geometry":{"type":"LineString","coordinates":[[11.20637,60.00212],[11.20668,60.0023]]}},{"type":"Feature","properties":{"fade":1.0},"geometry":{"type":"LineString","coordinates":[[11.20637,60.00212],[11.20667,60.00183],[11.20685,60.00159],[11.20694,60.00153],[11.20824,60.00155],[11.20844,60.00159],[11.20872,60.0017],[11.20899,60.00174],[11.20909,60.00179],[11.20921,60.00195],[11.20931,60.002],[11.20993,60.00216],[11.21016,60.00227]]}},{"type":"Feature","properties":{"fade":1.0},"geometry":{"type":"LineString","coordinates":[[11.21201,59.95321],[11.21217,59.9533],[11.21234,59.95335]]}},{"type":"Feature","properties":{"fade":1.0},"geometry":{"type":"LineString","coordinates":[[11.21201,59.95321],[11.21189,59.95338],[11.21196,59.95351],[11.21208,59.9536],[11.21223,59.95364],[11.21262,59.9538],[11.21286,59.95396]]}},{"type":"Feature","properties":{"fade":1.0},"geometry":{"type":"LineString","coordinates":[[11.21201,59.95321],[11.21211,59.95315],[11.21222,59.95313]]}},{"type":"Feature","properties":{"fade":1.0},"geometry":{"type":"LineString","coordinates":[[11.21222,59.9531],[11.2124,59.95316],[11.2125,59.95324]]}},{"type":"Feature","properties":{"fade":1.0},"geometry":{"type":"LineString","coordinates":[[11.21222,59.95313],[11.21222,59.9531]]}},{"type":"Feature","properties":{"fade":1.0},"geometry":{"type":"LineString","coordinates":[[11.21233,59.9533],[11.21222,59.95313]]}},{"type":"Feature","properties":{"fade":1.0},"geometry":{"type":"LineString","coordinates":[[11.21234,59.95335],[11.21233,59.9533]]}},{"type":"Feature","properties":{"fade":1.0},"geometry":{"type":"LineString","coordinates":[[11.21233,59.9533],[11.2125,59.95324]]}},{"type":"Feature","properties":{"fade":1.0},"geometry":{"type":"LineString","coordinates":[[11.21294,59.95395],[11.21281,59.95374],[11.21234,59.95335]]}},{"type":"Feature","properties":{"fade":1.0},"geometry":{"type":"LineString","coordinates":[[11.23006,59.85847],[11.22965,59.85831],[11.22936,59.85823],[11.22917,59.8582],[11.22882,59.85825],[11.22872,59.85823],[11.22842,59.8577],[11.22834,59.85742],[11.22823,59.85735],[11.22776,59.85727],[11.22734,59.85724],[11.22698,59.85717],[11.22655,59.8572],[11.22632,59.85719],[11.22616,59.85717],[11.22586,59.85703],[11.22576,59.85703],[11.22557,59.85712],[11.2254,59.85715],[11.22515,59.85716],[11.22462,59.85712],[11.22406,59.85714],[11.22341,59.85728]]}},{"type":"Feature","properties":{"fade":1.0},"geometry":{"type":"LineString","coordinates":[[11.21329,59.95364],[11.21295,59.95344],[11.2125,59.95324]]}},{"type":"Feature","properties":{"fade":1.0},"geometry":{"type":"LineString","coordinates":[[11.21294,59.95395],[11.21286,59.95396]]}},{"type":"Feature","properties":{"fade":1.0},"geometry":{"type":"LineString","coordinates":[[11.21286,59.95396],[11.21367,59.95447],[11.21407,59.95456]]}},{"type":"Feature","properties":{"fade":1.0},"geometry":{"type":"LineString","coordinates":[[11.21329,59.95364],[11.21318,59.95371],[11.21294,59.95395]]}},{"type":"Feature","properties":{"fade":1.0},"geometry":{"type":"LineString","coordinates":[[11.21365,59.9536],[11.21357,59.9536],[11.21338,59.95364],[11.21329,59.95364]]}},{"type":"Feature","properties":{"fade":1.0},"geometry":{"type":"LineString","coordinates":[[11.21393,59.954],[11.21365,59.9536]]}},{"type":"Feature","properties":{"fade":1.0},"geometry":{"type":"LineString","coordinates":[[11.21365,59.9536],[11.21372,59.95358],[11.214,59.95354],[11.21441,59.95343]]}},{"type":"Feature","properties":{"fade":1.0},"geometry":{"type":"LineString","coordinates":[[11.21344,59.95544],[11.21327,59.95527],[11.21326,59.95521],[11.21341,59.95494],[11.21357,59.95475],[11.21366,59.95469],[11.21407,59.95456]]}},{"type":"Feature","properties":{"fade":1.0},"geometry":{"type":"LineString","coordinates":[[11.21393,59.954],[11.21425,59.95454]]}},{"type":"Feature","properties":{"fade":1.0},"geometry":{"type":"LineString","coordinates":[[11.21393,59.954],[11.2141,59.95396],[11.2143,59.95395],[11.21464,59.95383],[11.21461,59.95358],[11.21441,59.95343]]}},{"type":"Feature","properties":{"fade":1.0},"geometry":{"type":"LineString","coordinates":[[11.21407,59.95456],[11.21425,59.95454]]}},{"type":"Feature","properties":{"fade":1.0},"geometry":{"type":"LineString","coordinates":[[11.21425,59.95454],[11.21445,59.95453],[11.21484,59.95445],[11.21491,59.95447]]}},{"type":"Feature","properties":{"fade":1.0},"geometry":{"type":"LineString","coordinates":[[11.21441,59.95343],[11.21474,59.95324],[11.21495,59.95329],[11.21503,59.95336],[11.21497,59.95357],[11.21505,59.95369],[11.21505,59.95383]]}},{"type":"Feature","properties":{"fade":1.0},"geometry":{"type":"LineString","coordinates":[[11.25268,59.6962],[11.25246,59.69613],[11.2512,59.696],[11.25033,59.6958],[11.25002,59.69575],[11.24968,59.69575],[11.24894,59.69584],[11.24754,59.69575],[11.24618,59.69571],[11.24492,59.69576],[11.24467,59.6958],[11.24409,59.6961],[11.24363,59.69629],[11.2435,59.69639]]}},{"type":"Feature","properties":{"fade":1.0},"geometry":{"type":"LineString","coordinates":[[11.24555,59.68112],[11.24576,59.68075],[11.24596,59.6805],[11.24639,59.68036],[11.24649,59.68029],[11.24676,59.67944],[11.24667,59.67901],[11.24674,59.67892],[11.24689,59.67887]]}},{"type":"Feature","properties":{"fade":1.0},"geometry":{"type":"LineString","coordinates":[[11.21491,59.95447],[11.21489,59.95455],[11.21499,59.95478],[11.21505,59.95511]]}},{"type":"Feature","properties":{"fade":1.0},"geometry":{"type":"LineString","coordinates":[[11.21502,59.95443],[11.21491,59.95447]]}},{"type":"Feature","properties":{"fade":1.0},"geometry":{"type":"LineString","coordinates":[[11.22473,59.88323],[11.22463,59.88307],[11.22427,59.8828],[11.22412,59.88251],[11.22396,59.88232],[11.22357,59.88219],[11.22326,59.88234]]}},{"type":"Feature","properties":{"fade":1.0},"geometry":{"type":"LineString","coordinates":[[11.21679,59.9529],[11.21661,59.95301],[11.21592,59.95322],[11.21565,59.95328],[11.21544,59.95329]]}},{"type":"Feature","properties":{"fade":1.0},"geometry":{"type":"LineString","coordinates":[[11.25049,59.64324],[11.25084,59.64314],[11.25116,59.64293],[11.25156,59.64279],[11.25166,59.6427],[11.25173,59.64256],[11.25195,59.64239],[11.25275,59.64206],[11.25326,59.64202],[11.25389,59.64204],[11.25413,59.64203],[11.25483,59.6421],[11.25523,59.64209],[11.25552,59.64205],[11.25619,59.64184]]}},{"type":"Feature","properties":{"fade":1.0},"geometry":{"type":"LineString","coordinates":[[11.24542,59.69901],[11.24511,59.69895],[11.24479,59.69886],[11.24456,59.69874],[11.24443,59.69861]]}},{"type":"Feature","properties":{"fade":1.0},"geometry":{"type":"LineString","coordinates":[[11.22688,59.87976],[11.22571,59.87944],[11.22524,59.87936],[11.22448,59.87931],[11.22438,59.87928],[11.22414,59.8791]]}},{"type":"Feature","properties":{"fade":1.0},"geometry":{"type":"LineString","coordinates":[[11.24689,59.67887],[11.247,59.67888],[11.24712,59.67893],[11.24758,59.67924],[11.24882,59.67981],[11.24884,59.67989],[11.24864,59.68024],[11.24865,59.68032],[11.24874,59.68052],[11.24874,59.68065],[11.24868,59.68077],[11.24845,59.68104],[11.24842,59.68121],[11.24845,59.68134],[11.24859,59.68154],[11.24886,59.68171],[11.24905,59.68187],[11.24909,59.682],[11.24907,59.68217],[11.24914,59.68225],[11.24974,59.6826],[11.25033,59.68277],[11.25048,59.68293]]}},{"type":"Feature","properties":{"fade":1.0},"geometry":{"type":"LineString","coordinates":[[11.24689,59.67887],[11.24678,59.67871],[11.2468,59.67858],[11.24694,59.67845],[11.24721,59.67833]]}},{"type":"Feature","properties":{"fade":1.0},"geometry":{"type":"LineString","coordinates":[[11.25025,59.70325],[11.25029,59.70288],[11.25021,59.70284],[11.25005,59.70281],[11.24914,59.70271],[11.24892,59.70265],[11.24877,59.70254],[11.24864,59.70232],[11.24826,59.70202],[11.24779,59.70155],[11.24757,59.70132],[11.24749,59.70104],[11.24736,59.70083],[11.24728,59.70054],[11.24711,59.70033],[11.24717,59.7001],[11.24701,59.69996],[11.24662,59.6998],[11.24642,59.69975],[11.24625,59.69976],[11.24582,59.69988],[11.24566,59.69991],[11.24537,59.69993],[11.24462,59.69989],[11.24454,59.69995]]}},{"type":"Feature","properties":{"fade":1.0},"geometry":{"type":"LineString","coordinates":[[11.24542,59.69901],[11.24536,59.69902],[11.2452,59.69916],[11.24514,59.69924],[11.24511,59.69938],[11.24503,59.69944],[11.24496,59.69945],[11.24489,59.69943],[11.24471,59.69925]]}},{"type":"Feature","properties":{"fade":1.0},"geometry":{"type":"LineString","coordinates":[[11.24584,59.68942],[11.2459,59.68933],[11.24596,59.6893],[11.24625,59.68925],[11.24692,59.68904],[11.24697,59.68906],[11.24702,59.68913],[11.24715,59.68943],[11.24725,59.68951],[11.24739,59.68953],[11.24753,59.68951],[11.24791,59.68929],[11.24815,59.68922],[11.24838,59.68919],[11.2491,59.68918],[11.25001,59.68928],[11.25181,59.68942],[11.25342,59.68956]]}},{"type":"Feature","properties":{"fade":1.0},"geometry":{"type":"LineString","coordinates":[[11.25604,59.69064],[11.2556,59.69087],[11.25548,59.69088],[11.255,59.69083],[11.25457,59.69075],[11.25431,59.6905],[11.25405,59.69038],[11.25387,59.69036],[11.25307,59.69044],[11.25286,59.69049],[11.25256,59.69071],[11.25243,59.69074],[11.25166,59.69069],[11.25139,59.69096],[11.25122,59.69107],[11.25114,59.69107],[11.25094,59.69098],[11.25083,59.69098],[11.2497,59.6914],[11.24914,59.69152],[11.24869,59.69165],[11.24804,59.69192],[11.2479,59.69193],[11.24761,59.69186],[11.24742,59.69186],[11.24716,59.69193],[11.24689,59.69207],[11.24685,59.69252],[11.24663,59.69266],[11.24647,59.69268],[11.24607,59.69266],[11.24588,59.69251]]}},{"type":"Feature","properties":{"fade":1.0},"geometry":{"type":"LineString","coordinates":[[11.25209,59.69989],[11.252,59.69982],[11.25154,59.69968],[11.25132,59.69951],[11.25119,59.69947],[11.24937,59.69922],[11.24918,59.6992],[11.24879,59.69923],[11.24816,59.69937],[11.2477,59.69941],[11.24703,59.6993],[11.2459,59.69924],[11.2455,59.69902],[11.24542,59.69901]]}},{"type":"Feature","properties":{"fade":1.0},"geometry":{"type":"LineString","coordinates":[[11.24487,59.70768],[11.24482,59.70709],[11.24466,59.70677],[11.24435,59.70644],[11.24434,59.7064],[11.24459,59.70621],[11.24469,59.70589],[11.24467,59.70578],[11.24485,59.70554],[11.24497,59.70551],[11.24549,59.70547],[11.24598,59.70531],[11.2464,59.70524],[11.24668,59.70525],[11.24699,59.70532],[11.24729,59.70536],[11.24767,59.70536],[11.2479,59.70534]]}},{"type":"Feature","properties":{"fade":1.0},"geometry":{"type":"LineString","coordinates":[[11.22943,59.84754],[11.22967,59.84767],[11.22975,59.84779],[11.22979,59.84791],[11.22968,59.84815]]}},{"type":"Feature","properties":{"fade":1.0},"geometry":{"type":"LineString","coordinates":[[11.21141,60.00778],[11.21185,60.00729]]}},{"type":"Feature","properties":{"fade":1.0},"geometry":{"type":"LineString","coordinates":[[11.2155,59.97684],[11.21601,59.97698],[11.21622,59.97715],[11.21635,59.97722],[11.21755,59.97741],[11.21787,59.97742],[11.21889,59.97733],[11.2205,59.97724]]}},{"type":"Feature","properties":{"fade":1.0},"geometry":{"type":"LineString","coordinates":[[11.22395,59.95018],[11.22342,59.95017],[11.22271,59.95045],[11.22196,59.95048],[11.22075,59.95094],[11.22036,59.95106],[11.22004,59.95113],[11.2198,59.95116],[11.21911,59.95116]]}},{"type":"Feature","properties":{"fade":1.0},"geometry":{"type":"LineString","coordinates":[[11.24713,59.70813],[11.2473,59.70797],[11.24776,59.70724],[11.24749,59.70651],[11.24715,59.7061],[11.2468,59.70584],[11.2467,59.70562],[11.24675,59.70556],[11.24686,59.70552],[11.24756,59.70543],[11.2479,59.70534]]}},{"type":"Feature","properties":{"fade":1.0},"geometry":{"type":"LineString","coordinates":[[11.2479,59.70534],[11.24814,59.70526],[11.24842,59.70509],[11.24858,59.70492],[11.249,59.70465],[11.24966,59.70409],[11.24975,59.70406],[11.2506,59.70398],[11.25088,59.70398]]}},{"type":"Feature","properties":{"fade":1.0},"geometry":{"type":"LineString","coordinates":[[11.23021,59.8644],[11.23263,59.86515],[11.23289,59.86525],[11.23326,59.86544],[11.23352,59.86538],[11.23361,59.86539],[11.23407,59.86573],[11.23425,59.86591],[11.23502,59.86639],[11.23541,59.86667],[11.23548,59.86677],[11.23537,59.86693],[11.23536,59.867],[11.2349,59.86698],[11.23392,59.86686],[11.23276,59.86686]]}},{"type":"Feature","properties":{"fade":1.0},"geometry":{"type":"LineString","coordinates":[[11.25068,59.71009],[11.24996,59.71033],[11.24937,59.71038],[11.24875,59.71055],[11.24836,59.7108],[11.24767,59.71134],[11.24735,59.71149],[11.24656,59.7118],[11.2465,59.71193],[11.24668,59.71224],[11.2471,59.71241],[11.24738,59.71256],[11.24747,59.71268],[11.24748,59.71291],[11.24784,59.71301]]}},{"type":"Feature","properties":{"fade":1.0},"geometry":{"type":"LineString","coordinates":[[11.21792,59.99897],[11.21743,59.99852],[11.21706,59.99826],[11.21674,59.99794],[11.21615,59.99746],[11.21585,59.99691]]}},{"type":"Feature","properties":{"fade":1.0},"geometry":{"type":"LineString","coordinates":[[11.23306,59.85264],[11.23332,59.85294],[11.23364,59.8532],[11.23375,59.85325],[11.23392,59.85327],[11.23401,59.85325],[11.23408,59.85315],[11.23407,59.85308],[11.23398,59.85297]]}},{"type":"Feature","properties":{"fade":1.0},"geometry":{"type":"LineString","coordinates":[[11.25784,59.63315],[11.25769,59.6333],[11.25776,59.63339],[11.25894,59.63372],[11.25948,59.63392],[11.25947,59.63431],[11.25923,59.63452],[11.25866,59.63475],[11.25791,59.63487],[11.25715,59.63487],[11.25694,59.63491],[11.25653,59.63504],[11.2565,59.63519],[11.2566,59.63541],[11.2569,59.63558],[11.25708,59.63578],[11.25713,59.63592],[11.25705,59.63655],[11.25708,59.63662],[11.2573,59.63689],[11.25755,59.63709],[11.25771,59.63731],[11.25797,59.63755],[11.2582,59.63793],[11.25843,59.63807],[11.25929,59.63812],[11.25938,59.63815],[11.25943,59.63822],[11.25941,59.63836],[11.25912,59.63892],[11.25909,59.63909],[11.25916,59.63922],[11.25943,59.63938],[11.25975,59.63972],[11.2597,59.63982],[11.25954,59.63993],[11.25801,59.64049],[11.25792,59.64054],[11.25789,59.64061],[11.25793,59.64081],[11.25823,59.64116],[11.25841,59.64125],[11.25863,59.64131],[11.25894,59.64135],[11.26013,59.64139],[11.26032,59.64142],[11.26081,59.64159],[11.26088,59.64165],[11.26115,59.64234],[11.26116,59.6426],[11.26133,59.64288],[11.26142,59.64312],[11.26152,59.64324],[11.26177,59.64344],[11.26303,59.64411],[11.26334,59.64434],[11.26344,59.64463],[11.26347,59.64491],[11.26341,59.64541],[11.26348,59.64559],[11.26358,59.64567],[11.26364,59.64581],[11.26368,59.64613],[11.26376,59.6463],[11.26386,59.64698],[11.26373,59.64744],[11.26377,59.64804],[11.2639,59.64841],[11.26385,59.64855],[11.26362,59.6487]]}},{"type":"Feature","properties":{"fade":1.0},"geometry":{"type":"LineString","coordinates":[[11.25784,59.63315],[11.25857,59.63278],[11.25876,59.63273],[11.25888,59.63266],[11.25891,59.63259],[11.25889,59.63242],[11.25864,59.63212],[11.2586,59.63203],[11.25872,59.63184]]}},{"type":"Feature","properties":{"fade":1.0},"geometry":{"type":"LineString","coordinates":[[11.2331,59.85739],[11.23298,59.85739]]}},{"type":"Feature","properties":{"fade":1.0},"geometry":{"type":"LineString","coordinates":[[11.23307,59.85737],[11.23304,59.85737]]}},{"type":"Feature","properties":{"fade":1.0},"geometry":{"type":"LineString","coordinates":[[11.23307,59.85737],[11.2331,59.85739]]}},{"type":"Feature","properties":{"fade":1.0},"geometry":{"type":"LineString","coordinates":[[11.23398,59.8568],[11.23321,59.85721],[11.23307,59.85737]]}},{"type":"Feature","properties":{"fade":1.0},"geometry":{"type":"LineString","coordinates":[[11.23806,59.85744],[11.23794,59.8574],[11.23774,59.8573],[11.23755,59.85726],[11.23551,59.8575],[11.2339,59.85753],[11.2337,59.85752],[11.2331,59.85739]]}},{"type":"Feature","properties":{"fade":1.0},"geometry":{"type":"LineString","coordinates":[[11.2205,59.97724],[11.22051,59.97737],[11.22067,59.97781],[11.22083,59.97808]]}},{"type":"Feature","properties":{"fade":1.0},"geometry":{"type":"LineString","coordinates":[[11.2205,59.97724],[11.2214,59.97717],[11.22218,59.97708],[11.22349,59.97688],[11.22398,59.97676],[11.22531,59.9763],[11.22586,59.97621]]}},{"type":"Feature","properties":{"fade":1.0},"geometry":{"type":"LineString","coordinates":[[11.22078,59.97859],[11.22132,59.97879],[11.22234,59.97941],[11.22252,59.97945],[11.22264,59.97944],[11.22317,59.97933],[11.22342,59.97931],[11.22367,59.97931],[11.22393,59.97934],[11.22412,59.9794],[11.2245,59.97959],[11.2253,59.98007],[11.22586,59.98029],[11.22603,59.98033],[11.22693,59.98029],[11.22716,59.98024],[11.22739,59.98013],[11.22762,59.97987],[11.22783,59.97971]]}},{"type":"Feature","properties":{"fade":1.0},"geometry":{"type":"LineString","coordinates":[[11.2388,59.8205],[11.23919,59.82056],[11.2393,59.82055],[11.23971,59.82024],[11.24006,59.81988]]}},{"type":"Feature","properties":{"fade":1.0},"geometry":{"type":"LineString","coordinates":[[11.24472,59.77014],[11.24497,59.77025],[11.24505,59.77031],[11.24502,59.77071],[11.24494,59.7708]]}},{"type":"Feature","properties":{"fade":1.0},"geometry":{"type":"LineString","coordinates":[[11.21858,60.00141],[11.2176,60.00143],[11.21743,60.00147],[11.21712,60.00172],[11.21701,60.00194],[11.21701,60.00209],[11.21705,60.00215],[11.21725,60.00229],[11.21764,60.00238],[11.21798,60.0025],[11.21834,60.00252],[11.21844,60.00223],[11.2186,60.00216],[11.21887,60.00211]]}},{"type":"Feature","properties":{"fade":1.0},"geometry":{"type":"LineString","coordinates":[[11.25921,59.7237],[11.25897,59.72366],[11.25796,59.7236],[11.25682,59.72362],[11.25632,59.7236],[11.25343,59.72434],[11.25208,59.72439],[11.25173,59.72446]]}},{"type":"Feature","properties":{"fade":1.0},"geometry":{"type":"LineString","coordinates":[[11.26475,59.68042],[11.26469,59.68047],[11.26468,59.68052],[11.26476,59.6809],[11.2647,59.68102],[11.2646,59.68107],[11.26408,59.68108],[11.2613,59.681],[11.26116,59.68096],[11.26067,59.68074],[11.25975,59.68044],[11.25924,59.68034],[11.25864,59.68017],[11.2582,59.6801],[11.25793,59.68],[11.25787,59.6799],[11.25787,59.67975],[11.25767,59.67958],[11.25745,59.67947],[11.25692,59.67929]]}},{"type":"Feature","properties":{"fade":1.0},"geometry":{"type":"LineString","coordinates":[[11.26053,59.64987],[11.26097,59.64975],[11.26157,59.64954],[11.2618,59.64943],[11.2619,59.64934],[11.26217,59.6492],[11.2631,59.64905],[11.26361,59.64894],[11.26373,59.64887],[11.26377,59.6488],[11.26374,59.64874],[11.26362,59.6487]]}},{"type":"Feature","properties":{"fade":1.0},"geometry":{"type":"LineString","coordinates":[[11.25463,59.70403],[11.2547,59.70419],[11.2549,59.70438]]}},{"type":"Feature","properties":{"fade":1.0},"geometry":{"type":"LineString","coordinates":[[11.22204,59.99275],[11.22207,59.99323],[11.22215,59.99363]]}},{"type":"Feature","properties":{"fade":1.0},"geometry":{"type":"LineString","coordinates":[[11.24115,59.83161],[11.241,59.8314],[11.24099,59.83128],[11.24106,59.83112],[11.24093,59.83091],[11.24095,59.83076],[11.24065,59.83032]]}},{"type":"Feature","properties":{"fade":1.0},"geometry":{"type":"LineString","coordinates":[[11.22259,59.99443],[11.22235,59.99467],[11.2221,59.99502]]}},{"type":"Feature","properties":{"fade":1.0},"geometry":{"type":"LineString","coordinates":[[11.22595,59.9716],[11.22569,59.9713],[11.22541,59.97105],[11.22508,59.97088],[11.22498,59.97079]]}},{"type":"Feature","properties":{"fade":1.0},"geometry":{"type":"LineString","coordinates":[[11.24195,59.86743],[11.24156,59.86735],[11.24022,59.86719],[11.2373,59.86713],[11.2369,59.86709],[11.2362,59.86683],[11.23596,59.86663],[11.23594,59.86656],[11.23617,59.86631],[11.23651,59.86614],[11.237,59.866]]}},{"type":"Feature","properties":{"fade":1.0},"geometry":{"type":"LineString","coordinates":[[11.22319,59.99423],[11.22301,59.99426],[11.22281,59.99436],[11.22265,59.99466]]}},{"type":"Feature","properties":{"fade":1.0},"geometry":{"type":"LineString","coordinates":[[11.26946,59.71015],[11.26848,59.71045],[11.26715,59.71076],[11.26665,59.71092],[11.26609,59.71102],[11.26558,59.71106],[11.26477,59.71096],[11.26457,59.71099],[11.26414,59.71111],[11.26358,59.71108],[11.26293,59.71114],[11.26142,59.71118],[11.26108,59.71126],[11.26043,59.71146],[11.25991,59.7115],[11.25897,59.71165],[11.25807,59.71171],[11.25693,59.7116],[11.25679,59.71161],[11.25631,59.71175],[11.25609,59.71178],[11.25531,59.71183],[11.2548,59.71182],[11.25462,59.71186]]}},{"type":"Feature","properties":{"fade":1.0},"geometry":{"type":"LineString","coordinates":[[11.26102,59.6553],[11.26122,59.65507],[11.26132,59.655],[11.26135,59.65501],[11.26141,59.65504],[11.26152,59.65524],[11.26162,59.65553],[11.26217,59.65579],[11.26226,59.65597],[11.26236,59.65604],[11.26278,59.65614],[11.26334,59.6562],[11.26386,59.65629],[11.26409,59.65632],[11.26415,59.65631],[11.2645,59.65611],[11.26596,59.65563],[11.26686,59.65519],[11.26707,59.65506],[11.26757,59.65459],[11.26779,59.65412],[11.2694,59.65288],[11.26986,59.65249]]}},{"type":"Feature","properties":{"fade":1.0},"geometry":{"type":"LineString","coordinates":[[11.22501,59.97646],[11.22431,59.97673],[11.22423,59.97681],[11.22462,59.9774],[11.2247,59.97765]]}},{"type":"Feature","properties":{"fade":1.0},"geometry":{"type":"LineString","coordinates":[[11.26221,59.67923],[11.26129,59.67902],[11.26048,59.67894],[11.26026,59.6789],[11.25982,59.67877],[11.25875,59.67859]]}},{"type":"Feature","properties":{"fade":1.0},"geometry":{"type":"LineString","coordinates":[[11.26242,59.6479],[11.26234,59.64794],[11.26239,59.64811],[11.26243,59.64871],[11.2625,59.64878],[11.26264,59.64883],[11.26297,59.64884],[11.26362,59.6487]]}},{"type":"Feature","properties":{"fade":1.0},"geometry":{"type":"LineString","coordinates":[[11.25717,59.70433],[11.25748,59.70473],[11.25793,59.70492],[11.25832,59.70505],[11.25859,59.70518],[11.25872,59.70526],[11.25881,59.7054]]}},{"type":"Feature","properties":{"fade":1.0},"geometry":{"type":"LineString","coordinates":[[11.24464,59.81822],[11.24474,59.8183],[11.24504,59.81838],[11.24587,59.81847],[11.24679,59.81867],[11.24758,59.81873],[11.24784,59.81878],[11.24843,59.81897],[11.24857,59.81898],[11.24887,59.81893],[11.2491,59.81882],[11.24914,59.81874],[11.24909,59.81868],[11.24899,59.81863],[11.24885,59.81861]]}},{"type":"Feature","properties":{"fade":1.0},"geometry":{"type":"LineString","coordinates":[[11.25268,59.76085],[11.25249,59.76097],[11.25218,59.76125],[11.25177,59.76132],[11.25129,59.76135]]}},{"type":"Feature","properties":{"fade":1.0},"geometry":{"type":"LineString","coordinates":[[11.25268,59.76085],[11.25255,59.76079],[11.25225,59.76045],[11.25209,59.76036],[11.25167,59.76019]]}},{"type":"Feature","properties":{"fade":1.0},"geometry":{"type":"LineString","coordinates":[[11.24954,59.77924],[11.25032,59.77923],[11.25069,59.77914],[11.25098,59.77903]]}},{"type":"Feature","properties":{"fade":1.0},"geometry":{"type":"LineString","coordinates":[[11.26318,59.68858],[11.26286,59.68864],[11.26192,59.68888],[11.2618,59.68897],[11.26178,59.68911],[11.26183,59.68929],[11.26214,59.68972],[11.26211,59.68983],[11.26197,59.69],[11.26172,59.69021],[11.26105,59.69043],[11.26072,59.69059],[11.26045,59.69077],[11.26021,59.69082],[11.25998,59.69093],[11.25964,59.69095],[11.25945,59.69103]]}},{"type":"Feature","properties":{"fade":1.0},"geometry":{"type":"LineString","coordinates":[[11.26456,59.64609],[11.26441,59.64579],[11.26438,59.64565],[11.26463,59.64513],[11.2647,59.64467],[11.26447,59.64411],[11.26399,59.64338],[11.26396,59.64317],[11.264,59.64299],[11.26408,59.64291],[11.26419,59.64286],[11.26486,59.64266],[11.26528,59.64245],[11.2654,59.64236],[11.26543,59.64227],[11.26539,59.64221],[11.26509,59.64194],[11.26501,59.64182],[11.26498,59.64147],[11.26506,59.64129],[11.26532,59.64114],[11.26604,59.64096],[11.26658,59.64071]]}},{"type":"Feature","properties":{"fade":1.0},"geometry":{"type":"LineString","coordinates":[[11.25663,59.76092],[11.25333,59.76056],[11.25315,59.7606],[11.25268,59.76085]]}},{"type":"Feature","properties":{"fade":1.0},"geometry":{"type":"LineString","coordinates":[[11.26776,59.67503],[11.26793,59.67483],[11.26798,59.67467],[11.26784,59.67441],[11.26767,59.67431],[11.26518,59.67364],[11.26296,59.67295],[11.26259,59.6729]]}},{"type":"Feature","properties":{"fade":1.0},"geometry":{"type":"LineString","coordinates":[[11.2701,59.65062],[11.26997,59.65056],[11.26963,59.65046],[11.26904,59.65035],[11.26836,59.65026],[11.26769,59.64993],[11.26747,59.64985],[11.26698,59.64982],[11.26591,59.64981],[11.26528,59.64989],[11.2652,59.64986],[11.26518,59.64981],[11.26527,59.64972]]}},{"type":"Feature","properties":{"fade":1.0},"geometry":{"type":"LineString","coordinates":[[11.26487,59.6573],[11.26486,59.65727],[11.26493,59.65722],[11.26532,59.65713],[11.26573,59.65717],[11.26603,59.65716],[11.26621,59.65713],[11.26659,59.657],[11.26706,59.65694],[11.26718,59.65695],[11.26795,59.65715],[11.26824,59.65732]]}},{"type":"Feature","properties":{"fade":1.0},"geometry":{"type":"LineString","coordinates":[[11.25962,59.70804],[11.25972,59.70842],[11.25962,59.70858],[11.259,59.70918],[11.25894,59.70947],[11.25909,59.70956],[11.25912,59.70961],[11.25882,59.70986],[11.2588,59.70993],[11.25919,59.71032],[11.25928,59.71056]]}},{"type":"Feature","properties":{"fade":1.0},"geometry":{"type":"LineString","coordinates":[[11.24407,59.84775],[11.24471,59.84764],[11.24476,59.8476],[11.24474,59.8475]]}},{"type":"Feature","properties":{"fade":1.0},"geometry":{"type":"LineString","coordinates":[[11.25088,59.78886],[11.25083,59.78879],[11.2508,59.78853],[11.25083,59.78835]]}},{"type":"Feature","properties":{"fade":1.0},"geometry":{"type":"LineString","coordinates":[[11.2446,59.84427],[11.24404,59.84411],[11.24393,59.84406],[11.24391,59.84395],[11.24397,59.8438],[11.24417,59.84358],[11.24456,59.84339],[11.2449,59.84334]]}},{"type":"Feature","properties":{"fade":1.0},"geometry":{"type":"LineString","coordinates":[[11.2551,59.76987],[11.25497,59.76991],[11.25482,59.7699],[11.25416,59.76961],[11.25393,59.76957],[11.25378,59.7695],[11.25375,59.76946],[11.25377,59.76939],[11.25404,59.76908],[11.25404,59.76902],[11.254,59.76896],[11.2539,59.76894],[11.25338,59.769],[11.25326,59.76895],[11.25317,59.76887]]}},{"type":"Feature","properties":{"fade":1.0},"geometry":{"type":"LineString","coordinates":[[11.25317,59.76887],[11.25308,59.76876],[11.25302,59.76855],[11.25302,59.76834],[11.2531,59.76819],[11.25309,59.76808],[11.25288,59.76779],[11.25267,59.76728],[11.25267,59.76705],[11.25276,59.76688],[11.25295,59.76683],[11.25428,59.76678],[11.25477,59.76665],[11.25523,59.76648],[11.25554,59.76634],[11.2561,59.76589],[11.25681,59.76549]]}},{"type":"Feature","properties":{"fade":1.0},"geometry":{"type":"LineString","coordinates":[[11.25317,59.76887],[11.25325,59.76862]]}},{"type":"Feature","properties":{"fade":1.0},"geometry":{"type":"LineString","coordinates":[[11.24263,59.86717],[11.24297,59.86728],[11.24387,59.86748],[11.24429,59.86754]]}},{"type":"Feature","properties":{"fade":1.0},"geometry":{"type":"LineString","coordinates":[[11.22835,59.99388],[11.22846,59.9938],[11.22865,59.99371],[11.22993,59.99341],[11.23019,59.99332],[11.23088,59.99295],[11.23111,59.9929],[11.23171,59.99287],[11.23229,59.99293],[11.23296,59.99296],[11.23365,59.99295],[11.23459,59.99283],[11.23613,59.99285],[11.23628,59.99286],[11.23638,59.9929],[11.23647,59.993]]}},{"type":"Feature","properties":{"fade":1.0},"geometry":{"type":"LineString","coordinates":[[11.25424,59.78269],[11.25392,59.78264],[11.25369,59.78259],[11.25307,59.78225],[11.2525,59.78203]]}},{"type":"Feature","properties":{"fade":1.0},"geometry":{"type":"LineString","coordinates":[[11.26443,59.67802],[11.26464,59.67767],[11.26491,59.67701],[11.26507,59.67693]]}},{"type":"Feature","properties":{"fade":1.0},"geometry":{"type":"LineString","coordinates":[[11.26614,59.67624],[11.26588,59.67624],[11.26543,59.67636],[11.26524,59.67645],[11.265,59.67664],[11.26491,59.67668]]}},{"type":"Feature","properties":{"fade":1.0},"geometry":{"type":"LineString","coordinates":[[11.25357,59.77906],[11.25385,59.77909],[11.25409,59.77909],[11.25529,59.77895],[11.25554,59.77899],[11.25568,59.77905],[11.25578,59.77913],[11.25582,59.77925],[11.25572,59.77952],[11.2557,59.77985],[11.25565,59.77999],[11.25555,59.78006],[11.25496,59.78013],[11.25463,59.78021],[11.25451,59.7803],[11.25438,59.78048]]}},{"type":"Feature","properties":{"fade":1.0},"geometry":{"type":"LineString","coordinates":[[11.25077,59.80424],[11.251,59.80466],[11.25116,59.80505],[11.25121,59.80546],[11.25136,59.80582]]}},{"type":"Feature","properties":{"fade":1.0},"geometry":{"type":"LineString","coordinates":[[11.24823,59.84162],[11.24815,59.84187],[11.24784,59.84209],[11.24757,59.84244],[11.24697,59.84295],[11.24683,59.84341],[11.24686,59.84361]]}},{"type":"Feature","properties":{"fade":1.0},"geometry":{"type":"LineString","coordinates":[[11.25416,59.78232],[11.25423,59.78228],[11.25445,59.78225],[11.25463,59.78229],[11.25493,59.78231],[11.2554,59.78227],[11.25645,59.78229],[11.25773,59.78224]]}},{"type":"Feature","properties":{"fade":1.0},"geometry":{"type":"LineString","coordinates":[[11.26824,59.65732],[11.26892,59.65758],[11.26944,59.65767],[11.27028,59.65787],[11.27065,59.65789],[11.27151,59.65818]]}},{"type":"Feature","properties":{"fade":1.0},"geometry":{"type":"LineString","coordinates":[[11.26824,59.65732],[11.26854,59.65712],[11.26857,59.65705],[11.26854,59.65688],[11.26839,59.65676],[11.26812,59.65645],[11.26811,59.65636],[11.26819,59.65622],[11.26847,59.65613],[11.26931,59.65599],[11.26961,59.65598]]}},{"type":"Feature","properties":{"fade":1.0},"geometry":{"type":"LineString","coordinates":[[11.26766,59.66574],[11.26756,59.66556],[11.26759,59.66533],[11.26754,59.66526]]}},{"type":"Feature","properties":{"fade":1.0},"geometry":{"type":"LineString","coordinates":[[11.27469,59.64113],[11.27457,59.64102],[11.27406,59.64089],[11.27388,59.64086],[11.2735,59.6406],[11.27328,59.64053],[11.27289,59.64047],[11.27244,59.64017],[11.27149,59.64008],[11.27099,59.63985],[11.27065,59.63975]]}},{"type":"Feature","properties":{"fade":1.0},"geometry":{"type":"LineString","coordinates":[[11.25183,59.80896],[11.25193,59.80895],[11.2521,59.8089],[11.25271,59.80903],[11.25363,59.80913],[11.2541,59.80925],[11.25456,59.8097],[11.25543,59.81019],[11.25574,59.81058],[11.25612,59.81086],[11.25617,59.81096],[11.25617,59.81124],[11.25623,59.81137],[11.25647,59.81167],[11.2566,59.81198],[11.25685,59.81223],[11.257,59.8123],[11.25734,59.81235],[11.25784,59.81229],[11.25848,59.81237],[11.25925,59.81243],[11.25984,59.81243],[11.26061,59.81252],[11.26137,59.81258],[11.26191,59.81269],[11.26248,59.81289],[11.26297,59.81298],[11.26339,59.81303],[11.26436,59.81299],[11.26443,59.81301],[11.26467,59.81311],[11.2647,59.8133],[11.26461,59.81347],[11.26467,59.8135],[11.26525,59.81341],[11.26538,59.81342],[11.26543,59.81351],[11.26557,59.81355],[11.26599,59.81353],[11.2663,59.81347],[11.26638,59.81349],[11.26651,59.8136],[11.26642,59.81401],[11.26646,59.81408],[11.26659,59.81418],[11.2671,59.81432],[11.26741,59.81443],[11.26786,59.81452],[11.26811,59.81466],[11.26831,59.81489],[11.26843,59.81495],[11.26927,59.81502],[11.26943,59.81509],[11.26952,59.81516],[11.26972,59.81555],[11.26994,59.81574],[11.26996,59.81581],[11.26994,59.81592],[11.26961,59.8164],[11.26962,59.81688],[11.26952,59.81739],[11.2696,59.81747],[11.26974,59.81751],[11.27011,59.81752]]}},{"type":"Feature","properties":{"fade":1.0},"geometry":{"type":"LineString","coordinates":[[11.25605,59.77701],[11.25614,59.77712],[11.25687,59.77773],[11.25693,59.77789],[11.257,59.77836],[11.25734,59.77861],[11.25754,59.77869],[11.25761,59.77877],[11.25785,59.77885],[11.25796,59.77892],[11.25796,59.77897],[11.25781,59.77911],[11.2578,59.77918],[11.25752,59.77948],[11.2575,59.77962],[11.25754,59.77976],[11.2578,59.78002],[11.25788,59.78019],[11.25815,59.78035],[11.25841,59.78059],[11.2584,59.78063]]}},{"type":"Feature","properties":{"fade":1.0},"geometry":{"type":"LineString","coordinates":[[11.26909,59.66217],[11.2694,59.66223],[11.27007,59.66224],[11.27028,59.66227],[11.27054,59.66239],[11.27129,59.6626],[11.2725,59.66261]]}},{"type":"Feature","properties":{"fade":1.0},"geometry":{"type":"LineString","coordinates":[[11.25792,59.7637],[11.25901,59.76364],[11.2591,59.76368],[11.25918,59.7639],[11.25926,59.76393],[11.26013,59.76381]]}},{"type":"Feature","properties":{"fade":1.0},"geometry":{"type":"LineString","coordinates":[[11.24944,59.84002],[11.24961,59.8399],[11.25012,59.8393]]}},{"type":"Feature","properties":{"fade":1.0},"geometry":{"type":"LineString","coordinates":[[11.25801,59.76575],[11.25808,59.76544],[11.25808,59.76496],[11.25807,59.76471],[11.25799,59.76445]]}},{"type":"Feature","properties":{"fade":1.0},"geometry":{"type":"LineString","coordinates":[[11.24634,59.86818],[11.24682,59.86795],[11.24711,59.8677],[11.24725,59.86762],[11.2481,59.86753],[11.24889,59.86749],[11.24928,59.86745],[11.24956,59.86738],[11.24973,59.86731],[11.24981,59.86718],[11.24977,59.86711],[11.24968,59.86707],[11.24947,59.86707],[11.24904,59.86717],[11.2489,59.86712],[11.2488,59.86703],[11.24869,59.86678]]}},{"type":"Feature","properties":{"fade":1.0},"geometry":{"type":"LineString","coordinates":[[11.26975,59.66406],[11.27009,59.66421],[11.27043,59.66441],[11.2706,59.66448],[11.27084,59.66452],[11.27138,59.66453],[11.27165,59.66455],[11.27245,59.66476],[11.27262,59.66479],[11.27356,59.66473],[11.27381,59.66477],[11.27449,59.66496],[11.27483,59.665],[11.27511,59.66496],[11.27526,59.66491],[11.27555,59.66469]]}},{"type":"Feature","properties":{"fade":1.0},"geometry":{"type":"LineString","coordinates":[[11.24676,59.87293],[11.24691,59.87291],[11.24706,59.87286],[11.24775,59.87252],[11.24834,59.87231]]}},{"type":"Feature","properties":{"fade":1.0},"geometry":{"type":"LineString","coordinates":[[11.26346,59.72431],[11.26393,59.72452],[11.26402,59.72455],[11.26414,59.72455],[11.26596,59.72433],[11.26684,59.72425],[11.26773,59.72415],[11.26843,59.72397],[11.26932,59.7237],[11.2694,59.72371]]}},{"type":"Feature","properties":{"fade":1.0},"geometry":{"type":"LineString","coordinates":[[11.25858,59.77253],[11.25891,59.77346],[11.25918,59.77403],[11.25942,59.77486],[11.25949,59.77496],[11.2597,59.7751],[11.26037,59.77536],[11.26118,59.77555],[11.26216,59.77573],[11.26223,59.77579],[11.26226,59.77593]]}},{"type":"Feature","properties":{"fade":1.0},"geometry":{"type":"LineString","coordinates":[[11.26113,59.76861],[11.26105,59.7686],[11.26101,59.76863],[11.26102,59.7688],[11.26088,59.76892],[11.25955,59.76956],[11.25912,59.76967],[11.25864,59.77005],[11.25848,59.77021],[11.25844,59.77037],[11.25847,59.77063],[11.2585,59.77075],[11.25868,59.77088],[11.25877,59.77107],[11.25873,59.77124]]}},{"type":"Feature","properties":{"fade":1.0},"geometry":{"type":"LineString","coordinates":[[11.2717,59.66738],[11.2713,59.66714],[11.27062,59.66697],[11.27044,59.66696]]}},{"type":"Feature","properties":{"fade":1.0},"geometry":{"type":"LineString","coordinates":[[11.2625,59.74208],[11.26249,59.74223]]}},{"type":"Feature","properties":{"fade":1.0},"geometry":{"type":"LineString","coordinates":[[11.23735,59.96703],[11.23752,59.96717]]}},{"type":"Feature","properties":{"fade":1.0},"geometry":{"type":"LineString","coordinates":[[11.26243,59.74534],[11.26271,59.74514],[11.26291,59.74508],[11.26315,59.74508]]}},{"type":"Feature","properties":{"fade":1.0},"geometry":{"type":"LineString","coordinates":[[11.26003,59.78542],[11.25919,59.78502],[11.25892,59.78481],[11.25885,59.78449],[11.25862,59.78418],[11.25869,59.78407],[11.25897,59.7839],[11.25904,59.78377],[11.25887,59.78342],[11.25868,59.7832],[11.25858,59.78314]]}},{"type":"Feature","properties":{"fade":1.0},"geometry":{"type":"LineString","coordinates":[[11.27119,59.67032],[11.27665,59.67082]]}},{"type":"Feature","properties":{"fade":1.0},"geometry":{"type":"LineString","coordinates":[[11.27254,59.66778],[11.27185,59.66754],[11.2717,59.66738]]}},{"type":"Feature","properties":{"fade":1.0},"geometry":{"type":"LineString","coordinates":[[11.2717,59.66738],[11.27281,59.66686]]}},{"type":"Feature","properties":{"fade":1.0},"geometry":{"type":"LineString","coordinates":[[11.27599,59.64144],[11.27561,59.64146],[11.2752,59.64142],[11.27477,59.64125],[11.27469,59.64113]]}},{"type":"Feature","properties":{"fade":1.0},"geometry":{"type":"LineString","coordinates":[[11.27469,59.64113],[11.27474,59.64107],[11.27486,59.64107],[11.27599,59.64144]]}},{"type":"Feature","properties":{"fade":1.0},"geometry":{"type":"LineString","coordinates":[[11.2725,59.66261],[11.27413,59.66286],[11.2743,59.66289],[11.27453,59.66301],[11.27487,59.66306],[11.27506,59.66306],[11.27548,59.66301],[11.27593,59.66304],[11.27636,59.66296]]}},{"type":"Feature","properties":{"fade":1.0},"geometry":{"type":"LineString","coordinates":[[11.27279,59.66199],[11.27189,59.66181],[11.27138,59.66165],[11.27073,59.66117],[11.2706,59.6611],[11.27045,59.66107],[11.27036,59.66108],[11.27024,59.66114],[11.27019,59.66126],[11.27026,59.66138],[11.27056,59.66161],[11.27127,59.66197],[11.27151,59.6623],[11.27169,59.66249],[11.27185,59.66253],[11.27219,59.66254],[11.2725,59.66261]]}},{"type":"Feature","properties":{"fade":1.0},"geometry":{"type":"LineString","coordinates":[[11.26407,59.74037],[11.26414,59.74063],[11.26431,59.7409],[11.26454,59.74111],[11.26499,59.7414],[11.26507,59.74151]]}},{"type":"Feature","properties":{"fade":1.0},"geometry":{"type":"LineString","coordinates":[[11.26095,59.77793],[11.26091,59.77802],[11.26094,59.77816],[11.26115,59.77854],[11.26122,59.7788],[11.26157,59.77906],[11.26179,59.77927],[11.26219,59.77975],[11.26217,59.77987],[11.262,59.77992],[11.26051,59.77989],[11.26025,59.77985],[11.25982,59.77973]]}},{"type":"Feature","properties":{"fade":1.0},"geometry":{"type":"LineString","coordinates":[[11.26098,59.7702],[11.2611,59.77012],[11.26122,59.76979],[11.26119,59.76961],[11.26103,59.76939],[11.26123,59.76901],[11.26113,59.76876],[11.26113,59.76861]]}},{"type":"Feature","properties":{"fade":1.0},"geometry":{"type":"LineString","coordinates":[[11.26113,59.76861],[11.26115,59.7685]]}},{"type":"Feature","properties":{"fade":1.0},"geometry":{"type":"LineString","coordinates":[[11.27291,59.66323],[11.27352,59.66327],[11.27384,59.66335],[11.27425,59.66351],[11.27448,59.66354],[11.27497,59.66342],[11.27536,59.66327],[11.27594,59.66321],[11.2761,59.66318],[11.27636,59.66296]]}},{"type":"Feature","properties":{"fade":1.0},"geometry":{"type":"LineString","coordinates":[[11.26341,59.74852],[11.26332,59.74855],[11.26314,59.74876],[11.26292,59.74881],[11.26282,59.74885],[11.26271,59.74909],[11.26272,59.74932],[11.26276,59.74942],[11.26353,59.74959]]}},{"type":"Feature","properties":{"fade":1.0},"geometry":{"type":"LineString","coordinates":[[11.27156,59.81213],[11.27078,59.81201],[11.26985,59.81175],[11.26919,59.81181],[11.26855,59.81182],[11.26789,59.81176],[11.2674,59.81167],[11.267,59.8115],[11.26609,59.81126],[11.26544,59.81102],[11.26504,59.81097],[11.26463,59.81097],[11.26443,59.81092],[11.26419,59.8107],[11.26367,59.81049],[11.26283,59.81005],[11.26263,59.80997],[11.26202,59.80985],[11.26155,59.80971],[11.26092,59.80968],[11.26048,59.80953],[11.25982,59.80943],[11.25971,59.80934],[11.25958,59.80908],[11.25941,59.80895],[11.25927,59.80873],[11.25909,59.80859],[11.2589,59.80809],[11.25897,59.8079],[11.25896,59.80784],[11.2587,59.80768],[11.25852,59.80753],[11.25809,59.8073],[11.25791,59.80716],[11.25787,59.80707],[11.25789,59.80662],[11.25731,59.80616],[11.25701,59.80565]]}},{"type":"Feature","properties":{"fade":1.0},"geometry":{"type":"LineString","coordinates":[[11.27366,59.66837],[11.27307,59.66798],[11.27254,59.66778]]}},{"type":"Feature","properties":{"fade":1.0},"geometry":{"type":"LineString","coordinates":[[11.27395,59.66779],[11.27384,59.66774],[11.27364,59.66772],[11.27301,59.66772],[11.27254,59.66778]]}},{"type":"Feature","properties":{"fade":1.0},"geometry":{"type":"LineString","coordinates":[[11.25097,59.86157],[11.2513,59.86166],[11.25205,59.862],[11.25225,59.86203],[11.25237,59.86202],[11.25253,59.86194],[11.2527,59.86175],[11.25284,59.86166],[11.25381,59.86135],[11.25411,59.86137],[11.2543,59.86147],[11.25453,59.8615],[11.25453,59.86158]]}},{"type":"Feature","properties":{"fade":1.0},"geometry":{"type":"LineString","coordinates":[[11.25949,59.79306],[11.25916,59.79302],[11.25886,59.79302]]}},{"type":"Feature","properties":{"fade":1.0},"geometry":{"type":"LineString","coordinates":[[11.28063,59.64186],[11.28019,59.6419],[11.27956,59.64188],[11.27822,59.64166],[11.27747,59.64157],[11.27699,59.64157],[11.27615,59.64144],[11.27599,59.64144]]}},{"type":"Feature","properties":{"fade":1.0},"geometry":{"type":"LineString","coordinates":[[11.27794,59.63334],[11.27771,59.63334],[11.27765,59.63336],[11.27767,59.63346],[11.27815,59.6338],[11.27835,59.63401],[11.27784,59.63366],[11.27699,59.63315]]}},{"type":"Feature","properties":{"fade":1.0},"geometry":{"type":"LineString","coordinates":[[11.26054,59.78987],[11.26025,59.78961],[11.26017,59.7894],[11.26021,59.78893],[11.26028,59.78878],[11.2603,59.78844],[11.26024,59.78829],[11.26013,59.78824]]}},{"type":"Feature","properties":{"fade":1.0},"geometry":{"type":"LineString","coordinates":[[11.27366,59.66837],[11.27396,59.66864],[11.27402,59.66879]]}},{"type":"Feature","properties":{"fade":1.0},"geometry":{"type":"LineString","coordinates":[[11.27366,59.66837],[11.27369,59.6682],[11.27384,59.66801],[11.27395,59.66779]]}},{"type":"Feature","properties":{"fade":1.0},"geometry":{"type":"LineString","coordinates":[[11.24086,59.97249],[11.24043,59.97278],[11.24022,59.973],[11.24004,59.97311],[11.23976,59.9732],[11.23951,59.97338]]}},{"type":"Feature","properties":{"fade":1.0},"geometry":{"type":"LineString","coordinates":[[11.26855,59.73902],[11.26768,59.73902],[11.2672,59.73905],[11.26675,59.73903],[11.26631,59.73893],[11.26551,59.7387],[11.26548,59.73863],[11.2656,59.73854],[11.26606,59.73849]]}},{"type":"Feature","properties":{"fade":1.0},"geometry":{"type":"LineString","coordinates":[[11.27409,59.66764],[11.27395,59.66779]]}},{"type":"Feature","properties":{"fade":1.0},"geometry":{"type":"LineString","coordinates":[[11.27405,59.66724],[11.27409,59.66764]]}},{"type":"Feature","properties":{"fade":1.0},"geometry":{"type":"LineString","coordinates":[[11.2753,59.66783],[11.27521,59.66755],[11.27516,59.66748],[11.27506,59.66744],[11.27498,59.66744],[11.27476,59.66752],[11.27409,59.66764]]}},{"type":"Feature","properties":{"fade":1.0},"geometry":{"type":"LineString","coordinates":[[11.28053,59.65538],[11.28014,59.65574],[11.27998,59.6558],[11.27927,59.65562],[11.27732,59.65554],[11.27714,59.65551],[11.27694,59.65545],[11.27614,59.65509],[11.27599,59.65501],[11.27575,59.65473],[11.2756,59.65467]]}},{"type":"Feature","properties":{"fade":1.0},"geometry":{"type":"LineString","coordinates":[[11.24086,59.97249],[11.24102,59.97237],[11.24114,59.97216],[11.24102,59.97185],[11.24103,59.97166],[11.2409,59.97154],[11.24068,59.97145],[11.24044,59.97117],[11.24041,59.97104],[11.24048,59.97097],[11.24073,59.97091]]}},{"type":"Feature","properties":{"fade":1.0},"geometry":{"type":"LineString","coordinates":[[11.25606,59.8373],[11.25614,59.83703],[11.25633,59.83683],[11.25643,59.83665],[11.25692,59.83625],[11.25697,59.83605]]}},{"type":"Feature","properties":{"fade":1.0},"geometry":{"type":"LineString","coordinates":[[11.27946,59.67774],[11.27934,59.67781],[11.27925,59.67792],[11.27872,59.67805],[11.27842,59.67807],[11.27753,59.67809],[11.27683,59.67801],[11.27601,59.67774],[11.27581,59.6777],[11.2755,59.67755],[11.27508,59.67742],[11.27398,59.67721]]}},{"type":"Feature","properties":{"fade":1.0},"geometry":{"type":"LineString","coordinates":[[11.24104,59.97364],[11.241,59.97347],[11.2408,59.9732],[11.24073,59.97298],[11.24072,59.97279],[11.24086,59.97249]]}},{"type":"Feature","properties":{"fade":1.0},"geometry":{"type":"LineString","coordinates":[[11.24127,59.96969],[11.24143,59.96958]]}},{"type":"Feature","properties":{"fade":1.0},"geometry":{"type":"LineString","coordinates":[[11.2672,59.74308],[11.26747,59.74328],[11.26783,59.74335]]}},{"type":"Feature","properties":{"fade":1.0},"geometry":{"type":"LineString","coordinates":[[11.26537,59.76141],[11.26565,59.76146],[11.26585,59.76152],[11.2666,59.7619],[11.2671,59.76222],[11.26753,59.76236],[11.26786,59.76254],[11.26803,59.76258],[11.26865,59.76267],[11.26918,59.76283],[11.26958,59.76305],[11.2697,59.76319]]}},{"type":"Feature","properties":{"fade":1.0},"geometry":{"type":"LineString","coordinates":[[11.27636,59.66296],[11.27682,59.6629],[11.27709,59.6629]]}},{"type":"Feature","properties":{"fade":1.0},"geometry":{"type":"LineString","coordinates":[[11.26562,59.76892],[11.26496,59.76905],[11.26471,59.76914],[11.26461,59.76923]]}},{"type":"Feature","properties":{"fade":1.0},"geometry":{"type":"LineString","coordinates":[[11.26958,59.74685],[11.26947,59.7473],[11.26904,59.74768],[11.26874,59.74823],[11.2687,59.74833],[11.26868,59.74876],[11.26859,59.7489],[11.26834,59.74897],[11.26777,59.74933],[11.26734,59.74956],[11.26715,59.74971],[11.26696,59.74975]]}},{"type":"Feature","properties":{"fade":1.0},"geometry":{"type":"LineString","coordinates":[[11.27274,59.69852],[11.27289,59.69841],[11.27318,59.69827],[11.27356,59.69819],[11.27379,59.69792],[11.27405,59.69779],[11.27413,59.69772],[11.27416,59.69763],[11.27413,59.69755],[11.27376,59.69709]]}},{"type":"Feature","properties":{"fade":1.0},"geometry":{"type":"LineString","coordinates":[[11.27417,59.6865],[11.27374,59.68735],[11.27345,59.68781],[11.2732,59.68806],[11.27319,59.68815],[11.27328,59.68826],[11.27335,59.68827],[11.27397,59.68822]]}},{"type":"Feature","properties":{"fade":1.0},"geometry":{"type":"LineString","coordinates":[[11.26458,59.78661],[11.26427,59.78672],[11.26379,59.7868],[11.2634,59.78692],[11.2632,59.78702]]}},{"type":"Feature","properties":{"fade":1.0},"geometry":{"type":"LineString","coordinates":[[11.27376,59.69709],[11.2735,59.69691],[11.27329,59.6967],[11.27301,59.6965],[11.27292,59.69635],[11.27294,59.69622],[11.27301,59.69615],[11.27315,59.69611],[11.27349,59.69611],[11.27356,59.69608],[11.27362,59.696],[11.27353,59.69524],[11.27356,59.69505],[11.27379,59.69481],[11.27376,59.69438],[11.27379,59.69413]]}},{"type":"Feature","properties":{"fade":1.0},"geometry":{"type":"LineString","coordinates":[[11.26879,59.74314],[11.26837,59.7433]]}},{"type":"Feature","properties":{"fade":1.0},"geometry":{"type":"LineString","coordinates":[[11.26538,59.77172],[11.26568,59.77136],[11.26574,59.7712],[11.26576,59.77094],[11.26584,59.77082],[11.26604,59.77067],[11.26649,59.77054],[11.2666,59.77045],[11.2669,59.77005],[11.26699,59.7697],[11.26698,59.7694],[11.26706,59.76918]]}},{"type":"Feature","properties":{"fade":1.0},"geometry":{"type":"LineString","coordinates":[[11.26858,59.74359],[11.26885,59.74366],[11.26948,59.74396],[11.27028,59.74413],[11.27058,59.74422],[11.27084,59.74445],[11.27126,59.74473],[11.27137,59.74492],[11.27133,59.74504],[11.27126,59.7451],[11.27065,59.74543],[11.27051,59.74546],[11.26963,59.74555],[11.26922,59.74571],[11.2692,59.74574],[11.26973,59.74643],[11.26971,59.74663],[11.26958,59.74685]]}},{"type":"Feature","properties":{"fade":1.0},"geometry":{"type":"LineString","coordinates":[[11.27376,59.69709],[11.27426,59.69696],[11.27457,59.69694],[11.27477,59.69685],[11.27493,59.69673],[11.2749,59.69661],[11.27475,59.69645],[11.274,59.69627]]}},{"type":"Feature","properties":{"fade":1.0},"geometry":{"type":"LineString","coordinates":[[11.26476,59.81938],[11.26461,59.81938],[11.26443,59.81945],[11.26421,59.81961],[11.26408,59.81976],[11.26401,59.81996],[11.26379,59.82021],[11.26374,59.82057],[11.26335,59.82095],[11.2633,59.82111],[11.2633,59.82131],[11.26313,59.82142],[11.26282,59.82148],[11.26262,59.82158],[11.26236,59.82163],[11.26222,59.82172],[11.26166,59.82243],[11.26158,59.82268],[11.26146,59.82282],[11.26113,59.82292],[11.26102,59.8229],[11.26089,59.82284],[11.26057,59.82281],[11.26043,59.82284],[11.26019,59.82294],[11.25996,59.8231],[11.25977,59.82334]]}},{"type":"Feature","properties":{"fade":1.0},"geometry":{"type":"LineString","coordinates":[[11.27569,59.6825],[11.27569,59.68249]]}},{"type":"Feature","properties":{"fade":1.0},"geometry":{"type":"LineString","coordinates":[[11.26321,59.80312],[11.26262,59.80346],[11.26236,59.80371],[11.26233,59.80401],[11.26216,59.80427],[11.26219,59.80443],[11.26241,59.80455],[11.26248,59.80467]]}},{"type":"Feature","properties":{"fade":1.0},"geometry":{"type":"LineString","coordinates":[[11.262,59.83948],[11.26174,59.83945],[11.26137,59.83944],[11.26044,59.83949],[11.26012,59.83959],[11.25978,59.83977],[11.25949,59.83988],[11.25915,59.83998],[11.25865,59.84008]]}},{"type":"Feature","properties":{"fade":1.0},"geometry":{"type":"LineString","coordinates":[[11.24297,59.97938],[11.24298,59.97955],[11.24318,59.97987]]}},{"type":"Feature","properties":{"fade":1.0},"geometry":{"type":"LineString","coordinates":[[11.25966,59.83181],[11.25958,59.83152],[11.25979,59.83131],[11.2599,59.83112]]}},{"type":"Feature","properties":{"fade":1.0},"geometry":{"type":"LineString","coordinates":[[11.26132,59.81964],[11.26186,59.81948],[11.26269,59.81918],[11.2628,59.81918],[11.26318,59.81922],[11.26382,59.81919],[11.26414,59.8192],[11.26446,59.81926],[11.26476,59.81938]]}},{"type":"Feature","properties":{"fade":1.0},"geometry":{"type":"LineString","coordinates":[[11.27156,59.81213],[11.27135,59.81196],[11.27127,59.81186],[11.27114,59.8116],[11.27113,59.81128],[11.27085,59.81107],[11.27035,59.81057],[11.26999,59.81019],[11.26982,59.80994],[11.26967,59.80943],[11.26971,59.80917],[11.26986,59.80897],[11.26987,59.8089],[11.26971,59.80843],[11.26956,59.80833],[11.26886,59.80805],[11.26779,59.80781],[11.26722,59.80752],[11.267,59.80727],[11.26672,59.80708],[11.26649,59.80687],[11.2665,59.80668],[11.26657,59.80645],[11.26656,59.80623],[11.26653,59.80618],[11.26646,59.80616],[11.26636,59.80617],[11.26572,59.8063],[11.26496,59.80635],[11.26484,59.80618],[11.26471,59.80588],[11.26436,59.80559],[11.26428,59.80549],[11.26434,59.80524],[11.26431,59.80504],[11.2642,59.80495],[11.26393,59.80479],[11.26379,59.80465],[11.2637,59.80442],[11.26368,59.80421],[11.26353,59.804],[11.26349,59.80381],[11.26323,59.80346],[11.26321,59.80312]]}},{"type":"Feature","properties":{"fade":1.0},"geometry":{"type":"LineString","coordinates":[[11.26321,59.80312],[11.26349,59.80278],[11.2638,59.80258],[11.26389,59.80248],[11.2639,59.80237],[11.2638,59.80218],[11.2639,59.8019],[11.26387,59.80172],[11.2639,59.8016]]}},{"type":"Feature","properties":{"fade":1.0},"geometry":{"type":"LineString","coordinates":[[11.2672,59.7675],[11.26735,59.76761],[11.26747,59.76778],[11.26752,59.76815],[11.26745,59.76832],[11.26747,59.76841],[11.26756,59.76844],[11.26774,59.76846],[11.26791,59.76845],[11.26816,59.76841]]}},{"type":"Feature","properties":{"fade":1.0},"geometry":{"type":"LineString","coordinates":[[11.26958,59.74685],[11.26974,59.7468],[11.27,59.74668],[11.27025,59.74663],[11.27053,59.74663],[11.27099,59.74668],[11.27158,59.74671],[11.27209,59.74681],[11.27293,59.74689],[11.27334,59.74697],[11.27371,59.74711],[11.27405,59.74735],[11.27431,59.74746],[11.27458,59.74751],[11.27497,59.74756],[11.27553,59.74754],[11.27569,59.74756],[11.27591,59.74765],[11.27619,59.7478],[11.27643,59.74785],[11.27703,59.7481],[11.27792,59.74824],[11.27856,59.74839],[11.27927,59.74865],[11.27968,59.74889],[11.28067,59.74919],[11.28104,59.74926],[11.28194,59.74935],[11.28192,59.7494],[11.28167,59.74946],[11.2815,59.74953],[11.28141,59.7496],[11.2814,59.74966],[11.28169,59.75026],[11.28161,59.75052],[11.28162,59.75061],[11.28175,59.75072],[11.2823,59.75107],[11.28247,59.75124],[11.28246,59.75132],[11.28229,59.75163],[11.28227,59.75184],[11.28231,59.75196],[11.28255,59.75228],[11.28331,59.75267],[11.28383,59.75307],[11.28392,59.75321],[11.284,59.75352],[11.28416,59.75371],[11.28428,59.75377],[11.28477,59.75392],[11.28495,59.75401]]}},{"type":"Feature","properties":{"fade":1.0},"geometry":{"type":"LineString","coordinates":[[11.24343,59.97973],[11.24388,59.97945],[11.24458,59.97912],[11.24474,59.97891],[11.24465,59.97881]]}},{"type":"Feature","properties":{"fade":1.0},"geometry":{"type":"LineString","coordinates":[[11.27739,59.70464],[11.2772,59.70466],[11.27649,59.70464],[11.27615,59.70468],[11.27591,59.70473],[11.27553,59.70486],[11.27523,59.70501],[11.27433,59.70555]]}},{"type":"Feature","properties":{"fade":1.0},"geometry":{"type":"LineString","coordinates":[[11.26623,59.78409],[11.26608,59.78453],[11.2661,59.78468],[11.26667,59.78503],[11.26673,59.7855]]}},{"type":"Feature","properties":{"fade":1.0},"geometry":{"type":"LineString","coordinates":[[11.27778,59.71117],[11.27635,59.71087],[11.27605,59.71078],[11.27555,59.71051],[11.27525,59.71047]]}},{"type":"Feature","properties":{"fade":1.0},"geometry":{"type":"LineString","coordinates":[[11.27978,59.69899],[11.27845,59.69915],[11.27758,59.69922],[11.27732,59.69907],[11.27719,59.69903],[11.277,59.69921],[11.27653,59.69934]]}},{"type":"Feature","properties":{"fade":1.0},"geometry":{"type":"LineString","coordinates":[[11.24602,59.97424],[11.2465,59.97433],[11.24723,59.97453],[11.24749,59.97483],[11.24776,59.97495],[11.24811,59.97504],[11.24863,59.97526],[11.24933,59.97564],[11.24958,59.97575]]}},{"type":"Feature","properties":{"fade":1.0},"geometry":{"type":"LineString","coordinates":[[11.27259,59.73788],[11.27357,59.73782],[11.27535,59.73758],[11.27619,59.73765],[11.2766,59.73771],[11.27683,59.73776],[11.27695,59.73781],[11.27697,59.7379],[11.27689,59.73852],[11.27676,59.73887],[11.2768,59.73902],[11.27686,59.73907],[11.27726,59.73921],[11.27741,59.73921],[11.27755,59.73915],[11.2778,59.73887]]}},{"type":"Feature","properties":{"fade":1.0},"geometry":{"type":"LineString","coordinates":[[11.28195,59.65803],[11.28205,59.65807],[11.28251,59.65819]]}},{"type":"Feature","properties":{"fade":1.0},"geometry":{"type":"LineString","coordinates":[[11.26476,59.81938],[11.26522,59.81961],[11.26532,59.81962],[11.26549,59.81961],[11.26557,59.81955],[11.26563,59.81934],[11.26555,59.8191],[11.26557,59.81902],[11.266,59.81874],[11.26692,59.81838],[11.26762,59.81829],[11.26818,59.81805],[11.26906,59.81793],[11.2696,59.81779]]}},{"type":"Feature","properties":{"fade":1.0},"geometry":{"type":"LineString","coordinates":[[11.27869,59.69816],[11.27918,59.69805],[11.27938,59.69806],[11.27981,59.69837],[11.28003,59.69871]]}},{"type":"Feature","properties":{"fade":1.0},"geometry":{"type":"LineString","coordinates":[[11.24638,59.99475],[11.24614,59.99523],[11.24603,59.99568],[11.24516,59.99694]]}},{"type":"Feature","properties":{"fade":1.0},"geometry":{"type":"LineString","coordinates":[[11.26852,59.78993],[11.26879,59.78998],[11.26903,59.78987],[11.26934,59.78959],[11.26949,59.78936],[11.26965,59.78927],[11.27032,59.78871],[11.27036,59.78842],[11.27048,59.78807],[11.27059,59.78799]]}},{"type":"Feature","properties":{"fade":1.0},"geometry":{"type":"LineString","coordinates":[[11.2499,60.00485],[11.24897,60.00454],[11.24855,60.00431],[11.24803,60.00411],[11.24709,60.00391],[11.24694,60.00383],[11.24681,60.00365],[11.24668,60.00354],[11.24616,60.00333],[11.24564,60.00323],[11.24528,60.003],[11.24507,60.00295]]}},{"type":"Feature","properties":{"fade":1.0},"geometry":{"type":"LineString","coordinates":[[11.27589,59.73371],[11.27561,59.73381]]}},{"type":"Feature","properties":{"fade":1.0},"geometry":{"type":"LineString","coordinates":[[11.28027,59.69924],[11.27956,59.69949]]}},{"type":"Feature","properties":{"fade":1.0},"geometry":{"type":"LineString","coordinates":[[11.28059,59.69131],[11.28057,59.69102],[11.28061,59.69091],[11.28071,59.6908],[11.28088,59.69074],[11.2811,59.69059],[11.28164,59.6903],[11.28226,59.69015],[11.2825,59.69]]}},{"type":"Feature","properties":{"fade":1.0},"geometry":{"type":"LineString","coordinates":[[11.28319,59.72378],[11.28273,59.72387],[11.28244,59.7239],[11.28213,59.72391],[11.2812,59.72386],[11.28079,59.72389],[11.2802,59.72397],[11.27883,59.7241],[11.27821,59.72421],[11.27753,59.72429],[11.27693,59.72443]]}},{"type":"Feature","properties":{"fade":1.0},"geometry":{"type":"LineString","coordinates":[[11.28196,59.72667],[11.28106,59.72668],[11.27841,59.72646],[11.27769,59.72649],[11.27671,59.72668]]}},{"type":"Feature","properties":{"fade":1.0},"geometry":{"type":"LineString","coordinates":[[11.27056,59.78422],[11.27035,59.78435],[11.2703,59.78446]]}},{"type":"Feature","properties":{"fade":1.0},"geometry":{"type":"LineString","coordinates":[[11.28693,59.63619],[11.28695,59.63616]]}},{"type":"Feature","properties":{"fade":1.0},"geometry":{"type":"LineString","coordinates":[[11.27056,59.78422],[11.27086,59.78388]]}},{"type":"Feature","properties":{"fade":1.0},"geometry":{"type":"LineString","coordinates":[[11.271,59.7843],[11.27083,59.78426],[11.27059,59.78422],[11.27056,59.78422]]}},{"type":"Feature","properties":{"fade":1.0},"geometry":{"type":"LineString","coordinates":[[11.28431,59.66772],[11.28373,59.66796],[11.28366,59.66802],[11.28363,59.66812]]}},{"type":"Feature","properties":{"fade":1.0},"geometry":{"type":"LineString","coordinates":[[11.24954,59.97299],[11.24952,59.97286],[11.24936,59.97255],[11.24938,59.9724],[11.25,59.97137]]}},{"type":"Feature","properties":{"fade":1.0},"geometry":{"type":"LineString","coordinates":[[11.2798,59.70685],[11.27984,59.70757]]}},{"type":"Feature","properties":{"fade":1.0},"geometry":{"type":"LineString","coordinates":[[11.24647,60.00693],[11.24674,60.00673],[11.24715,60.00663],[11.24748,60.00663],[11.24786,60.00666],[11.24839,60.00662],[11.24878,60.00655],[11.24906,60.00653],[11.24946,60.00643],[11.2499,60.00642],[11.25096,60.00634],[11.25189,60.00616]]}},{"type":"Feature","properties":{"fade":1.0},"geometry":{"type":"LineString","coordinates":[[11.26873,59.82793],[11.26853,59.82779],[11.26817,59.82763],[11.26774,59.82761],[11.2671,59.82763]]}},{"type":"Feature","properties":{"fade":1.0},"geometry":{"type":"LineString","coordinates":[[11.24828,59.99604],[11.24873,59.99579],[11.24919,59.99559],[11.24935,59.99557],[11.25014,59.99554],[11.25032,59.99552],[11.25046,59.99547],[11.25059,59.99537],[11.25071,59.99517],[11.25053,59.99493]]}},{"type":"Feature","properties":{"fade":1.0},"geometry":{"type":"LineString","coordinates":[[11.25033,59.9791],[11.25017,59.97906],[11.2501,59.97895],[11.25035,59.97844],[11.25053,59.97825],[11.25107,59.97799]]}},{"type":"Feature","properties":{"fade":1.0},"geometry":{"type":"LineString","coordinates":[[11.28455,59.70596],[11.2844,59.7059],[11.2839,59.70588],[11.28287,59.70575],[11.28145,59.70535],[11.28126,59.70536],[11.28113,59.70541],[11.28103,59.7056]]}},{"type":"Feature","properties":{"fade":1.0},"geometry":{"type":"LineString","coordinates":[[11.27101,59.79778],[11.27137,59.79791],[11.2721,59.7981],[11.27293,59.79822],[11.27328,59.79832],[11.2737,59.7984],[11.27427,59.79841],[11.27457,59.79844],[11.27528,59.79858],[11.27541,59.79858],[11.27579,59.79854]]}},{"type":"Feature","properties":{"fade":1.0},"geometry":{"type":"LineString","coordinates":[[11.26776,59.82701],[11.26791,59.827],[11.26825,59.82685],[11.26841,59.82681],[11.26845,59.82683],[11.26866,59.82698],[11.26888,59.82719],[11.26927,59.82746],[11.26947,59.82769],[11.27021,59.82792],[11.27016,59.8281],[11.27001,59.82834]]}},{"type":"Feature","properties":{"fade":1.0},"geometry":{"type":"LineString","coordinates":[[11.24939,59.99269],[11.24944,59.99297],[11.24936,59.99341],[11.24913,59.99377],[11.24925,59.9941],[11.24926,59.99424],[11.24934,59.99435],[11.25053,59.99493]]}},{"type":"Feature","properties":{"fade":1.0},"geometry":{"type":"LineString","coordinates":[[11.25213,59.97513],[11.25188,59.97498],[11.2514,59.97496]]}},{"type":"Feature","properties":{"fade":1.0},"geometry":{"type":"LineString","coordinates":[[11.24916,59.99607],[11.24934,59.99594],[11.24951,59.99588],[11.24966,59.99586],[11.25024,59.99586],[11.2506,59.9958]]}},{"type":"Feature","properties":{"fade":1.0},"geometry":{"type":"LineString","coordinates":[[11.27344,59.78079],[11.27396,59.78087],[11.27424,59.78083]]}},{"type":"Feature","properties":{"fade":1.0},"geometry":{"type":"LineString","coordinates":[[11.25053,59.99493],[11.2508,59.99499],[11.25099,59.99509],[11.25104,59.99517],[11.25105,59.99549],[11.25111,59.99559]]}},{"type":"Feature","properties":{"fade":1.0},"geometry":{"type":"LineString","coordinates":[[11.25404,59.99678],[11.25386,59.9967],[11.25282,59.99646],[11.25073,59.99595],[11.25059,59.99589],[11.2506,59.9958]]}},{"type":"Feature","properties":{"fade":1.0},"geometry":{"type":"LineString","coordinates":[[11.2506,59.9958],[11.25111,59.99559]]}},{"type":"Feature","properties":{"fade":1.0},"geometry":{"type":"LineString","coordinates":[[11.28619,59.67911],[11.28635,59.67904],[11.28733,59.67849],[11.28845,59.67817]]}},{"type":"Feature","properties":{"fade":1.0},"geometry":{"type":"LineString","coordinates":[[11.2499,60.00485],[11.24997,60.00458],[11.24993,60.00432],[11.24976,60.00391],[11.24972,60.00367],[11.24976,60.0034],[11.24989,60.00322]]}},{"type":"Feature","properties":{"fade":1.0},"geometry":{"type":"LineString","coordinates":[[11.27241,59.81279],[11.27226,59.81265],[11.27189,59.81244],[11.27156,59.81213]]}},{"type":"Feature","properties":{"fade":1.0},"geometry":{"type":"LineString","coordinates":[[11.25189,60.00616],[11.25163,60.00611],[11.25147,60.00605],[11.25112,60.00579],[11.2507,60.0054],[11.2499,60.00485]]}},{"type":"Feature","properties":{"fade":1.0},"geometry":{"type":"LineString","coordinates":[[11.27958,59.74073],[11.27994,59.74075],[11.28021,59.74086],[11.28042,59.74089],[11.28055,59.74088],[11.28076,59.74082],[11.28087,59.74082],[11.2812,59.74072],[11.2814,59.74074],[11.28162,59.7408]]}},{"type":"Feature","properties":{"fade":1.0},"geometry":{"type":"LineString","coordinates":[[11.25111,59.99559],[11.25122,59.99544],[11.25124,59.995],[11.25116,59.99479],[11.25066,59.99395],[11.25065,59.99386],[11.25068,59.99379],[11.25082,59.99371],[11.25143,59.99355],[11.25153,59.99351],[11.25157,59.99346],[11.25124,59.99319],[11.25109,59.99296],[11.25062,59.99239],[11.25063,59.99229],[11.25085,59.99212],[11.25137,59.992],[11.25199,59.99206],[11.2526,59.99207],[11.25415,59.99186],[11.25491,59.99167],[11.25552,59.99163],[11.25605,59.99164],[11.25616,59.99148],[11.25691,59.99129],[11.2572,59.99118],[11.2573,59.99109],[11.25745,59.99101],[11.25768,59.99093],[11.25794,59.99087],[11.25818,59.9909],[11.25868,59.99109],[11.25931,59.99111],[11.2596,59.99099],[11.2596,59.99091],[11.25953,59.99075],[11.25967,59.99063],[11.26005,59.99052],[11.26029,59.99048],[11.26043,59.99047],[11.26073,59.99054],[11.26092,59.99054],[11.26151,59.9904],[11.2618,59.99034],[11.2622,59.99031],[11.26244,59.99034],[11.26281,59.99042],[11.26299,59.9905],[11.26318,59.99052]]}},{"type":"Feature","properties":{"fade":1.0},"geometry":{"type":"LineString","coordinates":[[11.28984,59.65291],[11.2902,59.65272],[11.29094,59.65241],[11.29235,59.65194],[11.29261,59.65193],[11.2932,59.65203],[11.29342,59.65199],[11.29414,59.65151],[11.2946,59.65115],[11.29486,59.65086],[11.29522,59.65033]]}},{"type":"Feature","properties":{"fade":1.0},"geometry":{"type":"LineString","coordinates":[[11.274,59.81546],[11.27441,59.81516],[11.27488,59.81435],[11.27491,59.81423],[11.27484,59.81393],[11.27475,59.81384],[11.27419,59.81351],[11.27398,59.81342],[11.27371,59.81338],[11.27314,59.8134],[11.27289,59.81337],[11.27232,59.81322],[11.27221,59.81307],[11.27227,59.81294],[11.27241,59.81279]]}},{"type":"Feature","properties":{"fade":1.0},"geometry":{"type":"LineString","coordinates":[[11.27241,59.81279],[11.27268,59.8128],[11.27319,59.81298],[11.27343,59.81302],[11.27442,59.81306],[11.27496,59.81302]]}},{"type":"Feature","properties":{"fade":1.0},"geometry":{"type":"LineString","coordinates":[[11.27951,59.75735],[11.27941,59.75741],[11.27926,59.75758],[11.2791,59.75763]]}},{"type":"Feature","properties":{"fade":1.0},"geometry":{"type":"LineString","coordinates":[[11.25337,59.98762],[11.2536,59.98758],[11.25378,59.98751]]}},{"type":"Feature","properties":{"fade":1.0},"geometry":{"type":"LineString","coordinates":[[11.25397,59.98782],[11.25428,59.98798],[11.2544,59.98807],[11.25445,59.98845]]}},{"type":"Feature","properties":{"fade":1.0},"geometry":{"type":"LineString","coordinates":[[11.25189,60.00616],[11.25216,60.00616],[11.25265,60.00611],[11.25297,60.00612],[11.25393,60.00608],[11.2547,60.00602]]}},{"type":"Feature","properties":{"fade":1.0},"geometry":{"type":"LineString","coordinates":[[11.27496,59.81302],[11.27559,59.81243],[11.27557,59.81212],[11.27508,59.81178],[11.2749,59.81172],[11.27468,59.81147],[11.27451,59.8114],[11.27437,59.81077],[11.27416,59.81033],[11.27409,59.81001],[11.27413,59.80981],[11.27434,59.80966]]}},{"type":"Feature","properties":{"fade":1.0},"geometry":{"type":"LineString","coordinates":[[11.28295,59.74356],[11.28232,59.74358],[11.28218,59.74366],[11.28197,59.74383],[11.28181,59.74437],[11.28187,59.7447]]}},{"type":"Feature","properties":{"fade":1.0},"geometry":{"type":"LineString","coordinates":[[11.25713,59.97088],[11.25725,59.97117]]}},{"type":"Feature","properties":{"fade":1.0},"geometry":{"type":"LineString","coordinates":[[11.27496,59.81302],[11.27568,59.81289],[11.27612,59.81263],[11.2765,59.81245],[11.2777,59.81228],[11.27783,59.81223],[11.27803,59.81203],[11.27808,59.81175],[11.27839,59.81127],[11.27865,59.81108]]}},{"type":"Feature","properties":{"fade":1.0},"geometry":{"type":"LineString","coordinates":[[11.25725,59.97117],[11.25735,59.9713],[11.2578,59.97173],[11.25823,59.97204],[11.25836,59.97225],[11.25837,59.97244],[11.25843,59.9726],[11.25871,59.97292],[11.25879,59.97318],[11.2589,59.97335],[11.2588,59.97361],[11.25891,59.9739],[11.25904,59.97416],[11.25918,59.97429],[11.25928,59.97448],[11.25983,59.97496],[11.26001,59.97523],[11.26022,59.97538],[11.26083,59.97572],[11.261,59.97576],[11.26139,59.97579],[11.26164,59.97585],[11.26182,59.97587]]}},{"type":"Feature","properties":{"fade":1.0},"geometry":{"type":"LineString","coordinates":[[11.25725,59.97117],[11.25754,59.97103],[11.25774,59.97099],[11.25787,59.97087]]}},{"type":"Feature","properties":{"fade":1.0},"geometry":{"type":"LineString","coordinates":[[11.28759,59.71743],[11.28735,59.7174],[11.28684,59.7174],[11.28659,59.71743],[11.28644,59.71753]]}},{"type":"Feature","properties":{"fade":1.0},"geometry":{"type":"LineString","coordinates":[[11.28081,59.77893],[11.27991,59.77917]]}},{"type":"Feature","properties":{"fade":1.0},"geometry":{"type":"LineString","coordinates":[[11.28592,59.72881],[11.28597,59.72891],[11.28595,59.72911],[11.28582,59.72977],[11.28566,59.73025],[11.28565,59.73056]]}},{"type":"Feature","properties":{"fade":1.0},"geometry":{"type":"LineString","coordinates":[[11.29491,59.64717],[11.29554,59.64718],[11.29576,59.64721],[11.29618,59.64733],[11.2972,59.64739],[11.29762,59.6475],[11.29795,59.64762],[11.29842,59.64773],[11.29891,59.64798]]}},{"type":"Feature","properties":{"fade":1.0},"geometry":{"type":"LineString","coordinates":[[11.28306,59.75999],[11.28277,59.76008],[11.28249,59.76005]]}},{"type":"Feature","properties":{"fade":1.0},"geometry":{"type":"LineString","coordinates":[[11.28473,59.743],[11.28451,59.74314]]}},{"type":"Feature","properties":{"fade":1.0},"geometry":{"type":"LineString","coordinates":[[11.28495,59.75401],[11.28492,59.75435],[11.28503,59.75466],[11.28495,59.75484],[11.2847,59.75505],[11.28448,59.75536],[11.28442,59.75552],[11.28427,59.75569],[11.28337,59.75614]]}},{"type":"Feature","properties":{"fade":1.0},"geometry":{"type":"LineString","coordinates":[[11.2619,59.97159],[11.26106,59.97136],[11.26056,59.97111],[11.26037,59.97114],[11.26024,59.97113],[11.25993,59.97104],[11.25975,59.97092],[11.25943,59.97085],[11.25932,59.97088]]}},{"type":"Feature","properties":{"fade":1.0},"geometry":{"type":"LineString","coordinates":[[11.25691,59.99268],[11.25699,59.99252],[11.25734,59.99228],[11.25784,59.99178],[11.25781,59.9917],[11.25773,59.99163],[11.25706,59.99131]]}},{"type":"Feature","properties":{"fade":1.0},"geometry":{"type":"LineString","coordinates":[[11.2845,59.75955],[11.28434,59.75965],[11.28401,59.75995],[11.28374,59.76006],[11.28347,59.76011],[11.28324,59.76003],[11.28306,59.75999]]}},{"type":"Feature","properties":{"fade":1.0},"geometry":{"type":"LineString","coordinates":[[11.28332,59.75813],[11.28337,59.75836],[11.28367,59.75865],[11.28367,59.75876],[11.28384,59.75895],[11.28386,59.75906],[11.28377,59.75919],[11.28356,59.75937],[11.28346,59.75961],[11.28332,59.75975],[11.28318,59.75982],[11.28306,59.75999]]}},{"type":"Feature","properties":{"fade":1.0},"geometry":{"type":"LineString","coordinates":[[11.27719,59.81619],[11.27786,59.81619],[11.27826,59.81615],[11.27839,59.81611],[11.27875,59.81568]]}},{"type":"Feature","properties":{"fade":1.0},"geometry":{"type":"LineString","coordinates":[[11.28495,59.75401],[11.28499,59.75395],[11.2853,59.75392],[11.28567,59.75377],[11.28611,59.75366],[11.28627,59.75366],[11.28648,59.75369],[11.28676,59.75368]]}},{"type":"Feature","properties":{"fade":1.0},"geometry":{"type":"LineString","coordinates":[[11.27891,59.8111],[11.27865,59.81108]]}},{"type":"Feature","properties":{"fade":1.0},"geometry":{"type":"LineString","coordinates":[[11.27865,59.81108],[11.27892,59.81081]]}},{"type":"Feature","properties":{"fade":1.0},"geometry":{"type":"LineString","coordinates":[[11.2609,59.98443],[11.26057,59.98477]]}},{"type":"Feature","properties":{"fade":1.0},"geometry":{"type":"LineString","coordinates":[[11.2994,59.65156],[11.29919,59.65179],[11.29911,59.65203],[11.29896,59.65218],[11.29888,59.65234],[11.29902,59.65237],[11.29915,59.65237],[11.2993,59.65233]]}},{"type":"Feature","properties":{"fade":1.0},"geometry":{"type":"LineString","coordinates":[[11.26242,59.99168],[11.26242,59.99156],[11.26212,59.99113],[11.26216,59.99095],[11.26205,59.99076]]}},{"type":"Feature","properties":{"fade":1.0},"geometry":{"type":"LineString","coordinates":[[11.26796,59.97801],[11.26777,59.97793],[11.26754,59.97774],[11.26726,59.97756],[11.267,59.97732],[11.2669,59.97712],[11.26672,59.97696],[11.26626,59.97622],[11.26609,59.97602],[11.26597,59.97559],[11.26566,59.97502],[11.26527,59.97455],[11.2651,59.97444],[11.26497,59.97442],[11.26482,59.97443],[11.26464,59.97449],[11.26441,59.97473],[11.26432,59.97476]]}},{"type":"Feature","properties":{"fade":1.0},"geometry":{"type":"LineString","coordinates":[[11.29097,59.74347],[11.2911,59.7435],[11.29136,59.74348],[11.29158,59.74341],[11.29193,59.74314],[11.29208,59.74288],[11.29215,59.74282],[11.29301,59.74237],[11.29366,59.7424],[11.29401,59.74245],[11.29464,59.74258],[11.29516,59.74258],[11.29579,59.74263],[11.29601,59.74261],[11.29671,59.74234]]}},{"type":"Feature","properties":{"fade":1.0},"geometry":{"type":"LineString","coordinates":[[11.28948,59.76067],[11.28936,59.76064],[11.28925,59.76058]]}},{"type":"Feature","properties":{"fade":1.0},"geometry":{"type":"LineString","coordinates":[[11.28925,59.76058],[11.28933,59.76068],[11.28939,59.76072]]}},{"type":"Feature","properties":{"fade":1.0},"geometry":{"type":"LineString","coordinates":[[11.2899,59.75878],[11.28975,59.75893],[11.28953,59.75925],[11.28935,59.76012],[11.28923,59.76046],[11.28925,59.76058]]}},{"type":"Feature","properties":{"fade":1.0},"geometry":{"type":"LineString","coordinates":[[11.29031,59.75122],[11.2905,59.75121],[11.29066,59.75124],[11.29094,59.75139],[11.29121,59.75148],[11.29118,59.75157]]}},{"type":"Feature","properties":{"fade":1.0},"geometry":{"type":"LineString","coordinates":[[11.26236,60.00371],[11.26257,60.00379],[11.26292,60.004]]}},{"type":"Feature","properties":{"fade":1.0},"geometry":{"type":"LineString","coordinates":[[11.29173,59.74682],[11.29178,59.74701],[11.29175,59.74724],[11.29162,59.74745],[11.29144,59.74763]]}},{"type":"Feature","properties":{"fade":1.0},"geometry":{"type":"LineString","coordinates":[[11.26387,60.00483],[11.26292,60.004]]}},{"type":"Feature","properties":{"fade":1.0},"geometry":{"type":"LineString","coordinates":[[11.26292,60.004],[11.26308,60.00396]]}},{"type":"Feature","properties":{"fade":1.0},"geometry":{"type":"LineString","coordinates":[[11.29404,59.73618],[11.29473,59.73607],[11.29496,59.7361],[11.29547,59.73625],[11.29574,59.73639],[11.29587,59.73647],[11.29615,59.73676],[11.29665,59.73693],[11.29683,59.73694],[11.29699,59.73689],[11.29721,59.73678],[11.29762,59.73668],[11.29816,59.7364],[11.29866,59.73608],[11.29895,59.73583],[11.29908,59.73576],[11.29929,59.73568],[11.29975,59.73537]]}},{"type":"Feature","properties":{"fade":1.0},"geometry":{"type":"LineString","coordinates":[[11.26965,59.97163],[11.26926,59.97143],[11.26916,59.97141],[11.26877,59.97143],[11.26868,59.97142],[11.26846,59.97122],[11.26826,59.97111],[11.26827,59.97104]]}},{"type":"Feature","properties":{"fade":1.0},"geometry":{"type":"LineString","coordinates":[[11.26928,59.97538],[11.26943,59.97546],[11.26953,59.9757],[11.26976,59.97575],[11.27003,59.97576],[11.27023,59.97581],[11.27034,59.97588],[11.27036,59.97596],[11.2702,59.97608],[11.27017,59.97618],[11.27011,59.97624],[11.26965,59.97634],[11.26913,59.9766],[11.26898,59.97665]]}},{"type":"Feature","properties":{"fade":1.0},"geometry":{"type":"LineString","coordinates":[[11.29433,59.75019],[11.29457,59.75017],[11.29499,59.75003],[11.29525,59.74993],[11.29574,59.74967],[11.29638,59.74946],[11.29669,59.74925],[11.29688,59.749],[11.29713,59.74882],[11.29794,59.74844],[11.29846,59.74826],[11.29867,59.74812],[11.29897,59.74786],[11.29947,59.74763],[11.29981,59.74715],[11.30057,59.74667],[11.3015,59.74584],[11.30181,59.74542],[11.30203,59.74528],[11.30213,59.74515],[11.30214,59.74492],[11.30221,59.74475],[11.30259,59.74465]]}},{"type":"Feature","properties":{"fade":1.0},"geometry":{"type":"LineString","coordinates":[[11.26831,59.98706],[11.26858,59.98701],[11.26888,59.98683],[11.26926,59.98669]]}},{"type":"Feature","properties":{"fade":1.0},"geometry":{"type":"LineString","coordinates":[[11.29466,59.75427],[11.29494,59.75435],[11.29509,59.75447],[11.29559,59.75478]]}},{"type":"Feature","properties":{"fade":1.0},"geometry":{"type":"LineString","coordinates":[[11.26926,59.98669],[11.26933,59.98677],[11.26931,59.98682],[11.26903,59.98697],[11.26892,59.98711]]}},{"type":"Feature","properties":{"fade":1.0},"geometry":{"type":"LineString","coordinates":[[11.26926,59.98669],[11.26948,59.9866],[11.26965,59.98646],[11.26979,59.98619],[11.27006,59.98512],[11.26981,59.98484]]}},{"type":"Feature","properties":{"fade":1.0},"geometry":{"type":"LineString","coordinates":[[11.26914,60.00114],[11.26852,60.00091],[11.26804,60.00068]]}},{"type":"Feature","properties":{"fade":1.0},"geometry":{"type":"LineString","coordinates":[[11.29855,59.75389],[11.2988,59.75408],[11.29866,59.75429],[11.2986,59.75447],[11.2982,59.75498],[11.29823,59.75514],[11.29819,59.75519],[11.2978,59.75513],[11.29732,59.75526],[11.29708,59.75523],[11.29677,59.75516],[11.29593,59.75488],[11.29559,59.7548]]}},{"type":"Feature","properties":{"fade":1.0},"geometry":{"type":"LineString","coordinates":[[11.26845,60.0048],[11.26816,60.00515],[11.26807,60.00535]]}},{"type":"Feature","properties":{"fade":1.0},"geometry":{"type":"LineString","coordinates":[[11.26845,60.00265],[11.26889,60.00264],[11.26954,60.00268],[11.27184,60.0025]]}},{"type":"Feature","properties":{"fade":1.0},"geometry":{"type":"LineString","coordinates":[[11.26845,60.00265],[11.26824,60.00315],[11.26821,60.00337],[11.26825,60.00357],[11.26835,60.00375],[11.26845,60.0048]]}},{"type":"Feature","properties":{"fade":1.0},"geometry":{"type":"LineString","coordinates":[[11.26845,60.00265],[11.26846,60.00252],[11.26853,60.00241],[11.26894,60.00196],[11.26914,60.00114]]}},{"type":"Feature","properties":{"fade":1.0},"geometry":{"type":"LineString","coordinates":[[11.26845,60.0048],[11.26922,60.0044],[11.26961,60.00424],[11.27051,60.00396]]}},{"type":"Feature","properties":{"fade":1.0},"geometry":{"type":"LineString","coordinates":[[11.26914,60.00114],[11.26981,60.00141],[11.27029,60.00163],[11.27111,60.0021]]}},{"type":"Feature","properties":{"fade":1.0},"geometry":{"type":"LineString","coordinates":[[11.26914,60.00114],[11.2693,60.00042],[11.26938,60.00031],[11.26952,60.00025],[11.27017,60.00014],[11.27045,60.00012],[11.27126,60.00011],[11.27181,60.00004],[11.2721,60.00002],[11.27266,60.00002],[11.27283,60.00003],[11.27304,60.00009]]}},{"type":"Feature","properties":{"fade":1.0},"geometry":{"type":"LineString","coordinates":[[11.27111,60.0021],[11.27184,60.0025]]}},{"type":"Feature","properties":{"fade":1.0},"geometry":{"type":"LineString","coordinates":[[11.27111,60.0021],[11.27142,60.00187],[11.27177,60.00151],[11.27205,60.00131],[11.27242,60.00112],[11.27267,60.00088],[11.2728,60.00067],[11.27293,60.00026],[11.27304,60.00009]]}},{"type":"Feature","properties":{"fade":1.0},"geometry":{"type":"LineString","coordinates":[[11.27184,60.0025],[11.27235,60.00263],[11.27283,60.00269],[11.27308,60.00265],[11.27345,60.00252],[11.27367,60.0023],[11.27378,60.00207],[11.2739,60.00165],[11.27411,60.00153],[11.27437,60.00149]]}},{"type":"Feature","properties":{"fade":1.0},"geometry":{"type":"LineString","coordinates":[[11.27289,59.99912],[11.27271,59.99897],[11.27261,59.99881],[11.27256,59.9988]]}},{"type":"Feature","properties":{"fade":1.0},"geometry":{"type":"LineString","coordinates":[[11.27437,59.9998],[11.27428,59.99979],[11.27371,59.9996],[11.27311,59.99928],[11.27289,59.99912]]}},{"type":"Feature","properties":{"fade":1.0},"geometry":{"type":"LineString","coordinates":[[11.27289,59.99912],[11.27345,59.99909],[11.27376,59.99916]]}},{"type":"Feature","properties":{"fade":1.0},"geometry":{"type":"LineString","coordinates":[[11.27607,59.97181],[11.27612,59.97192],[11.27629,59.97203],[11.27644,59.97219]]}},{"type":"Feature","properties":{"fade":1.0},"geometry":{"type":"LineString","coordinates":[[11.27447,60.00006],[11.27421,60.0001],[11.27365,60.00026],[11.27347,60.00027],[11.27324,60.0002],[11.27304,60.00009]]}},{"type":"Feature","properties":{"fade":1.0},"geometry":{"type":"LineString","coordinates":[[11.27376,59.99916],[11.27374,59.99932],[11.27377,59.99941],[11.27388,59.99952],[11.27432,59.99973],[11.27437,59.9998]]}},{"type":"Feature","properties":{"fade":1.0},"geometry":{"type":"LineString","coordinates":[[11.27412,59.99899],[11.27376,59.99916]]}},{"type":"Feature","properties":{"fade":1.0},"geometry":{"type":"LineString","coordinates":[[11.27574,59.99951],[11.27527,59.9994],[11.27486,59.99923],[11.27458,59.9993],[11.27441,59.9993],[11.27428,59.99912],[11.27412,59.99899]]}},{"type":"Feature","properties":{"fade":1.0},"geometry":{"type":"LineString","coordinates":[[11.27412,59.99899],[11.27437,59.99895],[11.27493,59.99892]]}},{"type":"Feature","properties":{"fade":1.0},"geometry":{"type":"LineString","coordinates":[[11.30352,59.74375],[11.30308,59.74407],[11.30287,59.74427],[11.30259,59.74465]]}},{"type":"Feature","properties":{"fade":1.0},"geometry":{"type":"LineString","coordinates":[[11.30259,59.74465],[11.30282,59.74465],[11.30297,59.74469],[11.30348,59.74497],[11.30388,59.74513]]}},{"type":"Feature","properties":{"fade":1.0},"geometry":{"type":"LineString","coordinates":[[11.27439,59.99985],[11.27437,59.9998]]}},{"type":"Feature","properties":{"fade":1.0},"geometry":{"type":"LineString","coordinates":[[11.27447,60.00006],[11.2744,59.99998],[11.27439,59.99988]]}},{"type":"Feature","properties":{"fade":1.0},"geometry":{"type":"LineString","coordinates":[[11.27682,59.99904],[11.27712,59.99942],[11.27736,59.99962],[11.27731,59.99972],[11.27718,59.9998],[11.2771,59.99981],[11.27694,59.99976],[11.27666,59.99964],[11.2764,59.99964],[11.27582,59.99989],[11.27528,60.00007],[11.27484,60.00005],[11.27447,60.00006]]}},{"type":"Feature","properties":{"fade":1.0},"geometry":{"type":"LineString","coordinates":[[11.27499,60.00017],[11.27527,60.00041],[11.27576,60.00068],[11.27592,60.00068]]}},{"type":"Feature","properties":{"fade":1.0},"geometry":{"type":"LineString","coordinates":[[11.27789,59.97469],[11.2782,59.97478]]}},{"type":"Feature","properties":{"fade":1.0},"geometry":{"type":"LineString","coordinates":[[11.27726,59.98576],[11.27741,59.98569],[11.27821,59.98564],[11.27835,59.9856]]}},{"type":"Feature","properties":{"fade":1.0},"geometry":{"type":"LineString","coordinates":[[11.28009,59.97785],[11.27999,59.97798],[11.27932,59.97851]]}},{"type":"Feature","properties":{"fade":1.0},"geometry":{"type":"LineString","coordinates":[[11.28258,59.97587],[11.28216,59.97563],[11.2819,59.97555],[11.28077,59.97556]]}},{"type":"Feature","properties":{"fade":1.0},"geometry":{"type":"LineString","coordinates":[[11.28293,59.98008],[11.283,59.97996]]}},{"type":"Feature","properties":{"fade":1.0},"geometry":{"type":"LineString","coordinates":[[11.28352,59.98029],[11.28333,59.9801],[11.283,59.97996]]}},{"type":"Feature","properties":{"fade":1.0},"geometry":{"type":"LineString","coordinates":[[11.283,59.97996],[11.28329,59.97952],[11.28361,59.97933],[11.28373,59.97918],[11.28371,59.97885],[11.28375,59.97872],[11.28392,59.97865],[11.28415,59.97864],[11.28438,59.97872],[11.28448,59.97879],[11.28468,59.97902],[11.28515,59.9794],[11.2852,59.97953],[11.28514,59.9799],[11.28523,59.98004],[11.28534,59.98011],[11.28574,59.98023],[11.28725,59.98045]]}},{"type":"Feature","properties":{"fade":1.0},"geometry":{"type":"LineString","coordinates":[[11.29491,59.9986],[11.2947,59.99861],[11.29447,59.99865],[11.29358,59.99888],[11.29343,59.99887],[11.29214,59.99853],[11.29014,59.9978],[11.2898,59.99774],[11.28935,59.99775],[11.28901,59.99779],[11.28827,59.99802],[11.28748,59.99803],[11.2873,59.99809],[11.28713,59.99818],[11.28692,59.99822],[11.28667,59.99815],[11.28567,59.99759],[11.28373,59.99672],[11.28348,59.99668],[11.28315,59.99678],[11.28264,59.99683],[11.28259,59.99686],[11.28259,59.9969],[11.28279,59.99699]]}},{"type":"Feature","properties":{"fade":1.0},"geometry":{"type":"LineString","coordinates":[[11.28447,59.99375],[11.28484,59.99392],[11.28563,59.99413]]}},{"type":"Feature","properties":{"fade":1.0},"geometry":{"type":"LineString","coordinates":[[11.29035,59.99483],[11.28936,59.99506],[11.28858,59.99505],[11.28791,59.99514],[11.28755,59.99522],[11.28729,59.99534],[11.28703,59.99554],[11.28689,59.99559],[11.28661,59.99563],[11.2858,59.99568],[11.28544,59.99578],[11.28512,59.99576],[11.28502,59.99572],[11.28487,59.99562]]}},{"type":"Feature","properties":{"fade":1.0},"geometry":{"type":"LineString","coordinates":[[11.28563,59.99413],[11.28634,59.99429],[11.2868,59.99431],[11.28746,59.99427],[11.28837,59.99414],[11.28859,59.99408],[11.28912,59.99375],[11.28924,59.99374],[11.28981,59.99405],[11.29032,59.9942],[11.29039,59.99425],[11.29043,59.99437],[11.29034,59.9947],[11.29035,59.99483]]}},{"type":"Feature","properties":{"fade":1.0},"geometry":{"type":"LineString","coordinates":[[11.28563,59.99413],[11.28556,59.99403],[11.28554,59.99384],[11.28561,59.9935],[11.28574,59.99329],[11.28608,59.99299],[11.28608,59.99287]]}},{"type":"Feature","properties":{"fade":1.0},"geometry":{"type":"LineString","coordinates":[[11.28697,59.98514],[11.28755,59.98544],[11.28767,59.98556]]}},{"type":"Feature","properties":{"fade":1.0},"geometry":{"type":"LineString","coordinates":[[11.29135,59.98211],[11.29208,59.98204]]}},{"type":"Feature","properties":{"fade":1.0},"geometry":{"type":"LineString","coordinates":[[11.29148,59.99577],[11.29124,59.99557],[11.29085,59.99516],[11.29035,59.99483]]}},{"type":"Feature","properties":{"fade":1.0},"geometry":{"type":"LineString","coordinates":[[11.29297,59.99483],[11.29228,59.99481],[11.29133,59.99468],[11.29059,59.99476],[11.29035,59.99483]]}},{"type":"Feature","properties":{"fade":1.0},"geometry":{"type":"LineString","coordinates":[[11.29184,59.9817],[11.29196,59.98182],[11.29208,59.98204]]}},{"type":"Feature","properties":{"fade":1.0},"geometry":{"type":"LineString","coordinates":[[11.29208,59.98204],[11.29301,59.98203]]}},{"type":"Feature","properties":{"fade":1.0},"geometry":{"type":"LineString","coordinates":[[11.29167,59.99186],[11.29227,59.99239]]}},{"type":"Feature","properties":{"fade":1.0},"geometry":{"type":"LineString","coordinates":[[11.29781,59.98692],[11.29766,59.98683],[11.29688,59.98661],[11.29628,59.98635],[11.29549,59.98605],[11.29522,59.98591],[11.29486,59.98541],[11.29471,59.98505],[11.29461,59.98495],[11.29398,59.98458],[11.29337,59.9841],[11.29321,59.9837],[11.29335,59.98342]]}},{"type":"Feature","properties":{"fade":1.0},"geometry":{"type":"LineString","coordinates":[[11.29349,59.98296],[11.2935,59.98289],[11.29334,59.98266],[11.29338,59.98255],[11.2935,59.98247]]}},{"type":"Feature","properties":{"fade":1.0},"geometry":{"type":"LineString","coordinates":[[11.29349,59.98296],[11.29346,59.98298]]}},{"type":"Feature","properties":{"fade":1.0},"geometry":{"type":"LineString","coordinates":[[11.29349,59.98296],[11.29451,59.98307],[11.29581,59.98331],[11.29672,59.98345]]}},{"type":"Feature","properties":{"fade":1.0},"geometry":{"type":"LineString","coordinates":[[11.29255,59.99163],[11.29223,59.99113],[11.29224,59.99107],[11.29235,59.99096],[11.29313,59.99054],[11.2937,59.9903],[11.29396,59.99024],[11.29455,59.99024],[11.2947,59.99021]]}},{"type":"Feature","properties":{"fade":1.0},"geometry":{"type":"LineString","coordinates":[[11.29412,59.98805],[11.29373,59.98776],[11.29371,59.9876],[11.29376,59.98754],[11.29412,59.98736],[11.2946,59.98728],[11.29472,59.98721],[11.29476,59.98707],[11.29469,59.98676],[11.29452,59.98665]]}},{"type":"Feature","properties":{"fade":1.0},"geometry":{"type":"LineString","coordinates":[[11.30112,59.9821],[11.30013,59.98183],[11.29987,59.98171],[11.29959,59.98153],[11.29948,59.98142],[11.29888,59.98054],[11.29883,59.98009]]}},{"type":"Feature","properties":{"fade":1.0},"geometry":{"type":"LineString","coordinates":[[11.30064,59.99501],[11.30045,59.99482],[11.3003,59.99474],[11.29915,59.99434],[11.29904,59.99427]]}},{"type":"Feature","properties":{"fade":1.0},"geometry":{"type":"LineString","coordinates":[[11.30128,59.98985],[11.30137,59.98989],[11.3017,59.98992],[11.30174,59.98994],[11.30176,59.98999],[11.30172,59.99003],[11.30146,59.99004]]}},{"type":"Feature","properties":{"fade":0.75},"geometry":{"type":"LineString","coordinates":[[10.99391,59.94377],[10.99429,59.94391]]}},{"type":"Feature","properties":{"fade":0.75},"geometry":{"type":"LineString","coordinates":[[11.02637,59.93054],[11.0267,59.93052],[11.02691,59.93046],[11.02746,59.93024],[11.02787,59.93015],[11.02839,59.93015],[11.02895,59.93027]]}},{"type":"Feature","properties":{"fade":0.75},"geometry":{"type":"LineString","coordinates":[[11.02167,59.9822],[11.02158,59.98235],[11.0211,59.98274],[11.02084,59.983]]}},{"type":"Feature","properties":{"fade":0.75},"geometry":{"type":"LineString","coordinates":[[11.02289,59.98231],[11.0229,59.98298],[11.02283,59.98319]]}},{"type":"Feature","properties":{"fade":0.75},"geometry":{"type":"LineString","coordinates":[[11.03013,59.92793],[11.03077,59.92848],[11.03094,59.9286],[11.0312,59.92871]]}},{"type":"Feature","properties":{"fade":0.75},"geometry":{"type":"LineString","coordinates":[[11.03218,59.92674],[11.03238,59.92693],[11.03238,59.92711],[11.03243,59.92721],[11.03266,59.92739],[11.03309,59.92755]]}},{"type":"Feature","properties":{"fade":0.75},"geometry":{"type":"LineString","coordinates":[[11.03908,59.92452],[11.03895,59.92443],[11.03895,59.92436],[11.03911,59.92417],[11.03918,59.92397],[11.03928,59.9239],[11.03941,59.92387],[11.0398,59.92386],[11.03983,59.92384],[11.03958,59.92358],[11.03957,59.92353],[11.03967,59.92348],[11.04011,59.92343]]}},{"type":"Feature","properties":{"fade":0.75},"geometry":{"type":"LineString","coordinates":[[11.04021,59.92242],[11.0405,59.92255],[11.04018,59.92286],[11.04023,59.92307],[11.04018,59.92314],[11.04018,59.92327],[11.04011,59.92343]]}},{"type":"Feature","properties":{"fade":0.75},"geometry":{"type":"LineString","coordinates":[[11.04011,59.92343],[11.0402,59.92347],[11.04082,59.92354]]}},{"type":"Feature","properties":{"fade":0.75},"geometry":{"type":"LineString","coordinates":[[11.04535,59.92035],[11.04529,59.92022],[11.04536,59.92014],[11.04549,59.92008],[11.04583,59.92001]]}},{"type":"Feature","properties":{"fade":0.75},"geometry":{"type":"LineString","coordinates":[[11.05349,59.9112],[11.0537,59.91142]]}},{"type":"Feature","properties":{"fade":0.75},"geometry":{"type":"LineString","coordinates":[[11.0537,59.91142],[11.05398,59.9122],[11.05398,59.91234],[11.05403,59.91242]]}},{"type":"Feature","properties":{"fade":0.75},"geometry":{"type":"LineString","coordinates":[[11.05376,59.91103],[11.05368,59.91121],[11.0537,59.91142]]}},{"type":"Feature","properties":{"fade":0.75},"geometry":{"type":"LineString","coordinates":[[11.05375,59.911],[11.05376,59.91103]]}},{"type":"Feature","properties":{"fade":0.75},"geometry":{"type":"LineString","coordinates":[[11.05376,59.91103],[11.05378,59.91097]]}},{"type":"Feature","properties":{"fade":0.75},"geometry":{"type":"LineString","coordinates":[[11.0601,59.87422],[11.05982,59.87404]]}},{"type":"Feature","properties":{"fade":0.75},"geometry":{"type":"LineString","coordinates":[[11.06148,59.8806],[11.0617,59.88056],[11.06239,59.88023],[11.06262,59.88014],[11.06292,59.88006]]}},{"type":"Feature","properties":{"fade":0.75},"geometry":{"type":"LineString","coordinates":[[11.06639,59.89707],[11.06658,59.89703],[11.06698,59.89688],[11.06712,59.89685],[11.06736,59.89673],[11.06784,59.89663],[11.06789,59.8966],[11.06792,59.89648],[11.06807,59.89636],[11.06822,59.89632],[11.06868,59.89607],[11.06885,59.89594],[11.06897,59.89577],[11.06899,59.89555],[11.06922,59.89537],[11.06933,59.89524],[11.06937,59.89494],[11.06933,59.8948],[11.06942,59.89465],[11.06971,59.89445],[11.07025,59.89414],[11.07043,59.89399],[11.07082,59.89393],[11.07123,59.89374]]}},{"type":"Feature","properties":{"fade":0.75},"geometry":{"type":"LineString","coordinates":[[11.05705,59.97632],[11.05708,59.97635]]}},{"type":"Feature","properties":{"fade":0.75},"geometry":{"type":"LineString","coordinates":[[11.07123,59.89374],[11.07155,59.89386],[11.07163,59.89392],[11.0716,59.89409],[11.07153,59.89421]]}},{"type":"Feature","properties":{"fade":0.75},"geometry":{"type":"LineString","coordinates":[[11.07123,59.89374],[11.07141,59.89358],[11.07158,59.89318],[11.0718,59.89297],[11.07241,59.89291],[11.07265,59.89294],[11.07281,59.89293]]}},{"type":"Feature","properties":{"fade":0.75},"geometry":{"type":"LineString","coordinates":[[11.10344,59.61944],[11.10357,59.61955],[11.10347,59.61972],[11.10337,59.6198]]}},{"type":"Feature","properties":{"fade":0.75},"geometry":{"type":"LineString","coordinates":[[11.07267,59.89317],[11.07281,59.89293]]}},{"type":"Feature","properties":{"fade":0.75},"geometry":{"type":"LineString","coordinates":[[11.07281,59.89293],[11.07323,59.89265]]}},{"type":"Feature","properties":{"fade":0.75},"geometry":{"type":"LineString","coordinates":[[11.07312,59.89088],[11.07395,59.89111],[11.0744,59.89117],[11.07474,59.89125]]}},{"type":"Feature","properties":{"fade":0.75},"geometry":{"type":"LineString","coordinates":[[11.0734,59.89249],[11.07355,59.89224],[11.0736,59.89221],[11.07372,59.89219]]}},{"type":"Feature","properties":{"fade":0.75},"geometry":{"type":"LineString","coordinates":[[11.111,59.63951],[11.1107,59.63952]]}},{"type":"Feature","properties":{"fade":0.75},"geometry":{"type":"LineString","coordinates":[[11.08842,59.83927],[11.0883,59.83916],[11.08801,59.839],[11.08785,59.83868],[11.08753,59.83846]]}},{"type":"Feature","properties":{"fade":0.75},"geometry":{"type":"LineString","coordinates":[[11.11396,59.65833],[11.11436,59.65824],[11.11481,59.65822],[11.11492,59.65819],[11.1153,59.65773]]}},{"type":"Feature","properties":{"fade":0.75},"geometry":{"type":"LineString","coordinates":[[11.09915,59.83467],[11.09911,59.83462]]}},{"type":"Feature","properties":{"fade":0.75},"geometry":{"type":"LineString","coordinates":[[11.10061,59.83328],[11.10046,59.83322]]}},{"type":"Feature","properties":{"fade":0.75},"geometry":{"type":"LineString","coordinates":[[11.10152,59.8329],[11.10143,59.83318],[11.10128,59.83331],[11.1012,59.83333],[11.10078,59.83331],[11.10061,59.83328]]}},{"type":"Feature","properties":{"fade":0.75},"geometry":{"type":"LineString","coordinates":[[11.10061,59.83328],[11.10059,59.83338],[11.10064,59.83344],[11.10092,59.83367],[11.10108,59.83408]]}},{"type":"Feature","properties":{"fade":0.75},"geometry":{"type":"LineString","coordinates":[[11.09099,59.95811],[11.09139,59.95887],[11.09143,59.95891],[11.09176,59.95904]]}},{"type":"Feature","properties":{"fade":0.75},"geometry":{"type":"LineString","coordinates":[[11.1369,59.60189],[11.13694,59.60197]]}},{"type":"Feature","properties":{"fade":0.75},"geometry":{"type":"LineString","coordinates":[[11.11776,59.82546],[11.1176,59.82665]]}},{"type":"Feature","properties":{"fade":0.75},"geometry":{"type":"LineString","coordinates":[[11.14727,59.60228],[11.1471,59.60227],[11.14725,59.60221],[11.1477,59.6022],[11.14775,59.60221],[11.14778,59.60231]]}},{"type":"Feature","properties":{"fade":0.75},"geometry":{"type":"LineString","coordinates":[[11.14899,59.6023],[11.1493,59.60226],[11.14961,59.60245],[11.14995,59.60255],[11.15001,59.60259],[11.15003,59.60271],[11.14988,59.6028]]}},{"type":"Feature","properties":{"fade":0.75},"geometry":{"type":"LineString","coordinates":[[11.12432,59.82318],[11.12472,59.82363],[11.12478,59.82381],[11.12516,59.82398]]}},{"type":"Feature","properties":{"fade":0.75},"geometry":{"type":"LineString","coordinates":[[11.15336,59.60313],[11.15347,59.60301],[11.15382,59.60279],[11.15434,59.60234]]}},{"type":"Feature","properties":{"fade":0.75},"geometry":{"type":"LineString","coordinates":[[11.14643,59.67009],[11.14643,59.67036],[11.14626,59.67065],[11.1463,59.67099]]}},{"type":"Feature","properties":{"fade":0.75},"geometry":{"type":"LineString","coordinates":[[11.1218,59.96098],[11.12176,59.96082],[11.12192,59.96065],[11.12197,59.96053],[11.12193,59.96029],[11.12182,59.96015]]}},{"type":"Feature","properties":{"fade":0.75},"geometry":{"type":"LineString","coordinates":[[11.1218,59.96098],[11.12178,59.96104]]}},{"type":"Feature","properties":{"fade":0.75},"geometry":{"type":"LineString","coordinates":[[11.1218,59.96098],[11.12256,59.96024]]}},{"type":"Feature","properties":{"fade":0.75},"geometry":{"type":"LineString","coordinates":[[11.16515,59.60487],[11.16479,59.60484]]}},{"type":"Feature","properties":{"fade":0.75},"geometry":{"type":"LineString","coordinates":[[11.12434,59.96035],[11.12461,59.96048],[11.12477,59.9606],[11.1249,59.96081],[11.12489,59.96092],[11.12484,59.96097]]}},{"type":"Feature","properties":{"fade":0.75},"geometry":{"type":"LineString","coordinates":[[11.13446,59.96104],[11.13404,59.96101],[11.13364,59.96084],[11.13314,59.96073],[11.13247,59.96064],[11.13216,59.96053]]}},{"type":"Feature","properties":{"fade":0.75},"geometry":{"type":"LineString","coordinates":[[11.17438,59.60576],[11.17455,59.60586],[11.17463,59.60594],[11.17462,59.60604],[11.17452,59.60611],[11.17417,59.60629],[11.17315,59.6066],[11.173,59.60667]]}},{"type":"Feature","properties":{"fade":0.75},"geometry":{"type":"LineString","coordinates":[[11.15179,59.80751],[11.15189,59.8075],[11.15261,59.8075],[11.15268,59.80748],[11.15277,59.80714],[11.15273,59.8068],[11.15266,59.80665]]}},{"type":"Feature","properties":{"fade":0.75},"geometry":{"type":"LineString","coordinates":[[11.16418,59.73203],[11.16405,59.73198],[11.16382,59.73172],[11.16385,59.73163],[11.16407,59.73139],[11.16403,59.73122],[11.16373,59.73094],[11.16363,59.7309]]}},{"type":"Feature","properties":{"fade":0.75},"geometry":{"type":"LineString","coordinates":[[11.16708,59.70632],[11.16776,59.70677],[11.16841,59.70698]]}},{"type":"Feature","properties":{"fade":0.75},"geometry":{"type":"LineString","coordinates":[[11.16599,59.71968],[11.16556,59.71987]]}},{"type":"Feature","properties":{"fade":0.75},"geometry":{"type":"LineString","coordinates":[[11.16599,59.71968],[11.16587,59.72001],[11.16594,59.72016],[11.16608,59.72028],[11.16617,59.72042],[11.16602,59.72064]]}},{"type":"Feature","properties":{"fade":0.75},"geometry":{"type":"LineString","coordinates":[[11.16702,59.71926],[11.16681,59.71925],[11.16661,59.71929],[11.16635,59.71941],[11.16599,59.71968]]}},{"type":"Feature","properties":{"fade":0.75},"geometry":{"type":"LineString","coordinates":[[11.16538,59.72851],[11.16537,59.72874],[11.16559,59.72913]]}},{"type":"Feature","properties":{"fade":0.75},"geometry":{"type":"LineString","coordinates":[[11.17036,59.70499],[11.17016,59.70503],[11.16967,59.70495],[11.16901,59.70493],[11.1687,59.70498],[11.16816,59.70522]]}},{"type":"Feature","properties":{"fade":0.75},"geometry":{"type":"LineString","coordinates":[[11.1664,59.72126],[11.16696,59.72145],[11.16861,59.72187]]}},{"type":"Feature","properties":{"fade":0.75},"geometry":{"type":"LineString","coordinates":[[11.1605,59.79775],[11.15964,59.79774],[11.15919,59.79779],[11.15872,59.7978]]}},{"type":"Feature","properties":{"fade":0.75},"geometry":{"type":"LineString","coordinates":[[11.1755,59.68223],[11.17539,59.68225],[11.17494,59.68257],[11.17483,59.68257]]}},{"type":"Feature","properties":{"fade":0.75},"geometry":{"type":"LineString","coordinates":[[11.17378,59.70239],[11.17378,59.70238]]}},{"type":"Feature","properties":{"fade":0.75},"geometry":{"type":"LineString","coordinates":[[11.19842,59.60951],[11.19829,59.60951],[11.19776,59.60946]]}},{"type":"Feature","properties":{"fade":0.75},"geometry":{"type":"LineString","coordinates":[[11.20948,59.61664],[11.21043,59.61636],[11.21095,59.61613]]}},{"type":"Feature","properties":{"fade":0.75},"geometry":{"type":"LineString","coordinates":[[11.22122,59.63195],[11.2208,59.63205],[11.22037,59.63211],[11.21971,59.63212],[11.21924,59.63205]]}},{"type":"Feature","properties":{"fade":0.75},"geometry":{"type":"LineString","coordinates":[[11.23042,59.63024],[11.22848,59.63008],[11.22724,59.62994]]}},{"type":"Feature","properties":{"fade":0.75},"geometry":{"type":"LineString","coordinates":[[11.18745,60.00283],[11.18761,60.00295],[11.1876,60.00305],[11.1875,60.00319],[11.18751,60.00356]]}},{"type":"Feature","properties":{"fade":0.75},"geometry":{"type":"LineString","coordinates":[[11.20979,59.91705],[11.20967,59.91707],[11.20945,59.91707],[11.20887,59.91701],[11.20854,59.9171],[11.2084,59.91717],[11.20781,59.91763],[11.20733,59.91784],[11.20694,59.91793],[11.20672,59.91794]]}},{"type":"Feature","properties":{"fade":0.75},"geometry":{"type":"LineString","coordinates":[[11.21087,59.91495],[11.21037,59.9145],[11.21032,59.91416],[11.21023,59.91397],[11.21017,59.91393]]}},{"type":"Feature","properties":{"fade":0.75},"geometry":{"type":"LineString","coordinates":[[11.21013,60.0104],[11.21036,60.0095]]}},{"type":"Feature","properties":{"fade":0.75},"geometry":{"type":"LineString","coordinates":[[11.22457,59.9436],[11.22466,59.94373],[11.2244,59.94401],[11.22421,59.94429],[11.22421,59.94451],[11.22437,59.94464],[11.22451,59.94467],[11.2248,59.9448],[11.22509,59.94508],[11.22514,59.9453],[11.22523,59.9454]]}},{"type":"Feature","properties":{"fade":0.75},"geometry":{"type":"LineString","coordinates":[[11.22956,59.95019],[11.22938,59.95037],[11.22873,59.95068],[11.22852,59.95092],[11.22839,59.95095],[11.22829,59.95094],[11.22804,59.95081]]}},{"type":"Feature","properties":{"fade":0.75},"geometry":{"type":"LineString","coordinates":[[11.27466,59.62982],[11.2744,59.6302],[11.27437,59.63038],[11.2744,59.63053],[11.27431,59.63069]]}},{"type":"Feature","properties":{"fade":0.75},"geometry":{"type":"LineString","coordinates":[[11.27598,59.63007],[11.27577,59.63033],[11.27527,59.6306],[11.2752,59.63074],[11.27522,59.63087]]}},{"type":"Feature","properties":{"fade":0.75},"geometry":{"type":"LineString","coordinates":[[11.23903,60.01228],[11.23911,60.01198],[11.23931,60.01176],[11.2396,60.01163],[11.24042,60.01139]]}},{"type":"Feature","properties":{"fade":0.75},"geometry":{"type":"LineString","coordinates":[[11.25696,59.87055],[11.25636,59.87043]]}},{"type":"Feature","properties":{"fade":0.75},"geometry":{"type":"LineString","coordinates":[[11.25048,59.96896],[11.25063,59.96914],[11.25073,59.96949]]}},{"type":"Feature","properties":{"fade":0.75},"geometry":{"type":"LineString","coordinates":[[11.25577,59.96823],[11.25577,59.96844],[11.25612,59.96889],[11.25622,59.9691]]}},{"type":"Feature","properties":{"fade":0.75},"geometry":{"type":"LineString","coordinates":[[11.28068,59.82112],[11.28136,59.82133],[11.28188,59.82137],[11.28234,59.82147]]}},{"type":"Feature","properties":{"fade":0.75},"geometry":{"type":"LineString","coordinates":[[11.28234,59.81454],[11.2826,59.81464],[11.28282,59.81468]]}},{"type":"Feature","properties":{"fade":0.75},"geometry":{"type":"LineString","coordinates":[[11.28282,59.81468],[11.28307,59.81466],[11.28377,59.8144],[11.284,59.81446],[11.28412,59.81464]]}},{"type":"Feature","properties":{"fade":0.75},"geometry":{"type":"LineString","coordinates":[[11.28415,59.8138],[11.28408,59.81384],[11.28375,59.81389],[11.28361,59.81394],[11.2835,59.81403],[11.28296,59.81458],[11.28282,59.81468]]}},{"type":"Feature","properties":{"fade":0.75},"geometry":{"type":"LineString","coordinates":[[11.30256,59.64889],[11.30274,59.64885],[11.30361,59.64889],[11.30376,59.64891],[11.30388,59.64902]]}},{"type":"Feature","properties":{"fade":0.75},"geometry":{"type":"LineString","coordinates":[[11.28575,59.80344],[11.28609,59.80289],[11.28646,59.80257],[11.28681,59.80232],[11.28693,59.80219],[11.28743,59.80135],[11.28746,59.80124],[11.28744,59.80095]]}},{"type":"Feature","properties":{"fade":0.75},"geometry":{"type":"LineString","coordinates":[[11.30277,59.65032],[11.30313,59.65021],[11.30338,59.65008],[11.30363,59.64985],[11.30371,59.64973],[11.30356,59.64944],[11.30358,59.64925],[11.30388,59.64902]]}},{"type":"Feature","properties":{"fade":0.75},"geometry":{"type":"LineString","coordinates":[[11.30388,59.64902],[11.30439,59.64926]]}},{"type":"Feature","properties":{"fade":0.75},"geometry":{"type":"LineString","coordinates":[[11.29698,59.72162],[11.29709,59.72165],[11.29781,59.72168],[11.29814,59.72179],[11.29879,59.72193],[11.29901,59.72201],[11.29932,59.72217],[11.29977,59.72249],[11.30002,59.72257],[11.3005,59.72268]]}},{"type":"Feature","properties":{"fade":0.75},"geometry":{"type":"LineString","coordinates":[[11.30927,59.73896],[11.30865,59.73953],[11.30765,59.74011]]}},{"type":"Feature","properties":{"fade":0.75},"geometry":{"type":"LineString","coordinates":[[11.3073,59.74637],[11.30755,59.74658],[11.30779,59.74669],[11.30795,59.74709],[11.30809,59.74725],[11.30864,59.74754],[11.3087,59.74756],[11.30894,59.74755]]}},{"type":"Feature","properties":{"fade":0.75},"geometry":{"type":"LineString","coordinates":[[11.29882,59.97696],[11.29914,59.97671],[11.29931,59.9765],[11.29954,59.97641],[11.30014,59.97636]]}},{"type":"Feature","properties":{"fade":0.75},"geometry":{"type":"LineString","coordinates":[[11.3053,59.98263],[11.30593,59.98265]]}},{"type":"Feature","properties":{"fade":0.85},"geometry":{"type":"LineString","coordinates":[[11.02089,59.98146],[11.02064,59.98161],[11.02063,59.9817],[11.02074,59.98175],[11.021,59.98169],[11.02129,59.98154],[11.02145,59.98153],[11.0216,59.98157],[11.02169,59.98166],[11.02172,59.98176],[11.02167,59.9822]]}},{"type":"Feature","properties":{"fade":0.85},"geometry":{"type":"LineString","coordinates":[[11.02895,59.93027],[11.02915,59.9303],[11.02959,59.93025]]}},{"type":"Feature","properties":{"fade":0.85},"geometry":{"type":"LineString","coordinates":[[11.02331,59.98147],[11.02319,59.9818],[11.02295,59.98207],[11.02289,59.98221],[11.02289,59.98231]]}},{"type":"Feature","properties":{"fade":0.85},"geometry":{"type":"LineString","coordinates":[[11.03176,59.92895],[11.0305,59.92926],[11.03029,59.92957],[11.03048,59.92977],[11.03049,59.92988],[11.02996,59.92998],[11.02987,59.92996]]}},{"type":"Feature","properties":{"fade":0.85},"geometry":{"type":"LineString","coordinates":[[11.0312,59.92871],[11.03176,59.92895]]}},{"type":"Feature","properties":{"fade":0.85},"geometry":{"type":"LineString","coordinates":[[11.03308,59.92893],[11.03232,59.92888],[11.03214,59.92888],[11.03176,59.92895]]}},{"type":"Feature","properties":{"fade":0.85},"geometry":{"type":"LineString","coordinates":[[11.03468,59.92802],[11.03456,59.92794],[11.03403,59.92776],[11.03363,59.92771],[11.03309,59.92755]]}},{"type":"Feature","properties":{"fade":0.85},"geometry":{"type":"LineString","coordinates":[[11.03991,59.92538],[11.03949,59.92499],[11.03908,59.92452]]}},{"type":"Feature","properties":{"fade":0.85},"geometry":{"type":"LineString","coordinates":[[11.04082,59.92354],[11.04099,59.92356],[11.04134,59.92366],[11.04169,59.924],[11.04212,59.92412],[11.04215,59.92415]]}},{"type":"Feature","properties":{"fade":0.85},"geometry":{"type":"LineString","coordinates":[[11.04389,59.9224],[11.04389,59.92213],[11.04413,59.92184],[11.04436,59.92165],[11.04495,59.92126],[11.04552,59.92083],[11.04559,59.92075],[11.04561,59.92066],[11.04557,59.92057],[11.04535,59.92035]]}},{"type":"Feature","properties":{"fade":0.85},"geometry":{"type":"LineString","coordinates":[[11.04583,59.92001],[11.04631,59.92003],[11.04768,59.92025]]}},{"type":"Feature","properties":{"fade":0.85},"geometry":{"type":"LineString","coordinates":[[11.05403,59.91242],[11.05441,59.91299],[11.05468,59.91326],[11.0548,59.91347]]}},{"type":"Feature","properties":{"fade":0.85},"geometry":{"type":"LineString","coordinates":[[11.06166,59.87419],[11.06088,59.8744],[11.0606,59.87439],[11.06037,59.87433],[11.0601,59.87422]]}},{"type":"Feature","properties":{"fade":0.85},"geometry":{"type":"LineString","coordinates":[[11.06292,59.88006],[11.06347,59.87998],[11.0637,59.8799],[11.064,59.87976],[11.06418,59.87951],[11.0643,59.87945]]}},{"type":"Feature","properties":{"fade":0.85},"geometry":{"type":"LineString","coordinates":[[11.05372,59.9769],[11.05287,59.97667],[11.05213,59.97653]]}},{"type":"Feature","properties":{"fade":0.85},"geometry":{"type":"LineString","coordinates":[[11.06994,59.88475],[11.06981,59.8845],[11.07003,59.88421]]}},{"type":"Feature","properties":{"fade":0.85},"geometry":{"type":"LineString","coordinates":[[11.07675,59.85097],[11.07698,59.85065],[11.07688,59.8506],[11.07676,59.85045],[11.07683,59.85023],[11.07677,59.85021],[11.07663,59.85019],[11.07651,59.85012],[11.07637,59.84976]]}},{"type":"Feature","properties":{"fade":0.85},"geometry":{"type":"LineString","coordinates":[[11.07153,59.89421],[11.07149,59.89431],[11.07156,59.89433],[11.07205,59.89409],[11.07237,59.89386],[11.07253,59.89359]]}},{"type":"Feature","properties":{"fade":0.85},"geometry":{"type":"LineString","coordinates":[[11.07271,59.895],[11.07265,59.89474],[11.07241,59.89453],[11.07231,59.89439],[11.07235,59.89431],[11.07275,59.89388],[11.07274,59.89377],[11.07253,59.89359]]}},{"type":"Feature","properties":{"fade":0.85},"geometry":{"type":"LineString","coordinates":[[11.07253,59.89359],[11.07254,59.89342],[11.07267,59.89317]]}},{"type":"Feature","properties":{"fade":0.85},"geometry":{"type":"LineString","coordinates":[[11.07323,59.89265],[11.07335,59.89256],[11.0734,59.89249]]}},{"type":"Feature","properties":{"fade":0.85},"geometry":{"type":"LineString","coordinates":[[11.07372,59.89219],[11.0741,59.89223],[11.07419,59.89222],[11.07427,59.89219],[11.07465,59.89182],[11.07485,59.89169],[11.07507,59.89147]]}},{"type":"Feature","properties":{"fade":0.85},"geometry":{"type":"LineString","coordinates":[[11.07474,59.89125],[11.07507,59.89147]]}},{"type":"Feature","properties":{"fade":0.85},"geometry":{"type":"LineString","coordinates":[[11.07507,59.89147],[11.07524,59.89152],[11.07539,59.89165],[11.07543,59.89179],[11.07541,59.89207],[11.07572,59.89223]]}},{"type":"Feature","properties":{"fade":0.85},"geometry":{"type":"LineString","coordinates":[[11.08911,59.83968],[11.0887,59.83952],[11.08842,59.83927]]}},{"type":"Feature","properties":{"fade":0.85},"geometry":{"type":"LineString","coordinates":[[11.08972,59.83988],[11.08911,59.83968]]}},{"type":"Feature","properties":{"fade":0.85},"geometry":{"type":"LineString","coordinates":[[11.08911,59.83968],[11.08913,59.83959],[11.08896,59.83944],[11.08902,59.83914],[11.08913,59.83902],[11.0896,59.83871],[11.08966,59.83871],[11.08976,59.83875],[11.08992,59.83891],[11.09011,59.839],[11.09021,59.83902]]}},{"type":"Feature","properties":{"fade":0.85},"geometry":{"type":"LineString","coordinates":[[11.1153,59.65773],[11.11551,59.65747],[11.11576,59.65725],[11.1158,59.65717]]}},{"type":"Feature","properties":{"fade":0.85},"geometry":{"type":"LineString","coordinates":[[11.09991,59.83547],[11.09982,59.83541],[11.09969,59.83514],[11.09915,59.83467]]}},{"type":"Feature","properties":{"fade":0.85},"geometry":{"type":"LineString","coordinates":[[11.10108,59.83408],[11.10116,59.83448]]}},{"type":"Feature","properties":{"fade":0.85},"geometry":{"type":"LineString","coordinates":[[11.09036,59.9571],[11.09099,59.95811]]}},{"type":"Feature","properties":{"fade":0.85},"geometry":{"type":"LineString","coordinates":[[11.1176,59.82665],[11.11746,59.82743],[11.11746,59.82783]]}},{"type":"Feature","properties":{"fade":0.85},"geometry":{"type":"LineString","coordinates":[[11.14256,59.66955],[11.14285,59.66936],[11.14305,59.66903],[11.14324,59.66884]]}},{"type":"Feature","properties":{"fade":0.85},"geometry":{"type":"LineString","coordinates":[[11.12516,59.82398],[11.12533,59.82404],[11.12556,59.82426],[11.12586,59.82447],[11.12596,59.82459],[11.12599,59.82474],[11.12603,59.82476]]}},{"type":"Feature","properties":{"fade":0.85},"geometry":{"type":"LineString","coordinates":[[11.14334,59.66885],[11.14351,59.66915],[11.14413,59.66957]]}},{"type":"Feature","properties":{"fade":0.85},"geometry":{"type":"LineString","coordinates":[[11.14533,59.66984],[11.14583,59.66986],[11.14637,59.66985]]}},{"type":"Feature","properties":{"fade":0.85},"geometry":{"type":"LineString","coordinates":[[11.15373,59.60413],[11.15324,59.60401],[11.15333,59.60392],[11.15341,59.60372],[11.15333,59.60326],[11.15336,59.60313]]}},{"type":"Feature","properties":{"fade":0.85},"geometry":{"type":"LineString","coordinates":[[11.15468,59.6043],[11.15453,59.60422],[11.15432,59.60416],[11.1538,59.60414]]}},{"type":"Feature","properties":{"fade":0.85},"geometry":{"type":"LineString","coordinates":[[11.14637,59.66985],[11.14645,59.66999],[11.14643,59.67009]]}},{"type":"Feature","properties":{"fade":0.85},"geometry":{"type":"LineString","coordinates":[[11.14637,59.66985],[11.14653,59.66983],[11.1471,59.66966]]}},{"type":"Feature","properties":{"fade":0.85},"geometry":{"type":"LineString","coordinates":[[11.14784,59.66925],[11.14774,59.66936],[11.14732,59.66953],[11.1471,59.66966]]}},{"type":"Feature","properties":{"fade":0.85},"geometry":{"type":"LineString","coordinates":[[11.1471,59.66966],[11.14748,59.66965],[11.14813,59.66978],[11.14869,59.66968],[11.14888,59.66966]]}},{"type":"Feature","properties":{"fade":0.85},"geometry":{"type":"LineString","coordinates":[[11.12182,59.96015],[11.12171,59.96006],[11.12155,59.95999],[11.12144,59.95988],[11.1214,59.95974],[11.12148,59.95958],[11.12147,59.95933],[11.12141,59.95926],[11.12127,59.95918]]}},{"type":"Feature","properties":{"fade":0.85},"geometry":{"type":"LineString","coordinates":[[11.12266,59.96001],[11.12249,59.95984],[11.12236,59.95963],[11.12209,59.95948],[11.12192,59.95925]]}},{"type":"Feature","properties":{"fade":0.85},"geometry":{"type":"LineString","coordinates":[[11.12256,59.96024],[11.12266,59.96009],[11.12266,59.96001]]}},{"type":"Feature","properties":{"fade":0.85},"geometry":{"type":"LineString","coordinates":[[11.12266,59.96001],[11.12289,59.96014],[11.12311,59.9602],[11.12414,59.9603],[11.12434,59.96035]]}},{"type":"Feature","properties":{"fade":0.85},"geometry":{"type":"LineString","coordinates":[[11.173,59.60667],[11.17284,59.60676],[11.17244,59.60713],[11.17189,59.60754],[11.17163,59.60767]]}},{"type":"Feature","properties":{"fade":0.85},"geometry":{"type":"LineString","coordinates":[[11.16528,59.7328],[11.1652,59.7327],[11.16525,59.73254],[11.1652,59.73249],[11.16507,59.73242],[11.16475,59.73232],[11.16448,59.73213],[11.16418,59.73203]]}},{"type":"Feature","properties":{"fade":0.85},"geometry":{"type":"LineString","coordinates":[[11.16841,59.70698],[11.16849,59.707]]}},{"type":"Feature","properties":{"fade":0.85},"geometry":{"type":"LineString","coordinates":[[11.16906,59.71958],[11.16881,59.71959],[11.16857,59.71955],[11.16782,59.71936],[11.16736,59.71932],[11.16702,59.71926]]}},{"type":"Feature","properties":{"fade":0.85},"geometry":{"type":"LineString","coordinates":[[11.16849,59.707],[11.1685,59.70716],[11.16859,59.70727],[11.16925,59.70772]]}},{"type":"Feature","properties":{"fade":0.85},"geometry":{"type":"LineString","coordinates":[[11.16851,59.70698],[11.16849,59.707]]}},{"type":"Feature","properties":{"fade":0.85},"geometry":{"type":"LineString","coordinates":[[11.17104,59.70497],[11.17093,59.70497],[11.17072,59.70491],[11.17057,59.7049],[11.17036,59.70499]]}},{"type":"Feature","properties":{"fade":0.85},"geometry":{"type":"LineString","coordinates":[[11.16809,59.72597],[11.16927,59.72583],[11.16941,59.72583],[11.16954,59.72585]]}},{"type":"Feature","properties":{"fade":0.85},"geometry":{"type":"LineString","coordinates":[[11.16861,59.72187],[11.17073,59.72228]]}},{"type":"Feature","properties":{"fade":0.85},"geometry":{"type":"LineString","coordinates":[[11.16809,59.72671],[11.16818,59.72672],[11.16883,59.72688],[11.16897,59.7269],[11.16912,59.72689]]}},{"type":"Feature","properties":{"fade":0.85},"geometry":{"type":"LineString","coordinates":[[11.16052,59.79775],[11.1605,59.79775]]}},{"type":"Feature","properties":{"fade":0.85},"geometry":{"type":"LineString","coordinates":[[11.17727,59.68175],[11.17701,59.68195],[11.17662,59.68218],[11.17624,59.68228],[11.17606,59.6823],[11.1755,59.68223]]}},{"type":"Feature","properties":{"fade":0.85},"geometry":{"type":"LineString","coordinates":[[11.17436,59.703],[11.17417,59.70278],[11.1739,59.70264],[11.17378,59.70239]]}},{"type":"Feature","properties":{"fade":0.85},"geometry":{"type":"LineString","coordinates":[[11.2072,59.61652],[11.20913,59.61671],[11.20931,59.6167],[11.20948,59.61664]]}},{"type":"Feature","properties":{"fade":0.85},"geometry":{"type":"LineString","coordinates":[[11.20672,59.91794],[11.2064,59.91797],[11.20608,59.91795],[11.20569,59.91787],[11.20505,59.9176]]}},{"type":"Feature","properties":{"fade":0.85},"geometry":{"type":"LineString","coordinates":[[11.21017,59.91393],[11.20988,59.91379],[11.20965,59.91358],[11.20938,59.91315],[11.20931,59.91295],[11.20909,59.91275]]}},{"type":"Feature","properties":{"fade":0.85},"geometry":{"type":"LineString","coordinates":[[11.21036,60.0095],[11.21056,60.00873],[11.21065,60.0086]]}},{"type":"Feature","properties":{"fade":0.85},"geometry":{"type":"LineString","coordinates":[[11.22235,59.94621],[11.22238,59.9463],[11.22259,59.94642],[11.22269,59.94652],[11.22267,59.94667]]}},{"type":"Feature","properties":{"fade":0.85},"geometry":{"type":"LineString","coordinates":[[11.2595,59.63096],[11.25952,59.63094]]}},{"type":"Feature","properties":{"fade":0.85},"geometry":{"type":"LineString","coordinates":[[11.22506,59.94925],[11.22515,59.94922],[11.22522,59.94915]]}},{"type":"Feature","properties":{"fade":0.85},"geometry":{"type":"LineString","coordinates":[[11.22804,59.95081],[11.22785,59.9507],[11.22772,59.95057],[11.22769,59.95035],[11.22732,59.9498],[11.22706,59.94961],[11.22656,59.94934],[11.22641,59.94924],[11.22618,59.94914],[11.22611,59.94915],[11.22608,59.94919],[11.22622,59.94949],[11.22611,59.94959],[11.226,59.94957],[11.2258,59.94947],[11.22559,59.94926],[11.22522,59.94915]]}},{"type":"Feature","properties":{"fade":0.85},"geometry":{"type":"LineString","coordinates":[[11.22522,59.94915],[11.22527,59.94857],[11.22533,59.94847],[11.22548,59.9484],[11.22557,59.94826],[11.22565,59.94787],[11.22562,59.94784]]}},{"type":"Feature","properties":{"fade":0.85},"geometry":{"type":"LineString","coordinates":[[11.27431,59.63069],[11.27412,59.63114]]}},{"type":"Feature","properties":{"fade":0.85},"geometry":{"type":"LineString","coordinates":[[11.2372,59.96197],[11.23723,59.96209],[11.23735,59.96227]]}},{"type":"Feature","properties":{"fade":0.85},"geometry":{"type":"LineString","coordinates":[[11.27522,59.63087],[11.27526,59.63104],[11.27522,59.63126],[11.27529,59.63152],[11.27524,59.63171],[11.27511,59.63181]]}},{"type":"Feature","properties":{"fade":0.85},"geometry":{"type":"LineString","coordinates":[[11.24846,59.87407],[11.2489,59.87402],[11.249,59.87402],[11.24915,59.8741],[11.24932,59.87405],[11.24955,59.87406],[11.24999,59.87417]]}},{"type":"Feature","properties":{"fade":0.85},"geometry":{"type":"LineString","coordinates":[[11.24042,60.01139],[11.2409,60.01121],[11.24093,60.01114],[11.24081,60.01107]]}},{"type":"Feature","properties":{"fade":0.85},"geometry":{"type":"LineString","coordinates":[[11.25073,59.96949],[11.25077,59.96966],[11.25116,59.96998],[11.25115,59.97001],[11.25076,59.97025],[11.25058,59.97041]]}},{"type":"Feature","properties":{"fade":0.85},"geometry":{"type":"LineString","coordinates":[[11.25622,59.9691],[11.25697,59.96966],[11.2572,59.96999]]}},{"type":"Feature","properties":{"fade":0.85},"geometry":{"type":"LineString","coordinates":[[11.27923,59.82028],[11.27939,59.82044],[11.27978,59.82095],[11.28068,59.82112]]}},{"type":"Feature","properties":{"fade":0.85},"geometry":{"type":"LineString","coordinates":[[11.28322,59.8093],[11.28307,59.80949],[11.2822,59.80988],[11.28193,59.81004],[11.28122,59.81031],[11.28105,59.81046],[11.2808,59.81055]]}},{"type":"Feature","properties":{"fade":0.85},"geometry":{"type":"LineString","coordinates":[[11.28072,59.81399],[11.28058,59.81422]]}},{"type":"Feature","properties":{"fade":0.85},"geometry":{"type":"LineString","coordinates":[[11.28234,59.81454],[11.28216,59.81448]]}},{"type":"Feature","properties":{"fade":0.85},"geometry":{"type":"LineString","coordinates":[[11.28313,59.80642],[11.2833,59.8063],[11.28364,59.80595],[11.28396,59.8055],[11.28434,59.80507],[11.28484,59.80461],[11.28487,59.80437],[11.28535,59.80394],[11.28561,59.8038],[11.28567,59.80368],[11.28566,59.80355],[11.28575,59.80344]]}},{"type":"Feature","properties":{"fade":0.85},"geometry":{"type":"LineString","coordinates":[[11.30071,59.64821],[11.30095,59.64821],[11.30131,59.64836],[11.30156,59.64852],[11.3018,59.64877],[11.30205,59.64895],[11.30232,59.64894],[11.30256,59.64889]]}},{"type":"Feature","properties":{"fade":0.85},"geometry":{"type":"LineString","coordinates":[[11.30237,59.64989],[11.30189,59.64993],[11.30124,59.65002],[11.30105,59.65011],[11.30099,59.65029]]}},{"type":"Feature","properties":{"fade":0.85},"geometry":{"type":"LineString","coordinates":[[11.30112,59.65125],[11.30156,59.65109],[11.30177,59.65095],[11.30205,59.6507],[11.30202,59.65057],[11.30211,59.6505],[11.30222,59.65044],[11.30277,59.65032]]}},{"type":"Feature","properties":{"fade":0.85},"geometry":{"type":"LineString","coordinates":[[11.29484,59.72076],[11.29518,59.72068],[11.29536,59.7207],[11.29574,59.72093],[11.29585,59.72107],[11.29598,59.72117],[11.29612,59.72135],[11.29678,59.72158],[11.29698,59.72162]]}},{"type":"Feature","properties":{"fade":0.85},"geometry":{"type":"LineString","coordinates":[[11.26749,59.97012],[11.26749,59.96999]]}},{"type":"Feature","properties":{"fade":0.85},"geometry":{"type":"LineString","coordinates":[[11.30765,59.74011],[11.30726,59.74028],[11.30701,59.74056],[11.30663,59.74079],[11.30646,59.74097],[11.30631,59.74135],[11.30619,59.7415],[11.30557,59.74194],[11.30508,59.74237]]}},{"type":"Feature","properties":{"fade":0.85},"geometry":{"type":"LineString","coordinates":[[11.30559,59.74574],[11.30618,59.74577],[11.30655,59.74581],[11.30664,59.74585],[11.30696,59.74622],[11.3073,59.74637]]}},{"type":"Feature","properties":{"fade":0.85},"geometry":{"type":"LineString","coordinates":[[11.29898,59.9785],[11.29895,59.97828],[11.29864,59.97751],[11.29863,59.97726],[11.29872,59.97705],[11.29882,59.97696]]}},{"type":"Feature","properties":{"fade":0.85},"geometry":{"type":"LineString","coordinates":[[11.3053,59.98263],[11.30452,59.98259],[11.30389,59.98253],[11.30334,59.98255]]}},{"type":"Feature","properties":{"fade":0.35},"geometry":{"type":"LineString","coordinates":[[10.97811,59.96205],[10.97775,59.96191],[10.97754,59.96186],[10.97633,59.96184]]}},{"type":"Feature","properties":{"fade":0.35},"geometry":{"type":"LineString","coordinates":[[10.97635,59.96214],[10.97735,59.96208],[10.97788,59.96215],[10.97802,59.96213],[10.97811,59.96205]]}},{"type":"Feature","properties":{"fade":0.35},"geometry":{"type":"LineString","coordinates":[[10.97819,59.96745],[10.97836,59.96726],[10.9784,59.96711],[10.97838,59.96702],[10.97822,59.96683],[10.97831,59.96655],[10.97826,59.96638]]}},{"type":"Feature","properties":{"fade":0.35},"geometry":{"type":"LineString","coordinates":[[10.99857,59.98267],[10.99956,59.98247]]}},{"type":"Feature","properties":{"fade":0.35},"geometry":{"type":"LineString","coordinates":[[11.04692,59.91083],[11.04653,59.91088],[11.04634,59.91088],[11.04612,59.91083],[11.04565,59.91068]]}},{"type":"Feature","properties":{"fade":0.35},"geometry":{"type":"LineString","coordinates":[[11.04692,59.91083],[11.04645,59.91057],[11.04612,59.91032]]}},{"type":"Feature","properties":{"fade":0.35},"geometry":{"type":"LineString","coordinates":[[11.0373,59.9854],[11.03727,59.98538]]}},{"type":"Feature","properties":{"fade":0.35},"geometry":{"type":"LineString","coordinates":[[11.04743,59.91095],[11.04726,59.91088],[11.04692,59.91083]]}},{"type":"Feature","properties":{"fade":0.35},"geometry":{"type":"LineString","coordinates":[[11.05366,59.87682],[11.05316,59.87664],[11.05267,59.87641],[11.05208,59.87618],[11.05146,59.87588]]}},{"type":"Feature","properties":{"fade":0.35},"geometry":{"type":"LineString","coordinates":[[11.05378,59.88019],[11.05399,59.88021],[11.05449,59.8802]]}},{"type":"Feature","properties":{"fade":0.35},"geometry":{"type":"LineString","coordinates":[[11.05449,59.8802],[11.05439,59.8806],[11.05431,59.88066],[11.0541,59.88076]]}},{"type":"Feature","properties":{"fade":0.35},"geometry":{"type":"LineString","coordinates":[[11.05449,59.8802],[11.05481,59.88017],[11.05518,59.88022],[11.05547,59.88036],[11.05571,59.88053],[11.05583,59.88058]]}},{"type":"Feature","properties":{"fade":0.35},"geometry":{"type":"LineString","coordinates":[[11.05264,59.90528],[11.05279,59.9055],[11.05291,59.90606],[11.05308,59.90624],[11.05312,59.90655]]}},{"type":"Feature","properties":{"fade":0.35},"geometry":{"type":"LineString","coordinates":[[11.09917,59.6122],[11.09997,59.61215],[11.10013,59.61223],[11.10027,59.6124],[11.10037,59.61244]]}},{"type":"Feature","properties":{"fade":0.35},"geometry":{"type":"LineString","coordinates":[[11.10389,59.60846],[11.10429,59.60894]]}},{"type":"Feature","properties":{"fade":0.35},"geometry":{"type":"LineString","coordinates":[[11.08238,59.83674],[11.08269,59.83683],[11.08295,59.83698]]}},{"type":"Feature","properties":{"fade":0.35},"geometry":{"type":"LineString","coordinates":[[11.08633,59.83524],[11.08629,59.83504],[11.08641,59.83486],[11.08641,59.83479],[11.08636,59.83467],[11.08614,59.83448],[11.08613,59.83423],[11.086,59.83414]]}},{"type":"Feature","properties":{"fade":0.35},"geometry":{"type":"LineString","coordinates":[[11.10762,59.65999],[11.10788,59.65997],[11.10842,59.66007],[11.10869,59.66007],[11.10903,59.66001],[11.10945,59.65987]]}},{"type":"Feature","properties":{"fade":0.35},"geometry":{"type":"LineString","coordinates":[[11.11501,59.60282],[11.11496,59.60313],[11.11499,59.6034],[11.11493,59.60361],[11.11493,59.60402]]}},{"type":"Feature","properties":{"fade":0.35},"geometry":{"type":"LineString","coordinates":[[11.11175,59.66263],[11.11122,59.66252],[11.11104,59.66245],[11.11122,59.66208],[11.11153,59.66181]]}},{"type":"Feature","properties":{"fade":0.35},"geometry":{"type":"LineString","coordinates":[[11.09366,59.83214],[11.09364,59.83207],[11.09356,59.83203],[11.0934,59.832],[11.09297,59.83228]]}},{"type":"Feature","properties":{"fade":0.35},"geometry":{"type":"LineString","coordinates":[[11.09378,59.83214],[11.09366,59.83214]]}},{"type":"Feature","properties":{"fade":0.35},"geometry":{"type":"LineString","coordinates":[[11.09366,59.83218],[11.09366,59.83214]]}},{"type":"Feature","properties":{"fade":0.35},"geometry":{"type":"LineString","coordinates":[[11.12205,59.60158],[11.12205,59.60155]]}},{"type":"Feature","properties":{"fade":0.35},"geometry":{"type":"LineString","coordinates":[[11.09558,59.83159],[11.09572,59.83144],[11.09572,59.83135],[11.09566,59.83123],[11.09571,59.83113],[11.0959,59.83108],[11.0963,59.83111],[11.0965,59.83108],[11.09677,59.83099],[11.09712,59.83081],[11.09728,59.83072],[11.09736,59.83062]]}},{"type":"Feature","properties":{"fade":0.35},"geometry":{"type":"LineString","coordinates":[[11.11492,59.66588],[11.1157,59.66496]]}},{"type":"Feature","properties":{"fade":0.35},"geometry":{"type":"LineString","coordinates":[[11.09762,59.83058],[11.09747,59.83062],[11.09736,59.83062]]}},{"type":"Feature","properties":{"fade":0.35},"geometry":{"type":"LineString","coordinates":[[11.09736,59.83062],[11.0975,59.83039]]}},{"type":"Feature","properties":{"fade":0.35},"geometry":{"type":"LineString","coordinates":[[11.09762,59.83058],[11.0975,59.83039]]}},{"type":"Feature","properties":{"fade":0.35},"geometry":{"type":"LineString","coordinates":[[11.0975,59.83039],[11.09771,59.83006]]}},{"type":"Feature","properties":{"fade":0.35},"geometry":{"type":"LineString","coordinates":[[11.09794,59.83085],[11.0978,59.83066],[11.09762,59.83058]]}},{"type":"Feature","properties":{"fade":0.35},"geometry":{"type":"LineString","coordinates":[[11.09873,59.83061],[11.09863,59.83053],[11.0984,59.83046],[11.09828,59.83037],[11.09822,59.83025],[11.0983,59.83005]]}},{"type":"Feature","properties":{"fade":0.35},"geometry":{"type":"LineString","coordinates":[[11.12603,59.66987],[11.12604,59.66997]]}},{"type":"Feature","properties":{"fade":0.35},"geometry":{"type":"LineString","coordinates":[[11.09854,59.96258],[11.09726,59.96172]]}},{"type":"Feature","properties":{"fade":0.35},"geometry":{"type":"LineString","coordinates":[[11.12494,59.74069],[11.12487,59.74043],[11.12497,59.74025],[11.12511,59.74013],[11.12549,59.73995],[11.12587,59.7397],[11.12609,59.73964]]}},{"type":"Feature","properties":{"fade":0.35},"geometry":{"type":"LineString","coordinates":[[11.12695,59.73885],[11.12704,59.73875]]}},{"type":"Feature","properties":{"fade":0.35},"geometry":{"type":"LineString","coordinates":[[11.1176,59.82123],[11.11763,59.8214],[11.11779,59.82174],[11.11788,59.82223]]}},{"type":"Feature","properties":{"fade":0.35},"geometry":{"type":"LineString","coordinates":[[11.1219,59.8197],[11.12178,59.81986],[11.12182,59.81991],[11.12209,59.82008],[11.12223,59.82038],[11.1222,59.82059],[11.12223,59.82068]]}},{"type":"Feature","properties":{"fade":0.35},"geometry":{"type":"LineString","coordinates":[[11.11327,59.963],[11.11346,59.9631],[11.11411,59.96371],[11.11414,59.9639]]}},{"type":"Feature","properties":{"fade":0.35},"geometry":{"type":"LineString","coordinates":[[11.14313,59.73071],[11.14284,59.73043]]}},{"type":"Feature","properties":{"fade":0.35},"geometry":{"type":"LineString","coordinates":[[11.14501,59.78255],[11.14481,59.7826],[11.14444,59.78263],[11.14429,59.78263],[11.14402,59.78256]]}},{"type":"Feature","properties":{"fade":0.35},"geometry":{"type":"LineString","coordinates":[[11.15046,59.72879],[11.15048,59.72933],[11.15071,59.72969]]}},{"type":"Feature","properties":{"fade":0.35},"geometry":{"type":"LineString","coordinates":[[11.12501,59.96465],[11.12434,59.96437],[11.12416,59.96431],[11.12392,59.96427],[11.12372,59.9642],[11.1234,59.96402],[11.12333,59.96391]]}},{"type":"Feature","properties":{"fade":0.35},"geometry":{"type":"LineString","coordinates":[[11.14602,59.8079],[11.14563,59.80761],[11.14535,59.80745],[11.14499,59.80704],[11.14472,59.80698]]}},{"type":"Feature","properties":{"fade":0.35},"geometry":{"type":"LineString","coordinates":[[11.18347,59.60298],[11.1836,59.60307],[11.18326,59.60328],[11.1832,59.60345]]}},{"type":"Feature","properties":{"fade":0.35},"geometry":{"type":"LineString","coordinates":[[11.14961,59.97491],[11.14979,59.97488],[11.14999,59.97495],[11.1503,59.97527],[11.15035,59.97538],[11.15033,59.97548]]}},{"type":"Feature","properties":{"fade":0.35},"geometry":{"type":"LineString","coordinates":[[11.14968,59.97451],[11.14956,59.97451],[11.14939,59.97457],[11.14928,59.97467],[11.14934,59.97476],[11.14962,59.97484]]}},{"type":"Feature","properties":{"fade":0.35},"geometry":{"type":"LineString","coordinates":[[11.14967,59.97617],[11.14979,59.97601],[11.15033,59.97548]]}},{"type":"Feature","properties":{"fade":0.35},"geometry":{"type":"LineString","coordinates":[[11.15082,59.97613],[11.15089,59.9758],[11.15087,59.97571],[11.15072,59.97562],[11.15033,59.97548]]}},{"type":"Feature","properties":{"fade":0.35},"geometry":{"type":"LineString","coordinates":[[11.15206,59.97861],[11.15264,59.97844],[11.15289,59.9784],[11.1534,59.97838],[11.15378,59.97833]]}},{"type":"Feature","properties":{"fade":0.35},"geometry":{"type":"LineString","coordinates":[[11.20062,59.60632],[11.20074,59.60641],[11.2009,59.60647],[11.20786,59.60861]]}},{"type":"Feature","properties":{"fade":0.35},"geometry":{"type":"LineString","coordinates":[[11.20898,59.60916],[11.20856,59.60972],[11.20838,59.61003],[11.2082,59.6101]]}},{"type":"Feature","properties":{"fade":0.35},"geometry":{"type":"LineString","coordinates":[[11.22248,59.6265],[11.22195,59.62677],[11.22167,59.627]]}},{"type":"Feature","properties":{"fade":0.35},"geometry":{"type":"LineString","coordinates":[[11.19725,60.01088],[11.19755,60.0108],[11.1982,60.01069]]}},{"type":"Feature","properties":{"fade":0.35},"geometry":{"type":"LineString","coordinates":[[11.22962,59.9359],[11.22947,59.93587],[11.22904,59.93583],[11.22849,59.93593],[11.2282,59.93591],[11.22793,59.93593]]}},{"type":"Feature","properties":{"fade":0.35},"geometry":{"type":"LineString","coordinates":[[11.26376,59.62627],[11.2635,59.62599],[11.26305,59.62569],[11.26299,59.62558]]}},{"type":"Feature","properties":{"fade":0.35},"geometry":{"type":"LineString","coordinates":[[11.22949,59.94041],[11.22976,59.94061],[11.23005,59.94076],[11.23039,59.94085],[11.2305,59.94087],[11.23099,59.94083],[11.23137,59.94074]]}},{"type":"Feature","properties":{"fade":0.35},"geometry":{"type":"LineString","coordinates":[[11.24443,59.88294],[11.2446,59.88298],[11.24487,59.88299],[11.24538,59.88314],[11.24555,59.88315]]}},{"type":"Feature","properties":{"fade":0.35},"geometry":{"type":"LineString","coordinates":[[11.27722,59.62743],[11.27744,59.62691],[11.27754,59.62685],[11.27779,59.62677],[11.27802,59.62663]]}},{"type":"Feature","properties":{"fade":0.35},"geometry":{"type":"LineString","coordinates":[[11.25952,59.87378],[11.25987,59.87404],[11.26009,59.87413],[11.26037,59.8742],[11.26057,59.8743],[11.26068,59.8745]]}},{"type":"Feature","properties":{"fade":0.35},"geometry":{"type":"LineString","coordinates":[[11.26275,59.87066],[11.26417,59.8707]]}},{"type":"Feature","properties":{"fade":0.35},"geometry":{"type":"LineString","coordinates":[[11.25442,59.96477],[11.25447,59.96489],[11.25457,59.96497],[11.25504,59.96514],[11.25512,59.96519],[11.2554,59.96553]]}},{"type":"Feature","properties":{"fade":0.35},"geometry":{"type":"LineString","coordinates":[[11.25099,60.01569],[11.25072,60.01558],[11.25005,60.01542],[11.24939,60.01512]]}},{"type":"Feature","properties":{"fade":0.35},"geometry":{"type":"LineString","coordinates":[[11.25247,60.01558],[11.25178,60.0154],[11.25141,60.01522],[11.25125,60.01505],[11.25115,60.01478]]}},{"type":"Feature","properties":{"fade":0.35},"geometry":{"type":"LineString","coordinates":[[11.29336,59.69361],[11.293,59.69372],[11.29278,59.69382],[11.29253,59.69383],[11.29235,59.6938]]}},{"type":"Feature","properties":{"fade":0.35},"geometry":{"type":"LineString","coordinates":[[11.25703,60.01434],[11.2569,60.01449]]}},{"type":"Feature","properties":{"fade":0.35},"geometry":{"type":"LineString","coordinates":[[11.25979,60.01504],[11.25974,60.01477],[11.25976,60.01437],[11.25973,60.01429],[11.25956,60.01415]]}},{"type":"Feature","properties":{"fade":0.35},"geometry":{"type":"LineString","coordinates":[[11.3002,59.68298],[11.30011,59.68292],[11.29978,59.68282],[11.29905,59.68271]]}},{"type":"Feature","properties":{"fade":0.35},"geometry":{"type":"LineString","coordinates":[[11.29176,59.79646],[11.29226,59.79617],[11.29252,59.79605],[11.29327,59.79581]]}},{"type":"Feature","properties":{"fade":0.35},"geometry":{"type":"LineString","coordinates":[[11.29387,59.797],[11.29367,59.79692],[11.29346,59.79679],[11.29333,59.79665],[11.29316,59.79659],[11.29283,59.79656],[11.29231,59.79659],[11.29186,59.79665]]}},{"type":"Feature","properties":{"fade":0.35},"geometry":{"type":"LineString","coordinates":[[11.30207,59.71851],[11.30229,59.71875],[11.30251,59.71892],[11.3026,59.71906],[11.30264,59.71928],[11.30259,59.71944]]}},{"type":"Feature","properties":{"fade":0.35},"geometry":{"type":"LineString","coordinates":[[11.29474,59.80104],[11.29414,59.80109],[11.29372,59.80108],[11.29312,59.80123],[11.29299,59.80123]]}},{"type":"Feature","properties":{"fade":0.35},"geometry":{"type":"LineString","coordinates":[[11.27749,59.96554],[11.27734,59.96575],[11.27738,59.96584],[11.27738,59.96605],[11.27724,59.96619],[11.27722,59.96628]]}},{"type":"Feature","properties":{"fade":0.35},"geometry":{"type":"LineString","coordinates":[[11.30524,59.76102],[11.30532,59.76093],[11.30606,59.76042],[11.3063,59.76],[11.30673,59.75972]]}},{"type":"Feature","properties":{"fade":0.35},"geometry":{"type":"LineString","coordinates":[[11.29671,59.96989],[11.29721,59.97017]]}},{"type":"Feature","properties":{"fade":0.35},"geometry":{"type":"LineString","coordinates":[[11.29968,59.97215],[11.29979,59.97205]]}},{"type":"Feature","properties":{"fade":0.35},"geometry":{"type":"LineString","coordinates":[[11.29742,60.00845],[11.2982,60.0083]]}},{"type":"Feature","properties":{"fade":0.95},"geometry":{"type":"LineString","coordinates":[[10.99992,59.9752],[11.00007,59.97533],[11.00037,59.97536]]}},{"type":"Feature","properties":{"fade":0.95},"geometry":{"type":"LineString","coordinates":[[11.00058,59.97539],[11.00037,59.97536]]}},{"type":"Feature","properties":{"fade":0.95},"geometry":{"type":"LineString","coordinates":[[11.00037,59.97536],[11.00042,59.97531]]}},{"type":"Feature","properties":{"fade":0.95},"geometry":{"type":"LineString","coordinates":[[11.00935,59.97851],[11.00888,59.97852],[11.0087,59.97849],[11.00856,59.97843],[11.00842,59.97827]]}},{"type":"Feature","properties":{"fade":0.95},"geometry":{"type":"LineString","coordinates":[[11.01815,59.98048],[11.01804,59.98036],[11.0181,59.98009]]}},{"type":"Feature","properties":{"fade":0.95},"geometry":{"type":"LineString","coordinates":[[11.02346,59.98106],[11.02331,59.98147]]}},{"type":"Feature","properties":{"fade":0.95},"geometry":{"type":"LineString","coordinates":[[11.03371,59.92898],[11.03308,59.92893]]}},{"type":"Feature","properties":{"fade":0.95},"geometry":{"type":"LineString","coordinates":[[11.03483,59.92925],[11.03371,59.92898]]}},{"type":"Feature","properties":{"fade":0.95},"geometry":{"type":"LineString","coordinates":[[11.03385,59.9289],[11.03371,59.92898]]}},{"type":"Feature","properties":{"fade":0.95},"geometry":{"type":"LineString","coordinates":[[11.0353,59.92839],[11.03511,59.92854],[11.03505,59.9287],[11.03505,59.92887],[11.03436,59.92883],[11.034,59.92885],[11.03386,59.9289]]}},{"type":"Feature","properties":{"fade":0.95},"geometry":{"type":"LineString","coordinates":[[11.03534,59.92819],[11.03484,59.9281],[11.03468,59.92802]]}},{"type":"Feature","properties":{"fade":0.95},"geometry":{"type":"LineString","coordinates":[[11.0353,59.92839],[11.03534,59.92819]]}},{"type":"Feature","properties":{"fade":0.95},"geometry":{"type":"LineString","coordinates":[[11.03571,59.92825],[11.0353,59.92839]]}},{"type":"Feature","properties":{"fade":0.95},"geometry":{"type":"LineString","coordinates":[[11.03571,59.92825],[11.03534,59.92819]]}},{"type":"Feature","properties":{"fade":0.95},"geometry":{"type":"LineString","coordinates":[[11.03709,59.92805],[11.03688,59.9281],[11.03624,59.92813],[11.03571,59.92825]]}},{"type":"Feature","properties":{"fade":0.95},"geometry":{"type":"LineString","coordinates":[[11.03709,59.92805],[11.03712,59.92806]]}},{"type":"Feature","properties":{"fade":0.95},"geometry":{"type":"LineString","coordinates":[[11.03738,59.92793],[11.03709,59.92805]]}},{"type":"Feature","properties":{"fade":0.95},"geometry":{"type":"LineString","coordinates":[[11.03177,59.981],[11.03192,59.98089]]}},{"type":"Feature","properties":{"fade":0.95},"geometry":{"type":"LineString","coordinates":[[11.03877,59.92722],[11.03847,59.92704],[11.03833,59.92691],[11.03835,59.92683],[11.03859,59.92651],[11.0386,59.92645],[11.03871,59.92637],[11.03913,59.9263],[11.03946,59.92619],[11.03954,59.92605],[11.03969,59.92595],[11.03979,59.92591]]}},{"type":"Feature","properties":{"fade":0.95},"geometry":{"type":"LineString","coordinates":[[11.03485,59.9802],[11.03369,59.98032],[11.03347,59.98032],[11.03319,59.98026]]}},{"type":"Feature","properties":{"fade":0.95},"geometry":{"type":"LineString","coordinates":[[11.03979,59.92591],[11.03997,59.92559],[11.03991,59.92538]]}},{"type":"Feature","properties":{"fade":0.95},"geometry":{"type":"LineString","coordinates":[[11.03979,59.92591],[11.04029,59.92576],[11.04062,59.9257],[11.04133,59.92565],[11.04162,59.92566],[11.04209,59.92555]]}},{"type":"Feature","properties":{"fade":0.95},"geometry":{"type":"LineString","coordinates":[[11.04215,59.92415],[11.04221,59.92421]]}},{"type":"Feature","properties":{"fade":0.95},"geometry":{"type":"LineString","coordinates":[[11.04244,59.92537],[11.04236,59.92508],[11.04249,59.92506]]}},{"type":"Feature","properties":{"fade":0.95},"geometry":{"type":"LineString","coordinates":[[11.04768,59.92025],[11.05,59.92017]]}},{"type":"Feature","properties":{"fade":0.95},"geometry":{"type":"LineString","coordinates":[[11.0548,59.91347],[11.055,59.91375],[11.05512,59.91383],[11.05596,59.91421]]}},{"type":"Feature","properties":{"fade":0.95},"geometry":{"type":"LineString","coordinates":[[11.05213,59.97653],[11.0508,59.97632],[11.05036,59.97627],[11.04992,59.97641],[11.0491,59.9765]]}},{"type":"Feature","properties":{"fade":0.95},"geometry":{"type":"LineString","coordinates":[[11.0643,59.87945],[11.06474,59.87934],[11.06497,59.87934],[11.06512,59.8794],[11.06543,59.87978],[11.06552,59.87983],[11.06562,59.87986],[11.06633,59.87992],[11.06674,59.88001],[11.06687,59.88002]]}},{"type":"Feature","properties":{"fade":0.95},"geometry":{"type":"LineString","coordinates":[[11.06243,59.90868],[11.06248,59.90878],[11.06279,59.90896]]}},{"type":"Feature","properties":{"fade":0.95},"geometry":{"type":"LineString","coordinates":[[11.07003,59.88421],[11.07013,59.88413],[11.07023,59.88397],[11.07029,59.88376],[11.07027,59.88347],[11.07032,59.88336],[11.07044,59.88329],[11.07052,59.88333],[11.07067,59.88333],[11.07075,59.88325]]}},{"type":"Feature","properties":{"fade":0.95},"geometry":{"type":"LineString","coordinates":[[11.07525,59.85434],[11.07529,59.85428]]}},{"type":"Feature","properties":{"fade":0.95},"geometry":{"type":"LineString","coordinates":[[11.07605,59.8534],[11.07593,59.85304],[11.07595,59.85286],[11.07569,59.85263],[11.07566,59.85254],[11.07584,59.85225],[11.07615,59.85205],[11.07626,59.85194],[11.07626,59.8516],[11.0763,59.8514],[11.07642,59.85126],[11.07669,59.85106],[11.07675,59.85097]]}},{"type":"Feature","properties":{"fade":0.95},"geometry":{"type":"LineString","coordinates":[[11.07271,59.895],[11.07277,59.8951],[11.07289,59.8952],[11.07292,59.89529],[11.07273,59.89555],[11.07254,59.89605]]}},{"type":"Feature","properties":{"fade":0.95},"geometry":{"type":"LineString","coordinates":[[11.10661,59.62556],[11.10657,59.62524],[11.10668,59.62507],[11.10647,59.62483],[11.10615,59.62459]]}},{"type":"Feature","properties":{"fade":0.95},"geometry":{"type":"LineString","coordinates":[[11.07572,59.89223],[11.07609,59.89232],[11.07647,59.89237],[11.07663,59.89241],[11.07704,59.89263],[11.07717,59.89276]]}},{"type":"Feature","properties":{"fade":0.95},"geometry":{"type":"LineString","coordinates":[[11.09084,59.84058],[11.09078,59.84053],[11.09066,59.84029],[11.08995,59.83996],[11.08972,59.83988]]}},{"type":"Feature","properties":{"fade":0.95},"geometry":{"type":"LineString","coordinates":[[11.117,59.64589],[11.1166,59.64595],[11.11642,59.64602],[11.11632,59.64613],[11.11634,59.64632],[11.11628,59.64655],[11.11584,59.64683],[11.11529,59.6473],[11.11518,59.6477],[11.11526,59.64822],[11.11524,59.64865],[11.11505,59.64902],[11.11503,59.64941],[11.11488,59.64993],[11.11492,59.6503],[11.11467,59.65062],[11.1146,59.6508],[11.11469,59.65102],[11.11495,59.65124],[11.11603,59.65183],[11.11641,59.65198]]}},{"type":"Feature","properties":{"fade":0.95},"geometry":{"type":"LineString","coordinates":[[11.11985,59.65866],[11.12029,59.65871]]}},{"type":"Feature","properties":{"fade":0.95},"geometry":{"type":"LineString","coordinates":[[11.10059,59.83631],[11.10057,59.8361],[11.10034,59.83592],[11.10013,59.8356],[11.09991,59.83547]]}},{"type":"Feature","properties":{"fade":0.95},"geometry":{"type":"LineString","coordinates":[[11.08982,59.95604],[11.08994,59.95619],[11.09036,59.9571]]}},{"type":"Feature","properties":{"fade":0.95},"geometry":{"type":"LineString","coordinates":[[11.13624,59.60448],[11.13602,59.60431],[11.13579,59.60425]]}},{"type":"Feature","properties":{"fade":0.95},"geometry":{"type":"LineString","coordinates":[[11.11167,59.83159],[11.11184,59.8319]]}},{"type":"Feature","properties":{"fade":0.95},"geometry":{"type":"LineString","coordinates":[[11.11746,59.82783],[11.11745,59.8279],[11.11732,59.82803],[11.1173,59.82813],[11.11715,59.82832],[11.11708,59.82848],[11.11688,59.82918]]}},{"type":"Feature","properties":{"fade":0.95},"geometry":{"type":"LineString","coordinates":[[11.13034,59.75832],[11.13094,59.75853],[11.13225,59.75878]]}},{"type":"Feature","properties":{"fade":0.95},"geometry":{"type":"LineString","coordinates":[[11.13044,59.75758],[11.13101,59.75758],[11.13147,59.75764]]}},{"type":"Feature","properties":{"fade":0.95},"geometry":{"type":"LineString","coordinates":[[11.14324,59.66884],[11.14332,59.66878]]}},{"type":"Feature","properties":{"fade":0.95},"geometry":{"type":"LineString","coordinates":[[11.14332,59.66878],[11.14334,59.66885]]}},{"type":"Feature","properties":{"fade":0.95},"geometry":{"type":"LineString","coordinates":[[11.14411,59.66804],[11.14363,59.66833],[11.14354,59.66842],[11.14332,59.66878]]}},{"type":"Feature","properties":{"fade":0.95},"geometry":{"type":"LineString","coordinates":[[11.12603,59.82476],[11.12625,59.82484],[11.12631,59.82489],[11.12628,59.82492],[11.12643,59.82512],[11.12668,59.82529],[11.12659,59.8255],[11.1266,59.82557],[11.12667,59.82563]]}},{"type":"Feature","properties":{"fade":0.95},"geometry":{"type":"LineString","coordinates":[[11.1538,59.60414],[11.15373,59.60413]]}},{"type":"Feature","properties":{"fade":0.95},"geometry":{"type":"LineString","coordinates":[[11.15484,59.60445],[11.15468,59.6043]]}},{"type":"Feature","properties":{"fade":0.95},"geometry":{"type":"LineString","coordinates":[[11.14815,59.66836],[11.14813,59.6686],[11.14795,59.66886],[11.14792,59.66913],[11.14784,59.66925]]}},{"type":"Feature","properties":{"fade":0.95},"geometry":{"type":"LineString","coordinates":[[11.13664,59.76717],[11.13669,59.76729],[11.13706,59.76746],[11.13738,59.76767],[11.13821,59.76793]]}},{"type":"Feature","properties":{"fade":0.95},"geometry":{"type":"LineString","coordinates":[[11.11839,59.95874],[11.11879,59.95864],[11.1194,59.95842],[11.11951,59.95835],[11.11976,59.95828],[11.1199,59.95811]]}},{"type":"Feature","properties":{"fade":0.95},"geometry":{"type":"LineString","coordinates":[[11.12192,59.95925],[11.12183,59.95917],[11.12167,59.95888],[11.12144,59.95869],[11.12138,59.95856],[11.12127,59.95848]]}},{"type":"Feature","properties":{"fade":0.95},"geometry":{"type":"LineString","coordinates":[[11.12127,59.95918],[11.12106,59.95903],[11.12097,59.95873],[11.12099,59.95869],[11.12127,59.95848]]}},{"type":"Feature","properties":{"fade":0.95},"geometry":{"type":"LineString","coordinates":[[11.12127,59.95848],[11.12138,59.95828]]}},{"type":"Feature","properties":{"fade":0.95},"geometry":{"type":"LineString","coordinates":[[11.17163,59.60767],[11.17127,59.60783],[11.17083,59.60796],[11.16878,59.60815],[11.16855,59.6082]]}},{"type":"Feature","properties":{"fade":0.95},"geometry":{"type":"LineString","coordinates":[[11.14714,59.81661],[11.1473,59.81667],[11.14743,59.81676]]}},{"type":"Feature","properties":{"fade":0.95},"geometry":{"type":"LineString","coordinates":[[11.16496,59.73386],[11.16506,59.73379],[11.16502,59.73358],[11.16514,59.73343],[11.16515,59.73328],[11.16541,59.7331],[11.1654,59.73294],[11.16528,59.7328]]}},{"type":"Feature","properties":{"fade":0.95},"geometry":{"type":"LineString","coordinates":[[11.17012,59.71944],[11.16975,59.71945],[11.16906,59.71958]]}},{"type":"Feature","properties":{"fade":0.95},"geometry":{"type":"LineString","coordinates":[[11.17012,59.71944],[11.16995,59.71925]]}},{"type":"Feature","properties":{"fade":0.95},"geometry":{"type":"LineString","coordinates":[[11.17046,59.71952],[11.17012,59.71944]]}},{"type":"Feature","properties":{"fade":0.95},"geometry":{"type":"LineString","coordinates":[[11.17061,59.72875],[11.17053,59.72883],[11.17043,59.72886],[11.17015,59.72872],[11.17001,59.72869],[11.16985,59.72869]]}},{"type":"Feature","properties":{"fade":0.95},"geometry":{"type":"LineString","coordinates":[[11.17073,59.72228],[11.17278,59.72258]]}},{"type":"Feature","properties":{"fade":0.95},"geometry":{"type":"LineString","coordinates":[[11.17935,59.68083],[11.17901,59.68077],[11.17884,59.68081],[11.1785,59.68094],[11.1783,59.68107],[11.17797,59.68118],[11.17765,59.68133],[11.17753,59.68143],[11.17746,59.68159],[11.17727,59.68175]]}},{"type":"Feature","properties":{"fade":0.95},"geometry":{"type":"LineString","coordinates":[[11.2048,59.61629],[11.20595,59.6164],[11.20633,59.61642],[11.2072,59.61652]]}},{"type":"Feature","properties":{"fade":0.95},"geometry":{"type":"LineString","coordinates":[[11.20363,59.91704],[11.20398,59.9173],[11.20405,59.91741],[11.20417,59.91746]]}},{"type":"Feature","properties":{"fade":0.95},"geometry":{"type":"LineString","coordinates":[[11.20442,59.91635],[11.20467,59.91697],[11.20467,59.91714],[11.20457,59.91739],[11.20484,59.91753],[11.20505,59.9176]]}},{"type":"Feature","properties":{"fade":0.95},"geometry":{"type":"LineString","coordinates":[[11.20909,59.91275],[11.20899,59.91268],[11.20886,59.91244],[11.2089,59.91225],[11.20881,59.9118],[11.20888,59.91135],[11.20883,59.91132],[11.2088,59.91111],[11.20836,59.91061],[11.2083,59.91042],[11.20822,59.91032]]}},{"type":"Feature","properties":{"fade":0.95},"geometry":{"type":"LineString","coordinates":[[11.21065,60.0086],[11.21141,60.00778]]}},{"type":"Feature","properties":{"fade":0.95},"geometry":{"type":"LineString","coordinates":[[11.22267,59.94667],[11.22225,59.94755],[11.22222,59.94773],[11.22211,59.94782]]}},{"type":"Feature","properties":{"fade":0.95},"geometry":{"type":"LineString","coordinates":[[11.25872,59.63184],[11.25902,59.63145],[11.25926,59.63124],[11.2595,59.63096]]}},{"type":"Feature","properties":{"fade":0.95},"geometry":{"type":"LineString","coordinates":[[11.22395,59.95018],[11.22443,59.95008],[11.22454,59.95001],[11.22461,59.9499],[11.22458,59.94967],[11.22465,59.94949],[11.22477,59.94938],[11.22506,59.94925]]}},{"type":"Feature","properties":{"fade":0.95},"geometry":{"type":"LineString","coordinates":[[11.27511,59.63181],[11.27483,59.63202],[11.27452,59.63215],[11.27449,59.63222],[11.27454,59.63226],[11.27468,59.6323],[11.27524,59.63238],[11.27559,59.63248],[11.27624,59.6328],[11.2767,59.6329],[11.27699,59.63315]]}},{"type":"Feature","properties":{"fade":0.95},"geometry":{"type":"LineString","coordinates":[[11.24834,59.87231],[11.24849,59.87228],[11.24861,59.87228]]}},{"type":"Feature","properties":{"fade":0.95},"geometry":{"type":"LineString","coordinates":[[11.27905,59.63331],[11.27862,59.63337],[11.27794,59.63334]]}},{"type":"Feature","properties":{"fade":0.95},"geometry":{"type":"LineString","coordinates":[[11.24174,59.96953],[11.24176,59.9695],[11.24189,59.96942],[11.24172,59.9692],[11.24165,59.96919],[11.24133,59.96927],[11.2414,59.96943]]}},{"type":"Feature","properties":{"fade":0.95},"geometry":{"type":"LineString","coordinates":[[11.24142,59.96949],[11.24146,59.96956]]}},{"type":"Feature","properties":{"fade":0.95},"geometry":{"type":"LineString","coordinates":[[11.24143,59.96958],[11.24146,59.96956]]}},{"type":"Feature","properties":{"fade":0.95},"geometry":{"type":"LineString","coordinates":[[11.24146,59.96956],[11.24174,59.96953]]}},{"type":"Feature","properties":{"fade":0.95},"geometry":{"type":"LineString","coordinates":[[11.24174,59.96953],[11.24211,59.96951]]}},{"type":"Feature","properties":{"fade":0.95},"geometry":{"type":"LineString","coordinates":[[11.28695,59.63616],[11.28722,59.63596],[11.28785,59.63572]]}},{"type":"Feature","properties":{"fade":0.95},"geometry":{"type":"LineString","coordinates":[[11.28033,59.6992],[11.28027,59.69924]]}},{"type":"Feature","properties":{"fade":0.95},"geometry":{"type":"LineString","coordinates":[[11.25,59.97137],[11.25058,59.97041]]}},{"type":"Feature","properties":{"fade":0.95},"geometry":{"type":"LineString","coordinates":[[11.28845,59.67817],[11.28904,59.67793]]}},{"type":"Feature","properties":{"fade":0.95},"geometry":{"type":"LineString","coordinates":[[11.2572,59.96999],[11.2569,59.97057],[11.25713,59.97088]]}},{"type":"Feature","properties":{"fade":0.95},"geometry":{"type":"LineString","coordinates":[[11.25787,59.97087],[11.25831,59.97038],[11.25863,59.97011],[11.25872,59.97008],[11.25889,59.97009],[11.25944,59.97015],[11.25952,59.97012],[11.25958,59.97002]]}},{"type":"Feature","properties":{"fade":0.95},"geometry":{"type":"LineString","coordinates":[[11.28124,59.77879],[11.28081,59.77893]]}},{"type":"Feature","properties":{"fade":0.95},"geometry":{"type":"LineString","coordinates":[[11.27892,59.81081],[11.27915,59.81051],[11.27952,59.81025],[11.27958,59.8101],[11.27943,59.80996],[11.27946,59.80983],[11.27974,59.80965],[11.27984,59.80949],[11.28004,59.80941],[11.28083,59.809],[11.28124,59.80873],[11.28115,59.80789],[11.2812,59.80774],[11.28138,59.80752],[11.28177,59.80736],[11.28204,59.80718]]}},{"type":"Feature","properties":{"fade":0.95},"geometry":{"type":"LineString","coordinates":[[11.2808,59.81055],[11.28054,59.81072],[11.28017,59.81089],[11.27965,59.81092],[11.27934,59.81105],[11.27891,59.8111]]}},{"type":"Feature","properties":{"fade":0.95},"geometry":{"type":"LineString","coordinates":[[11.27875,59.81568],[11.27893,59.81537],[11.27904,59.81527]]}},{"type":"Feature","properties":{"fade":0.95},"geometry":{"type":"LineString","coordinates":[[11.27902,59.81995],[11.2791,59.82015],[11.27923,59.82028]]}},{"type":"Feature","properties":{"fade":0.95},"geometry":{"type":"LineString","coordinates":[[11.28058,59.81422],[11.28049,59.81438],[11.28035,59.81449],[11.28019,59.81455],[11.27996,59.81459]]}},{"type":"Feature","properties":{"fade":0.95},"geometry":{"type":"LineString","coordinates":[[11.29891,59.64798],[11.29914,59.64811],[11.29934,59.64816],[11.29977,59.64809],[11.29995,59.64813],[11.30033,59.64827],[11.3004,59.64828],[11.30071,59.64821]]}},{"type":"Feature","properties":{"fade":0.95},"geometry":{"type":"LineString","coordinates":[[11.28204,59.80718],[11.28183,59.807],[11.28154,59.80687],[11.28147,59.8068],[11.28141,59.80642],[11.28148,59.80617]]}},{"type":"Feature","properties":{"fade":0.95},"geometry":{"type":"LineString","coordinates":[[11.28204,59.80718],[11.28236,59.807],[11.2825,59.80677],[11.28282,59.80665],[11.28313,59.80642]]}},{"type":"Feature","properties":{"fade":0.95},"geometry":{"type":"LineString","coordinates":[[11.2993,59.65233],[11.29971,59.65205],[11.29987,59.65184],[11.3002,59.6516],[11.30036,59.65155],[11.30055,59.65153],[11.30069,59.65148]]}},{"type":"Feature","properties":{"fade":0.95},"geometry":{"type":"LineString","coordinates":[[11.30099,59.65029],[11.30084,59.65063],[11.3007,59.6508],[11.29965,59.65129],[11.29956,59.65135],[11.2994,59.65156]]}},{"type":"Feature","properties":{"fade":0.95},"geometry":{"type":"LineString","coordinates":[[11.29926,59.65293],[11.29988,59.65263],[11.30057,59.65213],[11.3008,59.65174],[11.30079,59.65163],[11.30069,59.65148]]}},{"type":"Feature","properties":{"fade":0.95},"geometry":{"type":"LineString","coordinates":[[11.2942,59.71316],[11.29362,59.71308]]}},{"type":"Feature","properties":{"fade":0.95},"geometry":{"type":"LineString","coordinates":[[11.30069,59.65148],[11.30112,59.65125]]}},{"type":"Feature","properties":{"fade":0.95},"geometry":{"type":"LineString","coordinates":[[11.28939,59.76072],[11.2895,59.76075],[11.2896,59.76074],[11.28959,59.7607],[11.28948,59.76067]]}},{"type":"Feature","properties":{"fade":0.95},"geometry":{"type":"LineString","coordinates":[[11.26827,59.97104],[11.26833,59.97079],[11.26824,59.97051],[11.26813,59.97039],[11.26801,59.97033],[11.26788,59.9703],[11.26758,59.9703],[11.26753,59.97028],[11.26746,59.97018],[11.26749,59.97012]]}},{"type":"Feature","properties":{"fade":0.95},"geometry":{"type":"LineString","coordinates":[[11.30045,59.7271],[11.30044,59.72703]]}},{"type":"Feature","properties":{"fade":0.95},"geometry":{"type":"LineString","coordinates":[[11.30045,59.72704],[11.30045,59.7271]]}},{"type":"Feature","properties":{"fade":0.95},"geometry":{"type":"LineString","coordinates":[[11.30047,59.72717],[11.30045,59.7271]]}},{"type":"Feature","properties":{"fade":0.95},"geometry":{"type":"LineString","coordinates":[[11.30045,59.7271],[11.30046,59.72716],[11.30047,59.72717]]}},{"type":"Feature","properties":{"fade":0.95},"geometry":{"type":"LineString","coordinates":[[11.30047,59.72717],[11.30065,59.72732],[11.30069,59.72737],[11.30088,59.7278]]}},{"type":"Feature","properties":{"fade":0.95},"geometry":{"type":"LineString","coordinates":[[11.30088,59.7278],[11.30065,59.72733],[11.30047,59.72717]]}},{"type":"Feature","properties":{"fade":0.95},"geometry":{"type":"LineString","coordinates":[[11.30088,59.7278],[11.3006,59.72809]]}},{"type":"Feature","properties":{"fade":0.95},"geometry":{"type":"LineString","coordinates":[[11.3009,59.72783],[11.30088,59.7278]]}},{"type":"Feature","properties":{"fade":0.95},"geometry":{"type":"LineString","coordinates":[[11.27584,59.97155],[11.27605,59.97172],[11.27607,59.97181]]}},{"type":"Feature","properties":{"fade":0.95},"geometry":{"type":"LineString","coordinates":[[11.30508,59.74237],[11.3045,59.74289],[11.30428,59.74324],[11.30412,59.7434],[11.30368,59.74364],[11.30352,59.74375]]}},{"type":"Feature","properties":{"fade":0.95},"geometry":{"type":"LineString","coordinates":[[11.30388,59.74513],[11.3046,59.74542],[11.3049,59.74558],[11.30516,59.74569],[11.30559,59.74574]]}},{"type":"Feature","properties":{"fade":0.95},"geometry":{"type":"LineString","coordinates":[[11.29883,59.98009],[11.29884,59.97942],[11.29898,59.97877],[11.29898,59.9785]]}},{"type":"Feature","properties":{"fade":0.95},"geometry":{"type":"LineString","coordinates":[[11.30334,59.98255],[11.30302,59.98257],[11.30285,59.98254],[11.30224,59.9824],[11.30112,59.9821]]}},{"type":"Feature","properties":{"fade":0.55},"geometry":{"type":"LineString","coordinates":[[10.98315,59.96769],[10.98229,59.96772]]}},{"type":"Feature","properties":{"fade":0.55},"geometry":{"type":"LineString","coordinates":[[10.98996,59.94501],[10.98924,59.9456],[10.98918,59.94562],[10.98862,59.94558],[10.98834,59.94561],[10.98828,59.94566]]}},{"type":"Feature","properties":{"fade":0.55},"geometry":{"type":"LineString","coordinates":[[10.99231,59.94337],[10.99215,59.94333],[10.99185,59.94319]]}},{"type":"Feature","properties":{"fade":0.55},"geometry":{"type":"LineString","coordinates":[[11.02341,59.93018],[11.02359,59.93026],[11.02382,59.93031]]}},{"type":"Feature","properties":{"fade":0.55},"geometry":{"type":"LineString","coordinates":[[11.0293,59.92698],[11.02919,59.92622],[11.02908,59.926],[11.02903,59.9258]]}},{"type":"Feature","properties":{"fade":0.55},"geometry":{"type":"LineString","coordinates":[[11.03315,59.92498],[11.03242,59.92508],[11.03231,59.92516],[11.0322,59.9253],[11.03214,59.92549]]}},{"type":"Feature","properties":{"fade":0.55},"geometry":{"type":"LineString","coordinates":[[11.03256,59.92401],[11.03305,59.92442],[11.03326,59.92492]]}},{"type":"Feature","properties":{"fade":0.55},"geometry":{"type":"LineString","coordinates":[[11.03885,59.92183],[11.0387,59.92163],[11.03873,59.92157],[11.03887,59.92149],[11.03887,59.92131],[11.03875,59.92098]]}},{"type":"Feature","properties":{"fade":0.55},"geometry":{"type":"LineString","coordinates":[[11.04929,59.91116],[11.04969,59.91119],[11.05005,59.91109],[11.05042,59.91071],[11.05058,59.91046],[11.05123,59.91018],[11.05135,59.91016],[11.05182,59.91016],[11.05243,59.91021],[11.05258,59.91026]]}},{"type":"Feature","properties":{"fade":0.55},"geometry":{"type":"LineString","coordinates":[[11.05748,59.87945],[11.05719,59.87936],[11.0571,59.87929],[11.05698,59.87912],[11.05707,59.87864],[11.05704,59.87843],[11.05695,59.87819],[11.05676,59.87803],[11.05594,59.87773]]}},{"type":"Feature","properties":{"fade":0.55},"geometry":{"type":"LineString","coordinates":[[11.05335,59.90802],[11.0534,59.9084],[11.05359,59.90876],[11.05361,59.90926],[11.05366,59.90943]]}},{"type":"Feature","properties":{"fade":0.55},"geometry":{"type":"LineString","coordinates":[[11.05712,59.8797],[11.05748,59.87945]]}},{"type":"Feature","properties":{"fade":0.55},"geometry":{"type":"LineString","coordinates":[[11.05887,59.87969],[11.05858,59.87958],[11.0578,59.87947],[11.05748,59.87945]]}},{"type":"Feature","properties":{"fade":0.55},"geometry":{"type":"LineString","coordinates":[[11.04548,59.98245],[11.04566,59.98237],[11.04595,59.98235],[11.04702,59.98252],[11.04744,59.98252]]}},{"type":"Feature","properties":{"fade":0.55},"geometry":{"type":"LineString","coordinates":[[11.05945,59.88057],[11.05922,59.88077],[11.05888,59.88089],[11.05876,59.88089],[11.05859,59.88084]]}},{"type":"Feature","properties":{"fade":0.55},"geometry":{"type":"LineString","coordinates":[[11.05976,59.89979],[11.05951,59.90012],[11.05937,59.90023]]}},{"type":"Feature","properties":{"fade":0.55},"geometry":{"type":"LineString","coordinates":[[11.06063,59.89882],[11.06091,59.89885],[11.06117,59.89876],[11.06123,59.89866],[11.06119,59.89837],[11.06123,59.89828],[11.06136,59.89819],[11.06143,59.89803],[11.06146,59.89801],[11.06174,59.89804],[11.06189,59.89801],[11.06226,59.8976],[11.06233,59.89736],[11.06238,59.89731],[11.06285,59.89726],[11.06306,59.89731],[11.0633,59.89743],[11.06355,59.89748],[11.06382,59.89757]]}},{"type":"Feature","properties":{"fade":0.55},"geometry":{"type":"LineString","coordinates":[[11.10012,59.61904],[11.10016,59.61925]]}},{"type":"Feature","properties":{"fade":0.55},"geometry":{"type":"LineString","coordinates":[[11.06214,59.97615],[11.06104,59.97612],[11.06029,59.97616],[11.05948,59.97625]]}},{"type":"Feature","properties":{"fade":0.55},"geometry":{"type":"LineString","coordinates":[[11.06983,59.88999],[11.07003,59.89003],[11.07021,59.8901],[11.07044,59.89032],[11.07063,59.89044],[11.07122,59.89059]]}},{"type":"Feature","properties":{"fade":0.55},"geometry":{"type":"LineString","coordinates":[[11.06506,59.97275],[11.06518,59.97272],[11.06546,59.97276],[11.06538,59.973]]}},{"type":"Feature","properties":{"fade":0.55},"geometry":{"type":"LineString","coordinates":[[11.08475,59.83733],[11.08501,59.83736],[11.08535,59.83748],[11.08545,59.83749],[11.08556,59.83747],[11.08587,59.83727],[11.08611,59.83723]]}},{"type":"Feature","properties":{"fade":0.55},"geometry":{"type":"LineString","coordinates":[[11.08611,59.83723],[11.08604,59.83716],[11.08603,59.83708],[11.08609,59.83665]]}},{"type":"Feature","properties":{"fade":0.55},"geometry":{"type":"LineString","coordinates":[[11.1087,59.64326],[11.10925,59.64297],[11.10984,59.64272],[11.11003,59.6426]]}},{"type":"Feature","properties":{"fade":0.55},"geometry":{"type":"LineString","coordinates":[[11.08659,59.83766],[11.08611,59.83723]]}},{"type":"Feature","properties":{"fade":0.55},"geometry":{"type":"LineString","coordinates":[[11.11101,59.65944],[11.11114,59.65939],[11.11135,59.65924]]}},{"type":"Feature","properties":{"fade":0.55},"geometry":{"type":"LineString","coordinates":[[11.1113,59.65971],[11.11139,59.65962],[11.11142,59.65949],[11.11134,59.65933],[11.11135,59.65924]]}},{"type":"Feature","properties":{"fade":0.55},"geometry":{"type":"LineString","coordinates":[[11.11135,59.65924],[11.11132,59.65914],[11.11139,59.65907],[11.11197,59.65882],[11.11227,59.65861]]}},{"type":"Feature","properties":{"fade":0.55},"geometry":{"type":"LineString","coordinates":[[11.11135,59.65924],[11.11163,59.65921],[11.11183,59.65923],[11.1123,59.65938]]}},{"type":"Feature","properties":{"fade":0.55},"geometry":{"type":"LineString","coordinates":[[11.11239,59.66073],[11.11233,59.66056],[11.11212,59.66048]]}},{"type":"Feature","properties":{"fade":0.55},"geometry":{"type":"LineString","coordinates":[[11.09338,59.83359],[11.09316,59.83338]]}},{"type":"Feature","properties":{"fade":0.55},"geometry":{"type":"LineString","coordinates":[[11.09475,59.83393],[11.09472,59.83379],[11.09483,59.83348],[11.09498,59.83336],[11.09497,59.8333],[11.09505,59.83318],[11.09534,59.833],[11.09536,59.8327]]}},{"type":"Feature","properties":{"fade":0.55},"geometry":{"type":"LineString","coordinates":[[11.09931,59.83253],[11.09921,59.8323],[11.09896,59.83196],[11.09887,59.83172],[11.09887,59.83162]]}},{"type":"Feature","properties":{"fade":0.55},"geometry":{"type":"LineString","coordinates":[[11.12646,59.60154],[11.1267,59.60158]]}},{"type":"Feature","properties":{"fade":0.55},"geometry":{"type":"LineString","coordinates":[[11.09132,59.9611],[11.09132,59.96089],[11.09144,59.96074],[11.0928,59.96023],[11.09385,59.95981]]}},{"type":"Feature","properties":{"fade":0.55},"geometry":{"type":"LineString","coordinates":[[11.0938,59.95979],[11.09385,59.95981]]}},{"type":"Feature","properties":{"fade":0.55},"geometry":{"type":"LineString","coordinates":[[11.09581,59.96077],[11.09508,59.96028],[11.09385,59.95981]]}},{"type":"Feature","properties":{"fade":0.55},"geometry":{"type":"LineString","coordinates":[[11.1225,59.74689],[11.12343,59.74632],[11.12366,59.74629],[11.12404,59.74632],[11.12427,59.74624],[11.12456,59.746],[11.12466,59.74585],[11.12485,59.74578]]}},{"type":"Feature","properties":{"fade":0.55},"geometry":{"type":"LineString","coordinates":[[11.12506,59.74536],[11.12507,59.7451],[11.12482,59.74447],[11.12482,59.74431],[11.12491,59.74413],[11.12491,59.74373],[11.125,59.74345],[11.12501,59.74323],[11.12496,59.74282],[11.12487,59.7426]]}},{"type":"Feature","properties":{"fade":0.55},"geometry":{"type":"LineString","coordinates":[[11.12343,59.75942],[11.12408,59.75969],[11.12421,59.75977],[11.12447,59.76006],[11.12481,59.76029]]}},{"type":"Feature","properties":{"fade":0.55},"geometry":{"type":"LineString","coordinates":[[11.11789,59.82333],[11.11787,59.82432]]}},{"type":"Feature","properties":{"fade":0.55},"geometry":{"type":"LineString","coordinates":[[11.14733,59.60033],[11.148,59.59999]]}},{"type":"Feature","properties":{"fade":0.55},"geometry":{"type":"LineString","coordinates":[[11.1222,59.82179],[11.1224,59.82203]]}},{"type":"Feature","properties":{"fade":0.55},"geometry":{"type":"LineString","coordinates":[[11.14787,59.67194],[11.1484,59.67209],[11.14886,59.67226],[11.14928,59.67262],[11.14964,59.67272],[11.15032,59.6728],[11.15058,59.67294],[11.15095,59.67303],[11.15141,59.67335],[11.1515,59.67376]]}},{"type":"Feature","properties":{"fade":0.55},"geometry":{"type":"LineString","coordinates":[[11.12187,59.96195],[11.12186,59.9621],[11.12218,59.9625],[11.12264,59.96285],[11.12302,59.96291],[11.12318,59.96299]]}},{"type":"Feature","properties":{"fade":0.55},"geometry":{"type":"LineString","coordinates":[[11.14916,59.73182],[11.14937,59.73133],[11.14958,59.73126],[11.15004,59.73129],[11.15021,59.73129],[11.15031,59.73126],[11.15044,59.73115],[11.15066,59.73086],[11.15078,59.73061]]}},{"type":"Feature","properties":{"fade":0.55},"geometry":{"type":"LineString","coordinates":[[11.1694,59.60486],[11.16839,59.60484]]}},{"type":"Feature","properties":{"fade":0.55},"geometry":{"type":"LineString","coordinates":[[11.1504,59.78511],[11.15056,59.78512],[11.15067,59.78519],[11.15096,59.78548],[11.15105,59.78563],[11.15106,59.7859],[11.15122,59.78668],[11.15126,59.7868],[11.15141,59.787],[11.15147,59.78717],[11.15151,59.7872],[11.15172,59.78722],[11.15224,59.78711],[11.15252,59.78712]]}},{"type":"Feature","properties":{"fade":0.55},"geometry":{"type":"LineString","coordinates":[[11.1611,59.71852],[11.16136,59.71868],[11.1618,59.7188],[11.16224,59.71904],[11.16243,59.71908],[11.16284,59.71913],[11.16317,59.71938]]}},{"type":"Feature","properties":{"fade":0.55},"geometry":{"type":"LineString","coordinates":[[11.16348,59.71946],[11.16317,59.71938]]}},{"type":"Feature","properties":{"fade":0.55},"geometry":{"type":"LineString","coordinates":[[11.16317,59.71938],[11.16326,59.71964],[11.16345,59.71981],[11.16365,59.72014],[11.16394,59.72024]]}},{"type":"Feature","properties":{"fade":0.55},"geometry":{"type":"LineString","coordinates":[[11.16442,59.72626],[11.16398,59.72605],[11.16324,59.72579]]}},{"type":"Feature","properties":{"fade":0.55},"geometry":{"type":"LineString","coordinates":[[11.15699,59.79703],[11.15685,59.79682],[11.15686,59.79665],[11.1568,59.79656],[11.15662,59.79646],[11.15629,59.79635],[11.15594,59.79606],[11.15577,59.79596],[11.15551,59.79587],[11.15528,59.79584]]}},{"type":"Feature","properties":{"fade":0.55},"geometry":{"type":"LineString","coordinates":[[11.16449,59.72571],[11.16423,59.72552],[11.16408,59.72526],[11.16388,59.72504],[11.16379,59.72472]]}},{"type":"Feature","properties":{"fade":0.55},"geometry":{"type":"LineString","coordinates":[[11.13941,59.96133],[11.13991,59.96151],[11.14006,59.96159],[11.14053,59.96199],[11.14057,59.9621]]}},{"type":"Feature","properties":{"fade":0.55},"geometry":{"type":"LineString","coordinates":[[11.14089,59.96138],[11.14039,59.96142],[11.14029,59.9614],[11.14007,59.96132],[11.1397,59.96129]]}},{"type":"Feature","properties":{"fade":0.55},"geometry":{"type":"LineString","coordinates":[[11.20683,59.61066],[11.20621,59.61129]]}},{"type":"Feature","properties":{"fade":0.55},"geometry":{"type":"LineString","coordinates":[[11.20697,59.612],[11.20707,59.61202]]}},{"type":"Feature","properties":{"fade":0.55},"geometry":{"type":"LineString","coordinates":[[11.21246,59.61568],[11.21264,59.61559],[11.21273,59.61546],[11.21282,59.61529],[11.21282,59.61512]]}},{"type":"Feature","properties":{"fade":0.55},"geometry":{"type":"LineString","coordinates":[[11.21899,59.62845],[11.21939,59.62827],[11.21972,59.62804]]}},{"type":"Feature","properties":{"fade":0.55},"geometry":{"type":"LineString","coordinates":[[11.18903,60.00655],[11.18949,60.00639],[11.19035,60.00625],[11.19071,60.00611]]}},{"type":"Feature","properties":{"fade":0.55},"geometry":{"type":"LineString","coordinates":[[11.20835,60.01152],[11.20921,60.01139],[11.20956,60.01133],[11.20973,60.01128]]}},{"type":"Feature","properties":{"fade":0.55},"geometry":{"type":"LineString","coordinates":[[11.22582,59.9403],[11.22605,59.94036],[11.22613,59.94042],[11.22615,59.94053],[11.22633,59.94061],[11.22707,59.94059],[11.22768,59.94054]]}},{"type":"Feature","properties":{"fade":0.55},"geometry":{"type":"LineString","coordinates":[[11.2274,59.93943],[11.22734,59.93937],[11.22731,59.9391]]}},{"type":"Feature","properties":{"fade":0.55},"geometry":{"type":"LineString","coordinates":[[11.22723,59.93979],[11.22725,59.93971],[11.22744,59.93959]]}},{"type":"Feature","properties":{"fade":0.55},"geometry":{"type":"LineString","coordinates":[[11.26401,59.62823],[11.26417,59.62804],[11.26425,59.62787],[11.26432,59.62757],[11.26427,59.62737]]}},{"type":"Feature","properties":{"fade":0.55},"geometry":{"type":"LineString","coordinates":[[11.22933,59.94599],[11.22963,59.94606],[11.23001,59.94609]]}},{"type":"Feature","properties":{"fade":0.55},"geometry":{"type":"LineString","coordinates":[[11.23682,59.88855],[11.23718,59.88821],[11.23752,59.888],[11.23758,59.88783],[11.2381,59.8872],[11.23827,59.8871],[11.23854,59.88704],[11.23869,59.88696],[11.23872,59.88682],[11.2386,59.88656],[11.23862,59.88641],[11.23873,59.88626],[11.23906,59.88611],[11.23925,59.88586],[11.23946,59.8857],[11.23965,59.88564],[11.23997,59.88558],[11.24064,59.88533]]}},{"type":"Feature","properties":{"fade":0.55},"geometry":{"type":"LineString","coordinates":[[11.26833,59.62746],[11.26797,59.62772],[11.26755,59.62788],[11.26719,59.62821],[11.26709,59.62825]]}},{"type":"Feature","properties":{"fade":0.55},"geometry":{"type":"LineString","coordinates":[[11.27244,59.6278],[11.27192,59.62808],[11.2717,59.6281]]}},{"type":"Feature","properties":{"fade":0.55},"geometry":{"type":"LineString","coordinates":[[11.27452,59.62878],[11.2742,59.62881],[11.27408,59.62886]]}},{"type":"Feature","properties":{"fade":0.55},"geometry":{"type":"LineString","coordinates":[[11.27452,59.62878],[11.2749,59.62886],[11.27495,59.62888],[11.27498,59.62894]]}},{"type":"Feature","properties":{"fade":0.55},"geometry":{"type":"LineString","coordinates":[[11.27452,59.62878],[11.2751,59.62873],[11.27528,59.62874],[11.27535,59.62877],[11.27542,59.62899]]}},{"type":"Feature","properties":{"fade":0.55},"geometry":{"type":"LineString","coordinates":[[11.277,59.62879],[11.27695,59.62834]]}},{"type":"Feature","properties":{"fade":0.55},"geometry":{"type":"LineString","coordinates":[[11.23613,60.01409],[11.23622,60.01402]]}},{"type":"Feature","properties":{"fade":0.55},"geometry":{"type":"LineString","coordinates":[[11.25541,59.87392],[11.2553,59.87363]]}},{"type":"Feature","properties":{"fade":0.55},"geometry":{"type":"LineString","coordinates":[[11.25553,59.87347],[11.25564,59.87353],[11.25569,59.87361]]}},{"type":"Feature","properties":{"fade":0.55},"geometry":{"type":"LineString","coordinates":[[11.24672,59.96611],[11.24662,59.96616],[11.24656,59.96625]]}},{"type":"Feature","properties":{"fade":0.55},"geometry":{"type":"LineString","coordinates":[[11.24672,59.96603],[11.24672,59.96611]]}},{"type":"Feature","properties":{"fade":0.55},"geometry":{"type":"LineString","coordinates":[[11.24732,59.96526],[11.24761,59.96549],[11.24779,59.96568],[11.2478,59.96581],[11.24768,59.96604],[11.24758,59.96611],[11.2474,59.96615],[11.24672,59.96611]]}},{"type":"Feature","properties":{"fade":0.55},"geometry":{"type":"LineString","coordinates":[[11.26083,59.87061],[11.25893,59.87053]]}},{"type":"Feature","properties":{"fade":0.55},"geometry":{"type":"LineString","coordinates":[[11.25194,59.96729],[11.25182,59.96738],[11.25138,59.96751],[11.25118,59.96764]]}},{"type":"Feature","properties":{"fade":0.55},"geometry":{"type":"LineString","coordinates":[[11.25634,59.96641],[11.25653,59.96654]]}},{"type":"Feature","properties":{"fade":0.55},"geometry":{"type":"LineString","coordinates":[[11.25653,59.96654],[11.25672,59.96713],[11.25663,59.9673]]}},{"type":"Feature","properties":{"fade":0.55},"geometry":{"type":"LineString","coordinates":[[11.25669,59.9664],[11.25653,59.96654]]}},{"type":"Feature","properties":{"fade":0.55},"geometry":{"type":"LineString","coordinates":[[11.26262,60.01245],[11.26214,60.01262],[11.26192,60.01273],[11.26155,60.01294],[11.26135,60.01311]]}},{"type":"Feature","properties":{"fade":0.55},"geometry":{"type":"LineString","coordinates":[[11.29711,59.70344],[11.29662,59.70352]]}},{"type":"Feature","properties":{"fade":0.55},"geometry":{"type":"LineString","coordinates":[[11.28586,59.81561],[11.2862,59.81572],[11.28682,59.81598],[11.28726,59.81602],[11.28761,59.81602]]}},{"type":"Feature","properties":{"fade":0.55},"geometry":{"type":"LineString","coordinates":[[11.28989,59.80291],[11.29006,59.80259],[11.29014,59.80253],[11.29061,59.80236],[11.29082,59.80218],[11.29111,59.80185],[11.29125,59.80154]]}},{"type":"Feature","properties":{"fade":0.55},"geometry":{"type":"LineString","coordinates":[[11.29973,59.71512],[11.29983,59.71523],[11.29994,59.71526],[11.30036,59.71523],[11.30082,59.7153]]}},{"type":"Feature","properties":{"fade":0.55},"geometry":{"type":"LineString","coordinates":[[11.30103,59.71528],[11.30101,59.71534],[11.30083,59.71549],[11.30081,59.71555],[11.30093,59.71576],[11.30096,59.71593],[11.30129,59.71619]]}},{"type":"Feature","properties":{"fade":0.55},"geometry":{"type":"LineString","coordinates":[[11.27246,60.01185],[11.27216,60.01204],[11.27183,60.01217],[11.27094,60.01223],[11.27,60.01238],[11.26981,60.01251],[11.26959,60.0128]]}},{"type":"Feature","properties":{"fade":0.55},"geometry":{"type":"LineString","coordinates":[[11.30615,59.75753],[11.30607,59.75748],[11.30605,59.75722],[11.3061,59.75715]]}},{"type":"Feature","properties":{"fade":0.55},"geometry":{"type":"LineString","coordinates":[[11.30643,59.75693],[11.30623,59.75703],[11.3061,59.75715]]}},{"type":"Feature","properties":{"fade":0.55},"geometry":{"type":"LineString","coordinates":[[11.3061,59.75715],[11.30638,59.75715],[11.30661,59.7572]]}},{"type":"Feature","properties":{"fade":0.55},"geometry":{"type":"LineString","coordinates":[[11.29906,59.97313],[11.29887,59.9733],[11.29854,59.97343],[11.29852,59.97355],[11.29872,59.9737],[11.29944,59.97396],[11.29962,59.97408],[11.30009,59.9746],[11.30064,59.97493],[11.30061,59.97514],[11.30071,59.97535]]}},{"type":"Feature","properties":{"fade":0.55},"geometry":{"type":"LineString","coordinates":[[11.30719,59.97838],[11.30643,59.97816],[11.30544,59.97822],[11.30517,59.97821],[11.30485,59.97816]]}},{"type":"Feature","properties":{"fade":0.65},"geometry":{"type":"LineString","coordinates":[[10.98456,59.96749],[10.98412,59.96761],[10.98315,59.96769]]}},{"type":"Feature","properties":{"fade":0.65},"geometry":{"type":"LineString","coordinates":[[10.99391,59.94377],[10.99338,59.94367],[10.99231,59.94337]]}},{"type":"Feature","properties":{"fade":0.65},"geometry":{"type":"LineString","coordinates":[[11.00064,59.98013],[11.00045,59.97959]]}},{"type":"Feature","properties":{"fade":0.65},"geometry":{"type":"LineString","coordinates":[[11.02382,59.93031],[11.02448,59.93035],[11.02501,59.93043]]}},{"type":"Feature","properties":{"fade":0.65},"geometry":{"type":"LineString","coordinates":[[11.02501,59.93043],[11.02527,59.93046],[11.02587,59.93046],[11.02637,59.93054]]}},{"type":"Feature","properties":{"fade":0.65},"geometry":{"type":"LineString","coordinates":[[11.0254,59.93067],[11.0253,59.93057],[11.02501,59.93043]]}},{"type":"Feature","properties":{"fade":0.65},"geometry":{"type":"LineString","coordinates":[[11.02084,59.983],[11.02055,59.98321],[11.02033,59.98332],[11.01971,59.98352]]}},{"type":"Feature","properties":{"fade":0.65},"geometry":{"type":"LineString","coordinates":[[11.02283,59.98319],[11.02244,59.98375]]}},{"type":"Feature","properties":{"fade":0.65},"geometry":{"type":"LineString","coordinates":[[11.03013,59.92793],[11.02974,59.92772],[11.02956,59.92753],[11.0293,59.92708],[11.0293,59.92698]]}},{"type":"Feature","properties":{"fade":0.65},"geometry":{"type":"LineString","coordinates":[[11.03214,59.92549],[11.03213,59.92566],[11.03195,59.9258],[11.03192,59.92586],[11.03193,59.92598],[11.03208,59.92626],[11.03193,59.92647],[11.03218,59.92674]]}},{"type":"Feature","properties":{"fade":0.65},"geometry":{"type":"LineString","coordinates":[[11.03326,59.92492],[11.03326,59.92495],[11.03315,59.92498]]}},{"type":"Feature","properties":{"fade":0.65},"geometry":{"type":"LineString","coordinates":[[11.03885,59.92183],[11.03897,59.922],[11.03927,59.92222],[11.03937,59.92225],[11.03998,59.92229],[11.0401,59.92234],[11.04021,59.92242]]}},{"type":"Feature","properties":{"fade":0.65},"geometry":{"type":"LineString","coordinates":[[11.05763,59.86812],[11.05758,59.86778],[11.05739,59.86765]]}},{"type":"Feature","properties":{"fade":0.65},"geometry":{"type":"LineString","coordinates":[[11.05258,59.91026],[11.05287,59.91046],[11.05321,59.91093],[11.05349,59.9112]]}},{"type":"Feature","properties":{"fade":0.65},"geometry":{"type":"LineString","coordinates":[[11.05787,59.86732],[11.05769,59.86705],[11.05774,59.86687],[11.05759,59.8666],[11.058,59.86599]]}},{"type":"Feature","properties":{"fade":0.65},"geometry":{"type":"LineString","coordinates":[[11.05366,59.90943],[11.05371,59.90962],[11.05356,59.9101],[11.0536,59.91034],[11.05359,59.9106],[11.05364,59.9108],[11.05375,59.911]]}},{"type":"Feature","properties":{"fade":0.65},"geometry":{"type":"LineString","coordinates":[[11.05378,59.91097],[11.05392,59.91064]]}},{"type":"Feature","properties":{"fade":0.65},"geometry":{"type":"LineString","coordinates":[[11.06048,59.88038],[11.06007,59.88007],[11.05959,59.87994],[11.05887,59.87969]]}},{"type":"Feature","properties":{"fade":0.65},"geometry":{"type":"LineString","coordinates":[[11.06048,59.88038],[11.06025,59.88044],[11.05987,59.88043],[11.05978,59.88045],[11.05945,59.88057]]}},{"type":"Feature","properties":{"fade":0.65},"geometry":{"type":"LineString","coordinates":[[11.06148,59.8806],[11.06134,59.88062],[11.06096,59.8806],[11.06065,59.88049],[11.06048,59.88038]]}},{"type":"Feature","properties":{"fade":0.65},"geometry":{"type":"LineString","coordinates":[[11.06382,59.89757],[11.064,59.8976],[11.06422,59.89759],[11.06447,59.89753],[11.06467,59.89744],[11.0652,59.89746],[11.06554,59.89742],[11.06571,59.89737],[11.06589,59.89729],[11.06602,59.89715],[11.06611,59.8971],[11.06639,59.89707]]}},{"type":"Feature","properties":{"fade":0.65},"geometry":{"type":"LineString","coordinates":[[11.05708,59.97635],[11.05718,59.97639],[11.05734,59.97642],[11.058,59.97643]]}},{"type":"Feature","properties":{"fade":0.65},"geometry":{"type":"LineString","coordinates":[[11.058,59.97643],[11.05803,59.97643]]}},{"type":"Feature","properties":{"fade":0.65},"geometry":{"type":"LineString","coordinates":[[11.05948,59.97625],[11.058,59.97643]]}},{"type":"Feature","properties":{"fade":0.65},"geometry":{"type":"LineString","coordinates":[[11.10016,59.61925],[11.10011,59.61996],[11.10015,59.62057]]}},{"type":"Feature","properties":{"fade":0.65},"geometry":{"type":"LineString","coordinates":[[11.07122,59.89059],[11.07176,59.89064],[11.07239,59.89079],[11.07279,59.89079],[11.07312,59.89088]]}},{"type":"Feature","properties":{"fade":0.65},"geometry":{"type":"LineString","coordinates":[[11.08753,59.83846],[11.08716,59.83822],[11.08691,59.83788],[11.08659,59.83766]]}},{"type":"Feature","properties":{"fade":0.65},"geometry":{"type":"LineString","coordinates":[[11.11003,59.6426],[11.11015,59.6425]]}},{"type":"Feature","properties":{"fade":0.65},"geometry":{"type":"LineString","coordinates":[[11.11227,59.65861],[11.11237,59.65848],[11.11244,59.65843],[11.11304,59.65849],[11.11345,59.65849],[11.11369,59.65844],[11.11396,59.65833]]}},{"type":"Feature","properties":{"fade":0.65},"geometry":{"type":"LineString","coordinates":[[11.09438,59.83438],[11.09457,59.83433],[11.09472,59.83421],[11.09478,59.83409],[11.09475,59.83393]]}},{"type":"Feature","properties":{"fade":0.65},"geometry":{"type":"LineString","coordinates":[[11.10046,59.83322],[11.0997,59.83281],[11.09931,59.83253]]}},{"type":"Feature","properties":{"fade":0.65},"geometry":{"type":"LineString","coordinates":[[11.10209,59.83178],[11.1019,59.83204],[11.10174,59.83243],[11.10158,59.83266],[11.10152,59.8329]]}},{"type":"Feature","properties":{"fade":0.65},"geometry":{"type":"LineString","coordinates":[[11.09176,59.95904],[11.0938,59.95979]]}},{"type":"Feature","properties":{"fade":0.65},"geometry":{"type":"LineString","coordinates":[[11.13588,59.60142],[11.13651,59.6015],[11.1366,59.60157],[11.13668,59.60173],[11.13682,59.6018],[11.1369,59.60189]]}},{"type":"Feature","properties":{"fade":0.65},"geometry":{"type":"LineString","coordinates":[[11.13607,59.60117],[11.1367,59.60112],[11.13729,59.60117],[11.13739,59.6012],[11.13749,59.60128],[11.1374,59.60137],[11.13725,59.60136]]}},{"type":"Feature","properties":{"fade":0.65},"geometry":{"type":"LineString","coordinates":[[11.12485,59.74578],[11.12506,59.74569],[11.12515,59.74562],[11.12506,59.74536]]}},{"type":"Feature","properties":{"fade":0.65},"geometry":{"type":"LineString","coordinates":[[11.11787,59.82432],[11.11776,59.82546]]}},{"type":"Feature","properties":{"fade":0.65},"geometry":{"type":"LineString","coordinates":[[11.12339,59.82243],[11.12356,59.82261],[11.12405,59.82293],[11.12432,59.82318]]}},{"type":"Feature","properties":{"fade":0.65},"geometry":{"type":"LineString","coordinates":[[11.1463,59.67099],[11.14639,59.67119],[11.14645,59.67123],[11.14685,59.67142],[11.14704,59.67156],[11.14748,59.67172],[11.14768,59.67187],[11.14787,59.67194]]}},{"type":"Feature","properties":{"fade":0.65},"geometry":{"type":"LineString","coordinates":[[11.15434,59.60234],[11.15447,59.60219]]}},{"type":"Feature","properties":{"fade":0.65},"geometry":{"type":"LineString","coordinates":[[11.12178,59.96104],[11.12167,59.96117],[11.12164,59.96126],[11.12188,59.96182],[11.12187,59.96195]]}},{"type":"Feature","properties":{"fade":0.65},"geometry":{"type":"LineString","coordinates":[[11.14916,59.73182],[11.14916,59.73203]]}},{"type":"Feature","properties":{"fade":0.65},"geometry":{"type":"LineString","coordinates":[[11.16839,59.60484],[11.16749,59.60486],[11.16591,59.60485],[11.16515,59.60487]]}},{"type":"Feature","properties":{"fade":0.65},"geometry":{"type":"LineString","coordinates":[[11.15252,59.78712],[11.15275,59.78717],[11.1531,59.78729],[11.15409,59.78779],[11.15479,59.78798],[11.15498,59.78806]]}},{"type":"Feature","properties":{"fade":0.65},"geometry":{"type":"LineString","coordinates":[[11.17403,59.60556],[11.17438,59.60576]]}},{"type":"Feature","properties":{"fade":0.65},"geometry":{"type":"LineString","coordinates":[[11.15121,59.80742],[11.15153,59.80756],[11.15165,59.80756],[11.15179,59.80751]]}},{"type":"Feature","properties":{"fade":0.65},"geometry":{"type":"LineString","coordinates":[[11.15266,59.80665],[11.15242,59.80637],[11.15235,59.80634],[11.15222,59.80633],[11.15175,59.80638],[11.15164,59.80647],[11.15166,59.80658]]}},{"type":"Feature","properties":{"fade":0.65},"geometry":{"type":"LineString","coordinates":[[11.13927,59.96128],[11.13889,59.96128],[11.13797,59.96138],[11.13762,59.96138],[11.13646,59.96125],[11.13589,59.96114],[11.13547,59.96104],[11.13446,59.96104]]}},{"type":"Feature","properties":{"fade":0.65},"geometry":{"type":"LineString","coordinates":[[11.16556,59.71987],[11.16537,59.71992],[11.16506,59.71993],[11.16406,59.71959],[11.16348,59.71946]]}},{"type":"Feature","properties":{"fade":0.65},"geometry":{"type":"LineString","coordinates":[[11.16394,59.72024],[11.16464,59.7204],[11.16475,59.72046],[11.16494,59.72064],[11.16516,59.72071],[11.16572,59.72103],[11.1664,59.72126]]}},{"type":"Feature","properties":{"fade":0.65},"geometry":{"type":"LineString","coordinates":[[11.16363,59.7309],[11.16353,59.73087],[11.16335,59.73086]]}},{"type":"Feature","properties":{"fade":0.65},"geometry":{"type":"LineString","coordinates":[[11.16816,59.70522],[11.16767,59.70532],[11.16656,59.70532]]}},{"type":"Feature","properties":{"fade":0.65},"geometry":{"type":"LineString","coordinates":[[11.16442,59.72626],[11.16461,59.72632],[11.16482,59.72636],[11.16569,59.72646],[11.16597,59.72652],[11.16583,59.72674],[11.16563,59.72691],[11.16519,59.72716],[11.16512,59.72747],[11.16515,59.7276],[11.16513,59.72804],[11.16518,59.7282],[11.16531,59.72836],[11.16538,59.72851]]}},{"type":"Feature","properties":{"fade":0.65},"geometry":{"type":"LineString","coordinates":[[11.16449,59.72571],[11.16506,59.72593],[11.1652,59.72609],[11.16532,59.72614],[11.16558,59.72624],[11.16598,59.72634],[11.16616,59.72652]]}},{"type":"Feature","properties":{"fade":0.65},"geometry":{"type":"LineString","coordinates":[[11.16692,59.70604],[11.16691,59.70615],[11.16695,59.70622],[11.16708,59.70632]]}},{"type":"Feature","properties":{"fade":0.65},"geometry":{"type":"LineString","coordinates":[[11.15872,59.7978],[11.15801,59.79782],[11.15777,59.79781],[11.1576,59.79777],[11.15745,59.79767],[11.15709,59.79726],[11.15699,59.79703]]}},{"type":"Feature","properties":{"fade":0.65},"geometry":{"type":"LineString","coordinates":[[11.16602,59.72064],[11.16584,59.72095]]}},{"type":"Feature","properties":{"fade":0.65},"geometry":{"type":"LineString","coordinates":[[11.13927,59.96128],[11.13941,59.96133]]}},{"type":"Feature","properties":{"fade":0.65},"geometry":{"type":"LineString","coordinates":[[11.1397,59.96129],[11.13927,59.96128]]}},{"type":"Feature","properties":{"fade":0.65},"geometry":{"type":"LineString","coordinates":[[11.15099,59.97071],[11.15101,59.97037],[11.15098,59.97033],[11.15079,59.9702],[11.15076,59.97009]]}},{"type":"Feature","properties":{"fade":0.65},"geometry":{"type":"LineString","coordinates":[[11.15089,59.97097],[11.15088,59.97087],[11.15099,59.97071]]}},{"type":"Feature","properties":{"fade":0.65},"geometry":{"type":"LineString","coordinates":[[11.15099,59.97071],[11.15119,59.97074],[11.15139,59.97083]]}},{"type":"Feature","properties":{"fade":0.65},"geometry":{"type":"LineString","coordinates":[[11.20569,59.61176],[11.20596,59.61183],[11.20697,59.612]]}},{"type":"Feature","properties":{"fade":0.65},"geometry":{"type":"LineString","coordinates":[[11.20758,59.61296],[11.20749,59.61306],[11.20754,59.61332],[11.20759,59.61341],[11.20784,59.61345],[11.20819,59.61343]]}},{"type":"Feature","properties":{"fade":0.65},"geometry":{"type":"LineString","coordinates":[[11.21246,59.61568],[11.2121,59.6158],[11.21136,59.61593],[11.21095,59.61613]]}},{"type":"Feature","properties":{"fade":0.65},"geometry":{"type":"LineString","coordinates":[[11.21924,59.63205],[11.219,59.63201],[11.21856,59.63201]]}},{"type":"Feature","properties":{"fade":0.65},"geometry":{"type":"LineString","coordinates":[[11.22724,59.62994],[11.22708,59.62992],[11.22676,59.62982],[11.22639,59.62968]]}},{"type":"Feature","properties":{"fade":0.65},"geometry":{"type":"LineString","coordinates":[[11.19187,60.00579],[11.19132,60.00559],[11.19064,60.00547],[11.19035,60.00533],[11.18998,60.0052],[11.1899,60.00515],[11.18963,60.00475],[11.18935,60.00462],[11.18874,60.00443],[11.1886,60.00437],[11.18847,60.00428],[11.18832,60.0041],[11.18802,60.00385],[11.18754,60.00363],[11.18751,60.00356]]}},{"type":"Feature","properties":{"fade":0.65},"geometry":{"type":"LineString","coordinates":[[11.19071,60.00611],[11.19076,60.00608]]}},{"type":"Feature","properties":{"fade":0.65},"geometry":{"type":"LineString","coordinates":[[11.2395,59.62753],[11.23957,59.6276],[11.23962,59.62774]]}},{"type":"Feature","properties":{"fade":0.65},"geometry":{"type":"LineString","coordinates":[[11.23962,59.62774],[11.23959,59.62816],[11.23967,59.62818],[11.23999,59.62817],[11.24034,59.62811]]}},{"type":"Feature","properties":{"fade":0.65},"geometry":{"type":"LineString","coordinates":[[11.24029,59.62765],[11.23962,59.62774]]}},{"type":"Feature","properties":{"fade":0.65},"geometry":{"type":"LineString","coordinates":[[11.20979,59.91705],[11.21024,59.91699],[11.2104,59.91691],[11.21105,59.91685],[11.21139,59.91675],[11.21188,59.91666]]}},{"type":"Feature","properties":{"fade":0.65},"geometry":{"type":"LineString","coordinates":[[11.20973,60.01128],[11.20989,60.0112],[11.21013,60.0104]]}},{"type":"Feature","properties":{"fade":0.65},"geometry":{"type":"LineString","coordinates":[[11.22568,59.94028],[11.22582,59.9403]]}},{"type":"Feature","properties":{"fade":0.65},"geometry":{"type":"LineString","coordinates":[[11.26709,59.62825],[11.26687,59.62829],[11.26585,59.62837],[11.26565,59.62835],[11.26531,59.62825],[11.26492,59.62825],[11.26457,59.6283],[11.26408,59.62846],[11.26397,59.62846],[11.26393,59.62843],[11.26391,59.62836],[11.26401,59.62823]]}},{"type":"Feature","properties":{"fade":0.65},"geometry":{"type":"LineString","coordinates":[[11.2307,59.9492],[11.2305,59.9493],[11.23035,59.94945],[11.2305,59.94973],[11.23044,59.94983],[11.22999,59.95004],[11.22956,59.95019]]}},{"type":"Feature","properties":{"fade":0.65},"geometry":{"type":"LineString","coordinates":[[11.27272,59.62882],[11.2732,59.62905],[11.27347,59.62907]]}},{"type":"Feature","properties":{"fade":0.65},"geometry":{"type":"LineString","coordinates":[[11.27347,59.62907],[11.2739,59.62913],[11.27408,59.62913],[11.27459,59.62908],[11.27475,59.62915],[11.2748,59.62924]]}},{"type":"Feature","properties":{"fade":0.65},"geometry":{"type":"LineString","coordinates":[[11.27408,59.62886],[11.27401,59.6289],[11.27396,59.62902],[11.27347,59.62907]]}},{"type":"Feature","properties":{"fade":0.65},"geometry":{"type":"LineString","coordinates":[[11.2748,59.62924],[11.27466,59.62982]]}},{"type":"Feature","properties":{"fade":0.65},"geometry":{"type":"LineString","coordinates":[[11.27498,59.62894],[11.2748,59.62924]]}},{"type":"Feature","properties":{"fade":0.65},"geometry":{"type":"LineString","coordinates":[[11.27542,59.62899],[11.27553,59.62922],[11.27572,59.62938],[11.27591,59.62968],[11.27598,59.62985],[11.27598,59.63007]]}},{"type":"Feature","properties":{"fade":0.65},"geometry":{"type":"LineString","coordinates":[[11.25477,59.87331],[11.25448,59.87327],[11.2543,59.87329]]}},{"type":"Feature","properties":{"fade":0.65},"geometry":{"type":"LineString","coordinates":[[11.23947,60.01266],[11.23909,60.01238],[11.23903,60.01228]]}},{"type":"Feature","properties":{"fade":0.65},"geometry":{"type":"LineString","coordinates":[[11.2553,59.87363],[11.25524,59.87354],[11.25507,59.87342],[11.25477,59.87331]]}},{"type":"Feature","properties":{"fade":0.65},"geometry":{"type":"LineString","coordinates":[[11.25487,59.8733],[11.25477,59.87331]]}},{"type":"Feature","properties":{"fade":0.65},"geometry":{"type":"LineString","coordinates":[[11.25489,59.8733],[11.25541,59.87342],[11.25553,59.87347]]}},{"type":"Feature","properties":{"fade":0.65},"geometry":{"type":"LineString","coordinates":[[11.25893,59.87053],[11.25798,59.87047],[11.25733,59.87056],[11.25696,59.87055]]}},{"type":"Feature","properties":{"fade":0.65},"geometry":{"type":"LineString","coordinates":[[11.25118,59.96764],[11.25094,59.96783]]}},{"type":"Feature","properties":{"fade":0.65},"geometry":{"type":"LineString","coordinates":[[11.25663,59.9673],[11.25604,59.96766],[11.25584,59.96797],[11.25577,59.96823]]}},{"type":"Feature","properties":{"fade":0.65},"geometry":{"type":"LineString","coordinates":[[11.28234,59.82147],[11.2826,59.82149],[11.28278,59.82146]]}},{"type":"Feature","properties":{"fade":0.65},"geometry":{"type":"LineString","coordinates":[[11.28586,59.81268],[11.28535,59.81284],[11.28524,59.81292],[11.28489,59.81306],[11.2843,59.81358],[11.28415,59.8138]]}},{"type":"Feature","properties":{"fade":0.65},"geometry":{"type":"LineString","coordinates":[[11.28412,59.81464],[11.28431,59.81489],[11.28453,59.81499],[11.28458,59.81505],[11.28462,59.81532],[11.28479,59.81542]]}},{"type":"Feature","properties":{"fade":0.65},"geometry":{"type":"LineString","coordinates":[[11.28477,59.81543],[11.28491,59.8155],[11.28586,59.81561]]}},{"type":"Feature","properties":{"fade":0.65},"geometry":{"type":"LineString","coordinates":[[11.28535,59.81278],[11.28536,59.81272]]}},{"type":"Feature","properties":{"fade":0.65},"geometry":{"type":"LineString","coordinates":[[11.30439,59.64926],[11.30469,59.64941],[11.30483,59.64945],[11.30514,59.6495],[11.3056,59.64951]]}},{"type":"Feature","properties":{"fade":0.65},"geometry":{"type":"LineString","coordinates":[[11.29861,59.71226],[11.29874,59.71252]]}},{"type":"Feature","properties":{"fade":0.65},"geometry":{"type":"LineString","coordinates":[[11.30583,59.72677],[11.30584,59.72644],[11.30573,59.72627],[11.30549,59.72601],[11.30507,59.72588],[11.30495,59.7258],[11.30483,59.72554],[11.30454,59.72512],[11.30413,59.72485],[11.30402,59.72465],[11.30368,59.72435],[11.30355,59.72412],[11.30317,59.72383],[11.30301,59.72337],[11.3028,59.72329],[11.30239,59.72326],[11.30217,59.72322],[11.30151,59.72303],[11.30126,59.72293],[11.3005,59.72268]]}},{"type":"Feature","properties":{"fade":0.65},"geometry":{"type":"LineString","coordinates":[[11.27266,60.01166],[11.27246,60.01185]]}},{"type":"Feature","properties":{"fade":0.65},"geometry":{"type":"LineString","coordinates":[[11.30894,59.74755],[11.30917,59.74756],[11.30935,59.74764]]}},{"type":"Feature","properties":{"fade":0.65},"geometry":{"type":"LineString","coordinates":[[11.30014,59.97636],[11.30066,59.9763]]}},{"type":"Feature","properties":{"fade":0.65},"geometry":{"type":"LineString","coordinates":[[11.30071,59.97535],[11.30096,59.97561],[11.30106,59.97598],[11.30095,59.97617],[11.30066,59.9763]]}},{"type":"Feature","properties":{"fade":0.65},"geometry":{"type":"LineString","coordinates":[[11.30485,59.97816],[11.30384,59.97806],[11.30325,59.97795],[11.3024,59.97741],[11.30181,59.97699],[11.30092,59.97655],[11.30066,59.9763]]}},{"type":"Feature","properties":{"fade":0.45},"geometry":{"type":"LineString","coordinates":[[11.02903,59.9258],[11.02899,59.92562],[11.0286,59.92513]]}},{"type":"Feature","properties":{"fade":0.45},"geometry":{"type":"LineString","coordinates":[[11.03239,59.92361],[11.03227,59.92377],[11.03231,59.92384],[11.03256,59.92401]]}},{"type":"Feature","properties":{"fade":0.45},"geometry":{"type":"LineString","coordinates":[[11.03727,59.98538],[11.03718,59.98532]]}},{"type":"Feature","properties":{"fade":0.45},"geometry":{"type":"LineString","coordinates":[[11.04929,59.91116],[11.04879,59.91112],[11.04825,59.91115],[11.048,59.91113],[11.04743,59.91095]]}},{"type":"Feature","properties":{"fade":0.45},"geometry":{"type":"LineString","coordinates":[[11.05594,59.87773],[11.05476,59.87733],[11.0545,59.87727],[11.05366,59.87682]]}},{"type":"Feature","properties":{"fade":0.45},"geometry":{"type":"LineString","coordinates":[[11.05583,59.88058],[11.05608,59.88055],[11.05623,59.88048],[11.0564,59.88033],[11.05656,59.88007],[11.05679,59.87985],[11.05712,59.8797]]}},{"type":"Feature","properties":{"fade":0.45},"geometry":{"type":"LineString","coordinates":[[11.05312,59.90655],[11.05331,59.90679],[11.05333,59.9069],[11.05318,59.90727],[11.05322,59.9076],[11.05335,59.90802]]}},{"type":"Feature","properties":{"fade":0.45},"geometry":{"type":"LineString","coordinates":[[11.04744,59.98252],[11.0477,59.9825]]}},{"type":"Feature","properties":{"fade":0.45},"geometry":{"type":"LineString","coordinates":[[11.05937,59.90023],[11.05912,59.90033],[11.05873,59.90027],[11.05824,59.90031],[11.05803,59.90028]]}},{"type":"Feature","properties":{"fade":0.45},"geometry":{"type":"LineString","coordinates":[[11.06063,59.89882],[11.06005,59.89903],[11.05979,59.89922],[11.05971,59.89933],[11.05968,59.89948],[11.05976,59.89979]]}},{"type":"Feature","properties":{"fade":0.45},"geometry":{"type":"LineString","coordinates":[[11.06253,59.97615],[11.06214,59.97615]]}},{"type":"Feature","properties":{"fade":0.45},"geometry":{"type":"LineString","coordinates":[[11.08295,59.83698],[11.08307,59.83703],[11.08359,59.83716],[11.08399,59.83733],[11.08415,59.83736],[11.08475,59.83733]]}},{"type":"Feature","properties":{"fade":0.45},"geometry":{"type":"LineString","coordinates":[[11.10696,59.64345],[11.10804,59.64356],[11.10816,59.64352],[11.1087,59.64326]]}},{"type":"Feature","properties":{"fade":0.45},"geometry":{"type":"LineString","coordinates":[[11.08609,59.83665],[11.08608,59.83624],[11.08611,59.83616],[11.08646,59.8358],[11.08649,59.83569],[11.08648,59.83552],[11.08633,59.83524]]}},{"type":"Feature","properties":{"fade":0.45},"geometry":{"type":"LineString","coordinates":[[11.11493,59.60402],[11.11481,59.60472],[11.11467,59.60486],[11.11445,59.60503],[11.11412,59.60539]]}},{"type":"Feature","properties":{"fade":0.45},"geometry":{"type":"LineString","coordinates":[[11.10945,59.65987],[11.1101,59.65965],[11.11101,59.65944]]}},{"type":"Feature","properties":{"fade":0.45},"geometry":{"type":"LineString","coordinates":[[11.11212,59.66048],[11.11184,59.66037],[11.11103,59.66043],[11.11092,59.66041],[11.11089,59.66038],[11.11096,59.66014],[11.1111,59.65991],[11.1113,59.65971]]}},{"type":"Feature","properties":{"fade":0.45},"geometry":{"type":"LineString","coordinates":[[11.11153,59.66181],[11.1117,59.66169],[11.11203,59.66129],[11.11234,59.66096],[11.11239,59.66073]]}},{"type":"Feature","properties":{"fade":0.45},"geometry":{"type":"LineString","coordinates":[[11.09316,59.83338],[11.09308,59.83321],[11.09313,59.83278],[11.09358,59.83244],[11.09363,59.83238],[11.09366,59.83218]]}},{"type":"Feature","properties":{"fade":0.45},"geometry":{"type":"LineString","coordinates":[[11.09528,59.8321],[11.09504,59.83211],[11.09459,59.83201],[11.09447,59.83203],[11.09413,59.83218],[11.09378,59.83214]]}},{"type":"Feature","properties":{"fade":0.45},"geometry":{"type":"LineString","coordinates":[[11.12214,59.60246],[11.1219,59.60195],[11.12193,59.60179],[11.12205,59.60158]]}},{"type":"Feature","properties":{"fade":0.45},"geometry":{"type":"LineString","coordinates":[[11.09536,59.8327],[11.09539,59.83235],[11.09528,59.8321]]}},{"type":"Feature","properties":{"fade":0.45},"geometry":{"type":"LineString","coordinates":[[11.09528,59.8321],[11.09525,59.83202],[11.09538,59.83189],[11.09541,59.83175],[11.09558,59.83159]]}},{"type":"Feature","properties":{"fade":0.45},"geometry":{"type":"LineString","coordinates":[[11.1157,59.66496],[11.11594,59.66468]]}},{"type":"Feature","properties":{"fade":0.45},"geometry":{"type":"LineString","coordinates":[[11.09875,59.83096],[11.09854,59.83091],[11.09807,59.8309],[11.09794,59.83085]]}},{"type":"Feature","properties":{"fade":0.45},"geometry":{"type":"LineString","coordinates":[[11.09875,59.83096],[11.0988,59.83079],[11.09873,59.83061]]}},{"type":"Feature","properties":{"fade":0.45},"geometry":{"type":"LineString","coordinates":[[11.09887,59.83162],[11.09875,59.83096]]}},{"type":"Feature","properties":{"fade":0.45},"geometry":{"type":"LineString","coordinates":[[11.12608,59.6009],[11.12657,59.60126],[11.12657,59.6013],[11.12635,59.60151],[11.12646,59.60154]]}},{"type":"Feature","properties":{"fade":0.45},"geometry":{"type":"LineString","coordinates":[[11.12627,59.66885],[11.1262,59.66894],[11.12622,59.66964],[11.12603,59.66987]]}},{"type":"Feature","properties":{"fade":0.45},"geometry":{"type":"LineString","coordinates":[[11.09726,59.96172],[11.09581,59.96077]]}},{"type":"Feature","properties":{"fade":0.45},"geometry":{"type":"LineString","coordinates":[[11.1206,59.74917],[11.12066,59.74848],[11.12089,59.74825],[11.12125,59.74809],[11.12148,59.74791],[11.12156,59.74773],[11.12175,59.74757],[11.12205,59.74714],[11.1225,59.74689]]}},{"type":"Feature","properties":{"fade":0.45},"geometry":{"type":"LineString","coordinates":[[11.12343,59.75942],[11.12313,59.75931],[11.12258,59.75917],[11.1224,59.75916]]}},{"type":"Feature","properties":{"fade":0.45},"geometry":{"type":"LineString","coordinates":[[11.12487,59.7426],[11.12483,59.74234],[11.12493,59.74205],[11.12499,59.74147],[11.12508,59.74115],[11.12507,59.74092],[11.12494,59.74069]]}},{"type":"Feature","properties":{"fade":0.45},"geometry":{"type":"LineString","coordinates":[[11.12609,59.73964],[11.12625,59.73958],[11.12658,59.73921],[11.12684,59.73906],[11.1269,59.739],[11.12695,59.73885]]}},{"type":"Feature","properties":{"fade":0.45},"geometry":{"type":"LineString","coordinates":[[11.11788,59.82223],[11.11789,59.82333]]}},{"type":"Feature","properties":{"fade":0.45},"geometry":{"type":"LineString","coordinates":[[11.12223,59.82068],[11.12248,59.82101],[11.12218,59.82143],[11.12212,59.82165],[11.1222,59.82179]]}},{"type":"Feature","properties":{"fade":0.45},"geometry":{"type":"LineString","coordinates":[[11.148,59.59999],[11.14844,59.5998],[11.14883,59.59973],[11.14915,59.59974],[11.14972,59.59986]]}},{"type":"Feature","properties":{"fade":0.45},"geometry":{"type":"LineString","coordinates":[[11.1515,59.67376],[11.15152,59.67401],[11.15183,59.67421],[11.15203,59.67461],[11.15233,59.67477],[11.15281,59.67497]]}},{"type":"Feature","properties":{"fade":0.45},"geometry":{"type":"LineString","coordinates":[[11.12318,59.96299],[11.12332,59.96307]]}},{"type":"Feature","properties":{"fade":0.45},"geometry":{"type":"LineString","coordinates":[[11.12332,59.96307],[11.12358,59.96321],[11.12369,59.96322],[11.1239,59.96319],[11.12417,59.96307]]}},{"type":"Feature","properties":{"fade":0.45},"geometry":{"type":"LineString","coordinates":[[11.12333,59.96391],[11.12322,59.96369],[11.12325,59.96321],[11.12332,59.96307]]}},{"type":"Feature","properties":{"fade":0.45},"geometry":{"type":"LineString","coordinates":[[11.15071,59.72969],[11.15085,59.7302],[11.15074,59.73046],[11.15078,59.73061]]}},{"type":"Feature","properties":{"fade":0.45},"geometry":{"type":"LineString","coordinates":[[11.14602,59.8079],[11.14624,59.80806]]}},{"type":"Feature","properties":{"fade":0.45},"geometry":{"type":"LineString","coordinates":[[11.14917,59.7851],[11.14941,59.78504],[11.15019,59.78495],[11.15032,59.78501],[11.15034,59.78511]]}},{"type":"Feature","properties":{"fade":0.45},"geometry":{"type":"LineString","coordinates":[[11.1492,59.78652],[11.14908,59.78621],[11.14905,59.78598],[11.14911,59.78584],[11.14931,59.78559],[11.1494,59.78532]]}},{"type":"Feature","properties":{"fade":0.45},"geometry":{"type":"LineString","coordinates":[[11.15011,59.78528],[11.15008,59.7853]]}},{"type":"Feature","properties":{"fade":0.45},"geometry":{"type":"LineString","coordinates":[[11.15011,59.78528],[11.15014,59.78519],[11.15029,59.78516]]}},{"type":"Feature","properties":{"fade":0.45},"geometry":{"type":"LineString","coordinates":[[11.15029,59.78516],[11.15011,59.78528]]}},{"type":"Feature","properties":{"fade":0.45},"geometry":{"type":"LineString","coordinates":[[11.15034,59.78511],[11.15029,59.78516]]}},{"type":"Feature","properties":{"fade":0.45},"geometry":{"type":"LineString","coordinates":[[11.1301,59.96341],[11.12967,59.96323]]}},{"type":"Feature","properties":{"fade":0.45},"geometry":{"type":"LineString","coordinates":[[11.15034,59.78511],[11.1504,59.78511]]}},{"type":"Feature","properties":{"fade":0.45},"geometry":{"type":"LineString","coordinates":[[11.1599,59.71721],[11.15972,59.71736],[11.15965,59.71752],[11.15968,59.71777],[11.15961,59.718],[11.15981,59.71809],[11.1609,59.71841],[11.1611,59.71852]]}},{"type":"Feature","properties":{"fade":0.45},"geometry":{"type":"LineString","coordinates":[[11.15528,59.79584],[11.15516,59.79585],[11.15495,59.79595]]}},{"type":"Feature","properties":{"fade":0.45},"geometry":{"type":"LineString","coordinates":[[11.14057,59.9621],[11.14042,59.96221],[11.14009,59.96235],[11.13961,59.96247],[11.13911,59.96266]]}},{"type":"Feature","properties":{"fade":0.45},"geometry":{"type":"LineString","coordinates":[[11.1832,59.60345],[11.18322,59.60364],[11.18339,59.60373]]}},{"type":"Feature","properties":{"fade":0.45},"geometry":{"type":"LineString","coordinates":[[11.15381,59.97832],[11.15378,59.97833]]}},{"type":"Feature","properties":{"fade":0.45},"geometry":{"type":"LineString","coordinates":[[11.2082,59.6101],[11.20708,59.61042],[11.20683,59.61066]]}},{"type":"Feature","properties":{"fade":0.45},"geometry":{"type":"LineString","coordinates":[[11.21972,59.62804],[11.22088,59.62756],[11.22112,59.62741],[11.22167,59.627]]}},{"type":"Feature","properties":{"fade":0.45},"geometry":{"type":"LineString","coordinates":[[11.18903,60.00655],[11.18902,60.00655]]}},{"type":"Feature","properties":{"fade":0.45},"geometry":{"type":"LineString","coordinates":[[11.1982,60.01069],[11.19824,60.01069]]}},{"type":"Feature","properties":{"fade":0.45},"geometry":{"type":"LineString","coordinates":[[11.22731,59.9391],[11.22738,59.93902],[11.22746,59.939],[11.22791,59.93908],[11.22838,59.9391]]}},{"type":"Feature","properties":{"fade":0.45},"geometry":{"type":"LineString","coordinates":[[11.22744,59.93959],[11.22745,59.93949],[11.2274,59.93943]]}},{"type":"Feature","properties":{"fade":0.45},"geometry":{"type":"LineString","coordinates":[[11.22768,59.94054],[11.22788,59.94052],[11.22825,59.94041],[11.22836,59.94037],[11.22846,59.94021]]}},{"type":"Feature","properties":{"fade":0.45},"geometry":{"type":"LineString","coordinates":[[11.22846,59.94021],[11.22837,59.94008],[11.22838,59.94]]}},{"type":"Feature","properties":{"fade":0.45},"geometry":{"type":"LineString","coordinates":[[11.22949,59.94041],[11.22936,59.94029],[11.22903,59.94018],[11.22863,59.94016],[11.22846,59.94021]]}},{"type":"Feature","properties":{"fade":0.45},"geometry":{"type":"LineString","coordinates":[[11.26427,59.62737],[11.2638,59.62684],[11.2638,59.62667]]}},{"type":"Feature","properties":{"fade":0.45},"geometry":{"type":"LineString","coordinates":[[11.23609,59.88923],[11.23644,59.88901],[11.23655,59.88882],[11.23682,59.88855]]}},{"type":"Feature","properties":{"fade":0.45},"geometry":{"type":"LineString","coordinates":[[11.23001,59.94609],[11.23043,59.94618],[11.23074,59.9462]]}},{"type":"Feature","properties":{"fade":0.45},"geometry":{"type":"LineString","coordinates":[[11.24064,59.88533],[11.24066,59.88532]]}},{"type":"Feature","properties":{"fade":0.45},"geometry":{"type":"LineString","coordinates":[[11.2736,59.62777],[11.27336,59.62773],[11.27265,59.62771],[11.27252,59.62775],[11.27244,59.6278]]}},{"type":"Feature","properties":{"fade":0.45},"geometry":{"type":"LineString","coordinates":[[11.24426,59.8829],[11.24443,59.88294]]}},{"type":"Feature","properties":{"fade":0.45},"geometry":{"type":"LineString","coordinates":[[11.27695,59.62834],[11.27718,59.62769],[11.27722,59.62743]]}},{"type":"Feature","properties":{"fade":0.45},"geometry":{"type":"LineString","coordinates":[[11.2356,60.01492],[11.23516,60.01476],[11.23488,60.01476],[11.2346,60.01471]]}},{"type":"Feature","properties":{"fade":0.45},"geometry":{"type":"LineString","coordinates":[[11.2354,60.01451],[11.23613,60.01409]]}},{"type":"Feature","properties":{"fade":0.45},"geometry":{"type":"LineString","coordinates":[[11.25847,59.87321],[11.25909,59.87358],[11.25946,59.87373],[11.25952,59.87378]]}},{"type":"Feature","properties":{"fade":0.45},"geometry":{"type":"LineString","coordinates":[[11.26275,59.87066],[11.26083,59.87061]]}},{"type":"Feature","properties":{"fade":0.45},"geometry":{"type":"LineString","coordinates":[[11.2554,59.96553],[11.2555,59.96572],[11.25571,59.96586],[11.25598,59.96623],[11.25612,59.96633],[11.25634,59.96641]]}},{"type":"Feature","properties":{"fade":0.45},"geometry":{"type":"LineString","coordinates":[[11.25115,60.01478],[11.25091,60.01461],[11.25054,60.01453],[11.25032,60.01451]]}},{"type":"Feature","properties":{"fade":0.45},"geometry":{"type":"LineString","coordinates":[[11.25774,59.96584],[11.25744,59.96592],[11.25684,59.96613],[11.25675,59.96618],[11.25676,59.96635],[11.25669,59.9664]]}},{"type":"Feature","properties":{"fade":0.45},"geometry":{"type":"LineString","coordinates":[[11.29235,59.6938],[11.29227,59.69378]]}},{"type":"Feature","properties":{"fade":0.45},"geometry":{"type":"LineString","coordinates":[[11.25923,60.01377],[11.25886,60.0138],[11.25841,60.01404],[11.25788,60.01398],[11.25729,60.0141],[11.25717,60.01418],[11.25703,60.01434]]}},{"type":"Feature","properties":{"fade":0.45},"geometry":{"type":"LineString","coordinates":[[11.25956,60.01415],[11.25931,60.01399],[11.25923,60.01377]]}},{"type":"Feature","properties":{"fade":0.45},"geometry":{"type":"LineString","coordinates":[[11.26135,60.01311],[11.26112,60.01329],[11.26093,60.01333],[11.2601,60.01341],[11.25923,60.01377]]}},{"type":"Feature","properties":{"fade":0.45},"geometry":{"type":"LineString","coordinates":[[11.28761,59.81602],[11.28795,59.81601],[11.28808,59.81604],[11.28859,59.8163],[11.28875,59.81641],[11.28895,59.81665],[11.28912,59.81671]]}},{"type":"Feature","properties":{"fade":0.45},"geometry":{"type":"LineString","coordinates":[[11.29141,59.79661],[11.29122,59.79658],[11.29057,59.79641],[11.28996,59.79607],[11.28971,59.79581],[11.28975,59.79567],[11.29007,59.79536],[11.29027,59.79521],[11.29026,59.79518],[11.29016,59.79515]]}},{"type":"Feature","properties":{"fade":0.45},"geometry":{"type":"LineString","coordinates":[[11.29186,59.79665],[11.2915,59.79665],[11.29141,59.79661]]}},{"type":"Feature","properties":{"fade":0.45},"geometry":{"type":"LineString","coordinates":[[11.29141,59.79661],[11.29176,59.79646]]}},{"type":"Feature","properties":{"fade":0.45},"geometry":{"type":"LineString","coordinates":[[11.29299,59.80123],[11.2926,59.80126],[11.29166,59.80128],[11.29147,59.80133],[11.29125,59.80154]]}},{"type":"Feature","properties":{"fade":0.45},"geometry":{"type":"LineString","coordinates":[[11.26959,60.0128],[11.26943,60.01289],[11.26876,60.01305],[11.26823,60.01312],[11.26806,60.01321],[11.26808,60.0133]]}},{"type":"Feature","properties":{"fade":0.45},"geometry":{"type":"LineString","coordinates":[[11.30129,59.71619],[11.30163,59.71648],[11.30168,59.71658]]}},{"type":"Feature","properties":{"fade":0.45},"geometry":{"type":"LineString","coordinates":[[11.30168,59.71658],[11.30185,59.71716],[11.30166,59.71773],[11.30166,59.71787],[11.30169,59.71797],[11.30207,59.71851]]}},{"type":"Feature","properties":{"fade":0.45},"geometry":{"type":"LineString","coordinates":[[11.30226,59.71567],[11.30235,59.71577],[11.30241,59.71596],[11.30233,59.71618],[11.30214,59.71636],[11.30173,59.71651],[11.30168,59.71658]]}},{"type":"Feature","properties":{"fade":0.45},"geometry":{"type":"LineString","coordinates":[[11.30259,59.71944],[11.30253,59.71966],[11.30268,59.71976],[11.30307,59.71988]]}},{"type":"Feature","properties":{"fade":0.45},"geometry":{"type":"LineString","coordinates":[[11.30624,59.75758],[11.30615,59.75753]]}},{"type":"Feature","properties":{"fade":0.45},"geometry":{"type":"LineString","coordinates":[[11.30661,59.7572],[11.30675,59.75727],[11.30668,59.75736]]}},{"type":"Feature","properties":{"fade":0.45},"geometry":{"type":"LineString","coordinates":[[11.28175,60.01201],[11.28154,60.01206],[11.28127,60.01222],[11.28099,60.01268],[11.28031,60.0128]]}},{"type":"Feature","properties":{"fade":0.45},"geometry":{"type":"LineString","coordinates":[[11.29968,59.97215],[11.29921,59.97256],[11.29916,59.97292],[11.29906,59.97313]]}},{"type":"Feature","properties":{"fade":0.45},"geometry":{"type":"LineString","coordinates":[[11.30719,59.97838],[11.30846,59.97873],[11.30917,59.97888]]}},{"type":"Feature","properties":{"fade":0.15},"geometry":{"type":"LineString","coordinates":[[10.9745,59.96141],[10.97379,59.96101],[10.97368,59.96078],[10.97371,59.96066],[10.97418,59.95999],[10.9742,59.95993],[10.97412,59.95979],[10.97372,59.95946],[10.973,59.95907]]}},{"type":"Feature","properties":{"fade":0.15},"geometry":{"type":"LineString","coordinates":[[10.97457,59.96217],[10.97432,59.96216],[10.97414,59.96213],[10.97379,59.962]]}},{"type":"Feature","properties":{"fade":0.15},"geometry":{"type":"LineString","coordinates":[[10.97367,59.96662],[10.97414,59.96677],[10.97438,59.96692],[10.97463,59.96703],[10.975,59.96736]]}},{"type":"Feature","properties":{"fade":0.15},"geometry":{"type":"LineString","coordinates":[[10.97583,59.96763],[10.97552,59.96789],[10.97529,59.96797],[10.97481,59.96809],[10.97461,59.96809],[10.97435,59.96802],[10.97426,59.96797],[10.97417,59.96782]]}},{"type":"Feature","properties":{"fade":0.15},"geometry":{"type":"LineString","coordinates":[[10.97658,59.97078],[10.97585,59.97055]]}},{"type":"Feature","properties":{"fade":0.15},"geometry":{"type":"LineString","coordinates":[[10.98168,59.97674],[10.98372,59.97669]]}},{"type":"Feature","properties":{"fade":0.15},"geometry":{"type":"LineString","coordinates":[[10.99265,59.98273],[10.99334,59.9826],[10.99393,59.98239],[10.99422,59.98224]]}},{"type":"Feature","properties":{"fade":0.15},"geometry":{"type":"LineString","coordinates":[[10.99955,59.93379],[10.9995,59.93381],[10.99953,59.9339]]}},{"type":"Feature","properties":{"fade":0.15},"geometry":{"type":"LineString","coordinates":[[11.00965,59.98655],[11.01001,59.98682]]}},{"type":"Feature","properties":{"fade":0.15},"geometry":{"type":"LineString","coordinates":[[11.02078,59.98813],[11.02066,59.9884]]}},{"type":"Feature","properties":{"fade":0.15},"geometry":{"type":"LineString","coordinates":[[11.04358,59.91064],[11.04342,59.91057],[11.04315,59.91029],[11.04312,59.90974],[11.04292,59.90951]]}},{"type":"Feature","properties":{"fade":0.15},"geometry":{"type":"LineString","coordinates":[[11.04866,59.87178],[11.04829,59.8715],[11.04811,59.87125],[11.04799,59.87118],[11.04788,59.87107],[11.04771,59.871]]}},{"type":"Feature","properties":{"fade":0.15},"geometry":{"type":"LineString","coordinates":[[11.04788,59.87455],[11.04812,59.87461],[11.04867,59.87469]]}},{"type":"Feature","properties":{"fade":0.15},"geometry":{"type":"LineString","coordinates":[[11.04867,59.87469],[11.04858,59.87454],[11.04859,59.87418],[11.04839,59.87388],[11.04844,59.87365],[11.04842,59.87347],[11.04872,59.87307],[11.04886,59.87298],[11.04894,59.87288],[11.04894,59.87267],[11.04878,59.87229],[11.0488,59.8722],[11.04864,59.8719],[11.04866,59.87178]]}},{"type":"Feature","properties":{"fade":0.15},"geometry":{"type":"LineString","coordinates":[[11.04866,59.87178],[11.04872,59.87163],[11.04896,59.87145]]}},{"type":"Feature","properties":{"fade":0.15},"geometry":{"type":"LineString","coordinates":[[11.04849,59.87455],[11.0485,59.87463]]}},{"type":"Feature","properties":{"fade":0.15},"geometry":{"type":"LineString","coordinates":[[11.04954,59.87524],[11.04937,59.87518],[11.049,59.87497],[11.04867,59.87469]]}},{"type":"Feature","properties":{"fade":0.15},"geometry":{"type":"LineString","coordinates":[[11.05053,59.88138],[11.05075,59.88132],[11.05088,59.88126],[11.05102,59.88105],[11.05117,59.88099],[11.05198,59.88082]]}},{"type":"Feature","properties":{"fade":0.15},"geometry":{"type":"LineString","coordinates":[[11.05059,59.88146],[11.05094,59.88152],[11.05137,59.88184],[11.05175,59.88197],[11.0519,59.88197],[11.05196,59.88194],[11.05203,59.88179],[11.05178,59.88167],[11.05151,59.88163],[11.05138,59.88156],[11.0513,59.88144],[11.05131,59.88129],[11.05135,59.88121],[11.05141,59.88118],[11.05188,59.88104],[11.05196,59.88094],[11.05198,59.88082]]}},{"type":"Feature","properties":{"fade":0.15},"geometry":{"type":"LineString","coordinates":[[11.05198,59.88082],[11.05229,59.88079]]}},{"type":"Feature","properties":{"fade":0.15},"geometry":{"type":"LineString","coordinates":[[11.05342,59.8841],[11.05383,59.88437]]}},{"type":"Feature","properties":{"fade":0.15},"geometry":{"type":"LineString","coordinates":[[11.05274,59.89889],[11.05281,59.90015],[11.05297,59.90048],[11.05283,59.90086],[11.0527,59.90158],[11.0522,59.9021],[11.05226,59.9025]]}},{"type":"Feature","properties":{"fade":0.15},"geometry":{"type":"LineString","coordinates":[[11.09548,59.612],[11.0972,59.61223]]}},{"type":"Feature","properties":{"fade":0.15},"geometry":{"type":"LineString","coordinates":[[11.06199,59.98167],[11.062,59.98155]]}},{"type":"Feature","properties":{"fade":0.15},"geometry":{"type":"LineString","coordinates":[[11.11277,59.60219],[11.11365,59.60191]]}},{"type":"Feature","properties":{"fade":0.15},"geometry":{"type":"LineString","coordinates":[[11.11365,59.60191],[11.1137,59.60182],[11.11386,59.60168],[11.11439,59.6015],[11.11464,59.60132],[11.11481,59.60114]]}},{"type":"Feature","properties":{"fade":0.15},"geometry":{"type":"LineString","coordinates":[[11.11365,59.60191],[11.11394,59.60189],[11.11428,59.60196]]}},{"type":"Feature","properties":{"fade":0.15},"geometry":{"type":"LineString","coordinates":[[11.10768,59.66385],[11.10822,59.66306],[11.10842,59.66266]]}},{"type":"Feature","properties":{"fade":0.15},"geometry":{"type":"LineString","coordinates":[[11.11216,59.66699],[11.113,59.66611]]}},{"type":"Feature","properties":{"fade":0.15},"geometry":{"type":"LineString","coordinates":[[11.1183,59.76373],[11.11832,59.76372]]}},{"type":"Feature","properties":{"fade":0.15},"geometry":{"type":"LineString","coordinates":[[11.11832,59.76372],[11.11873,59.76382],[11.1191,59.76385],[11.1194,59.7639],[11.11966,59.76405],[11.12023,59.7642]]}},{"type":"Feature","properties":{"fade":0.15},"geometry":{"type":"LineString","coordinates":[[11.11892,59.76287],[11.11865,59.76319],[11.11844,59.76359],[11.11832,59.76372]]}},{"type":"Feature","properties":{"fade":0.15},"geometry":{"type":"LineString","coordinates":[[11.10107,59.96428],[11.09993,59.96351]]}},{"type":"Feature","properties":{"fade":0.15},"geometry":{"type":"LineString","coordinates":[[11.11731,59.81914],[11.11745,59.82019]]}},{"type":"Feature","properties":{"fade":0.15},"geometry":{"type":"LineString","coordinates":[[11.10236,59.96444],[11.10207,59.96415]]}},{"type":"Feature","properties":{"fade":0.15},"geometry":{"type":"LineString","coordinates":[[11.13198,59.73235],[11.13187,59.73236],[11.13145,59.73251],[11.13091,59.73256]]}},{"type":"Feature","properties":{"fade":0.15},"geometry":{"type":"LineString","coordinates":[[11.10665,59.96363],[11.10615,59.96396],[11.10583,59.96424],[11.10569,59.96433],[11.10537,59.96445]]}},{"type":"Feature","properties":{"fade":0.15},"geometry":{"type":"LineString","coordinates":[[11.12282,59.81788],[11.1232,59.81806],[11.12321,59.81813]]}},{"type":"Feature","properties":{"fade":0.15},"geometry":{"type":"LineString","coordinates":[[11.14214,59.72958],[11.142,59.72947],[11.14177,59.72938],[11.14159,59.72924],[11.14131,59.7291],[11.14112,59.72884]]}},{"type":"Feature","properties":{"fade":0.15},"geometry":{"type":"LineString","coordinates":[[11.11447,59.96485],[11.11482,59.96521],[11.11493,59.96543],[11.11532,59.96584]]}},{"type":"Feature","properties":{"fade":0.15},"geometry":{"type":"LineString","coordinates":[[11.14369,59.72814],[11.14371,59.72882],[11.14378,59.72896],[11.14394,59.72907]]}},{"type":"Feature","properties":{"fade":0.15},"geometry":{"type":"LineString","coordinates":[[11.1424,59.78294],[11.14193,59.78314],[11.14158,59.78346],[11.14123,59.7837]]}},{"type":"Feature","properties":{"fade":0.15},"geometry":{"type":"LineString","coordinates":[[11.14283,59.80704],[11.14208,59.80696],[11.14202,59.80697],[11.14164,59.80709],[11.14131,59.80734],[11.14118,59.8074],[11.14068,59.80749]]}},{"type":"Feature","properties":{"fade":0.15},"geometry":{"type":"LineString","coordinates":[[11.15055,59.72783],[11.15055,59.72763],[11.1507,59.72748],[11.15099,59.72733],[11.15115,59.7273],[11.15161,59.72729],[11.15184,59.72725],[11.15273,59.72687],[11.15307,59.72682],[11.15335,59.72683],[11.15356,59.72677],[11.15434,59.72671],[11.1551,59.72656]]}},{"type":"Feature","properties":{"fade":0.15},"geometry":{"type":"LineString","coordinates":[[11.15524,59.71416],[11.15473,59.7141],[11.15443,59.71414],[11.1541,59.71421],[11.15389,59.71423],[11.15348,59.71418]]}},{"type":"Feature","properties":{"fade":0.15},"geometry":{"type":"LineString","coordinates":[[11.1544,59.72632],[11.15498,59.72654],[11.1551,59.72656]]}},{"type":"Feature","properties":{"fade":0.15},"geometry":{"type":"LineString","coordinates":[[11.15723,59.72612],[11.15703,59.72611],[11.15685,59.72613],[11.15641,59.72636],[11.15603,59.72648],[11.15566,59.72654],[11.1551,59.72656]]}},{"type":"Feature","properties":{"fade":0.15},"geometry":{"type":"LineString","coordinates":[[11.17152,59.60086],[11.17146,59.60077]]}},{"type":"Feature","properties":{"fade":0.15},"geometry":{"type":"LineString","coordinates":[[11.17172,59.60134],[11.17166,59.60107],[11.17152,59.60086]]}},{"type":"Feature","properties":{"fade":0.15},"geometry":{"type":"LineString","coordinates":[[11.17287,59.6013],[11.17272,59.6011],[11.17248,59.6009],[11.17232,59.60082],[11.17184,59.60079],[11.17152,59.60086]]}},{"type":"Feature","properties":{"fade":0.15},"geometry":{"type":"LineString","coordinates":[[11.16193,59.68975],[11.16202,59.68977],[11.16201,59.68985],[11.16205,59.68993],[11.16232,59.69006],[11.16241,59.69007],[11.16269,59.69001]]}},{"type":"Feature","properties":{"fade":0.15},"geometry":{"type":"LineString","coordinates":[[11.13592,59.96633],[11.13611,59.96603],[11.1362,59.96595],[11.13645,59.96585],[11.1368,59.96555],[11.13707,59.96544]]}},{"type":"Feature","properties":{"fade":0.15},"geometry":{"type":"LineString","coordinates":[[11.18721,59.60142],[11.18686,59.60121],[11.18615,59.60097]]}},{"type":"Feature","properties":{"fade":0.15},"geometry":{"type":"LineString","coordinates":[[11.14783,59.97633],[11.14743,59.97629],[11.14738,59.97627],[11.1473,59.97605],[11.14722,59.97597]]}},{"type":"Feature","properties":{"fade":0.15},"geometry":{"type":"LineString","coordinates":[[11.14952,59.97805],[11.14946,59.97822],[11.14933,59.97837]]}},{"type":"Feature","properties":{"fade":0.15},"geometry":{"type":"LineString","coordinates":[[11.15351,59.98234],[11.1535,59.98233]]}},{"type":"Feature","properties":{"fade":0.15},"geometry":{"type":"LineString","coordinates":[[11.17993,60.00701],[11.1797,60.00701],[11.17915,60.00707]]}},{"type":"Feature","properties":{"fade":0.15},"geometry":{"type":"LineString","coordinates":[[11.183,60.00759],[11.18338,60.00766],[11.18345,60.00765]]}},{"type":"Feature","properties":{"fade":0.15},"geometry":{"type":"LineString","coordinates":[[11.21858,59.91857],[11.2188,59.91853],[11.2194,59.91848]]}},{"type":"Feature","properties":{"fade":0.15},"geometry":{"type":"LineString","coordinates":[[11.21915,59.91794],[11.21931,59.91819],[11.2194,59.91848]]}},{"type":"Feature","properties":{"fade":0.15},"geometry":{"type":"LineString","coordinates":[[11.2194,59.91848],[11.21937,59.91869],[11.21927,59.91888]]}},{"type":"Feature","properties":{"fade":0.15},"geometry":{"type":"LineString","coordinates":[[11.22308,59.90937],[11.22323,59.90929],[11.22338,59.90927],[11.22393,59.90923]]}},{"type":"Feature","properties":{"fade":0.15},"geometry":{"type":"LineString","coordinates":[[11.2639,59.62465],[11.26395,59.62461],[11.2641,59.62429],[11.26407,59.62391],[11.26418,59.62375]]}},{"type":"Feature","properties":{"fade":0.15},"geometry":{"type":"LineString","coordinates":[[11.26627,59.62374],[11.26648,59.62401],[11.26695,59.62417],[11.26739,59.62443],[11.26816,59.62434],[11.26916,59.62432],[11.26941,59.62424]]}},{"type":"Feature","properties":{"fade":0.15},"geometry":{"type":"LineString","coordinates":[[11.26941,59.62424],[11.26919,59.62451],[11.26907,59.62479]]}},{"type":"Feature","properties":{"fade":0.15},"geometry":{"type":"LineString","coordinates":[[11.26947,59.62421],[11.26941,59.62424]]}},{"type":"Feature","properties":{"fade":0.15},"geometry":{"type":"LineString","coordinates":[[11.23944,59.95144],[11.23975,59.95163],[11.24038,59.95191],[11.24074,59.95233],[11.24099,59.95258],[11.24118,59.95266],[11.24157,59.95274],[11.24182,59.95292],[11.24212,59.95307],[11.24219,59.95318],[11.2422,59.95328],[11.24197,59.95354],[11.24197,59.95378],[11.2419,59.95383],[11.24172,59.95388],[11.24161,59.95404],[11.24159,59.9544],[11.24163,59.95453]]}},{"type":"Feature","properties":{"fade":0.15},"geometry":{"type":"LineString","coordinates":[[11.26184,59.87672],[11.26157,59.87669],[11.26124,59.87661],[11.26113,59.87661],[11.261,59.87662],[11.26055,59.87674]]}},{"type":"Feature","properties":{"fade":0.15},"geometry":{"type":"LineString","coordinates":[[11.26133,59.87557],[11.26145,59.87578],[11.26166,59.87595],[11.26181,59.87617]]}},{"type":"Feature","properties":{"fade":0.15},"geometry":{"type":"LineString","coordinates":[[11.29041,59.62758],[11.28956,59.62754],[11.28934,59.62757]]}},{"type":"Feature","properties":{"fade":0.15},"geometry":{"type":"LineString","coordinates":[[11.25368,59.96386],[11.25364,59.96377],[11.25358,59.96372]]}},{"type":"Feature","properties":{"fade":0.15},"geometry":{"type":"LineString","coordinates":[[11.25215,60.01741],[11.25213,60.01729],[11.25203,60.01721]]}},{"type":"Feature","properties":{"fade":0.15},"geometry":{"type":"LineString","coordinates":[[11.25603,60.01685],[11.25583,60.01664],[11.25538,60.01627]]}},{"type":"Feature","properties":{"fade":0.15},"geometry":{"type":"LineString","coordinates":[[11.25603,60.01685],[11.25617,60.01711]]}},{"type":"Feature","properties":{"fade":0.15},"geometry":{"type":"LineString","coordinates":[[11.25603,60.01685],[11.2561,60.01678],[11.25615,60.01662],[11.25626,60.01647]]}},{"type":"Feature","properties":{"fade":0.15},"geometry":{"type":"LineString","coordinates":[[11.27223,59.9631],[11.27173,59.96336],[11.27141,59.96345],[11.27122,59.96348],[11.27105,59.96349],[11.27066,59.96341],[11.2705,59.96341],[11.27004,59.96353],[11.26959,59.9636],[11.26874,59.96359],[11.26819,59.96369],[11.2672,59.96366],[11.26689,59.96384]]}},{"type":"Feature","properties":{"fade":0.15},"geometry":{"type":"LineString","coordinates":[[11.30283,59.6818],[11.30322,59.68161],[11.30414,59.68105]]}},{"type":"Feature","properties":{"fade":0.15},"geometry":{"type":"LineString","coordinates":[[11.29484,59.79528],[11.29581,59.79509],[11.29612,59.79497],[11.29642,59.79478]]}},{"type":"Feature","properties":{"fade":0.15},"geometry":{"type":"LineString","coordinates":[[11.29765,59.79723],[11.29721,59.7973],[11.29679,59.79748],[11.29655,59.79755],[11.29639,59.79757],[11.29625,59.79756],[11.29618,59.79752],[11.29598,59.79728],[11.29582,59.79724]]}},{"type":"Feature","properties":{"fade":0.15},"geometry":{"type":"LineString","coordinates":[[11.27828,59.9638],[11.27812,59.96383],[11.27781,59.96379],[11.2777,59.96384],[11.2776,59.96395],[11.27755,59.9641],[11.27759,59.9642],[11.27757,59.9643],[11.2776,59.9645],[11.27752,59.96463]]}},{"type":"Feature","properties":{"fade":0.15},"geometry":{"type":"LineString","coordinates":[[11.29462,59.8183],[11.29437,59.81846],[11.29411,59.81892],[11.29401,59.8192],[11.29378,59.81942],[11.29378,59.81982],[11.29387,59.82006]]}},{"type":"Feature","properties":{"fade":0.15},"geometry":{"type":"LineString","coordinates":[[11.29817,59.80007],[11.29788,59.80018],[11.29743,59.8004],[11.29684,59.80062],[11.29647,59.80071]]}},{"type":"Feature","properties":{"fade":0.15},"geometry":{"type":"LineString","coordinates":[[11.30359,59.76629],[11.30344,59.76597],[11.3035,59.7656],[11.30348,59.76546],[11.3035,59.76535],[11.30375,59.76508],[11.30376,59.76492],[11.30389,59.76469],[11.30398,59.76415],[11.30395,59.7637],[11.304,59.76355],[11.30424,59.76336],[11.30455,59.76319],[11.30541,59.76285],[11.30551,59.7627],[11.3055,59.76259],[11.30548,59.7625],[11.30536,59.76242]]}},{"type":"Feature","properties":{"fade":0.15},"geometry":{"type":"LineString","coordinates":[[11.31097,59.7587],[11.31111,59.7587]]}},{"type":"Feature","properties":{"fade":0.15},"geometry":{"type":"LineString","coordinates":[[11.31111,59.7587],[11.31187,59.75876],[11.31237,59.75889],[11.31277,59.75892]]}},{"type":"Feature","properties":{"fade":0.15},"geometry":{"type":"LineString","coordinates":[[11.31111,59.7587],[11.31114,59.75864]]}},{"type":"Feature","properties":{"fade":0.15},"geometry":{"type":"LineString","coordinates":[[11.29365,60.01287],[11.29356,60.01265],[11.29347,60.01259]]}},{"type":"Feature","properties":{"fade":0.15},"geometry":{"type":"LineString","coordinates":[[11.31727,59.99741],[11.3182,59.99748]]}},{"type":"Feature","properties":{"fade":0.25},"geometry":{"type":"LineString","coordinates":[[10.97633,59.96184],[10.97562,59.96183],[10.97532,59.96177],[10.97503,59.96168],[10.9745,59.96141]]}},{"type":"Feature","properties":{"fade":0.25},"geometry":{"type":"LineString","coordinates":[[10.97457,59.96217],[10.97635,59.96214]]}},{"type":"Feature","properties":{"fade":0.25},"geometry":{"type":"LineString","coordinates":[[10.97583,59.96763],[10.97595,59.96751]]}},{"type":"Feature","properties":{"fade":0.25},"geometry":{"type":"LineString","coordinates":[[10.97633,59.96789],[10.97634,59.96774],[10.9765,59.96762]]}},{"type":"Feature","properties":{"fade":0.25},"geometry":{"type":"LineString","coordinates":[[10.98372,59.97669],[10.98428,59.97668]]}},{"type":"Feature","properties":{"fade":0.25},"geometry":{"type":"LineString","coordinates":[[10.99422,59.98224],[10.99433,59.98212],[10.99429,59.98199],[10.99378,59.98183],[10.99347,59.9817]]}},{"type":"Feature","properties":{"fade":0.25},"geometry":{"type":"LineString","coordinates":[[10.99953,59.9339],[10.99969,59.93411],[10.99982,59.93418],[11.00001,59.93422]]}},{"type":"Feature","properties":{"fade":0.25},"geometry":{"type":"LineString","coordinates":[[10.99855,59.98267],[10.99857,59.98267]]}},{"type":"Feature","properties":{"fade":0.25},"geometry":{"type":"LineString","coordinates":[[11.04565,59.91068],[11.04552,59.91065],[11.04525,59.91063],[11.04482,59.91074],[11.04434,59.91076],[11.04385,59.91072],[11.04358,59.91064]]}},{"type":"Feature","properties":{"fade":0.25},"geometry":{"type":"LineString","coordinates":[[11.04896,59.87145],[11.04898,59.87144]]}},{"type":"Feature","properties":{"fade":0.25},"geometry":{"type":"LineString","coordinates":[[11.04898,59.87144],[11.04901,59.87136],[11.04929,59.87108]]}},{"type":"Feature","properties":{"fade":0.25},"geometry":{"type":"LineString","coordinates":[[11.04898,59.87144],[11.04929,59.87136]]}},{"type":"Feature","properties":{"fade":0.25},"geometry":{"type":"LineString","coordinates":[[11.05146,59.87588],[11.05041,59.87542],[11.04954,59.87524]]}},{"type":"Feature","properties":{"fade":0.25},"geometry":{"type":"LineString","coordinates":[[11.04612,59.91032],[11.046,59.91012],[11.046,59.91007],[11.04612,59.90982],[11.04627,59.90969],[11.04677,59.90946],[11.04725,59.90934],[11.04747,59.90921],[11.04753,59.9091],[11.04745,59.90899],[11.04713,59.9089]]}},{"type":"Feature","properties":{"fade":0.25},"geometry":{"type":"LineString","coordinates":[[11.05229,59.88079],[11.0525,59.88073],[11.05288,59.88032],[11.05298,59.88027],[11.05341,59.88018],[11.05378,59.88019]]}},{"type":"Feature","properties":{"fade":0.25},"geometry":{"type":"LineString","coordinates":[[11.0541,59.88076],[11.05371,59.88089],[11.05356,59.88088],[11.05328,59.8808]]}},{"type":"Feature","properties":{"fade":0.25},"geometry":{"type":"LineString","coordinates":[[11.05226,59.9025],[11.05243,59.9029],[11.05237,59.90334],[11.05243,59.90361],[11.05235,59.90391],[11.05256,59.90446],[11.05258,59.90463],[11.05252,59.90515],[11.05264,59.90528]]}},{"type":"Feature","properties":{"fade":0.25},"geometry":{"type":"LineString","coordinates":[[11.09612,59.61639],[11.09574,59.6165],[11.09548,59.61663],[11.09529,59.61704],[11.09514,59.61724]]}},{"type":"Feature","properties":{"fade":0.25},"geometry":{"type":"LineString","coordinates":[[11.0972,59.61223],[11.09749,59.61226],[11.09791,59.61226],[11.09917,59.6122]]}},{"type":"Feature","properties":{"fade":0.25},"geometry":{"type":"LineString","coordinates":[[11.10376,59.60838],[11.10389,59.60846]]}},{"type":"Feature","properties":{"fade":0.25},"geometry":{"type":"LineString","coordinates":[[11.086,59.83414],[11.08572,59.83401]]}},{"type":"Feature","properties":{"fade":0.25},"geometry":{"type":"LineString","coordinates":[[11.10696,59.65991],[11.10664,59.65945],[11.10678,59.65924],[11.10679,59.65915],[11.10652,59.65875],[11.10644,59.65855]]}},{"type":"Feature","properties":{"fade":0.25},"geometry":{"type":"LineString","coordinates":[[11.10696,59.65991],[11.10719,59.66],[11.10736,59.66003],[11.10762,59.65999]]}},{"type":"Feature","properties":{"fade":0.25},"geometry":{"type":"LineString","coordinates":[[11.10842,59.66266],[11.10855,59.6623],[11.10844,59.66195],[11.10788,59.66122],[11.10696,59.65991]]}},{"type":"Feature","properties":{"fade":0.25},"geometry":{"type":"LineString","coordinates":[[11.11428,59.60196],[11.11482,59.60224]]}},{"type":"Feature","properties":{"fade":0.25},"geometry":{"type":"LineString","coordinates":[[11.11482,59.60224],[11.11494,59.60233],[11.11505,59.60247],[11.11501,59.60282]]}},{"type":"Feature","properties":{"fade":0.25},"geometry":{"type":"LineString","coordinates":[[11.113,59.66611],[11.11307,59.66606],[11.11324,59.66603],[11.11409,59.66626],[11.11425,59.66629],[11.11454,59.66628],[11.11459,59.66627],[11.11492,59.66588]]}},{"type":"Feature","properties":{"fade":0.25},"geometry":{"type":"LineString","coordinates":[[11.09993,59.96351],[11.09854,59.96258]]}},{"type":"Feature","properties":{"fade":0.25},"geometry":{"type":"LineString","coordinates":[[11.11745,59.82019],[11.11739,59.82043],[11.11759,59.82087],[11.1176,59.82123]]}},{"type":"Feature","properties":{"fade":0.25},"geometry":{"type":"LineString","coordinates":[[11.12197,59.81921],[11.1219,59.81935],[11.12196,59.81962],[11.1219,59.8197]]}},{"type":"Feature","properties":{"fade":0.25},"geometry":{"type":"LineString","coordinates":[[11.12321,59.81813],[11.12301,59.81838],[11.12269,59.81856],[11.12276,59.81876],[11.12273,59.81899],[11.1228,59.81913],[11.12278,59.81917]]}},{"type":"Feature","properties":{"fade":0.25},"geometry":{"type":"LineString","coordinates":[[11.13231,59.81569],[11.13232,59.816],[11.13214,59.81628],[11.13201,59.81634],[11.13081,59.8166],[11.13018,59.81679],[11.12989,59.81693],[11.12989,59.81712]]}},{"type":"Feature","properties":{"fade":0.25},"geometry":{"type":"LineString","coordinates":[[11.11414,59.9639],[11.11427,59.96448],[11.11447,59.96485]]}},{"type":"Feature","properties":{"fade":0.25},"geometry":{"type":"LineString","coordinates":[[11.14284,59.73043],[11.14261,59.73027],[11.14231,59.73],[11.14214,59.72958]]}},{"type":"Feature","properties":{"fade":0.25},"geometry":{"type":"LineString","coordinates":[[11.14394,59.72907],[11.14416,59.72922]]}},{"type":"Feature","properties":{"fade":0.25},"geometry":{"type":"LineString","coordinates":[[11.14324,59.78229],[11.14311,59.78239],[11.14282,59.78275],[11.1424,59.78294]]}},{"type":"Feature","properties":{"fade":0.25},"geometry":{"type":"LineString","coordinates":[[11.14315,59.78187],[11.14324,59.78229]]}},{"type":"Feature","properties":{"fade":0.25},"geometry":{"type":"LineString","coordinates":[[11.14402,59.78256],[11.14367,59.78248],[11.14343,59.78235],[11.14324,59.78229]]}},{"type":"Feature","properties":{"fade":0.25},"geometry":{"type":"LineString","coordinates":[[11.16503,59.60018],[11.16523,59.60021],[11.16549,59.6002],[11.16601,59.60039],[11.1662,59.60038]]}},{"type":"Feature","properties":{"fade":0.25},"geometry":{"type":"LineString","coordinates":[[11.15055,59.72783],[11.15051,59.72791],[11.15032,59.72805],[11.15025,59.72821],[11.15023,59.72844],[11.15046,59.72879]]}},{"type":"Feature","properties":{"fade":0.25},"geometry":{"type":"LineString","coordinates":[[11.14472,59.80698],[11.14424,59.80701],[11.14315,59.80701],[11.14283,59.80704]]}},{"type":"Feature","properties":{"fade":0.25},"geometry":{"type":"LineString","coordinates":[[11.15556,59.71415],[11.15524,59.71416]]}},{"type":"Feature","properties":{"fade":0.25},"geometry":{"type":"LineString","coordinates":[[11.17132,59.60177],[11.17163,59.60166],[11.1717,59.60153],[11.17172,59.60134]]}},{"type":"Feature","properties":{"fade":0.25},"geometry":{"type":"LineString","coordinates":[[11.15812,59.72613],[11.15759,59.72615],[11.15723,59.72612]]}},{"type":"Feature","properties":{"fade":0.25},"geometry":{"type":"LineString","coordinates":[[11.17215,59.60179],[11.17276,59.60176],[11.17291,59.6017],[11.17302,59.60155],[11.17287,59.6013]]}},{"type":"Feature","properties":{"fade":0.25},"geometry":{"type":"LineString","coordinates":[[11.14783,59.97633],[11.14823,59.97634]]}},{"type":"Feature","properties":{"fade":0.25},"geometry":{"type":"LineString","coordinates":[[11.14993,59.9776],[11.14979,59.97708],[11.14959,59.97694],[11.14952,59.97662],[11.14953,59.97645],[11.14967,59.97617]]}},{"type":"Feature","properties":{"fade":0.25},"geometry":{"type":"LineString","coordinates":[[11.14993,59.9776],[11.14979,59.97762],[11.14971,59.97768],[11.14952,59.97805]]}},{"type":"Feature","properties":{"fade":0.25},"geometry":{"type":"LineString","coordinates":[[11.14993,59.9776],[11.15004,59.97778],[11.15022,59.97788],[11.15029,59.97803],[11.15039,59.97811],[11.15052,59.97816],[11.15091,59.97821],[11.15118,59.9783],[11.15147,59.97843],[11.15183,59.97864],[11.15206,59.97861]]}},{"type":"Feature","properties":{"fade":0.25},"geometry":{"type":"LineString","coordinates":[[11.20786,59.60861],[11.20903,59.60897],[11.20906,59.60903],[11.20898,59.60916]]}},{"type":"Feature","properties":{"fade":0.25},"geometry":{"type":"LineString","coordinates":[[11.18345,60.00765],[11.18385,60.00765]]}},{"type":"Feature","properties":{"fade":0.25},"geometry":{"type":"LineString","coordinates":[[11.21853,59.91878],[11.21826,59.91879],[11.2181,59.91884],[11.21792,59.91913],[11.21762,59.91936]]}},{"type":"Feature","properties":{"fade":0.25},"geometry":{"type":"LineString","coordinates":[[11.21865,59.91889],[11.21853,59.91878]]}},{"type":"Feature","properties":{"fade":0.25},"geometry":{"type":"LineString","coordinates":[[11.21853,59.91878],[11.21853,59.9186],[11.21858,59.91857]]}},{"type":"Feature","properties":{"fade":0.25},"geometry":{"type":"LineString","coordinates":[[11.22308,59.90937],[11.22292,59.90947],[11.22227,59.90973],[11.22213,59.90975],[11.22174,59.90972],[11.22152,59.90976],[11.22129,59.91005]]}},{"type":"Feature","properties":{"fade":0.25},"geometry":{"type":"LineString","coordinates":[[11.26299,59.62558],[11.26304,59.62529],[11.26313,59.62516],[11.26359,59.62481],[11.2639,59.62465]]}},{"type":"Feature","properties":{"fade":0.25},"geometry":{"type":"LineString","coordinates":[[11.23137,59.94074],[11.23171,59.94071],[11.23198,59.94073],[11.23245,59.94086],[11.23312,59.94094]]}},{"type":"Feature","properties":{"fade":0.25},"geometry":{"type":"LineString","coordinates":[[11.26907,59.62479],[11.26906,59.62482]]}},{"type":"Feature","properties":{"fade":0.25},"geometry":{"type":"LineString","coordinates":[[11.23895,59.95114],[11.23926,59.95136],[11.23944,59.95144]]}},{"type":"Feature","properties":{"fade":0.25},"geometry":{"type":"LineString","coordinates":[[11.24108,59.95514],[11.24106,59.95506],[11.24121,59.95487],[11.2414,59.95469],[11.2416,59.95458],[11.24163,59.95453]]}},{"type":"Feature","properties":{"fade":0.25},"geometry":{"type":"LineString","coordinates":[[11.27802,59.62663],[11.27849,59.62624],[11.27872,59.62612],[11.2791,59.62598]]}},{"type":"Feature","properties":{"fade":0.25},"geometry":{"type":"LineString","coordinates":[[11.26068,59.8745],[11.26133,59.87557]]}},{"type":"Feature","properties":{"fade":0.25},"geometry":{"type":"LineString","coordinates":[[11.25442,59.96477],[11.25423,59.96432],[11.25368,59.96386]]}},{"type":"Feature","properties":{"fade":0.25},"geometry":{"type":"LineString","coordinates":[[11.25267,60.01578],[11.25196,60.0159],[11.25178,60.01591],[11.25142,60.01584],[11.25099,60.01569]]}},{"type":"Feature","properties":{"fade":0.25},"geometry":{"type":"LineString","coordinates":[[11.25267,60.01578],[11.25261,60.01565],[11.25247,60.01558]]}},{"type":"Feature","properties":{"fade":0.25},"geometry":{"type":"LineString","coordinates":[[11.25538,60.01627],[11.25514,60.01616],[11.255,60.01613],[11.25431,60.01605],[11.25384,60.01593],[11.25284,60.01583],[11.25267,60.01578]]}},{"type":"Feature","properties":{"fade":0.25},"geometry":{"type":"LineString","coordinates":[[11.2597,60.01557],[11.25964,60.01552],[11.25963,60.01545],[11.25967,60.01528],[11.25979,60.01504]]}},{"type":"Feature","properties":{"fade":0.25},"geometry":{"type":"LineString","coordinates":[[11.26689,59.96384],[11.26675,59.96389]]}},{"type":"Feature","properties":{"fade":0.25},"geometry":{"type":"LineString","coordinates":[[11.30022,59.68324],[11.3002,59.68298]]}},{"type":"Feature","properties":{"fade":0.25},"geometry":{"type":"LineString","coordinates":[[11.29327,59.79581],[11.29438,59.79547],[11.29484,59.79528]]}},{"type":"Feature","properties":{"fade":0.25},"geometry":{"type":"LineString","coordinates":[[11.29582,59.79724],[11.29523,59.79725],[11.29502,59.79724],[11.29387,59.797]]}},{"type":"Feature","properties":{"fade":0.25},"geometry":{"type":"LineString","coordinates":[[11.29647,59.80071],[11.2954,59.80097],[11.29499,59.80104],[11.29474,59.80104]]}},{"type":"Feature","properties":{"fade":0.25},"geometry":{"type":"LineString","coordinates":[[11.27752,59.96463],[11.2776,59.96488],[11.2774,59.96509],[11.27736,59.96525],[11.27749,59.96554]]}},{"type":"Feature","properties":{"fade":0.25},"geometry":{"type":"LineString","coordinates":[[11.30524,59.76102],[11.30498,59.76133],[11.30489,59.76152],[11.30497,59.76217],[11.30504,59.76224],[11.30536,59.76242]]}},{"type":"Feature","properties":{"fade":0.25},"geometry":{"type":"LineString","coordinates":[[11.31038,59.75881],[11.31051,59.75875],[11.31097,59.7587]]}},{"type":"Feature","properties":{"fade":0.25},"geometry":{"type":"LineString","coordinates":[[11.29671,59.96989],[11.29649,59.96972],[11.29634,59.96943]]}},{"type":"Feature","properties":{"fade":0.05},"geometry":{"type":"LineString","coordinates":[[10.973,59.95907],[10.97268,59.95899],[10.97252,59.95898],[10.97112,59.95906]]}},{"type":"Feature","properties":{"fade":0.05},"geometry":{"type":"LineString","coordinates":[[10.97155,59.96568],[10.97172,59.96522],[10.97153,59.9648],[10.97153,59.96465],[10.97182,59.96437],[10.97187,59.96429],[10.97188,59.96413],[10.97154,59.96386],[10.97117,59.96367]]}},{"type":"Feature","properties":{"fade":0.05},"geometry":{"type":"LineString","coordinates":[[10.97367,59.96662],[10.97245,59.96643],[10.97175,59.96623]]}},{"type":"Feature","properties":{"fade":0.05},"geometry":{"type":"LineString","coordinates":[[10.97261,59.96862],[10.97268,59.96866]]}},{"type":"Feature","properties":{"fade":0.05},"geometry":{"type":"LineString","coordinates":[[10.97268,59.96866],[10.97263,59.96866]]}},{"type":"Feature","properties":{"fade":0.05},"geometry":{"type":"LineString","coordinates":[[10.97268,59.96866],[10.9728,59.96873],[10.97287,59.96885],[10.97297,59.96914],[10.973,59.9694],[10.97321,59.9696],[10.97333,59.96982],[10.9736,59.97003],[10.97422,59.97025],[10.97447,59.97029],[10.97491,59.9703],[10.97502,59.97032],[10.97585,59.97055]]}},{"type":"Feature","properties":{"fade":0.05},"geometry":{"type":"LineString","coordinates":[[10.98083,59.97679],[10.98168,59.97674]]}},{"type":"Feature","properties":{"fade":0.05},"geometry":{"type":"LineString","coordinates":[[10.99112,59.98328],[10.99154,59.9831],[10.99195,59.98302],[10.99222,59.98294],[10.99265,59.98273]]}},{"type":"Feature","properties":{"fade":0.05},"geometry":{"type":"LineString","coordinates":[[11.00752,59.98793],[11.00797,59.98806]]}},{"type":"Feature","properties":{"fade":0.05},"geometry":{"type":"LineString","coordinates":[[11.02032,59.92455],[11.02023,59.92463],[11.02035,59.9251],[11.02027,59.92528],[11.0201,59.92533],[11.01964,59.9253],[11.01949,59.92536]]}},{"type":"Feature","properties":{"fade":0.05},"geometry":{"type":"LineString","coordinates":[[11.02066,59.9884],[11.02044,59.98876],[11.01998,59.98927]]}},{"type":"Feature","properties":{"fade":0.05},"geometry":{"type":"LineString","coordinates":[[11.02894,59.9201],[11.02886,59.92012],[11.02873,59.92024],[11.02863,59.92028],[11.02839,59.92029],[11.02827,59.92026]]}},{"type":"Feature","properties":{"fade":0.05},"geometry":{"type":"LineString","coordinates":[[11.04292,59.90951],[11.04236,59.90936],[11.04223,59.90936],[11.0421,59.90941],[11.04199,59.90956],[11.04171,59.90979],[11.04105,59.90991],[11.04066,59.91001],[11.04026,59.90993]]}},{"type":"Feature","properties":{"fade":0.05},"geometry":{"type":"LineString","coordinates":[[11.04858,59.88122],[11.04874,59.88127],[11.04898,59.88141],[11.04947,59.88147],[11.04988,59.88147],[11.05026,59.88142]]}},{"type":"Feature","properties":{"fade":0.05},"geometry":{"type":"LineString","coordinates":[[11.05026,59.88142],[11.05032,59.88142],[11.05059,59.88146]]}},{"type":"Feature","properties":{"fade":0.05},"geometry":{"type":"LineString","coordinates":[[11.05053,59.88138],[11.05026,59.88142]]}},{"type":"Feature","properties":{"fade":0.05},"geometry":{"type":"LineString","coordinates":[[11.05274,59.89889],[11.05273,59.89835],[11.0528,59.89811],[11.05282,59.8975],[11.05292,59.89705],[11.05316,59.89647],[11.05323,59.89618]]}},{"type":"Feature","properties":{"fade":0.05},"geometry":{"type":"LineString","coordinates":[[11.09348,59.61205],[11.09341,59.61213]]}},{"type":"Feature","properties":{"fade":0.05},"geometry":{"type":"LineString","coordinates":[[11.09372,59.6118],[11.09548,59.612]]}},{"type":"Feature","properties":{"fade":0.05},"geometry":{"type":"LineString","coordinates":[[11.05856,59.98407],[11.05867,59.98395],[11.05903,59.98376],[11.05964,59.98359],[11.0598,59.98352],[11.06108,59.9827],[11.06157,59.9822],[11.06199,59.98167]]}},{"type":"Feature","properties":{"fade":0.05},"geometry":{"type":"LineString","coordinates":[[11.09861,59.6463],[11.09875,59.6465]]}},{"type":"Feature","properties":{"fade":0.05},"geometry":{"type":"LineString","coordinates":[[11.10755,59.66395],[11.10758,59.66397]]}},{"type":"Feature","properties":{"fade":0.05},"geometry":{"type":"LineString","coordinates":[[11.10758,59.66397],[11.10762,59.66405],[11.10759,59.66446],[11.10766,59.66463],[11.10781,59.6648],[11.10809,59.66496],[11.10845,59.66499],[11.10865,59.66496]]}},{"type":"Feature","properties":{"fade":0.05},"geometry":{"type":"LineString","coordinates":[[11.10758,59.66397],[11.10768,59.66385]]}},{"type":"Feature","properties":{"fade":0.05},"geometry":{"type":"LineString","coordinates":[[11.11633,59.59922],[11.11617,59.59945],[11.1158,59.59958],[11.11574,59.59963]]}},{"type":"Feature","properties":{"fade":0.05},"geometry":{"type":"LineString","coordinates":[[11.11179,59.66733],[11.11216,59.66699]]}},{"type":"Feature","properties":{"fade":0.05},"geometry":{"type":"LineString","coordinates":[[11.11366,59.66927],[11.11367,59.66923]]}},{"type":"Feature","properties":{"fade":0.05},"geometry":{"type":"LineString","coordinates":[[11.11575,59.74463],[11.11575,59.74449],[11.11592,59.74435],[11.1159,59.74424],[11.11546,59.74377],[11.11535,59.74355],[11.11514,59.74339]]}},{"type":"Feature","properties":{"fade":0.05},"geometry":{"type":"LineString","coordinates":[[11.11705,59.76501],[11.11761,59.76422],[11.11789,59.76397],[11.1183,59.76373]]}},{"type":"Feature","properties":{"fade":0.05},"geometry":{"type":"LineString","coordinates":[[11.11761,59.81825],[11.11732,59.819],[11.11731,59.81914]]}},{"type":"Feature","properties":{"fade":0.05},"geometry":{"type":"LineString","coordinates":[[11.1291,59.73202],[11.12969,59.7321],[11.13053,59.73254],[11.13067,59.73257],[11.13091,59.73256]]}},{"type":"Feature","properties":{"fade":0.05},"geometry":{"type":"LineString","coordinates":[[11.11913,59.81839],[11.1192,59.81831],[11.11958,59.81812],[11.1201,59.81794],[11.12029,59.81784],[11.12052,59.81742],[11.12094,59.81697],[11.12112,59.81668]]}},{"type":"Feature","properties":{"fade":0.05},"geometry":{"type":"LineString","coordinates":[[11.10244,59.96452],[11.10236,59.96444]]}},{"type":"Feature","properties":{"fade":0.05},"geometry":{"type":"LineString","coordinates":[[11.10537,59.96445],[11.10463,59.9647],[11.10444,59.96478],[11.1043,59.96491],[11.10418,59.9651],[11.10413,59.96536]]}},{"type":"Feature","properties":{"fade":0.05},"geometry":{"type":"LineString","coordinates":[[11.13204,59.73087],[11.13194,59.73099],[11.1321,59.73126],[11.13232,59.73131],[11.13253,59.7313]]}},{"type":"Feature","properties":{"fade":0.05},"geometry":{"type":"LineString","coordinates":[[11.1225,59.81618],[11.12266,59.81616],[11.12287,59.81608]]}},{"type":"Feature","properties":{"fade":0.05},"geometry":{"type":"LineString","coordinates":[[11.14112,59.72884],[11.1409,59.72866],[11.14086,59.72851],[11.14091,59.72841],[11.14087,59.72812],[11.14082,59.72809],[11.14052,59.72805],[11.14049,59.728]]}},{"type":"Feature","properties":{"fade":0.05},"geometry":{"type":"LineString","coordinates":[[11.11532,59.96584],[11.11543,59.96597],[11.11597,59.96634],[11.11609,59.96663],[11.11631,59.96689]]}},{"type":"Feature","properties":{"fade":0.05},"geometry":{"type":"LineString","coordinates":[[11.14398,59.72705],[11.14401,59.72722],[11.1442,59.72747],[11.14402,59.72765],[11.14373,59.72783],[11.14366,59.72791],[11.14369,59.72814]]}},{"type":"Feature","properties":{"fade":0.05},"geometry":{"type":"LineString","coordinates":[[11.14123,59.7837],[11.14107,59.78382],[11.14041,59.78417],[11.14027,59.78428],[11.1401,59.78449]]}},{"type":"Feature","properties":{"fade":0.05},"geometry":{"type":"LineString","coordinates":[[11.13841,59.8081],[11.13846,59.80822],[11.13874,59.80847]]}},{"type":"Feature","properties":{"fade":0.05},"geometry":{"type":"LineString","coordinates":[[11.14068,59.80749],[11.14043,59.80751],[11.14011,59.8075],[11.1397,59.80736],[11.13939,59.80712],[11.13906,59.80708]]}},{"type":"Feature","properties":{"fade":0.05},"geometry":{"type":"LineString","coordinates":[[11.15348,59.71418],[11.15281,59.71415],[11.15219,59.71406],[11.15195,59.71408],[11.15171,59.71413]]}},{"type":"Feature","properties":{"fade":0.05},"geometry":{"type":"LineString","coordinates":[[11.15417,59.70595],[11.15431,59.70604],[11.15434,59.7061],[11.15423,59.7063],[11.15429,59.70656],[11.15419,59.70679],[11.1543,59.70704],[11.15422,59.70709],[11.15384,59.70705],[11.15362,59.70699]]}},{"type":"Feature","properties":{"fade":0.05},"geometry":{"type":"LineString","coordinates":[[11.15554,59.704],[11.15577,59.70403],[11.15602,59.7041],[11.15643,59.70435],[11.15641,59.70442],[11.15626,59.70457],[11.1562,59.70469],[11.15579,59.70474],[11.15537,59.70485],[11.15511,59.70494],[11.15492,59.70504],[11.15487,59.70514],[11.15491,59.70537],[11.15482,59.70572],[11.1547,59.70577],[11.15422,59.70585]]}},{"type":"Feature","properties":{"fade":0.05},"geometry":{"type":"LineString","coordinates":[[11.1535,59.72548],[11.15365,59.72569],[11.15341,59.72593],[11.15342,59.72601],[11.1535,59.72608],[11.1544,59.72632]]}},{"type":"Feature","properties":{"fade":0.05},"geometry":{"type":"LineString","coordinates":[[11.15813,59.70223],[11.1573,59.70216]]}},{"type":"Feature","properties":{"fade":0.05},"geometry":{"type":"LineString","coordinates":[[11.16193,59.68975],[11.16166,59.68971],[11.16153,59.68974],[11.16105,59.69023],[11.16082,59.69039],[11.16046,59.69039],[11.16026,59.69044]]}},{"type":"Feature","properties":{"fade":0.05},"geometry":{"type":"LineString","coordinates":[[11.13534,59.96731],[11.13554,59.96695],[11.13567,59.9668],[11.13572,59.96658],[11.13592,59.96633]]}},{"type":"Feature","properties":{"fade":0.05},"geometry":{"type":"LineString","coordinates":[[11.18615,59.60097],[11.18613,59.60097]]}},{"type":"Feature","properties":{"fade":0.05},"geometry":{"type":"LineString","coordinates":[[11.14941,59.98201],[11.15008,59.98206]]}},{"type":"Feature","properties":{"fade":0.05},"geometry":{"type":"LineString","coordinates":[[11.17616,60.00691],[11.17652,60.00676],[11.17666,60.00675],[11.177,60.00683],[11.17751,60.0069],[11.17796,60.00707],[11.17814,60.00711],[11.17851,60.00711],[11.17915,60.00707]]}},{"type":"Feature","properties":{"fade":0.05},"geometry":{"type":"LineString","coordinates":[[11.22259,59.91684],[11.22266,59.91683]]}},{"type":"Feature","properties":{"fade":0.05},"geometry":{"type":"LineString","coordinates":[[11.22713,59.92415],[11.22722,59.92446],[11.22732,59.92454],[11.22766,59.92472]]}},{"type":"Feature","properties":{"fade":0.05},"geometry":{"type":"LineString","coordinates":[[11.26418,59.62375],[11.26423,59.6235]]}},{"type":"Feature","properties":{"fade":0.05},"geometry":{"type":"LineString","coordinates":[[11.26423,59.6235],[11.26406,59.62325],[11.26406,59.62319],[11.26413,59.62313],[11.26477,59.62291],[11.265,59.62285]]}},{"type":"Feature","properties":{"fade":0.05},"geometry":{"type":"LineString","coordinates":[[11.26423,59.6235],[11.26431,59.62338],[11.26442,59.62333],[11.26512,59.62311],[11.26531,59.62308],[11.26544,59.6231]]}},{"type":"Feature","properties":{"fade":0.05},"geometry":{"type":"LineString","coordinates":[[11.26624,59.6236],[11.26627,59.62374]]}},{"type":"Feature","properties":{"fade":0.05},"geometry":{"type":"LineString","coordinates":[[11.24519,59.88969],[11.24444,59.8901],[11.24396,59.89055],[11.24364,59.89078]]}},{"type":"Feature","properties":{"fade":0.05},"geometry":{"type":"LineString","coordinates":[[11.24597,59.95552],[11.24633,59.95525]]}},{"type":"Feature","properties":{"fade":0.05},"geometry":{"type":"LineString","coordinates":[[11.24921,59.95852],[11.2493,59.9584],[11.24914,59.95817],[11.24897,59.95806],[11.24864,59.958],[11.24848,59.95794],[11.2483,59.95775],[11.24821,59.95751],[11.24829,59.95734],[11.24826,59.95718],[11.24812,59.95701],[11.2478,59.95681],[11.24771,59.95677],[11.24735,59.95671],[11.24716,59.95664],[11.24686,59.95637],[11.24679,59.95621],[11.24645,59.95586],[11.24628,59.95573],[11.24602,59.95562]]}},{"type":"Feature","properties":{"fade":0.05},"geometry":{"type":"LineString","coordinates":[[11.26244,59.87694],[11.26184,59.87672]]}},{"type":"Feature","properties":{"fade":0.05},"geometry":{"type":"LineString","coordinates":[[11.29041,59.62758],[11.29112,59.62759],[11.2918,59.62752],[11.29206,59.62751],[11.29239,59.62754],[11.29294,59.62777],[11.29335,59.62806],[11.29351,59.62813],[11.29439,59.62821],[11.29457,59.62833],[11.29607,59.62855],[11.29624,59.62859],[11.29634,59.62865]]}},{"type":"Feature","properties":{"fade":0.05},"geometry":{"type":"LineString","coordinates":[[11.26316,59.8759],[11.26337,59.87622],[11.26338,59.87643]]}},{"type":"Feature","properties":{"fade":0.05},"geometry":{"type":"LineString","coordinates":[[11.26539,59.87569],[11.26509,59.876],[11.2648,59.87618],[11.26462,59.87635]]}},{"type":"Feature","properties":{"fade":0.05},"geometry":{"type":"LineString","coordinates":[[11.26539,59.87569],[11.26537,59.87556],[11.26547,59.87529],[11.26544,59.87514]]}},{"type":"Feature","properties":{"fade":0.05},"geometry":{"type":"LineString","coordinates":[[11.26554,59.87573],[11.26539,59.87569]]}},{"type":"Feature","properties":{"fade":0.05},"geometry":{"type":"LineString","coordinates":[[11.25379,60.01824],[11.25363,60.01813],[11.25333,60.018],[11.25242,60.01779],[11.25219,60.01755],[11.25215,60.01741]]}},{"type":"Feature","properties":{"fade":0.05},"geometry":{"type":"LineString","coordinates":[[11.25617,60.01711],[11.25643,60.01737],[11.25746,60.01782],[11.25767,60.01784],[11.25853,60.01783],[11.25872,60.01786]]}},{"type":"Feature","properties":{"fade":0.05},"geometry":{"type":"LineString","coordinates":[[11.26693,60.01704],[11.26668,60.01696],[11.26637,60.01693],[11.26409,60.01727],[11.2639,60.01728],[11.26372,60.01724],[11.26329,60.01708],[11.26256,60.01694],[11.26222,60.01679],[11.26203,60.01675],[11.26184,60.01679],[11.26164,60.01697],[11.26152,60.01701]]}},{"type":"Feature","properties":{"fade":0.05},"geometry":{"type":"LineString","coordinates":[[11.27279,59.96271],[11.27223,59.9631]]}},{"type":"Feature","properties":{"fade":0.05},"geometry":{"type":"LineString","coordinates":[[11.30414,59.68105],[11.30575,59.68005],[11.30607,59.67989]]}},{"type":"Feature","properties":{"fade":0.05},"geometry":{"type":"LineString","coordinates":[[11.27021,60.01652],[11.27071,60.0173]]}},{"type":"Feature","properties":{"fade":0.05},"geometry":{"type":"LineString","coordinates":[[11.29387,59.82006],[11.29385,59.82038],[11.29362,59.82076],[11.29371,59.82093],[11.29356,59.82116],[11.29352,59.82153],[11.29334,59.82171],[11.29324,59.82192]]}},{"type":"Feature","properties":{"fade":0.05},"geometry":{"type":"LineString","coordinates":[[11.29642,59.79478],[11.29717,59.79444],[11.29754,59.79437],[11.29775,59.79413],[11.29789,59.79405]]}},{"type":"Feature","properties":{"fade":0.05},"geometry":{"type":"LineString","coordinates":[[11.27843,59.9629],[11.27876,59.96306],[11.27886,59.96315],[11.27912,59.96323],[11.27918,59.96334],[11.27917,59.96338],[11.27903,59.96348],[11.2788,59.96355],[11.27856,59.96371],[11.27828,59.9638]]}},{"type":"Feature","properties":{"fade":0.05},"geometry":{"type":"LineString","coordinates":[[11.29644,59.81725],[11.29587,59.81758],[11.29557,59.81791],[11.29538,59.81801],[11.29486,59.81819],[11.29462,59.8183]]}},{"type":"Feature","properties":{"fade":0.05},"geometry":{"type":"LineString","coordinates":[[11.29938,59.79703],[11.29929,59.79705],[11.29901,59.79722],[11.29889,59.79726],[11.29871,59.79727],[11.29809,59.79722],[11.29765,59.79723]]}},{"type":"Feature","properties":{"fade":0.05},"geometry":{"type":"LineString","coordinates":[[11.29817,59.80007],[11.29828,59.80007]]}},{"type":"Feature","properties":{"fade":0.05},"geometry":{"type":"LineString","coordinates":[[11.30469,59.76771],[11.30448,59.76759],[11.30425,59.7672],[11.30376,59.76669],[11.30359,59.76629]]}},{"type":"Feature","properties":{"fade":0.05},"geometry":{"type":"LineString","coordinates":[[11.30997,59.71726],[11.30957,59.71676]]}},{"type":"Feature","properties":{"fade":0.05},"geometry":{"type":"LineString","coordinates":[[11.31277,59.75892],[11.31319,59.75893],[11.31381,59.75906]]}},{"type":"Feature","properties":{"fade":0.05},"geometry":{"type":"LineString","coordinates":[[11.31381,59.75906],[11.31384,59.75913],[11.31399,59.75921],[11.31444,59.75926]]}},{"type":"Feature","properties":{"fade":0.05},"geometry":{"type":"LineString","coordinates":[[11.31381,59.75906],[11.31432,59.75905],[11.31468,59.75894],[11.31485,59.75892]]}},{"type":"Feature","properties":{"fade":0.05},"geometry":{"type":"LineString","coordinates":[[11.29366,60.01338],[11.29365,60.01287]]}},{"type":"Feature","properties":{"fade":0.05},"geometry":{"type":"LineString","coordinates":[[11.3182,59.99748],[11.31914,59.99765],[11.31965,59.99795],[11.31984,59.9981]]}}]}